attachment,angle_deg,wavenumber_cm_inv,observed_percent,exact_multibeam_corrected_percent,corrected_residual_percent
1,10.0,400.1569,31.29322924,28.567233177022707,-2.7259960629772912
1,10.0,400.639,30.60428036,28.47107162321739,-2.13320873678261
1,10.0,401.1211,29.99740213,28.374810594209123,-1.6225915357908782
1,10.0,401.6032,29.41479736,28.278481357307523,-1.1363160026924781
1,10.0,402.0853,28.94739201,28.182115438923194,-0.7652765710768072
1,10.0,402.5674,28.56453144,28.085744615732807,-0.47878682426719266
1,10.0,403.0496,28.2573198,27.989380926288657,-0.26793887371134417
1,10.0,403.5317,28.05093833,27.89309659356415,-0.1578417364358522
1,10.0,404.0138,27.90966164,27.796904099772597,-0.11275754022740259
1,10.0,404.4959,27.82480345,27.70083612594067,-0.12396732405933264
1,10.0,404.978,27.78869601,27.60492555286245,-0.18377045713754825
1,10.0,405.4601,27.74284411,27.509205449725822,-0.23363866027417757
1,10.0,405.9423,27.68946917,27.41368927940928,-0.2757798905907194
1,10.0,406.4244,27.64880272,27.318450074684478,-0.33035264531552144
1,10.0,406.9065,27.57350092,27.22350156468956,-0.349999355310441
1,10.0,407.3886,27.46281947,27.12887744998455,-0.33394202001544926
1,10.0,407.8707,27.32350287,27.034611556297218,-0.28889131370278065
1,10.0,408.3528,27.16558967,26.94073782062359,-0.22485184937641023
1,10.0,408.835,26.96203377,26.84727094005189,-0.11476282994811271
1,10.0,409.3171,26.75746501,26.754283803539355,-0.0031812064606455692
1,10.0,409.7992,26.55659144,26.661791165625182,0.10519972562518376
1,10.0,410.2813,26.34868225,26.569827261280444,0.22114501128044495
1,10.0,410.7634,26.15934145,26.478426361213167,0.3190849112131673
1,10.0,411.2455,25.98917694,26.387622755603743,0.39844581560374337
1,10.0,411.7277,25.87290542,26.297432101354605,0.4245266813546067
1,10.0,412.2098,25.75938539,26.207926091247458,0.4485407012474596
1,10.0,412.6919,25.66319507,26.119120201980472,0.4559251319804716
1,10.0,413.174,25.58149735,26.03104863177752,0.44955128177752
1,10.0,413.6561,25.50335926,25.94374551171238,0.4403862517123791
1,10.0,414.1382,25.44107855,25.857244887406868,0.41616633740686737
1,10.0,414.6204,25.36119756,25.77156302057545,0.41036546057544854
1,10.0,415.1025,25.29448267,25.686769273590237,0.3922866035902359
1,10.0,415.5846,25.21075153,25.602879466124126,0.3921279361241261
1,10.0,416.0667,25.11148993,25.519927113252262,0.40843718325226064
1,10.0,416.5488,25.03173113,25.437945548959522,0.4062144189595216
1,10.0,417.0309,24.94140096,25.35696790630343,0.41556694630343216
1,10.0,417.5131,24.84870137,25.277010625411815,0.42830925541181486
1,10.0,417.9952,24.69277285,25.198139546371614,0.5053666963716132
1,10.0,418.4773,24.54579513,25.120370388094443,0.5745752580944448
1,10.0,418.9594,24.38142989,25.043735277895337,0.6623053878953371
1,10.0,419.4415,24.21197493,24.96826604044814,0.7562911104481387
1,10.0,419.9236,24.00941826,24.893994177084124,0.8845759170841241
1,10.0,420.4058,23.80009017,24.82093582352487,1.0208456535248693
1,10.0,420.8879,23.6189511,24.749152079442773,1.1302009794427725
1,10.0,421.37,23.49288698,24.6786580717527,1.1857710917526987
1,10.0,421.8521,23.34657157,24.60948380030518,1.262912230305183
1,10.0,422.3342,23.22467277,24.54165883754844,1.316986067548438
1,10.0,422.8163,23.09734402,24.475212307777642,1.3778682877776411
1,10.0,423.2985,23.01884255,24.41015952352225,1.391316973522251
1,10.0,423.7806,22.94231686,24.346555637338263,1.4042387773382643
1,10.0,424.2627,22.84953106,24.284414667622485,1.434883607622485
1,10.0,424.7448,22.78374032,24.223763740408295,1.440023420408295
1,10.0,425.2269,22.67189469,24.164629431525242,1.4927347415252434
1,10.0,425.709,22.54578594,24.10703774671632,1.5612518067163208
1,10.0,426.1912,22.42440825,24.051002645627257,1.626594395627258
1,10.0,426.6733,22.26251503,23.99657218081704,1.7340571508170406
1,10.0,427.1554,22.09267052,23.943758746640693,1.8510882266406945
1,10.0,427.6375,21.93917553,23.892585874692028,1.9534103446920277
1,10.0,428.1196,21.75771149,23.843076431166235,2.0853649411662367
1,10.0,428.6017,21.60910213,23.795252598807167,2.186150468807167
1,10.0,429.0839,21.50269677,23.749126471981132,2.246429701981132
1,10.0,429.566,21.40676551,23.704737949033657,2.297972439033657
1,10.0,430.0481,21.35422517,23.662097314443656,2.3078721444436567
1,10.0,430.5302,21.31739042,23.621223844802806,2.303833424802807
1,10.0,431.0123,21.34405988,23.582136049461447,2.238076169461447
1,10.0,431.4944,21.38174306,23.544851655242084,2.1631085952420825
1,10.0,431.9766,21.40786454,23.509380425496037,2.1015158854960383
1,10.0,432.4587,21.44584033,23.4757531932881,2.0299128632881
1,10.0,432.9408,21.48172944,23.443977706055318,1.9622482660553189
1,10.0,433.4229,21.53046816,23.414068418732793,1.8836002587327911
1,10.0,433.905,21.52677967,23.38603893593151,1.8592592659315095
1,10.0,434.3871,21.55708849,23.359902000255758,1.8028135102557563
1,10.0,434.8693,21.53982975,23.335664653169594,1.7958349031695953
1,10.0,435.3514,21.55679824,23.313347935543504,1.7565496955435052
1,10.0,435.8335,21.56905725,23.29295671615906,1.723899466159061
1,10.0,436.3156,21.6141601,23.27450018625727,1.6603400862572713
1,10.0,436.7977,21.6589213,23.25798662705933,1.599065327059332
1,10.0,437.2798,21.686167,23.243423402353542,1.5572564023535413
1,10.0,437.762,21.76839724,23.23081454032139,1.4624173003213912
1,10.0,438.2441,21.83056602,23.22017078127875,1.3896047612787505
1,10.0,438.7262,21.89113876,23.211493881692437,1.3203551216924367
1,10.0,439.2083,21.91440597,23.204787476665196,1.2903815066651951
1,10.0,439.6904,21.96243985,23.200054258412486,1.2376144084124867
1,10.0,440.1725,22.0040586,23.197295973553537,1.1932373735535364
1,10.0,440.6547,22.02830379,23.19651346384575,1.1682096738457517
1,10.0,441.1368,22.03980202,23.197706904255796,1.157904884255796
1,10.0,441.6189,22.06057177,23.20087482905361,1.1403030590536112
1,10.0,442.101,22.06578232,23.20601519137712,1.140232871377119
1,10.0,442.5831,22.06116882,23.213124997380618,1.1519561773806188
1,10.0,443.0652,22.05897062,23.22220030839288,1.163229688392878
1,10.0,443.5474,22.0487407,23.233238736018478,1.1844980360184785
1,10.0,444.0295,22.02120874,23.246229882168922,1.2250211421689237
1,10.0,444.5116,22.00560852,23.261169080519235,1.2555605605192355
1,10.0,444.9937,21.98129789,23.27804865054408,1.2967507605440787
1,10.0,445.4758,21.94634631,23.29685998967294,1.3505136796729396
1,10.0,445.9579,21.91431156,23.31759358019233,1.4032820201923286
1,10.0,446.4401,21.88792464,23.340243891705985,1.4523192517059833
1,10.0,446.9222,21.9241542,23.364790203322688,1.4406360033226875
1,10.0,447.4043,21.92451305,23.391224800036536,1.4667117500365343
1,10.0,447.8864,21.98205069,23.41953458738884,1.4374838973888373
1,10.0,448.3685,22.03394131,23.449705601411384,1.415764291411385
1,10.0,448.8506,22.12338674,23.481723019874615,1.3583362798746137
1,10.0,449.3328,22.1877341,23.515578383969668,1.327844283969668
1,10.0,449.8149,22.25941744,23.5512411463635,1.2918237063634983
1,10.0,450.297,22.31854802,23.588700815659084,1.270152795659083
1,10.0,450.7791,22.37232357,23.627939261979076,1.2556156919790773
1,10.0,451.2612,22.41034886,23.668937563066084,1.258588703066085
1,10.0,451.7433,22.4499247,23.711676019242645,1.261751319242645
1,10.0,452.2255,22.49140608,23.756143567620995,1.2647374876209945
1,10.0,452.7076,22.52703527,23.802300553358528,1.2752652833585287
1,10.0,453.1897,22.56306543,23.850134083614364,1.2870686536143623
1,10.0,453.6718,22.63823228,23.899621508993874,1.261389228993874
1,10.0,454.1539,22.70976972,23.95073948515754,1.2409697651575406
1,10.0,454.636,22.78716187,24.00346399067835,1.2163021206783498
1,10.0,455.1182,22.88030173,24.057781772187532,1.1774800421875327
1,10.0,455.6003,22.96297452,24.113644975616953,1.1506704556169538
1,10.0,456.0824,23.07443409,24.17103876049618,1.0966046704961805
1,10.0,456.5645,23.17802091,24.22993658300766,1.0519156730076595
1,10.0,457.0466,23.301421,24.290311316938283,0.9888903169382814
1,10.0,457.5287,23.44166048,24.352135273512,0.9104747935120017
1,10.0,458.0109,23.52461294,24.415393485521207,0.8907805455212063
1,10.0,458.493,23.66463496,24.480030957122544,0.8153959971225433
1,10.0,458.9751,23.74896675,24.546031405249977,0.7970646552499758
1,10.0,459.4572,23.84846475,24.61336509342694,0.7649003434269375
1,10.0,459.9393,23.92153558,24.68200182479149,0.7604662447914912
1,10.0,460.4214,24.00226899,24.751910962948607,0.7496419729486057
1,10.0,460.9036,24.09185226,24.823076337953786,0.7312240779537866
1,10.0,461.3857,24.16049252,24.89543697476181,0.7349444547618127
1,10.0,461.8678,24.25072314,24.968975674890558,0.7182525348905564
1,10.0,462.3499,24.34605281,25.043660253460843,0.6976074434608428
1,10.0,462.832,24.43325774,25.119458191007517,0.6862004510075188
1,10.0,463.3141,24.55202139,25.196336654433043,0.6443152644330432
1,10.0,463.7963,24.67268218,25.27427878807971,0.6015966080797099
1,10.0,464.2784,24.82054004,25.353218860640375,0.5326788206403741
1,10.0,464.7605,24.9305005,25.433139279403917,0.5026387794039167
1,10.0,465.2426,25.06777384,25.51400616458388,0.4462323245838782
1,10.0,465.7247,25.193963,25.595785426106588,0.40182242610658747
1,10.0,466.2068,25.31404853,25.678442783846634,0.3643942538466334
1,10.0,466.689,25.43543332,25.76196119306278,0.32652787306277986
1,10.0,467.1711,25.54522593,25.846271406890455,0.30104547689045447
1,10.0,467.6532,25.63652599,25.93135592842647,0.29482993842647076
1,10.0,468.1353,25.75485379,26.01717991560182,0.26232612560182034
1,10.0,468.6174,25.86638308,26.103708434273962,0.23732535427396328
1,10.0,469.0995,26.01243156,26.19090647706512,0.1784749170651203
1,10.0,469.5817,26.13698602,26.278757264033015,0.14177124403301633
1,10.0,470.0638,26.30515625,26.367189253122152,0.06203300312215276
1,10.0,470.5459,26.45504523,26.45618548149313,0.0011402514931297958
1,10.0,471.028,26.58988702,26.54571083126918,-0.04417618873081963
1,10.0,471.5101,26.75911615,26.635730200968588,-0.12338594903141242
1,10.0,471.9922,26.91065431,26.726208522434913,-0.1844457875650889
1,10.0,472.4744,27.06406404,26.817129674447603,-0.24693436555239856
1,10.0,472.9565,27.19049583,26.90842098785859,-0.28207484214140877
1,10.0,473.4386,27.3236483,27.00006640522522,-0.3235818947747795
1,10.0,473.9207,27.42144208,27.092031153795837,-0.32941092620416157
1,10.0,474.4028,27.51622097,27.184280573316364,-0.33194039668363473
1,10.0,474.8849,27.58226972,27.276780130720255,-0.3054895892797447
1,10.0,475.3671,27.66198083,27.36951468598351,-0.2924661440164904
1,10.0,475.8492,27.73782324,27.462411533894205,-0.27541170610579613
1,10.0,476.3313,27.81777232,27.555455817531467,-0.2623165024685328
1,10.0,476.8134,27.90497277,27.64861365158653,-0.2563591184134708
1,10.0,477.2955,28.02072604,27.7418513454195,-0.2788746945804981
1,10.0,477.7776,28.13350763,27.835135415345484,-0.2983722146545169
1,10.0,478.2598,28.24813284,27.928451947833533,-0.3196808921664669
1,10.0,478.7419,28.38186707,28.02172919816883,-0.3601378718311672
1,10.0,479.224,28.48408904,28.114953725284845,-0.36913531471515526
1,10.0,479.7061,28.60815187,28.208092988140088,-0.4000588818599127
1,10.0,480.1882,28.708525,28.301114708022507,-0.4074102919774951
1,10.0,480.6703,28.8465051,28.393986878424027,-0.4525182215759749
1,10.0,481.1525,28.94205054,28.48669698002505,-0.45535355997494875
1,10.0,481.6346,29.03730755,28.579175120409484,-0.4581324295905169
1,10.0,482.1167,29.16479206,28.671409411452007,-0.49338264854799263
1,10.0,482.5988,29.2736056,28.763369026462197,-0.5102365735378029
1,10.0,483.0809,29.39234234,28.855023454511905,-0.5373188854880944
1,10.0,483.563,29.46688137,28.94634250801721,-0.5205388619827893
1,10.0,484.0452,29.61964056,29.0373151561966,-0.5823254038034023
1,10.0,484.5273,29.7091208,29.127874142058797,-0.5812466579412039
1,10.0,485.0094,29.83003503,29.218009195093032,-0.6120258349069694
1,10.0,485.4915,29.94165658,29.30769148982957,-0.633965090170431
1,10.0,485.9736,30.08578658,29.396892556746945,-0.6888940232530558
1,10.0,486.4557,30.13187541,29.48558428778134,-0.6462911222186598
1,10.0,486.9379,30.26316858,29.57375716945773,-0.6894114105422702
1,10.0,487.42,30.35820593,29.661347256112894,-0.6968586738871068
1,10.0,487.9021,30.44323758,29.748345896240444,-0.6948916837595576
1,10.0,488.3842,30.52418144,29.834726476529443,-0.6894549634705562
1,10.0,488.8663,30.62573641,29.92046276806174,-0.705273641938259
1,10.0,489.3484,30.6978835,30.005528930037816,-0.692354569962184
1,10.0,489.8306,30.81413314,30.089916939981013,-0.7242162000189865
1,10.0,490.3127,30.92720895,30.173566737914403,-0.7536422120855981
1,10.0,490.7948,31.02293807,30.25647124085942,-0.7664668291405796
1,10.0,491.2769,31.13553298,30.338606192658805,-0.7969267873411958
1,10.0,491.759,31.23486491,30.419947740107094,-0.8149171698929045
1,10.0,492.2411,31.29738688,30.50047243522487,-0.7969144447751297
1,10.0,492.7233,31.4156533,30.58017367731483,-0.8354796226851704
1,10.0,493.2054,31.48830935,30.658995773643976,-0.8293135763560251
1,10.0,493.6875,31.55382161,30.73693312018056,-0.8168884898194406
1,10.0,494.1696,31.63616693,30.81396390866987,-0.8222030213301323
1,10.0,494.6517,31.71314974,30.89006674453434,-0.8230829954656578
1,10.0,495.1339,31.77897441,30.96523613704367,-0.8137382729563285
1,10.0,495.616,31.86235383,31.039420341155296,-0.8229334888447042
1,10.0,496.0981,31.9644002,31.11261489784754,-0.8517853021524608
1,10.0,496.5802,32.03255257,31.18480007764356,-0.8477524923564417
1,10.0,497.0623,32.12946511,31.25595656922468,-0.8735085407753189
1,10.0,497.5444,32.2108918,31.326065479957403,-0.8848263200425954
1,10.0,498.0266,32.28131273,31.395122545749327,-0.8861901842506761
1,10.0,498.5087,32.3865042,31.46308106694619,-0.9234231330538059
1,10.0,498.9908,32.45297481,31.529937841699596,-0.9230369683004049
1,10.0,499.4729,32.54831502,31.59567565559199,-0.9526393644080073
1,10.0,499.955,32.60725918,31.66027771419627,-0.9469814658037308
1,10.0,500.4371,32.67948166,31.723727643135103,-0.9557540168648977
1,10.0,500.9193,32.73021411,31.786022284705652,-0.9441918252943466
1,10.0,501.4014,32.79867056,31.847120264310302,-0.951550295689696
1,10.0,501.8835,32.87439682,31.90701950826939,-0.9673773117306119
1,10.0,502.3656,32.89238662,31.965705322280453,-0.9266812977195507
1,10.0,502.8477,32.9605464,32.02316343185803,-0.9373829681419679
1,10.0,503.3298,32.99036407,32.07937998223942,-0.9109840877605748
1,10.0,503.812,33.04193031,32.134352807646465,-0.9075775023535329
1,10.0,504.2941,33.0733167,32.18804608945063,-0.8852706105493695
1,10.0,504.7762,33.10513063,32.240458762679346,-0.8646718673206522
1,10.0,505.2583,33.14230739,32.29157865077103,-0.8507287392289697
1,10.0,505.7404,33.17147677,32.3413939966047,-0.8300827733952971
1,10.0,506.2225,33.20086677,32.38989346253248,-0.8109733074675205
1,10.0,506.7047,33.23247206,32.43707577692,-0.7953962830800023
1,10.0,507.1868,33.24979235,32.48291086997645,-0.7668814800235495
1,10.0,507.6689,33.28462332,32.527398586020475,-0.7572247339795268
1,10.0,508.151,33.29860356,32.57052926671446,-0.7280742932855375
1,10.0,508.6331,33.29452086,32.61229367416582,-0.6822271858341793
1,10.0,509.1152,33.31690875,32.65268299132569,-0.6642257586743128
1,10.0,509.5974,33.32586222,32.69169676921272,-0.6341654507872789
1,10.0,510.0795,33.33504097,32.72931085108257,-0.6057301189174282
1,10.0,510.5616,33.35390692,32.765525920293,-0.5883809997069989
1,10.0,511.0437,33.35292199,32.80033484894843,-0.5525871410515677
1,10.0,511.5258,33.38783815,32.83373093331081,-0.5541072166891894
1,10.0,512.0079,33.4460746,32.86570789475925,-0.5803667052407562
1,10.0,512.4901,33.49341938,32.896266069928515,-0.5971533100714836
1,10.0,512.9722,33.53321109,32.92538735837526,-0.607823731624741
1,10.0,513.4543,33.5538523,32.95307324900861,-0.6007790509913917
1,10.0,513.9364,33.60615374,32.97931917559446,-0.6268345644055415
1,10.0,514.4185,33.64900027,33.00412100351891,-0.644879266481091
1,10.0,514.9006,33.70548372,33.02747503145209,-0.6780086885479051
1,10.0,515.3828,33.74257392,33.0493823856513,-0.6931915343486992
1,10.0,515.8649,33.7785001,33.06983114999725,-0.7086689500027532
1,10.0,516.347,33.82185954,33.08882362818186,-0.7330359118181349
1,10.0,516.8291,33.8579996,33.10635787132361,-0.7516417286763897
1,10.0,517.3112,33.86072534,33.1224323740964,-0.7382929659036037
1,10.0,517.7933,33.890724,33.13704607718471,-0.7536779228152852
1,10.0,518.2755,33.85719236,33.1502009463829,-0.7069914136170965
1,10.0,518.7576,33.86747497,33.16189136613815,-0.7055836038618537
1,10.0,519.2397,33.86575801,33.17212051102812,-0.6936374989718814
1,10.0,519.7218,33.86842264,33.18088913314926,-0.6875335068507411
1,10.0,520.2039,33.83599923,33.188198444926385,-0.6478007850736134
1,10.0,520.686,33.82757726,33.19405012238178,-0.6335271376182163
1,10.0,521.1682,33.82475426,33.19844706960787,-0.6263071903921258
1,10.0,521.6503,33.80378997,33.201390076957374,-0.6023998930426231
1,10.0,522.1324,33.79934931,33.20288329500073,-0.5964660149992653
1,10.0,522.6145,33.80624854,33.20293028957042,-0.6033182504295809
1,10.0,523.0966,33.78940278,33.20153510839518,-0.5878676716048261
1,10.0,523.5787,33.77343838,33.19870228513267,-0.5747360948673332
1,10.0,524.0609,33.77201421,33.19443581051667,-0.577578399483329
1,10.0,524.543,33.77236094,33.188742973214104,-0.5836179667858943
1,10.0,525.0251,33.74808975,33.18162905371631,-0.5664606962836913
1,10.0,525.5072,33.73783395,33.173100572089865,-0.5647333779101373
1,10.0,525.9893,33.74193075,33.16316455615073,-0.578766193849269
1,10.0,526.4714,33.71185533,33.15182854612424,-0.560026783875756
1,10.0,526.9536,33.67419707,33.13909781547742,-0.5350992545225779
1,10.0,527.4357,33.65817217,33.12498622537419,-0.5331859446258136
1,10.0,527.9178,33.64997109,33.10950038609005,-0.5404707039099534
1,10.0,528.3999,33.59034223,33.09264993578799,-0.49769229421200833
1,10.0,528.882,33.55918422,33.07444504946708,-0.4847391705329187
1,10.0,529.3641,33.51445534,33.05489644401716,-0.4595588959828376
1,10.0,529.8463,33.49690316,33.03401091462345,-0.46289224537655116
1,10.0,530.3284,33.43622661,33.01180894195344,-0.42441766804655856
1,10.0,530.8105,33.38288065,32.9882987058104,-0.39458194418959636
1,10.0,531.2926,33.32110134,32.96349314186551,-0.35760819813448563
1,10.0,531.7747,33.25854746,32.937405753277005,-0.32114170672299736
1,10.0,532.2568,33.18032786,32.91005061579527,-0.27027724420472765
1,10.0,532.739,33.13448148,32.881436319802056,-0.2530451601979422
1,10.0,533.2211,33.0622757,32.85158997232161,-0.21068572767838845
1,10.0,533.7032,32.99913213,32.820521592562,-0.17861053743799715
1,10.0,534.1853,32.94062479,32.78824759693969,-0.1523771930603104
1,10.0,534.6674,32.88522345,32.75478499920722,-0.1304384507927807
1,10.0,535.1495,32.82319426,32.720151415142276,-0.10304284485772541
1,10.0,535.6317,32.79206767,32.6843575258098,-0.1077101441902002
1,10.0,536.1138,32.73595458,32.64743701398709,-0.08851756601291072
1,10.0,536.5959,32.66391609,32.60940202434144,-0.054514065658558764
1,10.0,537.078,32.64241837,32.57027262503079,-0.07214574496921244
1,10.0,537.5601,32.56559214,32.53006950747343,-0.03552263252657184
1,10.0,538.0422,32.5033289,32.48881399002396,-0.0145149099760431
1,10.0,538.5244,32.4167484,32.44651914486817,0.029770744868166332
1,10.0,539.0065,32.34076782,32.40322510071558,0.06245728071557721
1,10.0,539.4886,32.26787492,32.35894641133052,0.09107149133052417
1,10.0,539.9707,32.19936576,32.31370693467161,0.11434117467160831
1,10.0,540.4528,32.1289215,32.267531170050844,0.13860967005084746
1,10.0,540.9349,32.08184244,32.22044426007123,0.13860182007123
1,10.0,541.4171,32.00064512,32.17246195148208,0.17181683148207583
1,10.0,541.8992,31.96378818,32.123630583831854,0.15984240383185266
1,10.0,542.3813,31.90798481,32.07396737776083,0.16598256776083176
1,10.0,542.8634,31.87016503,32.023500060808246,0.15333503080824684
1,10.0,543.3455,31.84144461,31.972257007475655,0.13081239747565476
1,10.0,543.8276,31.77496413,31.92026723858482,0.14530310858481954
1,10.0,544.3098,31.72426084,31.867549415063653,0.14328857506365367
1,10.0,544.7919,31.67643561,31.814155717198226,0.13772010719822703
1,10.0,545.274,31.62286057,31.760106236298103,0.13724566629810298
1,10.0,545.7561,31.55070156,31.705432561422207,0.1547310014222063
1,10.0,546.2382,31.48029228,31.650166916442135,0.16987463644213463
1,10.0,546.7203,31.39986892,31.59434215589669,0.19447323589669097
1,10.0,547.2025,31.31556996,31.53798001946246,0.22241005946245807
1,10.0,547.6846,31.23914784,31.4811379908798,0.24199015087980058
1,10.0,548.1667,31.14903536,31.42383914984984,0.274803789849841
1,10.0,548.6488,31.08249625,31.36611881831818,0.283622568318183
1,10.0,549.1309,30.99517668,31.308012917488906,0.31283623748890577
1,10.0,549.613,30.93416704,31.249557959223957,0.3153909192239581
1,10.0,550.0952,30.85319313,31.190778817065173,0.33758568706517167
1,10.0,550.5773,30.76943798,31.13173754117196,0.3622995611719624
1,10.0,551.0594,30.71502347,31.072460196719554,0.3574367267195555
1,10.0,551.5415,30.62743543,31.012985555289102,0.3855501252891038
1,10.0,552.0236,30.56557011,30.953352923141132,0.3877828131411327
1,10.0,552.5057,30.49138317,30.893602127262504,0.40221895726250523
1,10.0,552.9879,30.42465596,30.833761085181738,0.409105125181739
1,10.0,553.47,30.35960887,30.773895446697125,0.4142865766971262
1,10.0,553.9521,30.30309414,30.714034104224385,0.4109399642243865
1,10.0,554.4342,30.24637769,30.654218808539973,0.40784111853997373
1,10.0,554.9163,30.17083267,30.594491746460463,0.4236590764604635
1,10.0,555.3984,30.11359388,30.534895520802745,0.4213016408027457
1,10.0,555.8806,30.03952512,30.47546082456402,0.4359357045640202
1,10.0,556.3627,29.97395039,30.416255687169322,0.4423052971693231
1,10.0,556.8448,29.90945777,30.357311483288434,0.4478537132884348
1,10.0,557.3269,29.85751847,30.298672257915722,0.4411537879157237
1,10.0,557.809,29.77817965,30.240382355647696,0.46220270564769805
1,10.0,558.2911,29.68166133,30.18248639411613,0.5008250641161283
1,10.0,558.7733,29.62351609,30.125017366853566,0.5015012768535669
1,10.0,559.2554,29.55081999,30.068044197448057,0.5172242074480558
1,10.0,559.7375,29.46250477,30.011600187110037,0.5490954171100384
1,10.0,560.2196,29.38279315,29.955730757977364,0.5729376079773623
1,10.0,560.7017,29.32126875,29.900481455927935,0.5792127059279331
1,10.0,561.1838,29.20527698,29.84589791748025,0.6406209374802501
1,10.0,561.666,29.13467747,29.792014738144644,0.6573372681446443
1,10.0,562.1481,29.06482078,29.738899989029385,0.674079209029383
1,10.0,562.6302,28.99440996,29.686588119737937,0.6921781597379386
1,10.0,563.1123,28.90629663,29.63512477760799,0.7288281476079916
1,10.0,563.5944,28.86720376,29.584555519754712,0.7173517597547132
1,10.0,564.0765,28.81873739,29.53492577399896,0.7161883839989613
1,10.0,564.5587,28.76501517,29.486270813949933,0.7212556439499309
1,10.0,565.0408,28.74003475,29.438655876250866,0.6986211262508668
1,10.0,565.5229,28.67776006,29.392115563693473,0.7143555036934721
1,10.0,566.005,28.66735412,29.34669437881624,0.6793402588162429
1,10.0,566.4871,28.61295024,29.30243648686351,0.6894862468635097
1,10.0,566.9692,28.56372953,29.25938567196723,0.6956561419672305
1,10.0,567.4514,28.53101026,29.217576754914813,0.686566494914814
1,10.0,567.9335,28.46876889,29.177069971988626,0.7083010819886262
1,10.0,568.4156,28.43833426,29.13789889339151,0.6995646333915104
1,10.0,568.8977,28.37170649,29.100105328916936,0.7283988389169345
1,10.0,569.3798,28.33423823,29.063730479986045,0.7294922499860448
1,10.0,569.8619,28.29370001,29.028814893006782,0.7351148830067835
1,10.0,570.3441,28.251548,28.99539163928061,0.7438436392806089
1,10.0,570.8262,28.21491953,28.963513683888202,0.7485941538882024
1,10.0,571.3083,28.1629655,28.93321223793824,0.7702467379382405
1,10.0,571.7904,28.13310285,28.90452475759319,0.7714219075931901
1,10.0,572.2725,28.10786971,28.877487808762382,0.7696180987623826
1,10.0,572.7546,28.07983831,28.852137020204747,0.7722987102047476
1,10.0,573.2368,28.05918713,28.828502316256408,0.7693151862564065
1,10.0,573.7189,28.04991033,28.80662712031107,0.7567167903110708
1,10.0,574.201,28.03793108,28.78653888985921,0.7486078098592088
1,10.0,574.6831,28.03513946,28.768269042040753,0.7331295820407533
1,10.0,575.1652,28.04975582,28.751847827767207,0.7020920077672059
1,10.0,575.6473,28.05107818,28.737304287616187,0.6862261076161857
1,10.0,576.1295,28.09399836,28.7246637865597,0.6306654265596983
1,10.0,576.6116,28.10864862,28.713958062694946,0.6053094426949457
1,10.0,577.0937,28.13864586,28.70520944897022,0.5665635889702187
1,10.0,577.5758,28.16448598,28.698441720278947,0.5339557402789481
1,10.0,578.0579,28.19674829,28.693677234190254,0.49692894419025535
1,10.0,578.54,28.22514,28.690936892896524,0.46579689289652393
1,10.0,579.0222,28.228576,28.6902401752021,0.4616641752020989
1,10.0,579.5043,28.24436982,28.691605255667955,0.447235435667956
1,10.0,579.9864,28.24000927,28.695048098288638,0.45503882828863595
1,10.0,580.4685,28.22454185,28.70058343061358,0.47604158061357893
1,10.0,580.9506,28.21725096,28.708224356070602,0.49097339607060064
1,10.0,581.4327,28.22818317,28.717982325095292,0.48979915509529093
1,10.0,581.9149,28.22885084,28.72986979448684,0.5010189544868417
1,10.0,582.397,28.24540447,28.74388990007178,0.4984854300717778
1,10.0,582.8791,28.23030678,28.760051222481,0.5297444424810003
1,10.0,583.3612,28.25691547,28.778358348217836,0.5214428782178366
1,10.0,583.8433,28.2813444,28.798814094841124,0.5174696948411253
1,10.0,584.3254,28.31474481,28.82141949389308,0.5066746838930811
1,10.0,584.8076,28.35793297,28.846179133436014,0.48824616343601335
1,10.0,585.2897,28.38832269,28.87308016038305,0.4847574703830517
1,10.0,585.7718,28.43149178,28.902123079195892,0.4706312991958903
1,10.0,586.2539,28.47931604,28.933301650183353,0.45398561018335215
1,10.0,586.736,28.54161622,28.966607795563732,0.42499157556373035
1,10.0,587.2181,28.54598828,29.002031595948466,0.4560433159484667
1,10.0,587.7003,28.64032149,29.039569291352795,0.3992478013527929
1,10.0,588.1824,28.67646679,29.079191706166217,0.40272491616621764
1,10.0,588.6645,28.74558278,29.120890965005742,0.3753081850057427
1,10.0,589.1466,28.79720781,29.16464979375577,0.3674419837557714
1,10.0,589.6287,28.84534911,29.21044909459744,0.365099984597439
1,10.0,590.1108,28.88159117,29.258267956695025,0.37667678669502536
1,10.0,590.593,28.95689451,29.308094207772168,0.35119969777216653
1,10.0,591.0751,29.03464869,29.35988268174079,0.32523399174078804
1,10.0,591.5572,29.10352784,29.41361724263104,0.31008940263103923
1,10.0,592.0393,29.15961628,29.469269880587763,0.3096536005877617
1,10.0,592.5214,29.21759343,29.526810860839632,0.30921743083963094
1,10.0,593.0035,29.30493997,29.586208748026355,0.2812687780263552
1,10.0,593.4857,29.38510282,29.647443318437045,0.26234049843704454
1,10.0,593.9678,29.4897235,29.71045441283549,0.22073091283548862
1,10.0,594.4499,29.57003634,29.77521817184529,0.20518183184528738
1,10.0,594.932,29.65663445,29.84169664261459,0.18506219261459123
1,10.0,595.4141,29.72628102,29.90985032427885,0.18356930427885132
1,10.0,595.8962,29.80797106,29.979638204234423,0.17166714423442286
1,10.0,596.3784,29.94068828,30.05103276424508,0.11034448424507914
1,10.0,596.8605,30.01816141,30.1239604642594,0.10579905425939984
1,10.0,597.3426,30.09439815,30.198390633438503,0.10399248343850331
1,10.0,597.8247,30.21664171,30.27427660870404,0.057634898704037596
1,10.0,598.3068,30.30685684,30.351570421438947,0.044713581438948324
1,10.0,598.7889,30.39162575,30.430222843122753,0.03859709312275328
1,10.0,599.2711,30.5321619,30.510200150277463,-0.02196174972253573
1,10.0,599.7532,30.5920849,30.59141755557727,-0.0006673444227303094
1,10.0,600.2353,30.72587713,30.673838788601458,-0.0520383413985428
1,10.0,600.7174,30.81924117,30.757410061333434,-0.06183110866656705
1,10.0,601.1995,30.90702515,30.842076571241886,-0.06494857875811277
1,10.0,601.6816,30.99922417,30.927782553167404,-0.07144161683259753
1,10.0,602.1638,31.10461458,31.014489411412764,-0.0901251685872353
1,10.0,602.6459,31.18492393,31.10210364097789,-0.08282028902210925
1,10.0,603.128,31.27429785,31.190584788348236,-0.08371306165176406
1,10.0,603.6101,31.35373327,31.279873769746473,-0.07385950025352628
1,10.0,604.0922,31.44241844,31.369910807325002,-0.07250763267499849
1,10.0,604.5743,31.55230524,31.460635484089178,-0.0916697559108215
1,10.0,605.0565,31.62567137,31.552005808410858,-0.0736655615891415
1,10.0,605.5386,31.73730594,31.643922342571102,-0.09338359742889679
1,10.0,606.0207,31.86116339,31.736341969049676,-0.124821420950326
1,10.0,606.5028,31.97854944,31.82920226643708,-0.14934717356291927
1,10.0,606.9849,32.10523936,31.922440450406764,-0.18279890959323453
1,10.0,607.467,32.22054375,32.01599342876524,-0.20455032123475547
1,10.0,607.9492,32.36227264,32.109817335435636,-0.25245530456436427
1,10.0,608.4313,32.47801748,32.20380970076137,-0.2742077792386297
1,10.0,608.9134,32.60246313,32.29792627030101,-0.3045368596989846
1,10.0,609.3955,32.70890042,32.39210326558339,-0.31679715441661216
1,10.0,609.8776,32.81654205,32.48627687107524,-0.3302651789247619
1,10.0,610.3597,32.91040449,32.58038328708376,-0.33002120291623527
1,10.0,610.8419,32.98518039,32.67437825710222,-0.31080213289777703
1,10.0,611.324,33.09187435,32.76815917284354,-0.32371517715645837
1,10.0,611.8061,33.12929577,32.86168210293776,-0.26761366706223555
1,10.0,612.2882,33.1853477,32.95488382921473,-0.23046387078527175
1,10.0,612.7703,33.26071795,33.04770140541771,-0.21301654458228825
1,10.0,613.2524,33.33487719,33.14007220654043,-0.19480498345956931
1,10.0,613.7346,33.38777143,33.23195297491514,-0.15581845508486225
1,10.0,614.2167,33.48396706,33.323243753745686,-0.16072330625431164
1,10.0,614.6988,33.51555399,33.41390228063577,-0.10165170936423351
1,10.0,615.1809,33.61203841,33.503867695640444,-0.10817071435955228
1,10.0,615.663,33.67781504,33.59307969666321,-0.08473534333678856
1,10.0,616.1451,33.76165422,33.681478584753656,-0.08017563524634141
1,10.0,616.6273,33.87918265,33.76902336953437,-0.11015928046563062
1,10.0,617.1094,33.95566294,33.855619371059255,-0.10004356894074817
1,10.0,617.5915,34.05858214,33.941227213080396,-0.11735492691960303
1,10.0,618.0736,34.19172801,34.02579004957243,-0.16593796042756992
1,10.0,618.5557,34.28792936,34.10925185473448,-0.17867750526551873
1,10.0,619.0378,34.393085,34.19155746468681,-0.2015275353131898
1,10.0,619.52,34.49538793,34.27266931062764,-0.22271861937235826
1,10.0,620.0021,34.57633661,34.35250042412133,-0.2238361858786675
1,10.0,620.4842,34.6984275,34.4310154212291,-0.2674120787709029
1,10.0,620.9663,34.74852274,34.508162993505145,-0.24035974649485325
1,10.0,621.4484,34.83485254,34.58389289619529,-0.2509596438047126
1,10.0,621.9305,34.9238356,34.65815598754273,-0.26567961245726934
1,10.0,622.4127,34.94388012,34.73091919733163,-0.21296092266837263
1,10.0,622.8948,35.02533283,34.802105519166155,-0.22322731083384895
1,10.0,623.3769,35.07287803,34.871684602831124,-0.20119342716887445
1,10.0,623.859,35.11227155,34.93961210788842,-0.17265944211158057
1,10.0,624.3411,35.15785876,35.00584499090126,-0.15201376909874398
1,10.0,624.8232,35.19475634,35.07034154410316,-0.12441479589683979
1,10.0,625.3054,35.21857637,35.13307425686138,-0.08550211313862377
1,10.0,625.7875,35.26524853,35.193978183204294,-0.07127034679570698
1,10.0,626.2696,35.30532597,35.253029051158165,-0.05229691884183296
1,10.0,626.7517,35.350337,35.31019088520446,-0.0401461147955402
1,10.0,627.2338,35.39272032,35.365429241258866,-0.027291078741136232
1,10.0,627.7159,35.4215124,35.41871124669159,-0.002801153308404025
1,10.0,628.1981,35.45598947,35.470016072283805,0.014026602283806255
1,10.0,628.6802,35.51406867,35.519292825656606,0.005224155656605944
1,10.0,629.1623,35.53945284,35.566524440338284,0.0270716003382816
1,10.0,629.6444,35.56087116,35.611684739090954,0.050813579090956296
1,10.0,630.1265,35.60394389,35.65474932340513,0.050805433405130884
1,10.0,630.6086,35.59869344,35.69569561669607,0.0970021766960727
1,10.0,631.0908,35.64252032,35.73451073458086,0.09199041458085588
1,10.0,631.5729,35.63821749,35.77115977438655,0.13294228438654443
1,10.0,632.055,35.67241523,35.8056341638223,0.13321893382229888
1,10.0,632.5371,35.6936012,35.83791906014258,0.14431786014257852
1,10.0,633.0192,35.73811981,35.868001669031074,0.12988185903107308
1,10.0,633.5013,35.78105088,35.89587129212421,0.11482041212421024
1,10.0,633.9835,35.80020208,35.92152446443262,0.12132238443262366
1,10.0,634.4656,35.83626272,35.94494418413943,0.1086814641394298
1,10.0,634.9477,35.84579375,35.96613188448763,0.12033813448763198
1,10.0,635.4298,35.85735611,35.98508574144708,0.12772963144708172
1,10.0,635.9119,35.86943919,36.001806275480995,0.1323670854809933
1,10.0,636.394,35.88099185,36.01629640322572,0.13530455322571555
1,10.0,636.8762,35.86694799,36.02856380349279,0.1616158134927872
1,10.0,637.3583,35.85251167,36.038611255915015,0.18609958591501652
1,10.0,637.8404,35.82560834,36.04645195585953,0.22084361585952905
1,10.0,638.3225,35.81465558,36.052098931600696,0.23744335160069596
1,10.0,638.8046,35.76843907,36.05556787240762,0.2871288024076222
1,10.0,639.2867,35.71289175,36.05687718207825,0.3439854320782558
1,10.0,639.7689,35.703138,36.05604764014847,0.35290964014846793
1,10.0,640.251,35.65875888,36.053103587957835,0.39434470795783483
1,10.0,640.7331,35.64951489,36.04807194167414,0.398557051674139
1,10.0,641.2152,35.60355493,36.04098249428514,0.4374275642851373
1,10.0,641.6973,35.5945207,36.03186801571059,0.43734731571059626
1,10.0,642.1794,35.56795522,36.020764302825675,0.45280908282567367
1,10.0,642.6616,35.56231509,36.007707320887995,0.44539223088799673
1,10.0,643.1437,35.54172214,35.99274448815225,0.4510223481522502
1,10.0,643.6258,35.53247965,35.97591846109054,0.4434388110905374
1,10.0,644.1079,35.50711976,35.95727761351239,0.4501578535123869
1,10.0,644.59,35.48678772,35.93687356980317,0.4500858498031661
1,10.0,645.0721,35.46370599,35.9147612420956,0.4510552520955997
1,10.0,645.5543,35.43260774,35.89099376817662,0.4583860281766192
1,10.0,646.0364,35.41460086,35.8656426022364,0.4510417422363986
1,10.0,646.5185,35.3841495,35.838767947734944,0.4546184477349442
1,10.0,647.0006,35.34866432,35.8104381666082,0.4617738466082031
1,10.0,647.4827,35.30009109,35.78072503539791,0.48063394539790494
1,10.0,647.9648,35.21815232,35.74970375566993,0.5315514356699254
1,10.0,648.447,35.22917254,35.717446146729316,0.4882736067293152
1,10.0,648.9291,35.16043434,35.68404766029835,0.5236133202983453
1,10.0,649.4112,35.11797218,35.64958720737995,0.5316150273799494
1,10.0,649.8933,35.05521118,35.61415366400154,0.5589424840015411
1,10.0,650.3754,34.9967715,35.57783928065809,0.5810677806580884
1,10.0,650.8575,34.94225977,35.54073964780223,0.5984798778022338
1,10.0,651.3397,34.86102201,35.50294574988139,0.641923739881392
1,10.0,651.8218,34.81522168,35.464575408869955,0.6493537288699542
1,10.0,652.3039,34.75528854,35.42572616098065,0.6704376209806497
1,10.0,652.786,34.71612764,35.38650641391009,0.6703787739100875
1,10.0,653.2681,34.66681865,35.34702758908262,0.6802089390826183
1,10.0,653.7502,34.60394316,35.30740402165815,0.7034608616581508
1,10.0,654.2324,34.54580396,35.26774462837059,0.7219406683705927
1,10.0,654.7145,34.50802806,35.22818569022056,0.7201576302205623
1,10.0,655.1966,34.46608693,35.188841327005704,0.7227543970057013
1,10.0,655.6787,34.4188976,35.149836264525476,0.7309386645254747
1,10.0,656.1608,34.36425243,35.111297439546966,0.7470450095469658
1,10.0,656.6429,34.34737711,35.07335381561723,0.725976705617235
1,10.0,657.125,34.2862423,35.036136183510585,0.7498938835105875
1,10.0,657.6072,34.23628293,34.999769502503725,0.763486572503723
1,10.0,658.0892,34.20891489,34.96440988729206,0.7554949972920539
1,10.0,658.5714,34.16987407,34.930162949552546,0.7602888795525473
1,10.0,659.0535,34.14820769,34.89718615086974,0.7489784608697434
1,10.0,659.5356,34.1294586,34.8656086507649,0.7361500507648984
1,10.0,660.0177,34.10250732,34.835567131627414,0.7330598116274132
1,10.0,660.4999,34.09834816,34.80719256398904,0.7088444039890405
1,10.0,660.9819,34.07880281,34.780638389556586,0.7018355795565867
1,10.0,661.4641,34.09227712,34.756018272728944,0.6637411527289458
1,10.0,661.9462,34.08342902,34.73348278701698,0.6500537670169848
1,10.0,662.4283,34.08083391,34.71315986511904,0.6323259551190361
1,10.0,662.9104,34.08532008,34.695180981630934,0.6098609016309311
1,10.0,663.3926,34.08914178,34.679672500732416,0.5905307207324171
1,10.0,663.8746,34.11155207,34.66677003105611,0.5552179610561083
1,10.0,664.3568,34.099114,34.65658668780684,0.5574726878068432
1,10.0,664.8389,34.12151806,34.64925007158671,0.527732011586707
1,10.0,665.321,34.13986838,34.64487438361414,0.5050060036141346
1,10.0,665.8031,34.17153971,34.64357199238692,0.47203228238691963
1,10.0,666.2853,34.20074671,34.64545133305075,0.44470462305075387
1,10.0,666.7673,34.27291899,34.65061284347387,0.37769385347387185
1,10.0,667.2495,34.34700473,34.65915793322627,0.3121532032262664
1,10.0,667.7316,34.40199348,34.67117350234019,0.269180022340187
1,10.0,668.2137,34.49765905,34.68674575955305,0.1890867095530453
1,10.0,668.6958,34.55277135,34.705952718470975,0.15318136847097463
1,10.0,669.178,34.63585873,34.72887035427498,0.093011624274979
1,10.0,669.66,34.68778873,34.75554650486188,0.06775777486188161
1,10.0,670.1422,34.72299514,34.78605863707658,0.06306349707657688
1,10.0,670.6243,34.78764723,34.82043596728654,0.032788737286544745
1,10.0,671.1064,34.82748531,34.85872277892106,0.031237468921062828
1,10.0,671.5885,34.84045645,34.900948455258636,0.06049200525863796
1,10.0,672.0707,34.87511265,34.94714310272971,0.07203045272971309
1,10.0,672.5527,34.95398571,34.997287321358115,0.0433016113581175
1,10.0,673.0349,35.013719,35.05142351282613,0.03770451282613152
1,10.0,673.517,35.0986615,35.10951001712285,0.010848517122852286
1,10.0,673.9991,35.17778003,35.17153824954322,-0.006241780456782919
1,10.0,674.4812,35.26213186,35.237478472179895,-0.02465338782010207
1,10.0,674.9634,35.37989953,35.307305370337126,-0.07259415966287719
1,10.0,675.4454,35.46995365,35.380923574257984,-0.08903007574201638
1,10.0,675.9276,35.54947184,35.458332842774496,-0.09113899722550656
1,10.0,676.4097,35.6681243,35.5394142660238,-0.12871003397620484
1,10.0,676.8918,35.78592916,35.624101032924685,-0.16182812707531724
1,10.0,677.3739,35.89152686,35.712300170463486,-0.1792266895365131
1,10.0,677.8561,35.99754557,35.803927663992965,-0.19361790600703443
1,10.0,678.3381,36.124395,35.89881186360483,-0.2255831363951728
1,10.0,678.8203,36.22800327,35.99690781020083,-0.231095459799171
1,10.0,679.3024,36.34075332,36.098021942135304,-0.24273137786469334
1,10.0,679.7845,36.46054793,36.20203119685651,-0.25851673314348744
1,10.0,680.2666,36.5872532,36.308783213595966,-0.2784699864040334
1,10.0,680.7488,36.706354,36.41813962024064,-0.28821437975935993
1,10.0,681.2308,36.82767678,36.529861727456236,-0.2978150525437613
1,10.0,681.713,36.96416445,36.64386413885159,-0.32030031114840796
1,10.0,682.1951,37.08588842,36.75989079740323,-0.32599762259677334
1,10.0,682.6772,37.20760386,36.877772033869874,-0.32983182613012474
1,10.0,683.1593,37.3474797,36.99730797538427,-0.3501717246157341
1,10.0,683.6415,37.46285887,37.11831771279853,-0.34454115720146916
1,10.0,684.1235,37.61136295,37.24051369027017,-0.3708492597298303
1,10.0,684.6057,37.6938096,37.36378023730951,-0.3300293626904889
1,10.0,685.0878,37.82392722,37.487819374802,-0.33610784519800063
1,10.0,685.5699,37.90889921,37.61243102835397,-0.29646818164603417
1,10.0,686.052,38.0172054,37.73738632908145,-0.2798190709185491
1,10.0,686.5342,38.12069969,37.86247965932142,-0.25822003067857935
1,10.0,687.0162,38.20500897,37.98739962121805,-0.2176093487819486
1,10.0,687.4984,38.30358582,38.11201487351661,-0.19157094648339523
1,10.0,687.9805,38.37391363,38.236012129131595,-0.13790150086840214
1,10.0,688.4626,38.48593278,38.3591816666,-0.12675111339999745
1,10.0,688.9447,38.5819385,38.481288589036055,-0.10064991096394493
1,10.0,689.4269,38.66528713,38.60212432858446,-0.06316280141554387
1,10.0,689.9089,38.77718068,38.7213828167008,-0.05579786329919756
1,10.0,690.3911,38.88318049,38.838934472839455,-0.0442460171605461
1,10.0,690.8732,38.98482001,38.954480686468514,-0.030339323531485718
1,10.0,691.3553,39.08408603,39.067825431066844,-0.01626059893315812
1,10.0,691.8374,39.18845152,39.17875315887109,-0.00969836112891187
1,10.0,692.3196,39.29181937,39.287076286910484,-0.00474308308951521
1,10.0,692.8016,39.37224582,39.392525052992944,0.020279232992940877
1,10.0,693.2838,39.48697748,39.49499096539196,0.008013485391963115
1,10.0,693.7659,39.58323603,39.594221403357295,0.010985373357293327
1,10.0,694.248,39.6516029,39.69005882200558,0.03845592200558201
1,10.0,694.7301,39.69577375,39.78233366651551,0.08655991651551176
1,10.0,695.2123,39.75612838,39.87090468451379,0.11477630451378928
1,10.0,695.6943,39.80933107,39.95556984416085,0.14623877416084952
1,10.0,696.1765,39.8475734,40.0362631433349,0.18868974333489774
1,10.0,696.6586,39.91169602,40.11280957211178,0.20111355211177795
1,10.0,697.1407,39.9441588,40.18511620993954,0.24095740993953996
1,10.0,697.6228,39.96080551,40.253087252564875,0.2922817425648745
1,10.0,698.105,40.00045181,40.31665468945144,0.31620287945143843
1,10.0,698.587,40.0250969,40.375715509657,0.35061860965699765
1,10.0,699.0692,40.03801359,40.43027055030327,0.3922569603032713
1,10.0,699.5513,40.08230201,40.48025378797454,0.39795177797454073
1,10.0,700.0334,40.09472971,40.5256646322252,0.43093492222519814
1,10.0,700.5155,40.09705004,40.566509794102664,0.46945975410266527
1,10.0,700.9977,40.13135692,40.60282291414974,0.4714659941497388
1,10.0,701.4797,40.14753966,40.6346300100911,0.48709035009110124
1,10.0,701.9619,40.1402976,40.66202607109539,0.5217284710953933
1,10.0,702.444,40.15138842,40.685083331791596,0.5336949117915921
1,10.0,702.9261,40.16405849,40.703921310734,0.539862820734001
1,10.0,703.4082,40.14739524,40.718676735231,0.5712814952309984
1,10.0,703.8904,40.1706223,40.72951208123382,0.5588897812338232
1,10.0,704.3724,40.15554874,40.73660678461192,0.5810580446119218
1,10.0,704.8546,40.16057804,40.740176543898,0.5795985038980049
1,10.0,705.3367,40.12479014,40.74045285705447,0.6156627170544695
1,10.0,705.8188,40.1109644,40.737696814590194,0.6267324145901938
1,10.0,706.3009,40.08060294,40.73219363010919,0.6515906901091881
1,10.0,706.7831,40.07437514,40.724251727678975,0.6498765876789747
1,10.0,707.2651,40.09432837,40.714211816519445,0.6198834465194452
1,10.0,707.7473,40.06955789,40.70242501540629,0.6328671254062925
1,10.0,708.2294,40.06031896,40.68928105481098,0.62896209481098
1,10.0,708.7115,40.06255241,40.67518314621806,0.6126307362180583
1,10.0,709.1936,40.0552964,40.660558147913214,0.605261747913211
1,10.0,709.6758,40.05267094,40.64584976957438,0.5931788295743843
1,10.0,710.1578,40.05806172,40.63153192129969,0.573470201299692
1,10.0,710.64,40.08588172,40.61807368658189,0.532191966581884
1,10.0,711.1221,40.06924152,40.60597818113772,0.5367366611377236
1,10.0,711.6042,40.09081894,40.59574777872155,0.504928838721554
1,10.0,712.0863,40.08613483,40.58789552680436,0.5017606968043609
1,10.0,712.5685,40.1034208,40.58293815312633,0.47951735312632593
1,10.0,713.0505,40.14236586,40.58139579668929,0.4390299366892947
1,10.0,713.5327,40.15676151,40.58378198614736,0.42702047614735505
1,10.0,714.0148,40.21273015,40.59060344968647,0.37787329968647043
1,10.0,714.4969,40.25631787,40.6023548719967,0.34603700199670584
1,10.0,714.979,40.31513239,40.619513724337864,0.30438133433786163
1,10.0,715.4612,40.36366801,40.64254074363523,0.27887273363523235
1,10.0,715.9432,40.42593748,40.67184772956865,0.24591024956864516
1,10.0,716.4254,40.51462265,40.707854660617684,0.19323201061768458
1,10.0,716.9075,40.58198515,40.75089909979608,0.1689139497960781
1,10.0,717.3896,40.67351859,40.80130281446767,0.12778422446766768
1,10.0,717.8717,40.79144219,40.85933298295145,0.06789079295145228
1,10.0,718.3539,40.88334087,40.925218686324435,0.04187781632443688
1,10.0,718.8359,41.00812936,40.99907402506305,-0.00905533493694577
1,10.0,719.3181,41.13063929,41.08105681480882,-0.04958247519117975
1,10.0,719.8002,41.26437202,41.17115045713426,-0.09322156286574312
1,10.0,720.2823,41.4077846,41.26933540565959,-0.13844919434041003
1,10.0,720.7644,41.55177856,41.37550603342587,-0.17627252657413095
1,10.0,721.2466,41.69513598,41.48950961006407,-0.20562636993593486
1,10.0,721.7286,41.88343344,41.611023273933334,-0.27241016606666335
1,10.0,722.2108,42.05796735,41.73982580387391,-0.3181415461260855
1,10.0,722.6929,42.2116468,41.87544571603529,-0.3362010839647098
1,10.0,723.175,42.36848746,42.017445544039596,-0.35104191596040124
1,10.0,723.6571,42.544407,42.165294567605365,-0.3791124323946349
1,10.0,724.1393,42.72946113,42.31843052126138,-0.41103060873862063
1,10.0,724.6213,42.86376877,42.476102642711815,-0.3876661272881847
1,10.0,725.1035,43.02025721,42.637733303492084,-0.3825239065079131
1,10.0,725.5856,43.16575284,42.80246647222224,-0.3632863677777607
1,10.0,726.0677,43.32572774,42.969537065900724,-0.35619067409927396
1,10.0,726.5498,43.47166354,43.13811263131156,-0.3335509086884443
1,10.0,727.032,43.62836305,43.307369597186636,-0.32099345281336156
1,10.0,727.514,43.74492654,43.476326287738026,-0.2686002522619759
1,10.0,727.9962,43.88524032,43.64423767412667,-0.24100264587332987
1,10.0,728.4783,44.00621608,43.81011465098341,-0.19610142901659344
1,10.0,728.9604,44.12199803,43.973118562376996,-0.1488794676230043
1,10.0,729.4425,44.24715376,44.13239641504565,-0.11475734495435574
1,10.0,729.9247,44.35335007,44.28715768168484,-0.06619238831515872
1,10.0,730.4067,44.47979632,44.43652687837012,-0.043269441629881555
1,10.0,730.8889,44.53369638,44.579898817953946,0.0462024379539443
1,10.0,731.371,44.62906086,44.71651578705891,0.08745492705890712
1,10.0,731.8531,44.68546176,44.84581451709144,0.16035275709143804
1,10.0,732.3352,44.77382039,44.96728468797404,0.19346429797404596
1,10.0,732.8174,44.83419221,45.08053218125525,0.24633997125525298
1,10.0,733.2994,44.88317958,45.185176044557586,0.30199646455758966
1,10.0,733.7816,44.91359851,45.281103162737594,0.36750465273759403
1,10.0,734.2637,44.9907561,45.368173557442596,0.377417457442597
1,10.0,734.7458,45.00694494,45.44646123662346,0.4395162966234665
1,10.0,735.2279,45.06343911,45.51615769667136,0.45271858667135945
1,10.0,735.7101,45.10380887,45.57761104425774,0.4738021742577416
1,10.0,736.1921,45.13798183,45.63127136160522,0.49328953160522104
1,10.0,736.6743,45.16365511,45.677822051816165,0.5141669418161641
1,10.0,737.1564,45.20797982,45.718024589617805,0.5100447696178065
1,10.0,737.6385,45.23740263,45.752834246826524,0.5154316168265254
1,10.0,738.1206,45.26729355,45.7833436811535,0.5160501311534986
1,10.0,738.6028,45.31433599,45.81079072748679,0.49645473748679336
1,10.0,739.0848,45.35314402,45.83651911220438,0.48337509220437624
1,10.0,739.567,45.39389093,45.86202222056606,0.4681312905660633
1,10.0,740.0491,45.43935958,45.88884651630945,0.449486936309448
1,10.0,740.5312,45.52868383,45.918624430275145,0.3899406002751462
1,10.0,741.0133,45.60011079,45.953017549909575,0.35290675990957254
1,10.0,741.4955,45.67936764,45.99369594699186,0.314328306991861
1,10.0,741.9775,45.78454984,46.042252868312154,0.2577030283121573
1,10.0,742.4597,45.89772949,46.10026710077099,0.20253761077098886
1,10.0,742.9418,46.03169653,46.16911577582975,0.1374192458297543
1,10.0,743.424,46.16651822,46.25006404007158,0.08354582007157774
1,10.0,743.906,46.33512009,46.344073868723086,0.008953778723089556
1,10.0,744.3882,46.48236699,46.45197689117735,-0.030390098822650202
1,10.0,744.8702,46.64070643,46.57413524468755,-0.06657118531245487
1,10.0,745.3524,46.81384563,46.71076820275005,-0.10307742724994995
1,10.0,745.8345,46.9865286,46.86155533136206,-0.12497326863793745
1,10.0,746.3167,47.17056547,47.02594764437783,-0.14461782562216996
1,10.0,746.7987,47.36130366,47.20285424452067,-0.15844941547932478
1,10.0,747.2809,47.55113836,47.391074348030116,-0.16006401196988662
1,10.0,747.7629,47.70553865,47.58876638234926,-0.11677226765073812
1,10.0,748.2451,47.89704419,47.79410637115116,-0.10293781884884368
1,10.0,748.7272,48.08905443,48.00472933024876,-0.08432509975123992
1,10.0,749.2094,48.21881011,48.2182916420987,-0.0005184679013012783
1,10.0,749.6914,48.39552002,48.43211104250654,0.036591022506542004
1,10.0,750.1736,48.56115388,48.643775860189486,0.08262198018948652
1,10.0,750.6556,48.69040852,48.85056945793654,0.16016093793653852
1,10.0,751.1378,48.84655731,49.05025775928071,0.20370044928070996
1,10.0,751.6199,48.97464762,49.240537629876314,0.2658900098763155
1,10.0,752.1021,49.1065119,49.41963049645827,0.313118596458267
1,10.0,752.5841,49.20368691,49.58597968143119,0.3822927714311888
1,10.0,753.0663,49.32192654,49.738763256684294,0.4168367166842941
1,10.0,753.5483,49.45519694,49.87745644745105,0.42225950745105223
1,10.0,754.0305,49.55265484,50.00239684565398,0.4497420056539809
1,10.0,754.5126,49.65590269,50.114386888615854,0.45848419861585654
1,10.0,754.9948,49.78057539,50.21503861592806,0.43446322592805586
1,10.0,755.4768,49.87079847,50.306528054996434,0.4357295849964373
1,10.0,755.959,50.00217631,50.39179427508309,0.3896179650830902
1,10.0,756.441,50.10879679,50.47417137508156,0.36537458508156107
1,10.0,756.9232,50.22932823,50.55755132379898,0.3282230937989823
1,10.0,757.4053,50.39122249,50.64595099384035,0.2547285038403544
1,10.0,757.8875,50.5421058,50.743508852000886,0.20140305200088449
1,10.0,758.3695,50.68802356,50.854044207290855,0.16602064729085697
1,10.0,758.8517,50.88979325,50.9810474979123,0.0912542479123033
1,10.0,759.3337,51.08702659,51.12705291928857,0.040026329288572526
1,10.0,759.8159,51.26818912,51.2938153598408,0.025626239840796927
1,10.0,760.298,51.48767776,51.48166337781399,-0.00601438218600947
1,10.0,760.7802,51.70225029,51.68976833356007,-0.01248195643993455
1,10.0,761.2622,51.9253809,51.91573080779054,-0.009650092209462002
1,10.0,761.7444,52.15173183,52.15620297699697,0.004471146996969821
1,10.0,762.2264,52.37381903,52.40638837711804,0.03256934711804149
1,10.0,762.7086,52.58045084,52.661149198076764,0.0806983580767664
1,10.0,763.1907,52.79221589,52.91465024992928,0.12243435992927942
1,10.0,763.6729,52.98027932,53.16146190089719,0.18118258089718609
1,10.0,764.1549,53.17125935,53.39655679566498,0.2252974456649781
1,10.0,764.6371,53.35499178,53.61640889541896,0.26141711541895774
1,10.0,765.1191,53.51685896,53.81872090206619,0.3018619420661892
1,10.0,765.6013,53.66923813,54.003495816458994,0.3342576864589972
1,10.0,766.0834,53.84114419,54.17259218945322,0.3314479994532178
1,10.0,766.5656,54.01206927,54.330192217105875,0.3181229471058771
1,10.0,767.0476,54.15465218,54.48217853145911,0.32752635145911313
1,10.0,767.5298,54.32720227,54.63598314196771,0.30878087196771276
1,10.0,768.0118,54.51995846,54.799290150805426,0.27933169080542797
1,10.0,768.494,54.72617182,54.9795315634883,0.2533597434883035
1,10.0,768.9761,54.92967829,55.18225653696693,0.25257824696693376
1,10.0,769.4583,55.13571845,55.410541520229884,0.2748230702298855
1,10.0,769.9403,55.40821159,55.663850471345775,0.2556388813457744
1,10.0,770.4225,55.63058399,55.938433045913136,0.30784905591313816
1,10.0,770.9045,55.88996483,56.22698232135111,0.33701749135111214
1,10.0,771.3867,56.17615678,56.520641462719986,0.3444846827199868
1,10.0,771.8688,56.43778456,56.809755876737555,0.37197131673755734
1,10.0,772.351,56.70248907,57.08648725859473,0.383998188594731
1,10.0,772.833,56.98080376,57.346032494485684,0.36522873448568305
1,10.0,773.3152,57.24445121,57.588591839155754,0.3441406291557527
1,10.0,773.7972,57.51752569,57.81897733093597,0.3014516409359729
1,10.0,774.2794,57.80531776,58.04664624988235,0.24132848988234912
1,10.0,774.7615,58.05445679,58.28292076269202,0.228463972692019
1,10.0,775.2437,58.3452051,58.53854033356306,0.1933352335630616
1,10.0,775.7257,58.64899857,58.81989262515455,0.17089405515454814
1,10.0,776.2079,58.93918568,59.127301945286064,0.1881162652860624
1,10.0,776.6899,59.25007259,59.453733615069375,0.20366102506937267
1,10.0,777.1721,59.55415275,59.78792036773517,0.2337676177351682
1,10.0,777.6542,59.8798099,60.11760944278427,0.2377995427842734
1,10.0,778.1364,60.188147,60.435323177830874,0.2471761778308732
1,10.0,778.6184,60.51516777,60.741291730686264,0.22612396068626595
1,10.0,779.1006,60.83941049,61.04455124725035,0.20514075725034786
1,10.0,779.5826,61.19813163,61.35817391515186,0.16004228515186014
1,10.0,780.0648,61.53575613,61.69354359714576,0.1577874671457593
1,10.0,780.5469,61.88220487,62.05308550709923,0.17088063709923063
1,10.0,781.0291,62.25256187,62.429455448393846,0.17689357839384456
1,10.0,781.5111,62.60301408,62.809858398701095,0.2068443187010942
1,10.0,781.9933,62.97920978,63.186105330643294,0.20689555064329568
1,10.0,782.4753,63.37874848,63.560137573087395,0.1813890930873967
1,10.0,782.9575,63.774777,63.9435688216182,0.16879182161819983
1,10.0,783.4396,64.1770809,64.3466481967148,0.16956729671478854
1,10.0,783.9218,64.58962624,64.76973084146478,0.1801046014647767
1,10.0,784.4038,65.04645374,65.20353372841532,0.1570799884153189
1,10.0,784.886,65.4836387,65.64170615265803,0.15806745265803102
1,10.0,785.368,65.94319397,66.08799474922087,0.14480077922087276
1,10.0,785.8502,66.41313127,66.55174186542651,0.13861059542651333
1,10.0,786.3323,66.89606961,67.0342345333317,0.1381649233317006
1,10.0,786.8145,67.41782432,67.53031363996509,0.1124893199650927
1,10.0,787.2965,67.94552168,68.03920554937365,0.09368386937364903
1,10.0,787.7787,68.46720452,68.56687135878661,0.09966683878661797
1,10.0,788.2607,69.04291698,69.11432822972479,0.07141124972478963
1,10.0,788.7429,69.65089946,69.68071091165814,0.029811451658133592
1,10.0,789.225,70.2658848,70.26840301368559,0.0025182136855903536
1,10.0,789.7072,70.91333116,70.87997341166238,-0.03335774833762173
1,10.0,790.1892,71.58848736,71.51619485502972,-0.07229250497027806
1,10.0,790.6714,72.3017423,72.18037013879815,-0.12137216120184746
1,10.0,791.1534,73.05487785,72.87443623196678,-0.180441618033214
1,10.0,791.6356,73.83961879,73.6020898694778,-0.23752892052220886
1,10.0,792.1177,74.68286214,74.36647831176141,-0.31638382823858535
1,10.0,792.5999,75.59001832,75.17217760319014,-0.417840716809863
1,10.0,793.0819,76.52792479,76.02373005159583,-0.5041947384041663
1,10.0,793.5641,77.57222112,76.92792345721183,-0.644297662788162
1,10.0,794.0461,78.65437304,77.8913671687277,-0.7630058712722985
1,10.0,794.5283,79.81055902,78.92383064853118,-0.8867283714688199
1,10.0,795.0104,81.02954106,80.03561576912739,-0.9939252908726104
1,10.0,795.4926,82.27404234,81.2402909874525,-1.0337513525474975
1,10.0,795.9746,83.54030788,82.55194731832746,-0.9883605616725362
1,10.0,796.4568,84.81694003,83.98566326396991,-0.8312767660300864
1,10.0,796.9388,86.06954548,85.54377817828495,-0.5257673017150495
1,10.0,797.421,87.29762935,87.19401301926627,-0.103616330733729
1,10.0,797.9031,88.43874625,88.81979418574164,0.3810479357416483
1,10.0,798.3853,89.47435338,90.2354086484537,0.7610552684537026
1,10.0,798.8673,90.40100987,91.3268724855192,0.9258626155192076
1,10.0,799.3495,91.22311765,92.12448785505435,0.9013702050543486
1,10.0,799.8315,91.92215861,92.70973072694254,0.7875721169425418
1,10.0,800.3137,92.48662516,93.15194214730302,0.6653169873030151
1,10.0,800.7958,92.98451831,93.49666620663687,0.5121478966368755
1,10.0,801.278,93.35603179,93.77329308627215,0.4172612962721445
1,10.0,801.76,93.67934132,94.00054013866087,0.32119881866086075
1,10.0,802.2422,93.9039385,94.19114042805568,0.2872019280556799
1,10.0,802.7242,94.07022856,94.35353625303408,0.2833076930340752
1,10.0,803.2064,94.24031476,94.49394550077248,0.25363074077247916
1,10.0,803.6885,94.34717372,94.61669148875295,0.269517768752948
1,10.0,804.1707,94.43420505,94.72511276387826,0.290907713878255
1,10.0,804.6527,94.51848258,94.82164280429367,0.30316022429367706
1,10.0,805.1349,94.58036454,94.90829525952245,0.3279307195224419
1,10.0,805.6169,94.64217841,94.98651907885117,0.3443406688511743
1,10.0,806.0991,94.70398908,95.05759432708648,0.35360524708647745
1,10.0,806.5812,94.73140235,95.1224574497468,0.39105509974680785
1,10.0,807.0634,94.79387395,95.18194013257056,0.3880661825705545
1,10.0,807.5454,94.823934,95.23667225816784,0.4127382581678489
1,10.0,808.0276,94.85538915,95.28725496713129,0.4318658171312961
1,10.0,808.5096,94.88633506,95.33411407665571,0.4477790166557156
1,10.0,808.9918,94.91628206,95.37768576156805,0.4614037015680452
1,10.0,809.4739,94.94555617,95.41828148092229,0.47272531092228576
1,10.0,809.9561,94.9829641,95.45621042331207,0.4732463233120683
1,10.0,810.4381,95.02190281,95.49170276894357,0.4697999589435682
1,10.0,810.9203,95.02610842,95.52500830307778,0.4988998830777831
1,10.0,811.4023,95.04037571,95.55629211536615,0.5159164053661414
1,10.0,811.8845,95.07063121,95.5857497305785,0.5151185205784969
1,10.0,812.3666,95.09486303,95.613511997607,0.5186489676070067
1,10.0,812.8488,95.10328858,95.63972330266832,0.5364347226683179
1,10.0,813.3308,95.11722458,95.66448605576286,0.5472614757628662
1,10.0,813.813,95.13764749,95.6879265206063,0.5502790306062906
1,10.0,814.295,95.170342,95.7101199980034,0.5397779980034016
1,10.0,814.7772,95.15827749,95.7311701880261,0.5728926980260951
1,10.0,815.2593,95.16697185,95.75114057580764,0.5841687258076433
1,10.0,815.7415,95.19640326,95.77010909371309,0.5737058337130918
1,10.0,816.2235,95.2072468,95.78812740589639,0.5808806058963967
1,10.0,816.7057,95.22705383,95.80526793932246,0.5782141093224595
1,10.0,817.1877,95.24407944,95.82156885301991,0.5774894130199186
1,10.0,817.6699,95.24714269,95.83709156941238,0.5899488794123755
1,10.0,818.152,95.2662784,95.85187004465712,0.5855916446571143
1,10.0,818.6342,95.30526956,95.86595067375362,0.560681113753617
1,10.0,819.1162,95.32606106,95.87936191404857,0.5533008540485724
1,10.0,819.5984,95.32436902,95.89214899652809,0.5677799765280866
1,10.0,820.0804,95.33095552,95.90433276662338,0.5733772466233802
1,10.0,820.5626,95.34893823,95.91595242574397,0.5670141957439654
1,10.0,821.0447,95.35341237,95.92702749624493,0.5736151262449312
1,10.0,821.5269,95.36694239,95.93758755066801,0.5706451606680076
1,10.0,822.0089,95.37111645,95.94764935889145,0.5765329088914513
1,10.0,822.4911,95.36459776,95.9572428344136,0.5926450744136105
1,10.0,822.9731,95.34008006,95.96638008521214,0.6263000252121316
1,10.0,823.4553,95.36263965,95.97508741068215,0.6124477606821443
1,10.0,823.9374,95.35510386,95.98337672453289,0.6282728645328888
1,10.0,824.4196,95.3672371,95.99126779120503,0.6240306912050357
1,10.0,824.9016,95.3313387,95.9987710865744,0.6674323865743901
1,10.0,825.3838,95.32999835,96.0059071339566,0.6759087839566007
1,10.0,825.8658,95.33808238,96.01268340605162,0.6746010260516186
1,10.0,826.348,95.3294839,96.01911809706,0.689634197060002
1,10.0,826.8301,95.31711247,96.02521889787066,0.7081064278706606
1,10.0,827.3123,95.3396006,96.03099943345303,0.6913988334530359
1,10.0,827.7943,95.34665553,96.03646663435258,0.6898111043525716
1,10.0,828.2765,95.32346667,96.0416348560202,0.7181681860201934
1,10.0,828.7585,95.34717313,96.0465090535284,0.6993359235283947
1,10.0,829.2407,95.35542554,96.05110198724056,0.6956764472405581
1,10.0,829.7228,95.37530063,96.05541892918632,0.6801182991863186
1,10.0,830.205,95.37769898,96.05946942709043,0.6817704470904289
1,10.0,830.687,95.37280221,96.06325836257253,0.6904561525725228
1,10.0,831.1692,95.36847651,96.0667957962054,0.698319286205404
1,10.0,831.6512,95.37561382,96.07008532590837,0.6944715059083677
1,10.0,832.1334,95.35438668,96.07313586074534,0.7187491807453341
1,10.0,832.6155,95.38499492,96.07595127110554,0.690956351105541
1,10.0,833.0977,95.35726891,96.07853825491159,0.7212693449115903
1,10.0,833.5797,95.35153504,96.08090050383774,0.7293654638377376
1,10.0,834.0619,95.35704086,96.08304493135772,0.7260040713577212
1,10.0,834.5439,95.34070327,96.08497444567006,0.7442711756700504
1,10.0,835.0261,95.32777116,96.08669508901056,0.7589239290105638
1,10.0,835.5082,95.32593035,96.08820993091898,0.7622795809189853
1,10.0,835.9904,95.30434432,96.08952358424582,0.7851792642458264
1,10.0,836.4724,95.31707197,96.09063906586601,0.7735670958660137
1,10.0,836.9546,95.2972311,96.09156087541346,0.7943297754134591
1,10.0,837.4366,95.29307202,96.09229163116083,0.7992196111608365
1,10.0,837.9188,95.28753306,96.09283514482503,0.8053020848250299
1,10.0,838.4009,95.29580333,96.09319405406573,0.7973907240657354
1,10.0,838.8831,95.27922828,96.09337138067549,0.8141431006754942
1,10.0,839.3651,95.25199448,96.09336978744328,0.8413753074432861
1,10.0,839.8473,95.2538989,96.09319184377848,0.8392929437784886
1,10.0,840.3293,95.26303862,96.09284012630562,0.8298015063056141
1,10.0,840.8115,95.22999469,96.09231663950482,0.8623219495048176
1,10.0,841.2936,95.23201818,96.09162382362916,0.8596056436291661
1,10.0,841.7758,95.21626983,96.09076343750661,0.8744936075066079
1,10.0,842.2578,95.2092491,96.08973799626308,0.8804888962630883
1,10.0,842.74,95.22560574,96.0885484653261,0.8629427253260928
1,10.0,843.222,95.20593126,96.0871975392595,0.8812662792595063
1,10.0,843.7042,95.20298694,96.0856857023863,0.8826987623862976
1,10.0,844.1863,95.2003671,96.08401535130197,0.8836482513019774
1,10.0,844.6685,95.2028825,96.08218720399377,0.8793047039937676
1,10.0,845.1505,95.21296331,96.08020376499364,0.8672404549936346
1,10.0,845.6327,95.20833191,96.07806461860525,0.8697327086052553
1,10.0,846.1147,95.23688217,96.07577268365688,0.8388905136568781
1,10.0,846.5969,95.23880115,96.07332712073533,0.8345259707353279
1,10.0,847.079,95.23079294,96.07073038671255,0.839937446712554
1,10.0,847.5612,95.22700787,96.06798231056914,0.8409744405691413
1,10.0,848.0432,95.23928987,96.06508548012324,0.8257956101232509
1,10.0,848.5254,95.23253574,96.06203825080782,0.8295025108078136
1,10.0,849.0074,95.22826343,96.05884383947698,0.8305804094769798
1,10.0,849.4896,95.197385,96.05550021669835,0.8581152166983514
1,10.0,849.9717,95.22061647,96.05200997212089,0.8313935021208891
1,10.0,850.4539,95.20099349,96.04837214920576,0.8473786592057593
1,10.0,850.9359,95.21846868,96.04458948548415,0.8261208054841518
1,10.0,851.4181,95.20761035,96.04065920968277,0.8330488596827763
1,10.0,851.9001,95.21141538,96.0365848903477,0.8251695103476919
1,10.0,852.3823,95.21821531,96.03236339668622,0.8141480866862167
1,10.0,852.8644,95.2204256,96.0279975034455,0.8075719034455062
1,10.0,853.3466,95.21588904,96.02348553756518,0.8075964975651857
1,10.0,853.8286,95.19116439,96.01883043499379,0.8276660449937907
1,10.0,854.3108,95.21822769,96.01402836296703,0.7958006729670188
1,10.0,854.7928,95.20455871,96.00908328301333,0.8045245730133246
1,10.0,855.275,95.2061752,96.00399101794926,0.7978158179492567
1,10.0,855.7571,95.20977956,95.99875456682615,0.7889750068261492
1,10.0,856.2393,95.21341192,95.99337158349313,0.7799596634931305
1,10.0,856.7213,95.19044743,95.98784523946118,0.7973978094611738
1,10.0,857.2035,95.18596614,95.98217067728183,0.7962045372818238
1,10.0,857.6855,95.19821811,95.97635228527618,0.778134175276179
1,10.0,858.1677,95.17178397,95.97038486855953,0.7986008985595276
1,10.0,858.6498,95.21481712,95.96427168110668,0.7494545611066741
1,10.0,859.132,95.1961759,95.95800972734472,0.7618338273447165
1,10.0,859.614,95.20707916,95.95160244391403,0.7445232839140203
1,10.0,860.0962,95.19196321,95.94504396265071,0.7530807526507175
1,10.0,860.5782,95.19961447,95.93833912817237,0.738724658172373
1,10.0,861.0604,95.19306693,95.93148173512277,0.7384148051227726
1,10.0,861.5425,95.19909725,95.92447531738183,0.7253780673818397
1,10.0,862.0247,95.19678153,95.91731623762561,0.7205347076256174
1,10.0,862.5067,95.1926769,95.91000822222337,0.717331322223373
1,10.0,862.9889,95.19798092,95.90254438700332,0.704563467003311
1,10.0,863.4709,95.16987953,95.89493006017702,0.7250505301770147
1,10.0,863.9531,95.18753636,95.88715801474538,0.6996216547453855
1,10.0,864.4352,95.17255247,95.87923208577763,0.7066796157776309
1,10.0,864.9174,95.18392896,95.87114798825056,0.6872190282505528
1,10.0,865.3994,95.15525232,95.86290975962069,0.7076574396206894
1,10.0,865.8816,95.1646436,95.85450947733692,0.6898658773369135
1,10.0,866.3636,95.17453687,95.84595297970873,0.6714161097087299
1,10.0,866.8458,95.15367154,95.8372319903306,0.6835604503305888
1,10.0,867.3279,95.15318317,95.82835066432142,0.6751674943214141
1,10.0,867.8101,95.15977543,95.81930405078438,0.6595286207843856
1,10.0,868.2921,95.16189219,95.81009651751609,0.6482043275160834
1,10.0,868.7743,95.12036091,95.80071906529307,0.6803581552930638
1,10.0,869.2563,95.14094284,95.79117806919525,0.6502352291952604
1,10.0,869.7385,95.10538219,95.78146415992398,0.6760819699239846
1,10.0,870.2206,95.09010524,95.77158182990428,0.6814765899042783
1,10.0,870.7028,95.09172121,95.76152543261566,0.6698042226156531
1,10.0,871.1848,95.06595431,95.75129968407015,0.6853453740701525
1,10.0,871.667,95.04116443,95.74089445451,0.6997300245100035
1,10.0,872.149,95.03979155,95.73031668328349,0.6905251332834865
1,10.0,872.6312,95.0249557,95.71955584910721,0.6946001491072025
1,10.0,873.1133,95.01312646,95.7086167978542,0.6954903378542099
1,10.0,873.5955,95.01622097,95.69749314611032,0.681272176110312
1,10.0,874.0775,94.9965232,95.68618997502722,0.6896667750272201
1,10.0,874.5597,94.98974405,95.6746959545593,0.6849519045592984
1,10.0,875.0417,94.97202469,95.66301861708385,0.6909939270838521
1,10.0,875.5239,94.98406384,95.6511462141028,0.6670823741027903
1,10.0,876.006,94.95220109,95.63908396020184,0.6868828702018419
1,10.0,876.4882,94.93799312,95.6268246818155,0.6888315618155048
1,10.0,876.9702,94.93418938,95.61437384139722,0.6801844613972179
1,10.0,877.4524,94.91053041,95.60171882202812,0.6911884120281115
1,10.0,877.9344,94.91500509,95.58886777940323,0.6738626894032365
1,10.0,878.4166,94.9197518,95.57580764529972,0.6560558452997185
1,10.0,878.8987,94.90841686,95.56254401742056,0.6541271574205609
1,10.0,879.3809,94.90601589,95.54906886584206,0.6430529758420533
1,10.0,879.8629,94.90567413,95.53538804969764,0.6297139196976502
1,10.0,880.3451,94.90309177,95.52148756022473,0.6183957902247244
1,10.0,880.8271,94.87677915,95.50737620837032,0.6305970583703129
1,10.0,881.3093,94.88747322,95.49303949463301,0.6055662746330057
1,10.0,881.7914,94.88278593,95.47848341318718,0.5956974831871804
1,10.0,882.2736,94.87843745,95.46369899712025,0.5852615471202398
1,10.0,882.7556,94.85654842,95.44869251660985,0.5921440966098572
1,10.0,883.2378,94.85714026,95.43344844549082,0.5763081854908307
1,10.0,883.7198,94.81505158,95.41797628350722,0.6029247035072132
1,10.0,884.202,94.80581363,95.40225996684345,0.5964463368434423
1,10.0,884.6841,94.78730253,95.38630589803475,0.5990033680347437
1,10.0,885.1663,94.76618977,95.37010407608342,0.6039143060834249
1,10.0,885.6483,94.75808157,95.35366119510182,0.5955796251018199
1,10.0,886.1305,94.70959255,95.3369600624343,0.6273675124343043
1,10.0,886.6125,94.69721194,95.3200109015713,0.6227989615712914
1,10.0,887.0947,94.6804654,95.30279592665424,0.6223305266542383
1,10.0,887.5768,94.70039119,95.28532195832379,0.5849307683237868
1,10.0,888.059,94.6463332,95.26757784523235,0.6212446452323519
1,10.0,888.541,94.63156133,95.24957071610663,0.6180093861066354
1,10.0,889.0232,94.61675813,95.23128153537395,0.6145234053739586
1,10.0,889.5052,94.60492906,95.2127212862021,0.6077922262020934
1,10.0,889.9874,94.58629074,95.1938702741268,0.6075795341267991
1,10.0,890.4695,94.60465524,95.17473574448513,0.5700805044851336
1,10.0,890.9517,94.56216891,95.15530525663573,0.5931363466357311
1,10.0,891.4337,94.56946693,95.13558638130036,0.5661194513003522
1,10.0,891.9159,94.5654348,95.11555803135153,0.5501232313515203
1,10.0,892.3979,94.55113531,95.09523198583433,0.5440966758343251
1,10.0,892.8801,94.53541882,95.07458642100119,0.5391676010011821
1,10.0,893.3622,94.52698458,95.05362900887862,0.5266444288786118
1,10.0,893.8444,94.50813075,95.03234585339149,0.5242151033914837
1,10.0,894.3264,94.5039394,95.01074496978264,0.5068055697826424
1,10.0,894.8086,94.50406254,94.98880297231749,0.48474043231748
1,10.0,895.2906,94.48127213,94.96653247127945,0.4852603412794565
1,10.0,895.7728,94.47749712,94.94390925212168,0.46641213212168964
1,10.0,896.2549,94.4771224,94.9209414089285,0.4438190089285001
1,10.0,896.7371,94.47157291,94.89761339104757,0.42604048104756487
1,10.0,897.2191,94.4634843,94.87393365372738,0.41044935372737257
1,10.0,897.7013,94.44945094,94.84987621925822,0.40042527925821503
1,10.0,898.1833,94.44323911,94.82545456201606,0.38221545201606943
1,10.0,898.6655,94.44160616,94.80064176573016,0.35903560573015625
1,10.0,899.1476,94.42654708,94.7754463324608,0.34889925246079656
1,10.0,899.6298,94.44274835,94.74985081734462,0.3071024673446203
1,10.0,900.1118,94.41368402,94.72386410102327,0.3101800810232618
1,10.0,900.594,94.38240233,94.69745726402302,0.31505493402301
1,10.0,901.076,94.38976128,94.67064467270265,0.2808833927026484
1,10.0,901.5582,94.36282882,94.64339633775053,0.28056751775052646
1,10.0,902.0403,94.33439907,94.61572114173966,0.28132207173965185
1,10.0,902.5225,94.34700081,94.58759945576669,0.24059864576669554
1,10.0,903.0045,94.31995777,94.559040556888,0.239082786887991
1,10.0,903.4867,94.29351619,94.53001216465353,0.236495974653522
1,10.0,903.9688,94.29280309,94.50052339102623,0.20772030102622807
1,10.0,904.4509,94.28622648,94.47055922491298,0.1843327449129788
1,10.0,904.933,94.26974163,94.44011038593277,0.17036875593277045
1,10.0,905.4152,94.25073272,94.40916087415627,0.15842815415626887
1,10.0,905.8972,94.21549739,94.3777203137288,0.1622229237288053
1,10.0,906.3794,94.19008084,94.34575255772367,0.15567171772367772
1,10.0,906.8615,94.17770374,94.31326700723017,0.1355632672301681
1,10.0,907.3436,94.15981284,94.28024647657334,0.12043363657333828
1,10.0,907.8257,94.13097917,94.24668006346103,0.11570089346102463
1,10.0,908.3079,94.12257823,94.2125494266872,0.08997119668720188
1,10.0,908.7899,94.12487959,94.17786445939602,0.05298486939601332
1,10.0,909.2721,94.10818819,94.14258453430823,0.03439634430822025
1,10.0,909.7542,94.07297576,94.10671924525509,0.03374348525508708
1,10.0,910.2363,94.06919742,94.07024881746835,0.0010513974683590277
1,10.0,910.7184,94.08774182,94.03316037487411,-0.05458144512589058
1,10.0,911.2006,94.05833959,93.99543278141289,-0.06290680858711539
1,10.0,911.6826,94.05269743,93.95707608043769,-0.0956213495623075
1,10.0,912.1647,94.07443639,93.91805257665658,-0.15638381334342455
1,10.0,912.6469,94.04867991,93.87834742169062,-0.1703324883093842
1,10.0,913.129,94.056949,93.83796222290711,-0.21898677709289416
1,10.0,913.6111,94.04481482,93.79687351823539,-0.24794130176461238
1,10.0,914.0932,94.02400746,93.75506555370244,-0.2689419062975702
1,10.0,914.5753,94.01808952,93.71252210298078,-0.3055674170192191
1,10.0,915.0574,93.99957432,93.66922645002658,-0.3303478699734086
1,10.0,915.5396,93.95955968,93.62515214967443,-0.3344075303255636
1,10.0,916.0217,93.95955649,93.58029972861195,-0.3792567613880493
1,10.0,916.5038,93.92913181,93.53464182957629,-0.39448998042371386
1,10.0,916.9859,93.90721811,93.48815958783808,-0.41905852216191875
1,10.0,917.468,93.87451809,93.44083354969514,-0.4336845403048528
1,10.0,917.9501,93.85295194,93.39264364981369,-0.4603082901863047
1,10.0,918.4323,93.81936494,93.34355891497663,-0.475806025023374
1,10.0,918.9144,93.80722326,93.29357833922869,-0.5136449207713127
1,10.0,919.3965,93.73609068,93.24266978852829,-0.49342089147171464
1,10.0,919.8786,93.70784266,93.19081050226858,-0.5170321577314212
1,10.0,920.3607,93.67890539,93.13797697785876,-0.5409284121412412
1,10.0,920.8428,93.65277454,93.08414494078382,-0.5686295992161803
1,10.0,921.325,93.6273753,93.02927782676707,-0.5980974732329258
1,10.0,921.8071,93.58504164,92.9733724741114,-0.6116691658885998
1,10.0,922.2892,93.53438298,92.91639082618332,-0.6179921538166866
1,10.0,922.7713,93.49943025,92.85830519060283,-0.6411250593971687
1,10.0,923.2534,93.44316019,92.79908692962572,-0.6440732603742845
1,10.0,923.7355,93.41698246,92.73870642003554,-0.6782760399644587
1,10.0,924.2177,93.35872149,92.67712011313537,-0.6816013768646201
1,10.0,924.6998,93.3208445,92.61432182434687,-0.7065226756531331
1,10.0,925.1819,93.27129207,92.55026606473365,-0.7210260052663529
1,10.0,925.664,93.228387,92.4849188246548,-0.7434681753451997
1,10.0,926.1461,93.17972968,92.41824487484725,-0.7614848051527474
1,10.0,926.6282,93.1054275,92.3502077118673,-0.7552197881327061
1,10.0,927.1104,93.05028479,92.28075494926357,-0.769529840736439
1,10.0,927.5925,92.98277208,92.20987615920224,-0.7728959207977653
1,10.0,928.0746,92.90314284,92.13751640076569,-0.7656264392343104
1,10.0,928.5567,92.84956894,92.06363346566818,-0.7859354743318221
1,10.0,929.0388,92.75590752,91.98818355015591,-0.7677239698440843
1,10.0,929.5209,92.66235079,91.91112117950865,-0.7512296104913503
1,10.0,930.0031,92.59713557,91.83238262368211,-0.7647529463178984
1,10.0,930.4852,92.5208824,91.75195147122513,-0.7689309287748785
1,10.0,930.9673,92.45682251,91.66976058094,-0.7870619290600018
1,10.0,931.4494,92.38430541,91.58575694735282,-0.7985484626471759
1,10.0,931.9315,92.3114296,91.49988544505547,-0.8115441549445279
1,10.0,932.4136,92.22700953,91.41208872219585,-0.8149208078041568
1,10.0,932.8958,92.15425479,91.32228825425986,-0.8319665357401362
1,10.0,933.3779,92.0894541,91.2304591255745,-0.8589949744254994
1,10.0,933.86,91.99437292,91.1365181826517,-0.8578547373483048
1,10.0,934.3421,91.91290317,91.04039796448444,-0.8725052055155658
1,10.0,934.8242,91.82281373,90.94202814318861,-0.8807855868113847
1,10.0,935.3063,91.6845857,90.84133537043088,-0.8432503295691163
1,10.0,935.7885,91.58537535,90.7382214754465,-0.8471538745535128
1,10.0,936.2706,91.44165978,90.63264932129289,-0.8090104587071067
1,10.0,936.7527,91.32483908,90.52451433928235,-0.8003247407176559
1,10.0,937.2348,91.18759714,90.41372934992918,-0.7738677900708097
1,10.0,937.7169,91.0803449,90.3002032181809,-0.7801416818191029
1,10.0,938.199,90.94152898,90.18384062643405,-0.7576883535659533
1,10.0,938.6812,90.81607507,90.06451677425925,-0.7515582957407503
1,10.0,939.1633,90.73057345,89.94217670589771,-0.7883967441022861
1,10.0,939.6454,90.62483434,89.81668658957419,-0.8081477504258174
1,10.0,940.1275,90.55649599,89.68793176759429,-0.8685642224057091
1,10.0,940.6096,90.51852031,89.55579199752718,-0.9627283124728194
1,10.0,941.0917,90.46898912,89.42014110709326,-1.0488480129067455
1,10.0,941.5739,90.44385944,89.28081734222081,-1.1630420977791829
1,10.0,942.056,90.41213778,89.13773929085369,-1.2743984891463072
1,10.0,942.5381,90.41258247,88.99073213542367,-1.4218503345763338
1,10.0,943.0202,90.41440506,88.83964197327747,-1.574763086722541
1,10.0,943.5023,90.40510301,88.68430680440574,-1.7207962055942687
1,10.0,943.9844,90.3903714,88.52455598943723,-1.8658154105627744
1,10.0,944.4666,90.39393948,88.36017508391285,-2.0337643960871503
1,10.0,944.9487,90.35146089,88.19104250755072,-2.1604183824492793
1,10.0,945.4308,90.3200029,88.0169243759309,-2.3030785240691074
1,10.0,945.9129,90.28832403,87.83760911445086,-2.450714915549142
1,10.0,946.395,90.23124172,87.65287303938597,-2.578368680614034
1,10.0,946.8771,90.1431842,87.46247947432417,-2.680704725675824
1,10.0,947.3593,90.07986092,87.26613643875294,-2.813724481247064
1,10.0,947.8414,89.98796732,87.06365968535864,-2.9243076346413517
1,10.0,948.3235,89.86757619,86.85472732744554,-3.012848862554449
1,10.0,948.8056,89.75230184,86.63904017101503,-3.1132616689849755
1,10.0,949.2877,89.62737347,86.41628024659747,-3.2110932234025285
1,10.0,949.7698,89.47364584,86.18610930560949,-3.2875365343905116
1,10.0,950.252,89.31032661,85.94811698214912,-3.3622096278508877
1,10.0,950.7341,89.14818636,85.70201799582584,-3.446168364174156
1,10.0,951.2162,89.00599248,85.44735414025466,-3.558638339745343
1,10.0,951.6983,88.82492475,85.18368780134307,-3.6412369486569247
1,10.0,952.1804,88.6318162,84.91055098885326,-3.7212652111467435
1,10.0,952.6625,88.43774202,84.62744264711675,-3.81029937288325
1,10.0,953.1447,88.2188458,84.33376364316355,-3.8850821568364466
1,10.0,953.6268,87.99849821,84.02905923167182,-3.9694389783281707
1,10.0,954.1089,87.77546036,83.71265013668655,-4.062810223313448
1,10.0,954.591,87.50593448,83.38386976452222,-4.1220647154777765
1,10.0,955.0731,87.21918455,83.04199984816475,-4.177184701835245
1,10.0,955.5552,86.91308449,82.68626535152059,-4.226819138479414
1,10.0,956.0374,86.57152813,82.31575034051373,-4.255777789486274
1,10.0,956.5195,86.18663859,81.92970194722439,-4.256936642775614
1,10.0,957.0016,85.76476701,81.52706243005852,-4.237704579941479
1,10.0,957.4837,85.310016,81.10676517147006,-4.203250828529946
1,10.0,957.9658,84.74726795,80.66765025685974,-4.07961769314025
1,10.0,958.4479,84.15611659,80.2084541400327,-3.9476624499672965
1,10.0,958.9301,83.4668564,79.72769589976575,-3.7391605002342487
1,10.0,959.4122,82.71765727,79.2240671131659,-3.4935901568341023
1,10.0,959.8943,81.88487729,78.69581895517953,-3.189058334820473
1,10.0,960.3764,80.9749598,78.14113889264374,-2.8338209073562552
1,10.0,960.8585,80.01608202,77.55803343926276,-2.458048580737241
1,10.0,961.3406,79.01385226,76.94430540482001,-2.069546855179979
1,10.0,961.8228,78.01955728,76.29738994049741,-1.7221673395025903
1,10.0,962.3049,77.0183242,75.61486767426969,-1.4034565257303058
1,10.0,962.787,76.11172481,74.89362560724356,-1.2180992027564344
1,10.0,963.2691,75.21905707,74.13034569895905,-1.088711371040958
1,10.0,963.7512,74.45428849,73.32132704097376,-1.13296144902624
1,10.0,964.2333,73.74401693,72.46243092591426,-1.2815860040857388
1,10.0,964.7155,73.09959292,71.54882142579736,-1.5507714942026496
1,10.0,965.1976,72.53126015,70.57566002764037,-1.9556001223596269
1,10.0,965.6797,71.94480015,69.53688474799696,-2.4079154020030415
1,10.0,966.1618,71.32603029,68.42585803870695,-2.900172251293057
1,10.0,966.6439,70.59790033,67.23507539221906,-3.3628249377809425
1,10.0,967.126,69.75106532,65.9560529864432,-3.795012333556798
1,10.0,967.6082,68.73045366,64.57892873191284,-4.151524928087156
1,10.0,968.0903,67.4563004,63.09356397779642,-4.362736422203582
1,10.0,968.5724,65.95805807,61.48788168543399,-4.470176384566017
1,10.0,969.0545,64.17474414,59.74927365117265,-4.425470488827351
1,10.0,969.5366,62.07364029,57.865090147162796,-4.208550142837204
1,10.0,970.0187,59.70395376,55.82427173849342,-3.879682021506575
1,10.0,970.5009,57.02443114,53.61988565924375,-3.404545480756248
1,10.0,970.983,54.06950068,51.25568649404745,-2.8138141859525447
1,10.0,971.4651,50.80024641,48.74884220882773,-2.051404201172268
1,10.0,971.9472,47.28083233,46.134115536950524,-1.1467167930494782
1,10.0,972.4293,43.5387717,43.45577080022489,-0.08300089977510794
1,10.0,972.9114,39.61613912,40.74640681887324,1.13026769887324
1,10.0,973.3936,35.5477911,38.00332623106914,2.4555351310691407
1,10.0,973.8757,31.47884941,35.18847950534196,3.7096300953419608
1,10.0,974.3578,27.42546291,32.24935134396739,4.82388843396739
1,10.0,974.8399,23.48081974,29.15146132775514,5.670641587755139
1,10.0,975.322,19.75126929,25.893882922347117,6.142613632347118
1,10.0,975.8041,16.37526034,22.510159213585794,6.134898873585794
1,10.0,976.2863,13.34600694,19.061866965717922,5.715860025717921
1,10.0,976.7684,10.74829833,15.63496193285505,4.88666360285505
1,10.0,977.2505,8.683173073,12.329179944273172,3.646006871273171
1,10.0,977.7326,7.103271796,9.253809485125087,2.1505376891250876
1,10.0,978.2147,6.026165829,6.518076057828307,0.49191022882830726
1,10.0,978.6968,5.40105331,4.2204546258876565,-1.1805986841123435
1,10.0,979.179,5.214873551,2.4371324183814584,-2.7777411326185417
1,10.0,979.6611,5.35776912,1.2137442412808408,-4.14402487871916
1,10.0,980.1432,5.804198993,0.5573661168391346,-5.246832876160865
1,10.0,980.6253,6.445128319,0.437724320491889,-6.007403998508111
1,10.0,981.1074,7.165898295,0.7918771522401471,-6.374021142759853
1,10.0,981.5895,7.968550933,1.5334822993847816,-6.435068633615218
1,10.0,982.0717,8.745480613,2.5642053734399872,-6.181275239560012
1,10.0,982.5538,9.506929196,3.7835409954138335,-5.723388200586166
1,10.0,983.0359,10.14310645,5.098715299729613,-5.044391150270386
1,10.0,983.518,10.65749813,6.429508718919188,-4.227989411080812
1,10.0,984.0001,11.08337008,7.7111823135969555,-3.3721877664030444
1,10.0,984.4822,11.34907901,8.894881830855923,-2.454197179144078
1,10.0,984.9644,11.50605701,9.946672143079619,-1.5593848669203805
1,10.0,985.4465,11.54895256,10.844669320729475,-0.7042832392705254
1,10.0,985.9286,11.49231931,11.57802859792629,0.0857092879262904
1,10.0,986.4107,11.27933047,12.143768355337249,0.8644378853372494
1,10.0,986.8928,11.04392318,12.544988823320399,1.5010656433203984
1,10.0,987.3749,10.72780646,12.78919244899761,2.0613859889976105
1,10.0,987.8571,10.30558867,12.88694981434438,2.5813611443443794
1,10.0,988.3392,9.895767242,12.85081466226269,2.955047420262691
1,10.0,988.8213,9.434534601,12.694660742919158,3.2601261419191587
1,10.0,989.3034,8.925833823,12.432993014888895,3.5071591918888956
1,10.0,989.7855,8.429643272,12.080554418426779,3.650911146426779
1,10.0,990.2676,7.961977986,11.652008638543391,3.690030652543391
1,10.0,990.7498,7.441576199,11.161594591771136,3.720018392771136
1,10.0,991.2319,6.981282135,10.62336283718409,3.6420807021840895
1,10.0,991.714,6.512680443,10.050415061238127,3.537734618238127
1,10.0,992.1961,6.03603553,9.455181788597486,3.419146258597485
1,10.0,992.6782,5.638019877,8.849226200980295,3.2112063239802957
1,10.0,993.1603,5.225176875,8.243159514148829,3.017982639148829
1,10.0,993.6425,4.893923944,7.646448786612709,2.7525248426127087
1,10.0,994.1246,4.556442151,7.067854975007771,2.5114128240077713
1,10.0,994.6067,4.26091001,6.514648747530147,2.2537387375301474
1,10.0,995.0888,3.969846338,5.99308802440347,2.0232416864034697
1,10.0,995.5709,3.746761949,5.508289844922563,1.7615278959225624
1,10.0,996.053,3.524511171,5.0642463811630725,1.5397352101630726
1,10.0,996.5352,3.348603802,4.663781494458767,1.3151776924587675
1,10.0,997.0173,3.202702651,4.308926647365399,1.106223996365399
1,10.0,997.4994,3.063509809,4.000490989939472,0.9369811809394717
1,10.0,997.9815,2.976122951,3.738485787725854,0.7623628367258544
1,10.0,998.4636,2.895897048,3.5221299866887548,0.6262329386887546
1,10.0,998.9457,2.86935148,3.349950795465467,0.48059931546546686
1,10.0,999.4279,2.829861503,3.2198654795515345,0.3900039765515344
1,10.0,999.91,2.838399419,3.1293857001267877,0.2909862811267878
1,10.0,1000.392,2.842947841,3.075567118250006,0.2326192772500062
1,10.0,1000.874,2.894105895,3.05518785198343,0.16108195698343009
1,10.0,1001.356,2.949281618,3.064859916561268,0.11557829856126789
1,10.0,1001.838,3.015509404,3.1010894219869973,0.08558001798699744
1,10.0,1002.321,3.086265158,3.160494613104342,0.07422945510434209
1,10.0,1002.803,3.194670074,3.239328684927131,0.04465861092713119
1,10.0,1003.285,3.270270574,3.334282364230358,0.06401179023035786
1,10.0,1003.767,3.404994085,3.442075081526256,0.03708099652625618
1,10.0,1004.249,3.462742752,3.5595899820010013,0.09684723000100126
1,10.0,1004.731,3.574978658,3.6839001369811406,0.10892147898114057
1,10.0,1005.213,3.678801847,3.8122871455118617,0.13348529851186175
1,10.0,1005.695,3.771732357,3.942253059360277,0.17052070236027728
1,10.0,1006.177,3.893303642,4.071526581160743,0.17822293916074328
1,10.0,1006.66,3.988919355,4.198322845383766,0.2094034903837656
1,10.0,1007.142,4.068704976,4.3202961718064135,0.2515911958064132
1,10.0,1007.624,4.168356444,4.436115165872442,0.26775872187244243
1,10.0,1008.106,4.258768092,4.544394183092416,0.285626091092416
1,10.0,1008.588,4.336193193,4.643949501056134,0.30775630805613385
1,10.0,1009.07,4.391530869,4.733788220248544,0.34225735124854406
1,10.0,1009.552,4.45168372,4.813096370572078,0.3614126505720776
1,10.0,1010.034,4.520505338,4.881226594758037,0.3607212567580369
1,10.0,1010.517,4.564827102,4.93779044354653,0.3729633415465301
1,10.0,1010.999,4.60327891,4.982201885635355,0.37892297563535493
1,10.0,1011.481,4.624887964,5.0143689988271225,0.3894810348271225
1,10.0,1011.963,4.665065187,5.034188659855023,0.36912347285502367
1,10.0,1012.445,4.678787653,5.041664805535694,0.3628771525356944
1,10.0,1012.927,4.671762798,5.036897907755361,0.3651351097553617
1,10.0,1013.409,4.648189285,5.020075058657428,0.3718857736574277
1,10.0,1013.891,4.668177922,4.991460679702304,0.3232827577023043
1,10.0,1014.373,4.634099177,4.95138785234865,0.31728867534864946
1,10.0,1014.856,4.621610991,4.900132961267447,0.2785219702674473
1,10.0,1015.338,4.576390317,4.838355865248119,0.2619655482481189
1,10.0,1015.82,4.51595423,4.766454866704777,0.2505006367047766
1,10.0,1016.302,4.441618353,4.68496284265945,0.24334448965945032
1,10.0,1016.784,4.360192653,4.594446550101222,0.23425389710122158
1,10.0,1017.266,4.288258795,4.495501171217609,0.207242376217609
1,10.0,1017.748,4.190721732,4.3887452775313935,0.19802354553139345
1,10.0,1018.23,4.089241098,4.2748161794164625,0.18557508141646295
1,10.0,1018.713,3.983297687,4.154109410746137,0.17081172374613685
1,10.0,1019.195,3.8799717,4.027788167387483,0.14781646738748266
1,10.0,1019.677,3.764783763,3.896278099898123,0.13149433689812273
1,10.0,1020.159,3.619290385,3.7602516140210125,0.14096122902101227
1,10.0,1020.641,3.509521769,3.620381342191385,0.11085957319138506
1,10.0,1021.123,3.39783803,3.477337218502287,0.07949918850228688
1,10.0,1021.605,3.258005864,3.3317837657749387,0.07377790177493893
1,10.0,1022.087,3.129150612,3.184377579523847,0.05522696752384704
1,10.0,1022.569,2.971166345,3.035764995707299,0.06459865070729931
1,10.0,1023.052,2.872856072,2.8862702558517626,0.01341418385176274
1,10.0,1023.534,2.722369998,2.7371329419956867,0.014762943995686673
1,10.0,1024.016,2.599123969,2.5886471258928303,-0.010476843107169564
1,10.0,1024.498,2.452887631,2.4413980632000882,-0.011489567799911615
1,10.0,1024.98,2.339611626,2.295951507719691,-0.043660118280309135
1,10.0,1025.462,2.223358201,2.152852301299522,-0.07050589970047794
1,10.0,1025.944,2.081812104,2.012623098976363,-0.06918900502363678
1,10.0,1026.426,1.969412436,1.8757632263599786,-0.09364920964002144
1,10.0,1026.908,1.847913866,1.7427476667219532,-0.10516619927804682
1,10.0,1027.391,1.72452032,1.6137638807496513,-0.11075643925034884
1,10.0,1027.873,1.598348168,1.4897704360518802,-0.10857773194811982
1,10.0,1028.355,1.493133887,1.3708927671256563,-0.1222411198743436
1,10.0,1028.837,1.397197027,1.2575008216657686,-0.13969620533423144
1,10.0,1029.319,1.297128822,1.1499370119397732,-0.14719181006022675
1,10.0,1029.801,1.208248528,1.0485159364986198,-0.15973259150138008
1,10.0,1030.283,1.12392489,0.9535242163418336,-0.17040067365816647
1,10.0,1030.765,1.047244942,0.8652204426297463,-0.18202449937025378
1,10.0,1031.248,0.961496456,0.7836737210069394,-0.17782273499306056
1,10.0,1031.73,0.904455784,0.7094248452665057,-0.1950309387334943
1,10.0,1032.212,0.851670281,0.6424729249716487,-0.20919735602835132
1,10.0,1032.694,0.803413069,0.5829659622280866,-0.22044710677191337
1,10.0,1033.176,0.710059056,0.5310252150353193,-0.17903384096468067
1,10.0,1033.658,0.69503124,0.4867457329686606,-0.20828550703133947
1,10.0,1034.14,0.670558484,0.4501969738166158,-0.22036151018338418
1,10.0,1034.622,0.648202829,0.42142349545116237,-0.22677933354883767
1,10.0,1035.104,0.639072093,0.4004457169580229,-0.23862637604197712
1,10.0,1035.587,0.648510889,0.3872414749416423,-0.2612694140583577
1,10.0,1036.069,0.644240765,0.381840049801824,-0.26240071519817604
1,10.0,1036.551,0.636093383,0.3841591496586825,-0.2519342333413175
1,10.0,1037.033,0.649066436,0.3941313742372182,-0.2549350617627818
1,10.0,1037.515,0.670330735,0.4116698104751732,-0.25866092452482675
1,10.0,1037.997,0.691773457,0.4366690757658428,-0.25510438123415724
1,10.0,1038.479,0.729068891,0.46900638563816227,-0.2600625053618378
1,10.0,1038.961,0.770773832,0.5085426396342502,-0.2622311923657499
1,10.0,1039.444,0.800714648,0.5552273685009933,-0.24548727949900673
1,10.0,1039.926,0.876563221,0.6086985234530093,-0.2678646975469906
1,10.0,1040.408,0.901243594,0.6688640420725762,-0.23237955192742377
1,10.0,1040.89,0.989429481,0.7355305518161684,-0.2538989291838316
1,10.0,1041.372,1.076735998,0.8084938649775895,-0.2682421330224105
1,10.0,1041.854,1.147081189,0.8875400552200244,-0.25954113377997545
1,10.0,1042.336,1.243915369,0.9724465155329485,-0.2714688534670515
1,10.0,1042.818,1.335526014,1.0629829936663968,-0.2725430203336032
1,10.0,1043.301,1.409890864,1.1591170643106463,-0.25077379968935376
1,10.0,1043.783,1.538324701,1.260207688064992,-0.2781170129350081
1,10.0,1044.265,1.636014109,1.3662011282551187,-0.26981298074488125
1,10.0,1044.747,1.745158621,1.4768463313255304,-0.26831228967446963
1,10.0,1045.229,1.865813798,1.5918893275448398,-0.2739244704551602
1,10.0,1045.711,1.989075738,1.7110740691991397,-0.2780016688008602
1,10.0,1046.193,2.104307286,1.8341432290015776,-0.2701640569984225
1,10.0,1046.675,2.221450186,1.9608389576596807,-0.26061122834031947
1,10.0,1047.157,2.348736455,2.0909035998552157,-0.2578328551447844
1,10.0,1047.64,2.468022495,2.2243597261593884,-0.24366276884061167
1,10.0,1048.122,2.623430407,2.360398995893353,-0.26303141110664674
1,10.0,1048.604,2.759979338,2.499041382716626,-0.26093795528337393
1,10.0,1049.086,2.900910051,2.6400363310955526,-0.2608737199044473
1,10.0,1049.568,3.01545394,2.783136429950738,-0.23231751004926204
1,10.0,1050.05,3.146246359,2.928097878442167,-0.21814848055783287
1,10.0,1050.532,3.306741291,3.0746809120525675,-0.23206037894743226
1,10.0,1051.014,3.441552034,3.2226501900040843,-0.2189018439959156
1,10.0,1051.496,3.568802635,3.371775145172802,-0.19702748982719775
1,10.0,1051.979,3.726800448,3.522142428804554,-0.2046580191954459
1,10.0,1052.461,3.866158989,3.6729089134749273,-0.19325007552507278
1,10.0,1052.943,4.023174408,3.8241705408862665,-0.19900386711373352
1,10.0,1053.425,4.146675057,3.9757186463514653,-0.17095641064853506
1,10.0,1053.907,4.319572874,4.127350573714206,-0.19222230028579457
1,10.0,1054.389,4.454113741,4.278869829603071,-0.17524391139692863
1,10.0,1054.871,4.592902626,4.430086210474177,-0.16281641552582293
1,10.0,1055.353,4.759908685,4.580815904035212,-0.17909278096478776
1,10.0,1055.835,4.897378573,4.730881566637239,-0.16649700636276155
1,10.0,1056.318,5.066286905,4.880421002783221,-0.18586590221677923
1,10.0,1056.8,5.201320722,5.028650461782658,-0.172670260217342
1,10.0,1057.282,5.322944514,5.175722796637399,-0.14722171736260048
1,10.0,1057.764,5.474031456,5.3214868995516476,-0.15254455644835208
1,10.0,1058.246,5.620050955,5.4657982117500366,-0.1542527432499634
1,10.0,1058.728,5.782632024,5.608518688534229,-0.1741133354657709
1,10.0,1059.21,5.925923165,5.749516750568381,-0.17640641443161975
1,10.0,1059.692,6.06502656,5.888667222671805,-0.17635933732819442
1,10.0,1060.175,6.190303063,6.026133752246985,-0.16416931075301466
1,10.0,1060.657,6.339181899,6.1612343369793185,-0.17794756202068118
1,10.0,1061.139,6.477104361,6.294149242462763,-0.18295511853723756
1,10.0,1061.621,6.608747103,6.424778102199573,-0.18396900080042666
1,10.0,1062.103,6.737357364,6.553026500893811,-0.1843308631061893
1,10.0,1062.585,6.865516075,6.678805861865253,-0.18671021313474778
1,10.0,1063.067,6.979466806,6.802033329280642,-0.17743347671935794
1,10.0,1063.549,7.11591603,6.922631646009677,-0.19328438399032333
1,10.0,1064.031,7.234030669,7.040529027858486,-0.19350164114151358
1,10.0,1064.514,7.318493938,7.155894973773191,-0.16259896422680864
1,10.0,1064.996,7.428418918,7.268190450713589,-0.16022846728641138
1,10.0,1065.478,7.523409683,7.377601068766606,-0.14580861423339364
1,10.0,1065.96,7.645261674,7.484075638771849,-0.16118603522815178
1,10.0,1066.442,7.772982546,7.587567783624248,-0.1854147623757516
1,10.0,1066.924,7.833314064,7.688035803616845,-0.1452782603831544
1,10.0,1067.406,7.946185683,7.785442541996155,-0.16074314100384512
1,10.0,1067.888,8.044212732,7.8797552510978734,-0.16445748090212664
1,10.0,1068.371,8.118096748,7.971131387288094,-0.14696536071190547
1,10.0,1068.853,8.201189681,8.059168216465439,-0.14202146453456166
1,10.0,1069.335,8.302421694,8.144037866595305,-0.1583838274046947
1,10.0,1069.817,8.357738617,8.225723918079996,-0.1320146989200044
1,10.0,1070.299,8.434722795,8.30421370987504,-0.1305090851249613
1,10.0,1070.781,8.522284013,8.379498214858543,-0.14278579814145687
1,10.0,1071.263,8.579561516,8.451571917409108,-0.12798959859089187
1,10.0,1071.745,8.647841745,8.520432693314163,-0.12740905168583616
1,10.0,1072.228,8.712006499,8.586214557173014,-0.12579194182698572
1,10.0,1072.71,8.779046634,8.648649439095033,-0.13039719490496715
1,10.0,1073.192,8.86153269,8.707884224520756,-0.15364846547924493
1,10.0,1073.674,8.940811798,8.763929209608742,-0.17688258839125837
1,10.0,1074.156,8.948471477,8.816797519009107,-0.131673957990893
1,10.0,1074.638,9.029876897,8.86650500119493,-0.16337189580506895
1,10.0,1075.12,9.072337735,8.91307012644993,-0.15926760855006883
1,10.0,1075.602,9.104448113,8.956513887501629,-0.14793422549837132
1,10.0,1076.084,9.158944178,8.99685970277932,-0.1620844752206807
1,10.0,1076.567,9.204615646,9.03420747892991,-0.1704081670700912
1,10.0,1077.049,9.217670768,9.068430607399986,-0.149240160600014
1,10.0,1077.531,9.233904712,9.09963973557157,-0.1342649764284296
1,10.0,1078.013,9.297429558,9.127867072739402,-0.16956248526059703
1,10.0,1078.495,9.29313076,9.153146808075284,-0.1399839519247159
1,10.0,1078.977,9.340623732,9.175515028756958,-0.16510870324304072
1,10.0,1079.459,9.333275493,9.195009640371918,-0.13826585262808244
1,10.0,1079.941,9.360923828,9.211670289527554,-0.14925353847244693
1,10.0,1080.423,9.362694001,9.225538288595732,-0.13715571240426705
1,10.0,1080.906,9.375305241,9.236676781648068,-0.13862845935193135
1,10.0,1081.388,9.377149483,9.245084151235456,-0.13206533176454371
1,10.0,1081.87,9.405819433,9.250832176995974,-0.1549872560040253
1,10.0,1082.352,9.423382428,9.253968124701231,-0.16941430329876894
1,10.0,1082.834,9.427065518,9.254540578879814,-0.1725249391201853
1,10.0,1083.316,9.420265823,9.252599378793049,-0.16766644420695087
1,10.0,1083.798,9.424260023,9.248195556014819,-0.1760644669851814
1,10.0,1084.28,9.410759231,9.241381273540506,-0.1693779574594938
1,10.0,1084.762,9.424361197,9.232209766351199,-0.19215143064880102
1,10.0,1085.245,9.418984273,9.220709121581445,-0.19827515141855478
1,10.0,1085.727,9.439426131,9.206982263493973,-0.23244386750602608
1,10.0,1086.209,9.418383584,9.191063860815326,-0.22731972318467442
1,10.0,1086.691,9.427972925,9.173010870418878,-0.25496205458112264
1,10.0,1087.173,9.40581263,9.152881043230474,-0.25293158676952565
1,10.0,1087.655,9.388393129,9.130732872069643,-0.25766025693035743
1,10.0,1088.137,9.369683889,9.106625540480133,-0.2630583485198663
1,10.0,1088.619,9.348581336,9.08061887249242,-0.2679624635075797
1,10.0,1089.102,9.32129958,9.052713642978105,-0.2685859370218946
1,10.0,1089.584,9.291686111,9.023086465255135,-0.2685996457448656
1,10.0,1090.066,9.270937367,8.991742904604461,-0.27919446239553913
1,10.0,1090.548,9.234759504,8.958744862302307,-0.2760146416976923
1,10.0,1091.03,9.221059124,8.924154641000309,-0.2969044829996914
1,10.0,1091.512,9.168904034,8.888034899035919,-0.2808691349640817
1,10.0,1091.994,9.177258458,8.850448605353126,-0.3268098526468748
1,10.0,1092.476,9.098130251,8.811458994999397,-0.28667125600060395
1,10.0,1092.958,9.081513807,8.771129525167732,-0.3103842818322686
1,10.0,1093.441,9.044248349,8.729436230479818,-0.314812118520182
1,10.0,1093.923,9.02253466,8.686615636041195,-0.33591902395880524
1,10.0,1094.405,8.968743173,8.642646587168855,-0.3260965858311451
1,10.0,1094.887,8.93475312,8.597593000097524,-0.3371601199024763
1,10.0,1095.369,8.892732287,8.551518800624224,-0.341213486375775
1,10.0,1095.851,8.899251932,8.504487882932475,-0.3947640490675255
1,10.0,1096.333,8.844340955,8.456564068825411,-0.3877768861745885
1,10.0,1096.815,8.794967456,8.407811067359463,-0.3871563886405376
1,10.0,1097.298,8.750136358,8.358188947244805,-0.39194741075519524
1,10.0,1097.78,8.716090593,8.307966656509139,-0.40812393649086154
1,10.0,1098.262,8.67751003,8.257105362068534,-0.42040466793146614
1,10.0,1098.744,8.597786664,8.20566792560528,-0.39211873839471956
1,10.0,1099.226,8.549653059,8.153716900050773,-0.39593615894922785
1,10.0,1099.708,8.513878698,8.101314491595748,-0.4125642064042516
1,10.0,1100.19,8.464987156,8.048522522113435,-0.4164646338865641
1,10.0,1100.672,8.404430546,7.99540239200687,-0.4090281539931304
1,10.0,1101.155,8.354623717,7.941904045608957,-0.41271967139104415
1,10.0,1101.637,8.279973185,7.888309559940142,-0.3916636250598575
1,10.0,1102.119,8.242966414,7.834568344876942,-0.40839806912305754
1,10.0,1102.601,8.183221648,7.780739751160641,-0.4024818968393591
1,10.0,1103.083,8.129539608,7.7268825290884005,-0.4026570789115995
1,10.0,1103.565,8.078120908,7.673054794230005,-0.4050661137699958
1,10.0,1104.047,8.034073993,7.619313993691349,-0.41475999930865104
1,10.0,1104.529,7.990089712,7.565716872947928,-0.42437283905207135
1,10.0,1105.011,7.932956524,7.512319443271725,-0.4206370807282749
1,10.0,1105.494,7.894353647,7.459066998558705,-0.43528664844129494
1,10.0,1105.976,7.861508794,7.406234586795202,-0.4552742072047975
1,10.0,1106.458,7.809212339,7.353765288759352,-0.45544705024064847
1,10.0,1106.94,7.782777565,7.301711864127909,-0.4810657008720911
1,10.0,1107.422,7.71658984,7.250126185248582,-0.4664636547514185
1,10.0,1107.904,7.676217432,7.199059208674542,-0.4771582233254579
1,10.0,1108.386,7.628715612,7.148560947477627,-0.4801546645223729
1,10.0,1108.868,7.585179924,7.098680444367894,-0.4864994796321058
1,10.0,1109.35,7.517995887,7.049465745646506,-0.4685301413534937
1,10.0,1109.833,7.491318694,7.000864022796416,-0.490454671203584
1,10.0,1110.315,7.443302387,6.953122582419562,-0.4901798045804382
1,10.0,1110.797,7.396977985,6.906184951519301,-0.49079303348069914
1,10.0,1111.279,7.367259737,6.8600949456035885,-0.5071647913964119
1,10.0,1111.761,7.287472426,6.814895266919262,-0.47257715908073816
1,10.0,1112.243,7.269994418,6.7706274839552885,-0.4993669340447111
1,10.0,1112.725,7.256386978,6.727332011955013,-0.5290549660449875
1,10.0,1113.207,7.186031637,6.68504809446029,-0.5009835425397098
1,10.0,1113.689,7.145105482,6.643813785907604,-0.5012916960923963
1,10.0,1114.172,7.140643263,6.60358379529775,-0.5370594677022504
1,10.0,1114.654,7.099517092,6.5645603951055,-0.5349566968945005
1,10.0,1115.136,7.045474752,6.5266935447359975,-0.5187812072640021
1,10.0,1115.618,7.004472521,6.490016387256974,-0.5144561337430265
1,10.0,1116.1,6.970316209,6.45456080600116,-0.51575540299884
1,10.0,1116.582,6.940563169,6.420357413836726,-0.5202057551632739
1,10.0,1117.064,6.893561613,6.387435543595209,-0.5061260694047913
1,10.0,1117.546,6.8630252,6.355823239666002,-0.5072019603339983
1,10.0,1118.029,6.839257711,6.325485844483075,-0.5137718665169251
1,10.0,1118.511,6.825028937,6.296574468375604,-0.5284544686243962
1,10.0,1118.993,6.777353652,6.269049043395479,-0.5083046086045213
1,10.0,1119.475,6.760790808,6.242932396923782,-0.5178584110762179
1,10.0,1119.957,6.718206469,6.2182460435464595,-0.4999604254535406
1,10.0,1120.439,6.705619336,6.195010183733014,-0.5106091522669862
1,10.0,1120.921,6.694352395,6.173243703692072,-0.5211086913079281
1,10.0,1121.403,6.662562776,6.15296417639778,-0.5095985996022199
1,10.0,1121.885,6.642058717,6.134187863779081,-0.5078708532209193
1,10.0,1122.368,6.618331838,6.116895502611322,-0.5014363353886777
1,10.0,1122.85,6.612205524,6.101172370143614,-0.5110331538563866
1,10.0,1123.332,6.627706538,6.086993435274375,-0.5407131027256247
1,10.0,1123.814,6.605882984,6.074369757856951,-0.5315132261430486
1,10.0,1124.296,6.585677417,6.063311114705359,-0.5223663022946416
1,10.0,1124.778,6.577701044,6.053826008497052,-0.5238750355029484
1,10.0,1125.26,6.597946521,6.045921677733415,-0.5520248432665849
1,10.0,1125.742,6.585949698,6.039604107736208,-0.5463455902637921
1,10.0,1126.225,6.58984725,6.034869894556638,-0.5549773554433619
1,10.0,1126.707,6.582100956,6.031742162355032,-0.5503587936449676
1,10.0,1127.189,6.567343067,6.030211756336441,-0.5371313106635593
1,10.0,1127.671,6.566128768,6.030279776471505,-0.5358489915284945
1,10.0,1128.153,6.598956218,6.03194613924251,-0.5670100787574892
1,10.0,1128.635,6.564806073,6.035209594319753,-0.5295964786802472
1,10.0,1129.117,6.565916192,6.040067742082642,-0.5258484499173584
1,10.0,1129.599,6.555725896,6.046517051953309,-0.5092088440466913
1,10.0,1130.082,6.560852663,6.054571198746021,-0.5062814642539797
1,10.0,1130.564,6.544441993,6.064191086511362,-0.48025090648863866
1,10.0,1131.046,6.542357128,6.075384938515186,-0.4669721894848138
1,10.0,1131.528,6.549691563,6.08814489661123,-0.4615466663887693
1,10.0,1132.01,6.56090475,6.102462074417075,-0.4584426755829245
1,10.0,1132.492,6.561935297,6.118326579805312,-0.44360871719468786
1,10.0,1132.974,6.591764262,6.13572753796156,-0.45603672403844
1,10.0,1133.456,6.57010285,6.154653114972217,-0.4154497350277824
1,10.0,1133.938,6.599059441,6.175090541904561,-0.42396889909543845
1,10.0,1134.421,6.625093579,6.197073196269631,-0.42802038273036835
1,10.0,1134.903,6.635762125,6.220495461540797,-0.41526666345920304
1,10.0,1135.385,6.652405289,6.245385874339545,-0.40701941466045444
1,10.0,1135.867,6.674269167,6.271728173285762,-0.4025409937142381
1,10.0,1136.349,6.711933019,6.299505288505927,-0.41242773049407333
1,10.0,1136.831,6.729176012,6.328699367880068,-0.4004766441199319
1,10.0,1137.313,6.772789139,6.359291803519678,-0.4134973354803222
1,10.0,1137.795,6.799275087,6.391263258439877,-0.40801182856012286
1,10.0,1138.277,6.812358525,6.424593693390466,-0.3877648316095339
1,10.0,1138.76,6.856991696,6.459335696986218,-0.39765599901378135
1,10.0,1139.242,6.873053909,6.495324009564862,-0.37772989943513835
1,10.0,1139.724,6.909118309,6.532607194542019,-0.3765111144579807
1,10.0,1140.206,6.962266093,6.571162672655317,-0.3911034203446828
1,10.0,1140.688,6.968060786,6.610967297748765,-0.3570934882512349
1,10.0,1141.17,7.019229909,6.651997383833932,-0.3672325251660675
1,10.0,1141.652,7.04939018,6.694228732076201,-0.35516144792379833
1,10.0,1142.134,7.083214921,6.7376366576757665,-0.34557826332423325
1,10.0,1142.616,7.131281022,6.7821960166142246,-0.349085005385775
1,10.0,1143.099,7.187862829,6.8279771672103955,-0.3598856617896047
1,10.0,1143.581,7.241364737,6.874764511244803,-0.3666002257551968
1,10.0,1144.063,7.258419355,6.9226253110417595,-0.33579404395824053
1,10.0,1144.545,7.297580825,6.971532848809117,-0.32604797619088277
1,10.0,1145.027,7.354415042,7.021460078351421,-0.33295496364857957
1,10.0,1145.509,7.404831057,7.072379650451289,-0.33245140654871097
1,10.0,1145.991,7.456720898,7.124263937940105,-0.3324569600598952
1,10.0,1146.473,7.492212639,7.177085060437441,-0.31512757856255913
1,10.0,1146.956,7.538667831,7.230927306461905,-0.30774052453809464
1,10.0,1147.438,7.566349939,7.2855393635769685,-0.28081057542303167
1,10.0,1147.92,7.619137241,7.341003278012334,-0.278133962987666
1,10.0,1148.402,7.678460028,7.397290396333706,-0.2811696316662937
1,10.0,1148.884,7.732503148,7.454371930015403,-0.2781312179845967
1,10.0,1149.366,7.770054043,7.512218977815294,-0.25783506518470567
1,10.0,1149.848,7.830270797,7.570802547703311,-0.2594682492966891
1,10.0,1150.33,7.880599256,7.630093578332254,-0.25050567766774634
1,10.0,1150.812,7.928817815,7.6900629600395805,-0.23875485496041993
1,10.0,1151.295,7.98497068,7.750807974727358,-0.2341627052726416
1,10.0,1151.777,8.028724731,7.812047894628558,-0.21667683637144286
1,10.0,1152.259,8.083224766,7.8738786890983095,-0.20934607690169127
1,10.0,1152.741,8.140995459,7.936271255616071,-0.20472420338392983
1,10.0,1153.223,8.195763753,7.9991965410529575,-0.19656721194704208
1,10.0,1153.705,8.225219284,8.062625559689216,-0.16259372431078312
1,10.0,1154.187,8.297151629,8.126529410715074,-0.17062221828492596
1,10.0,1154.669,8.364119677,8.190879295212207,-0.17324038178779233
1,10.0,1155.152,8.408411291,8.255781318484388,-0.15262997251561217
1,10.0,1155.634,8.480490886,8.320938139591433,-0.15955274640856665
1,10.0,1156.116,8.539910845,8.386455311999136,-0.153455533000864
1,10.0,1156.598,8.593908872,8.452304604079531,-0.14160426792046898
1,10.0,1157.08,8.650695838,8.51845796319491,-0.13223787480509053
1,10.0,1157.562,8.729123136,8.584887529544703,-0.14423560645529676
1,10.0,1158.044,8.788723422,8.651565649494724,-0.13715777250527594
1,10.0,1158.526,8.862791781,8.718464888391544,-0.144326892608456
1,10.0,1159.009,8.925172482,8.785697423110483,-0.13947505888951817
1,10.0,1159.491,8.978627491,8.852957851403948,-0.12566963959605104
1,10.0,1159.973,9.061266225,8.92035847393939,-0.14090775106061137
1,10.0,1160.455,9.103705483,8.987872850538658,-0.11583263246134301
1,10.0,1160.937,9.161397041,9.055474816525638,-0.10592222447436228
1,10.0,1161.419,9.23217171,9.123138492548405,-0.10903321745159467
1,10.0,1161.901,9.297824497,9.190838293923932,-0.10698620307606888
1,10.0,1162.383,9.362974995,9.258548939512197,-0.10442605548780293
1,10.0,1162.865,9.436503547,9.326245460127677,-0.11025808687232264
1,10.0,1163.348,9.48946433,9.394043518028491,-0.09542081197150942
1,10.0,1163.83,9.544158216,9.461638012338327,-0.08252020366167301
1,10.0,1164.312,9.61827268,9.529145373769913,-0.08912730623008791
1,10.0,1164.794,9.679969992,9.596541956808469,-0.08342803519153108
1,10.0,1165.276,9.72902467,9.663804463306006,-0.06522020669399353
1,10.0,1165.758,9.816512152,9.730909948290291,-0.08560220370970839
1,10.0,1166.24,9.872629866,9.797835825371273,-0.07479404062872774
1,10.0,1166.722,9.921649218,9.864559871755082,-0.05708934624491846
1,10.0,1167.204,10.00688983,9.931060232875112,-0.07582959712488879
1,10.0,1167.687,10.04934773,9.997452616000412,-0.051895113999586684
1,10.0,1168.169,10.13516332,10.063440962617095,-0.07172235738290489
1,10.0,1168.651,10.18806911,10.129142267801097,-0.058926842198903984
1,10.0,1169.133,10.24195895,10.194536189685225,-0.04742276031477566
1,10.0,1169.615,10.31267544,10.2596027723886,-0.05307266761139928
1,10.0,1170.097,10.37053635,10.324322448555826,-0.046213901444174255
1,10.0,1170.579,10.42652151,10.388676041582693,-0.037845468417307515
1,10.0,1171.061,10.48112251,10.45264476753783,-0.028477742462170497
1,10.0,1171.543,10.55695455,10.51621023679079,-0.04074431320920979
1,10.0,1172.026,10.57990582,10.579485009793984,-0.0004208102060161423
1,10.0,1172.508,10.66830045,10.64218945191109,-0.026110998088910264
1,10.0,1172.99,10.73802724,10.704437811048383,-0.03358942895161654
1,10.0,1173.472,10.77759668,10.766213286351677,-0.011383393648323192
1,10.0,1173.954,10.83729695,10.82749947534283,-0.009797474657171179
1,10.0,1174.436,10.90575053,10.88828037398791,-0.017470156012089788
1,10.0,1174.918,10.95209056,10.948540376539285,-0.0035501834607156724
1,10.0,1175.4,11.03018197,11.008264275159686,-0.021917694840313473
1,10.0,1175.883,11.06679249,11.067559442123763,0.0007669521237634314
1,10.0,1176.365,11.12096326,11.126165910301019,0.005202650301018963
1,10.0,1176.847,11.1718572,11.184193002990146,0.012335802990145694
1,10.0,1177.329,11.23455833,11.241627097013687,0.007068767013686639
1,10.0,1177.811,11.31302348,11.298454962267565,-0.014568517732435282
1,10.0,1178.293,11.34634993,11.354663760222602,0.008313830222601126
1,10.0,1178.775,11.38997273,11.410241042267774,0.020268312267774036
1,10.0,1179.257,11.43269221,11.465174747903035,0.032482537903034014
1,10.0,1179.74,11.49382054,11.519565124662847,0.02574458466284746
1,10.0,1180.222,11.54366316,11.57317564420356,0.02951248420356123
1,10.0,1180.704,11.62385157,11.626108692099685,0.002257122099685205
1,10.0,1181.186,11.65345559,11.678353740267713,0.024898150267713248
1,10.0,1181.668,11.70109422,11.729900637700737,0.02880641770073744
1,10.0,1182.15,11.75886619,11.780739607912759,0.021873417912757986
1,10.0,1182.632,11.79921958,11.83086124628199,0.031641666281990055
1,10.0,1183.114,11.86588068,11.880256517299554,0.014375837299553496
1,10.0,1183.596,11.91119176,11.92891675172917,0.01772499172917108
1,10.0,1184.079,11.96524715,11.976932278047377,0.011685128047377091
1,10.0,1184.561,11.99292794,12.024096315291604,0.03116837529160499
1,10.0,1185.043,12.04312822,12.070501460891645,0.027373240891645167
1,10.0,1185.525,12.09484683,12.116140481459649,0.0212936514596489
1,10.0,1186.007,12.11218308,12.161006494541146,0.0488234145411468
1,10.0,1186.489,12.18138483,12.205092965359087,0.02370813535908667
1,10.0,1186.971,12.23847452,12.248393703505856,0.009919183505855855
1,10.0,1187.453,12.26009029,12.290902859588446,0.030812569588444916
1,10.0,1187.936,12.30334204,12.332700629153102,0.029358589153101633
1,10.0,1188.418,12.36232099,12.37360875034255,0.011287760342549191
1,10.0,1188.9,12.38177402,12.413709743493028,0.03193572349302798
1,10.0,1189.382,12.42751786,12.452999089598515,0.025481229598515398
1,10.0,1189.864,12.47186746,12.491472593322555,0.01960513332255509
1,10.0,1190.346,12.51302569,12.52912637944479,0.016100689444790817
1,10.0,1190.828,12.53836394,12.565956889286774,0.027592949286773916
1,10.0,1191.31,12.6019507,12.601960877120698,1.017712069817378e-05
1,10.0,1191.792,12.62239921,12.6371354065634,0.014736196563401194
1,10.0,1192.275,12.66748812,12.671548230214155,0.004060110214155088
1,10.0,1192.757,12.71071991,12.70505451963703,-0.005665390362969092
1,10.0,1193.239,12.72599917,12.73772435746507,0.011725187465069453
1,10.0,1193.721,12.75755406,12.769556009048802,0.012001949048801919
1,10.0,1194.203,12.80455933,12.800548030922654,-0.004011299077346209
1,10.0,1194.685,12.82701109,12.830699267166365,0.0036881771663654916
1,10.0,1195.167,12.84587785,12.860008845768355,0.014130995768354637
1,10.0,1195.649,12.8781555,12.888476174993299,0.010320674993298695
1,10.0,1196.131,12.89600554,12.916100939755133,0.020095399755131638
1,10.0,1196.614,12.92431334,12.942937786866207,0.018624446866207123
1,10.0,1197.096,12.950768,12.968875818699015,0.0181078186990149
1,10.0,1197.578,12.96279459,12.993971965853493,0.031177375853493672
1,10.0,1198.06,12.98297747,13.018226984280066,0.03524951428006595
1,10.0,1198.542,13.00955693,13.041641888573732,0.032084958573731726
1,10.0,1199.024,13.03328441,13.064217948410766,0.03093353841076585
1,10.0,1199.506,13.0733705,13.085956684999545,0.012586184999545225
1,10.0,1199.988,13.08885867,13.106859867546843,0.018001197546842818
1,10.0,1200.47,13.11316285,13.126929509739945,0.013766659739944842
1,10.0,1200.953,13.12666374,13.146206917417642,0.019543177417642
1,10.0,1201.435,13.14600031,13.16461476366215,0.018614453662150865
1,10.0,1201.917,13.18560855,13.182196548468132,-0.0034120015318670482
1,10.0,1202.399,13.1759251,13.198955229081152,0.02303012908115143
1,10.0,1202.881,13.20586587,13.214893989889852,0.009028119889851638
1,10.0,1203.363,13.22540031,13.230016239014526,0.004615929014526898
1,10.0,1203.845,13.24277555,13.244325604914401,0.001550054914401855
1,10.0,1204.327,13.24789277,13.257825933013892,0.009933163013892354
1,10.0,1204.81,13.26550699,13.270546787399732,0.005039797399732038
1,10.0,1205.292,13.25869681,13.282439770636154,0.02374296063615411
1,10.0,1205.774,13.27493794,13.293536530182118,0.018598590182119068
1,10.0,1206.256,13.29504936,13.303841746382204,0.008792386382204143
1,10.0,1206.738,13.2943079,13.313360299953395,0.019052399953395138
1,10.0,1207.22,13.29550188,13.322097268723889,0.026595388723889002
1,10.0,1207.702,13.3039397,13.330057924389692,0.026118224389691136
1,10.0,1208.184,13.31056015,13.337247729289299,0.026687579289298213
1,10.0,1208.667,13.32581644,13.343684870841154,0.01786843084115297
1,10.0,1209.149,13.33421023,13.349348538511029,0.015138308511028598
1,10.0,1209.631,13.33025699,13.35425886695505,0.024001876955049184
1,10.0,1210.113,13.35747107,13.358422049535793,0.0009509795357924844
1,10.0,1210.595,13.35378028,13.361844454378145,0.008064174378144884
1,10.0,1211.077,13.37641344,13.36453262124217,-0.01188081875783098
1,10.0,1211.559,13.36634916,13.366493258410781,0.00014409841078055763
1,10.0,1212.041,13.36290742,13.367733239591583,0.004825819591582459
1,10.0,1212.523,13.37415037,13.368259600832127,-0.005890769167873344
1,10.0,1213.006,13.38299245,13.368078434620156,-0.014914015379844159
1,10.0,1213.488,13.38210298,13.367197855527056,-0.014905124472944564
1,10.0,1213.97,13.38265169,13.365625723749003,-0.01702596625099595
1,10.0,1214.452,13.35878264,13.363369694407039,0.004587054407039659
1,10.0,1214.934,13.3716988,13.360437569715762,-0.011261230284238977
1,10.0,1215.416,13.3652317,13.356837295967695,-0.008394404032305403
1,10.0,1215.898,13.36401883,13.352576960526745,-0.011441869473253874
1,10.0,1216.38,13.38785936,13.347664788830317,-0.04019457116968361
1,10.0,1216.863,13.35471482,13.342096952137936,-0.012617867862063648
1,10.0,1217.345,13.35618527,13.335905013120039,-0.02028025687996049
1,10.0,1217.827,13.33590642,13.329086730755886,-0.0068196892441143575
1,10.0,1218.309,13.3490288,13.321650853205956,-0.027377946794043595
1,10.0,1218.791,13.3179406,13.31360625181509,-0.004334348184910297
1,10.0,1219.273,13.3132629,13.304961918152642,-0.008300981847357392
1,10.0,1219.755,13.29909102,13.295726961056848,-0.0033640589431520596
1,10.0,1220.237,13.31589477,13.285910603682705,-0.029984166317294836
1,10.0,1220.719,13.29685534,13.275522180552699,-0.021333159447301853
1,10.0,1221.202,13.26360697,13.264547836359101,0.000940866359101733
1,10.0,1221.684,13.28524141,13.253042578562237,-0.032198831437762365
1,10.0,1222.166,13.26160633,13.240993917448836,-0.020612412551162862
1,10.0,1222.648,13.24343526,13.228411603761007,-0.015023656238993155
1,10.0,1223.13,13.24571434,13.215305484880007,-0.03040885511999214
1,10.0,1223.612,13.19656724,13.201685501882709,0.005118261882708808
1,10.0,1224.094,13.20935539,13.187561686597284,-0.021793703402716247
1,10.0,1224.576,13.18312906,13.172944158657549,-0.01018490134245198
1,10.0,1225.058,13.19141649,13.157843122555619,-0.03357336744438122
1,10.0,1225.541,13.15748335,13.142236068218839,-0.015247281781160638
1,10.0,1226.023,13.14125602,13.126198004496551,-0.015058015503448985
1,10.0,1226.505,13.13569922,13.109707547468894,-0.02599167253110579
1,10.0,1226.987,13.11038163,13.092775211686737,-0.01760641831326204
1,10.0,1227.469,13.10182733,13.075411581776285,-0.02641574822371595
1,10.0,1227.951,13.07950783,13.057627309473437,-0.02188052052656353
1,10.0,1228.433,13.03425317,13.039433110653892,0.005179940653892601
1,10.0,1228.915,13.04857376,13.020839762359106,-0.027733997640893904
1,10.0,1229.397,13.03017832,13.001858099817596,-0.028320220182402878
1,10.0,1229.88,13.01296174,12.982458464633607,-0.030503275366392302
1,10.0,1230.362,13.00085465,12.962732148185987,-0.03812250181401389
1,10.0,1230.844,12.97645204,12.942650365295625,-0.03380167470437456
1,10.0,1231.326,12.96280516,12.922224154149848,-0.0405810058501519
1,10.0,1231.808,12.90986425,12.901464596150984,-0.00839965384901653
1,10.0,1232.29,12.92018085,12.880382812908191,-0.03979803709180807
1,10.0,1232.772,12.89518803,12.858989963224309,-0.03619806677569137
1,10.0,1233.254,12.86066124,12.83729724007771,-0.023363999922290546
1,10.0,1233.737,12.81535954,12.815269970843538,-8.956915646152197e-05
1,10.0,1234.219,12.83779129,12.793010637491582,-0.04478065250841823
1,10.0,1234.701,12.78728777,12.770485207833676,-0.016802562166324364
1,10.0,1235.183,12.77815176,12.747704981317558,-0.0304467786824425
1,10.0,1235.665,12.74606084,12.724681276400263,-0.02137956359973714
1,10.0,1236.147,12.74984065,12.701425427503725,-0.04841522249627417
1,10.0,1236.629,12.72451826,12.677948781966888,-0.04656947803311162
1,10.0,1237.111,12.68285007,12.65426269699442,-0.02858737300558012
1,10.0,1237.594,12.67487005,12.630328786389928,-0.044541263610073045
1,10.0,1238.076,12.65066308,12.606257542809027,-0.044405537190971955
1,10.0,1238.558,12.65264474,12.582010983635232,-0.07063375636476721
1,10.0,1239.04,12.61840845,12.557600474967318,-0.06080797503268265
1,10.0,1239.522,12.60275664,12.533037377474566,-0.06971926252543525
1,10.0,1240.004,12.56776308,12.508333043335627,-0.05943003666437363
1,10.0,1240.486,12.54051494,12.483498813177546,-0.05701612682245383
1,10.0,1240.968,12.54184925,12.458546013015724,-0.08330323698427655
1,10.0,1241.45,12.49378012,12.433485951195184,-0.060294168804816195
1,10.0,1241.933,12.47935837,12.408277632441829,-0.07108073755817124
1,10.0,1242.415,12.46174418,12.383036722320389,-0.07870745767961118
1,10.0,1242.897,12.40794732,12.357722362285008,-0.0502249577149918
1,10.0,1243.379,12.39184981,12.33234575939987,-0.05950405060013075
1,10.0,1243.861,12.3637969,12.306918087805235,-0.05687881219476587
1,10.0,1244.343,12.32776015,12.281450485682567,-0.04630966431743211
1,10.0,1244.825,12.32006508,12.255954052226526,-0.06411102777347288
1,10.0,1245.307,12.27735728,12.230439844624678,-0.046917435375322114
1,10.0,1245.79,12.2543547,12.20486592756166,-0.049488772438341044
1,10.0,1246.272,12.22258283,12.179349180233823,-0.043233649766177606
1,10.0,1246.754,12.20685195,12.153847570797767,-0.053004379202233665
1,10.0,1247.236,12.19365996,12.128371958280278,-0.06528800171972193
1,10.0,1247.718,12.18422384,12.102933144741275,-0.08129069525872445
1,10.0,1248.2,12.14252416,12.07754187231942,-0.06498228768058034
1,10.0,1248.682,12.12173982,12.052208820292547,-0.06953099970745313
1,10.0,1249.164,12.12766287,12.02694460215347,-0.10071826784652949
1,10.0,1249.646,12.06818782,12.001759762702621,-0.06642805729737944
1,10.0,1250.129,12.07451314,11.976612811496596,-0.09790032850340502
1,10.0,1250.611,12.03585543,11.951618293369924,-0.08423713663007604
1,10.0,1251.093,12.01737233,11.926734368709326,-0.0906379612906747
1,10.0,1251.575,12.00648179,11.901971278674988,-0.10451051132501199
1,10.0,1252.057,11.99734203,11.877339181481332,-0.12000284851866816
1,10.0,1252.539,11.99196588,11.852848149613298,-0.13911773038670283
1,10.0,1253.021,11.94179272,11.828508167067536,-0.11328455293246442
1,10.0,1253.503,11.93887738,11.804329126619376,-0.1345482533806237
1,10.0,1253.985,11.91607203,11.780320827116773,-0.1357512028832275
1,10.0,1254.468,11.88318418,11.75644372966547,-0.1267404503345304
1,10.0,1254.95,11.87785926,11.732806323728491,-0.14505293627150806
1,10.0,1255.432,11.86217331,11.7093684846929,-0.15280482530709882
1,10.0,1255.914,11.82380615,11.68613960900172,-0.13766654099827846
1,10.0,1256.396,11.82002395,11.66312898608361,-0.15689496391638968
1,10.0,1256.878,11.8104216,11.6403457958345,-0.17007580416549928
1,10.0,1257.36,11.78436733,11.617799106134962,-0.16656822386503833
1,10.0,1257.842,11.76972902,11.59549787040403,-0.17423114959597008
1,10.0,1258.324,11.73758074,11.573450925191016,-0.1641298148089838
1,10.0,1258.807,11.73641325,11.551622072295515,-0.1847911777044846
1,10.0,1259.289,11.71403965,11.530110310824297,-0.18392933917570353
1,10.0,1259.771,11.70045762,11.50887864225748,-0.19157897774251964
1,10.0,1260.253,11.66491671,11.48793541211802,-0.17698129788198003
1,10.0,1260.735,11.63934385,11.46728883762279,-0.17205501237720888
1,10.0,1261.217,11.64196427,11.446947005526145,-0.19501726447385614
1,10.0,1261.699,11.63356676,11.426917870009493,-0.20664888999050746
1,10.0,1262.181,11.62310869,11.40720925061777,-0.21589943938223044
1,10.0,1262.664,11.5986782,11.38778896832275,-0.2108892316772497
1,10.0,1263.146,11.58131303,11.36874499555061,-0.2125680344493901
1,10.0,1263.628,11.58375862,11.350044185026336,-0.2337144349736633
1,10.0,1264.11,11.5626062,11.33169379779513,-0.23091240220486853
1,10.0,1264.592,11.5493767,11.313700950687004,-0.23567574931299617
1,10.0,1265.074,11.52373503,11.296072614557408,-0.22766241544259103
1,10.0,1265.556,11.54232516,11.27881561258189,-0.26350954741810995
1,10.0,1266.038,11.52217595,11.26193661860565,-0.26023933139434874
1,10.0,1266.521,11.50424667,11.245408338835794,-0.2588383311642062
1,10.0,1267.003,11.49899611,11.229305594670928,-0.2696905153290725
1,10.0,1267.485,11.49161185,11.213599981134653,-0.278011868865347
1,10.0,1267.967,11.4847654,11.198297559053064,-0.286467840946937
1,10.0,1268.449,11.5020693,11.183404232521589,-0.3186650674784115
1,10.0,1268.931,11.50011571,11.168925747601925,-0.3311899623980743
1,10.0,1269.413,11.49885265,11.154867691079437,-0.34398495892056324
1,10.0,1269.895,11.46752768,11.141235489281623,-0.3262921907183767
1,10.0,1270.377,11.47228422,11.128034406958296,-0.34424981304170466
1,10.0,1270.86,11.47530703,11.115243520015715,-0.3600635099842844
1,10.0,1271.342,11.47754935,11.102920739644734,-0.3746286103552663
1,10.0,1271.824,11.47386048,11.091043903003673,-0.3828165769963281
1,10.0,1272.306,11.45466646,11.07961761824276,-0.3750488417572395
1,10.0,1272.788,11.45967955,11.068646327278135,-0.391033222721866
1,10.0,1273.27,11.44045696,11.058134305052997,-0.38232265494700357
1,10.0,1273.752,11.46102529,11.048085658863567,-0.4129396311364335
1,10.0,1274.234,11.42528039,11.038504327750415,-0.3867760622495844
1,10.0,1274.717,11.42726321,11.02937567324905,-0.39788753675095023
1,10.0,1275.199,11.42698584,11.020741102187715,-0.4062447378122851
1,10.0,1275.681,11.41959803,11.01258465562641,-0.4070133743735891
1,10.0,1276.163,11.44171669,11.004909594452595,-0.4368070955474046
1,10.0,1276.645,11.43890842,10.997719009237928,-0.44118941076207285
1,10.0,1277.127,11.43955314,10.991015820024224,-0.4485373199757756
1,10.0,1277.609,11.43070549,10.98480277617534,-0.44590271382466007
1,10.0,1278.091,11.45349542,10.979082456294975,-0.4744129637050243
1,10.0,1278.573,11.45057409,10.973857268210283,-0.47671682178971686
1,10.0,1279.056,11.46434042,10.96912015874394,-0.49522026125605834
1,10.0,1279.538,11.46938624,10.96489281314045,-0.5044934268595505
1,10.0,1280.02,11.46425268,10.961166802731219,-0.5030858772687807
1,10.0,1280.502,11.46908164,10.957943853030494,-0.5111377869695062
1,10.0,1280.984,11.46884167,10.955225519675107,-0.5136161503248928
1,10.0,1281.466,11.47202986,10.953013188798375,-0.5190166712016246
1,10.0,1281.948,11.47988841,10.95130807746804,-0.5285803325319591
1,10.0,1282.43,11.47470319,10.950111234187363,-0.5245919558126371
1,10.0,1282.912,11.48344329,10.94942353945941,-0.5340197505405904
1,10.0,1283.395,11.45876326,10.949245867872609,-0.5095173921273908
1,10.0,1283.877,11.47716975,10.949579502343633,-0.5275902476563665
1,10.0,1284.359,11.48020663,10.95042392606667,-0.5297827039333303
1,10.0,1284.841,11.4549374,10.951779354082882,-0.5031580459171181
1,10.0,1285.323,11.47757315,10.95364583717991,-0.5239273128200903
1,10.0,1285.805,11.4757802,10.956023262821159,-0.5197569371788422
1,10.0,1286.287,11.49463929,10.95891135613359,-0.5357279338664096
1,10.0,1286.769,11.51159669,10.962309680953068,-0.5492870090469317
1,10.0,1287.251,11.51598015,10.966217640926473,-0.5497625090735276
1,10.0,1287.734,11.51276984,10.970644172610145,-0.5421256673898558
1,10.0,1288.216,11.51253281,10.975570031735836,-0.5369627782641633
1,10.0,1288.698,11.52392517,10.981002785295546,-0.542922384704454
1,10.0,1289.18,11.54785326,10.986941207985387,-0.5609120520146131
1,10.0,1289.662,11.55613005,10.99338392064624,-0.5627461293537603
1,10.0,1290.144,11.57881125,11.000329391687274,-0.5784818583127258
1,10.0,1290.626,11.57188609,11.007775938559652,-0.5641101514403477
1,10.0,1291.108,11.5695517,11.015721729279068,-0.5538299707209315
1,10.0,1291.591,11.57831351,11.024182816161819,-0.5541306938381805
1,10.0,1292.073,11.60429961,11.03312203372648,-0.5711775762735201
1,10.0,1292.555,11.60674642,11.042554113650397,-0.5641923063496037
1,10.0,1293.037,11.60983077,11.052476642079805,-0.5573541279201955
1,10.0,1293.519,11.62029073,11.062887064037723,-0.5574036659622781
1,10.0,1294.001,11.61791111,11.0737826852166,-0.5441284247834002
1,10.0,1294.483,11.65911941,11.085160673811874,-0.5739587361881267
1,10.0,1294.965,11.64989771,11.097018062394985,-0.552879647605014
1,10.0,1295.448,11.66422606,11.10937783127882,-0.5548482287211804
1,10.0,1295.93,11.66970116,11.122185562663656,-0.5475155973363446
1,10.0,1296.412,11.69929606,11.135462990194515,-0.5638330698054848
1,10.0,1296.894,11.70906832,11.149206623161692,-0.5598616968383077
1,10.0,1297.376,11.71562375,11.163412845150143,-0.5522109048498578
1,10.0,1297.858,11.74559295,11.178077916122977,-0.5675150338770241
1,10.0,1298.34,11.74212787,11.193197974535698,-0.5489298954643012
1,10.0,1298.822,11.7620764,11.208769039479309,-0.5533073605206908
1,10.0,1299.304,11.78189679,11.224787012851547,-0.5571097771484528
1,10.0,1299.787,11.79868822,11.241282289517798,-0.5574059304822025
1,10.0,1300.269,11.80545252,11.258182232585972,-0.5472702874140278
1,10.0,1300.751,11.80912108,11.275516099397604,-0.5336049806023961
1,10.0,1301.233,11.85043006,11.293279345074348,-0.5571507149256529
1,10.0,1301.715,11.84889642,11.311467318774573,-0.5374291012254275
1,10.0,1302.197,11.85202502,11.330075266002979,-0.5219497539970206
1,10.0,1302.679,11.86969011,11.349098330938665,-0.5205917790613359
1,10.0,1303.161,11.87126685,11.368531558780154,-0.502735291219846
1,10.0,1303.644,11.89596212,11.388411474044984,-0.5075506459550159
1,10.0,1304.126,11.88955276,11.408650603581194,-0.4809021564188072
1,10.0,1304.608,11.92938065,11.429284450453517,-0.5000961995464834
1,10.0,1305.09,11.9348953,11.450307687499807,-0.484587612500194
1,10.0,1305.572,11.97102613,11.471714900516606,-0.49931122948339457
1,10.0,1306.054,11.98096088,11.493500590678705,-0.4874602893212945
1,10.0,1306.536,11.98261451,11.5156591769664,-0.4669553330335994
1,10.0,1307.018,11.99678049,11.5381849985994,-0.45859549140060096
1,10.0,1307.5,12.02109606,11.561072317476103,-0.4600237425238962
1,10.0,1307.983,12.02995752,11.584363908277053,-0.44559361172294665
1,10.0,1308.465,12.05344702,11.607957429827083,-0.445489590172917
1,10.0,1308.947,12.05563172,11.631894782407214,-0.4237369375927855
1,10.0,1309.429,12.07827927,11.656169942948267,-0.4221093270517322
1,10.0,1309.911,12.10339849,11.680776823297808,-0.4226216667021916
1,10.0,1310.393,12.10717768,11.705709272665652,-0.4014684073343471
1,10.0,1310.875,12.1387234,11.730961080066443,-0.40776231993355694
1,10.0,1311.357,12.16807464,11.756525976758079,-0.41154866324192163
1,10.0,1311.839,12.18742578,11.782397638674873,-0.4050281413251273
1,10.0,1312.322,12.2090076,11.808624295515749,-0.40038330448425086
1,10.0,1312.804,12.22700683,11.83509090967983,-0.3919159203201712
1,10.0,1313.286,12.23385025,11.861844995676988,-0.3720052543230121
1,10.0,1313.768,12.26988522,11.888880032243497,-0.3810051877565037
1,10.0,1314.25,12.2805815,11.916189454846581,-0.3643920451534193
1,10.0,1314.732,12.3049156,11.94376665806409,-0.36114894193590885
1,10.0,1315.214,12.32848089,11.971604997951733,-0.35687589204826686
1,10.0,1315.696,12.33715203,11.999697794396983,-0.33745423560301724
1,10.0,1316.178,12.36307353,12.028038333458952,-0.33503519654104785
1,10.0,1316.661,12.41104764,12.056679413306853,-0.35436822669314694
1,10.0,1317.143,12.41809142,12.085495650950962,-0.3325957690490373
1,10.0,1317.625,12.44208705,12.11453929544776,-0.3275477545522403
1,10.0,1318.107,12.44646709,12.143803520577887,-0.3026635694221138
1,10.0,1318.589,12.48469817,12.173281477754603,-0.3114166922453965
1,10.0,1319.071,12.50237932,12.20296629826104,-0.29941302173895856
1,10.0,1319.553,12.51748754,12.232851095467549,-0.28463644453245074
1,10.0,1320.035,12.5476784,12.26292896702864,-0.2847494329713598
1,10.0,1320.518,12.56977618,12.293255974210176,-0.27652020578982395
1,10.0,1321.0,12.6003131,12.323699600079381,-0.276613499920618
1,10.0,1321.482,12.60945061,12.35431550622123,-0.2551351037787697
1,10.0,1321.964,12.65905506,12.385096748951712,-0.27395831104828794
1,10.0,1322.446,12.67562474,12.416036379530535,-0.2595883604694649
1,10.0,1322.928,12.68133556,12.44712744622224,-0.23420811377776118
1,10.0,1323.41,12.70053375,12.478362996332402,-0.22217075366759786
1,10.0,1323.892,12.71636432,12.509736078219136,-0.20662824178086403
1,10.0,1324.375,12.74320497,12.541305234502396,-0.2018997354976051
1,10.0,1324.857,12.78485298,12.57293278842903,-0.21192019157096986
1,10.0,1325.339,12.80220241,12.604677030864988,-0.197525379135012
1,10.0,1325.821,12.84008482,12.636531033993675,-0.20355378600632434
1,10.0,1326.303,12.86434055,12.668487880719494,-0.19585266928050515
1,10.0,1326.785,12.89360899,12.700540666519712,-0.19306832348028813
1,10.0,1327.267,12.90579912,12.732682501268371,-0.17311661873162798
1,10.0,1327.749,12.94907217,12.764906511032358,-0.18416565896764325
1,10.0,1328.231,12.99226863,12.797205839838705,-0.19506279016129469
1,10.0,1328.714,13.02834391,12.829640871005902,-0.1987030389940987
1,10.0,1329.196,13.03874996,12.862070471358415,-0.1766794886415859
1,10.0,1329.678,13.0709236,12.894554933775103,-0.17636866622489755
1,10.0,1330.16,13.08215194,12.927087491276653,-0.1550644487233459
1,10.0,1330.642,13.09668975,12.959661403251664,-0.13702834674833575
1,10.0,1331.124,13.13587088,12.992269957049178,-0.1436009229508226
1,10.0,1331.606,13.16049878,13.024906469542113,-0.135592310457886
1,10.0,1332.088,13.18949967,13.057564288660622,-0.1319353813393782
1,10.0,1332.571,13.21046007,13.090304590871192,-0.1201554791288082
1,10.0,1333.053,13.22507665,13.12298520873607,-0.10209144126393
1,10.0,1333.535,13.26083696,13.155667364696537,-0.10516959530346348
1,10.0,1334.017,13.29477188,13.188344545727805,-0.10642733427219575
1,10.0,1334.499,13.31284695,13.221010277084527,-0.09183667291547337
1,10.0,1334.981,13.33846933,13.253658123655201,-0.08481120634479922
1,10.0,1335.463,13.36942159,13.286281691286298,-0.08313989871370175
1,10.0,1335.945,13.38807472,13.318874628076768,-0.06920009192323207
1,10.0,1336.427,13.41936449,13.351430625642877,-0.06793386435712279
1,10.0,1336.91,13.44815025,13.384010825053469,-0.06413942494653035
1,10.0,1337.392,13.4788067,13.416474090271258,-0.06233260972874177
1,10.0,1337.874,13.51104834,13.448881751667782,-0.062166588332218
1,10.0,1338.356,13.53477519,13.48122768708537,-0.053547502914629064
1,10.0,1338.838,13.55887594,13.513505823767119,-0.04537011623288123
1,10.0,1339.32,13.57696889,13.545710139445134,-0.0312587505548656
1,10.0,1339.802,13.60552358,13.577834663400536,-0.027688916599464264
1,10.0,1340.284,13.65205027,13.609873477494185,-0.042176792505815186
1,10.0,1340.766,13.65265466,13.64182071716936,-0.010833942830640098
1,10.0,1341.249,13.67321417,13.6737365457316,0.0005223757316006328
1,10.0,1341.731,13.71694734,13.705483042149003,-0.01146429785099734
1,10.0,1342.213,13.73269141,13.737120689812865,0.004429279812866227
1,10.0,1342.695,13.77376089,13.768643848079432,-0.00511704192056861
1,10.0,1343.177,13.77864124,13.800046934482326,0.021405694482325544
1,10.0,1343.659,13.81798789,13.83132442556884,0.013336535568839736
1,10.0,1344.141,13.82607627,13.862470857709415,0.03639458770941495
1,10.0,1344.623,13.86109854,13.893480827880522,0.03238228788052133
1,10.0,1345.105,13.86784541,13.924348994421315,0.05650358442131598
1,10.0,1345.588,13.91017913,13.955133657929274,0.044954527929274235
1,10.0,1346.07,13.94814854,13.985702119951027,0.037553579951026705
1,10.0,1346.552,13.96720679,14.016113118088915,0.04890632808891482
1,10.0,1347.034,14.01337292,14.046361563317074,0.03298864331707385
1,10.0,1347.516,14.03779989,14.07644243137267,0.03864254137266876
1,10.0,1347.998,14.06825302,14.106350763361023,0.038097743361023007
1,10.0,1348.48,14.08398961,14.136081666336214,0.05209205633621394
1,10.0,1348.962,14.13247445,14.165630313858514,0.03315586385851432
1,10.0,1349.445,14.16208661,14.19505266511018,0.03296605511018136
1,10.0,1349.927,14.18855818,14.224222188514226,0.03566400851422635
1,10.0,1350.409,14.20379593,14.25319537188021,0.04939944188020995
1,10.0,1350.891,14.23458367,14.281967660040376,0.047383990040376744
1,10.0,1351.373,14.26874976,14.310534566773269,0.04178480677326846
1,10.0,1351.855,14.27436484,14.338891675224561,0.06452683522456049
1,10.0,1352.337,14.30809106,14.36703463830653,0.058943578306529076
1,10.0,1352.819,14.34479467,14.394959179076558,0.05016450907655745
1,10.0,1353.302,14.37796166,14.422718329637899,0.04475666963789848
1,10.0,1353.784,14.39655552,14.450193002587946,0.05363748258794665
1,10.0,1354.266,14.42677618,14.477436838382896,0.05066065838289724
1,10.0,1354.748,14.45390609,14.504445844181026,0.05053975418102574
1,10.0,1355.23,14.47911509,14.531216098872706,0.052101008872705634
1,10.0,1355.712,14.50709361,14.557743753339059,0.05065014333905893
1,10.0,1356.194,14.52903469,14.584025030691956,0.05499034069195652
1,10.0,1356.676,14.53301533,14.61005622649558,0.07704089649558021
1,10.0,1357.158,14.57712223,14.635833708969935,0.05871147896993456
1,10.0,1357.641,14.58029339,14.661406595806422,0.08111320580642278
1,10.0,1358.123,14.62003594,14.68666550325252,0.0666295632525209
1,10.0,1358.605,14.63881436,14.711660232732086,0.07284587273208665
1,10.0,1359.087,14.66204134,14.736387444927132,0.07434610492713212
1,10.0,1359.569,14.6745711,14.760843873934695,0.08627277393469512
1,10.0,1360.051,14.6832375,14.785026327369156,0.1017888273691554
1,10.0,1360.533,14.69572411,14.80893168644895,0.11320757644894996
1,10.0,1361.015,14.76130783,14.832556906067836,0.07124907606783637
1,10.0,1361.498,14.76229258,14.855947146146988,0.09365456614698786
1,10.0,1361.98,14.79613919,14.879002650153454,0.08286346015345458
1,10.0,1362.462,14.82101376,14.901769316139216,0.08075555613921637
1,10.0,1362.944,14.84796229,14.924244394268882,0.07628210426888238
1,10.0,1363.426,14.86193906,14.946425208519331,0.084486148519332
1,10.0,1363.908,14.90561115,14.968309156665326,0.06269800666532532
1,10.0,1364.39,14.91555553,14.9898937102519,0.07433818025189964
1,10.0,1364.872,14.93468514,15.011176414553868,0.0764912745538684
1,10.0,1365.354,14.95426107,15.032154888522827,0.07789381852282773
1,10.0,1365.837,14.97745054,15.05286939234873,0.07541885234873114
1,10.0,1366.319,14.99117419,15.073231913997898,0.08205772399789701
1,10.0,1366.801,14.98567128,15.093283499108928,0.10761221910892793
1,10.0,1367.283,15.01590519,15.11302206071903,0.09711687071903086
1,10.0,1367.765,15.03525812,15.132445585096939,0.09718746509693865
1,10.0,1368.247,15.06964515,15.151552131620004,0.08190698162000487
1,10.0,1368.729,15.07690117,15.170339832640485,0.0934386626404855
1,10.0,1369.211,15.07603061,15.188806893341372,0.11277628334137191
1,10.0,1369.693,15.10345671,15.206951591581927,0.10349488158192699
1,10.0,1370.176,15.11859066,15.224808912195225,0.10621825219522485
1,10.0,1370.658,15.13389699,15.242303331880775,0.1084063418807748
1,10.0,1371.14,15.17107793,15.259470654002062,0.08839272400206255
1,10.0,1371.622,15.16849963,15.276309445532885,0.10780981553288527
1,10.0,1372.104,15.16627323,15.2928183452061,0.1265451152061008
1,10.0,1372.586,15.19232372,15.308996063302702,0.11667234330270304
1,10.0,1373.068,15.21059946,15.324841381432325,0.11424192143232581
1,10.0,1373.55,15.21873298,15.34035315230546,0.12162017230545885
1,10.0,1374.032,15.25366704,15.355530299497286,0.1018632594972857
1,10.0,1374.515,15.26852105,15.370402259187196,0.10188120918719612
1,10.0,1374.997,15.26493564,15.384906512780818,0.11997087278081864
1,10.0,1375.479,15.30036441,15.399073334403564,0.09870892440356371
1,10.0,1375.961,15.30218685,15.412901928714886,0.11071507871488606
1,10.0,1376.443,15.30864265,15.426391569940895,0.11774891994089565
1,10.0,1376.925,15.3269624,15.439541601592797,0.11257920159279777
1,10.0,1377.407,15.3239012,15.452351436178217,0.12845023617821738
1,10.0,1377.889,15.35319431,15.464820554905803,0.11162624490580342
1,10.0,1378.372,15.37290908,15.476973314192225,0.10406423419222577
1,10.0,1378.854,15.36744768,15.48875900916008,0.12131132916008092
1,10.0,1379.336,15.38687161,15.50020284046655,0.11333123046654947
1,10.0,1379.818,15.38501218,15.511304561178537,0.12629238117853703
1,10.0,1380.3,15.39052618,15.522063991488912,0.13153781148891142
1,10.0,1380.782,15.3895015,15.532481018383221,0.1429795183832212
1,10.0,1381.264,15.42198258,15.542555595300344,0.12057301530034437
1,10.0,1381.746,15.41329441,15.55228774178771,0.13899333178770945
1,10.0,1382.229,15.42707999,15.5616966682928,0.13461667829280088
1,10.0,1382.711,15.42502395,15.570743565492624,0.1457196154926237
1,10.0,1383.193,15.42636867,15.579448484536577,0.15307981453657682
1,10.0,1383.675,15.43664041,15.587811705978547,0.15117129597854628
1,10.0,1384.157,15.43501862,15.595833574672811,0.16081495467281215
1,10.0,1384.639,15.4476426,15.603514499396619,0.15587189939661883
1,10.0,1385.121,15.45331059,15.61085495246792,0.15754436246792025
1,10.0,1385.603,15.44173126,15.617855469357993,0.17612420935799378
1,10.0,1386.085,15.46540707,15.62451664829927,0.15910957829927064
1,10.0,1386.568,15.44697712,15.630851915548098,0.18387479554809794
1,10.0,1387.05,15.46374178,15.636835761986474,0.17309398198647408
1,10.0,1387.532,15.4594103,15.642482439436414,0.18307213943641365
1,10.0,1388.014,15.45177989,15.647792793283488,0.19601290328348853
1,10.0,1388.496,15.4442575,15.65276772964129,0.2085102296412895
1,10.0,1388.978,15.44680054,15.657408214931191,0.21060767493119137
1,10.0,1389.46,15.46472136,15.661715275457484,0.19699391545748313
1,10.0,1389.942,15.49275601,15.66568999697832,0.17293398697831996
1,10.0,1390.425,15.46355781,15.669340740006794,0.20578293000679437
1,10.0,1390.907,15.4747319,15.672653593097166,0.19792169309716634
1,10.0,1391.389,15.48108278,15.675637719499235,0.19455493949923586
1,10.0,1391.871,15.47315014,15.678294438526573,0.205144298526573
1,10.0,1392.353,15.48069076,15.680625126734496,0.19993436673449594
1,10.0,1392.835,15.47796189,15.682631217465069,0.20466932746506927
1,10.0,1393.317,15.45327096,15.68431420038797,0.23104324038797053
1,10.0,1393.799,15.47923719,15.68567562103692,0.20643843103692028
1,10.0,1394.281,15.49071301,15.686717080342252,0.19600407034225142
1,10.0,1394.764,15.4971921,15.687441404777763,0.19024930477776358
1,10.0,1395.246,15.47963096,15.687847308388832,0.20821634838883263
1,10.0,1395.728,15.48254562,15.687938384804271,0.20539276480427127
1,10.0,1396.21,15.48681695,15.687716451892175,0.20089950189217554
1,10.0,1396.692,15.48121495,15.687183380516107,0.2059684305161067
1,10.0,1397.174,15.49003637,15.686341094042772,0.196304724042772
1,10.0,1397.656,15.4836577,15.685191567845509,0.20153386784550875
1,10.0,1398.138,15.49598774,15.683736828803744,0.1877490888037432
1,10.0,1398.62,15.49084611,15.681978954798247,0.191132844798247
1,10.0,1399.103,15.47668557,15.679915491273105,0.20322992127310435
1,10.0,1399.585,15.47745519,15.677557164763035,0.20010197476303482
1,10.0,1400.067,15.47231541,15.674902242504237,0.20258683250423637
1,10.0,1400.549,15.4873376,15.671953001354755,0.18461540135475474
1,10.0,1401.031,15.47684249,15.66871176658762,0.19186927658762087
1,10.0,1401.513,15.49729954,15.665180911361501,0.16788137136150105
1,10.0,1401.995,15.4668687,15.66136285618693,0.19449415618693067
1,10.0,1402.477,15.46335704,15.657260068388705,0.19390302838870532
1,10.0,1402.959,15.47952917,15.652875061563803,0.17334589156380353
1,10.0,1403.442,15.46605089,15.648200428397624,0.18214953839762416
1,10.0,1403.924,15.46240588,15.643258134599353,0.18085225459935295
1,10.0,1404.406,15.44956718,15.638041440258263,0.1884742602582623
1,10.0,1404.888,15.46190812,15.632553038647474,0.1706449186474739
1,10.0,1405.37,15.42321979,15.626795666538284,0.20357587653828446
1,10.0,1405.852,15.43160813,15.620772103632817,0.1891639736328159
1,10.0,1406.334,15.3916257,15.614485171992513,0.22285947199251233
1,10.0,1406.816,15.39937677,15.607937735462267,0.20856096546226688
1,10.0,1407.299,15.37799027,15.601118315019859,0.22312804501985894
1,10.0,1407.781,15.39100762,15.5940580992348,0.20305047923480046
1,10.0,1408.263,15.38222288,15.586746221207708,0.20452334120770743
1,10.0,1408.745,15.3711889,15.579185706153874,0.20799680615387395
1,10.0,1409.227,15.35145049,15.571379618126878,0.21992912812687848
1,10.0,1409.709,15.37044842,15.563331059416846,0.1928826394168457
1,10.0,1410.191,15.34105626,15.555043169944183,0.21398690994418246
1,10.0,1410.673,15.34305549,15.546519126649123,0.2034636366491238
1,10.0,1411.156,15.34429288,15.537743734967655,0.19345085496765613
1,10.0,1411.638,15.33617284,15.52875658671265,0.19258374671264988
1,10.0,1412.12,15.32051417,15.519543038253707,0.19902886825370736
1,10.0,1412.602,15.30014686,15.51010640848834,0.20995954848834053
1,10.0,1413.084,15.29322717,15.500450050214118,0.20722288021411828
1,10.0,1413.566,15.30065575,15.49057734949183,0.18992159949182863
1,10.0,1414.048,15.29105066,15.480491725004192,0.18944106500419267
1,10.0,1414.53,15.27387218,15.470196627410306,0.19632444741030675
1,10.0,1415.012,15.27707777,15.459695538695515,0.18261776869551483
1,10.0,1415.495,15.2449293,15.44896955692298,0.20404025692297978
1,10.0,1415.977,15.22650206,15.43806664492447,0.21156458492447072
1,10.0,1416.459,15.20946484,15.426968376593964,0.21750353659396282
1,10.0,1416.941,15.20768131,15.415678352693133,0.20799704269313324
1,10.0,1417.423,15.19688278,15.404200201993053,0.20731742199305359
1,10.0,1417.905,15.17430487,15.392537580597962,0.21823271059796134
1,10.0,1418.387,15.1439365,15.380694171264924,0.23675767126492353
1,10.0,1418.869,15.14857202,15.368673682719125,0.22010166271912546
1,10.0,1419.352,15.10999477,15.356454372966136,0.24645960296613545
1,10.0,1419.834,15.09600147,15.34409060467829,0.24808913467829008
1,10.0,1420.316,15.11125683,15.331561040123537,0.22030421012353685
1,10.0,1420.798,15.10047351,15.318869485015705,0.21839597501570474
1,10.0,1421.28,15.10367891,15.306019767548824,0.20234085754882436
1,10.0,1421.762,15.07144337,15.293015737687504,0.22157236768750366
1,10.0,1422.244,15.06872072,15.279861266453114,0.2111405464531142
1,10.0,1422.726,15.06828812,15.266560245206165,0.19827212520616477
1,10.0,1423.208,15.03595287,15.253116584924644,0.21716371492464503
1,10.0,1423.69,15.06718252,15.239534215478463,0.17235169547846318
1,10.0,1424.173,15.02888854,15.225788488787163,0.19689994878716277
1,10.0,1424.655,15.02192219,15.21194029531184,0.1900181053118395
1,10.0,1425.137,15.01394465,15.197965296599055,0.18402064659905548
1,10.0,1425.619,15.00930445,15.183867490787405,0.1745630407874046
1,10.0,1426.101,14.97910023,15.169650891221783,0.1905506612217831
1,10.0,1426.583,14.98964484,15.155319525705755,0.1656746857057545
1,10.0,1427.065,14.95957368,15.140877435750397,0.18130375575039714
1,10.0,1427.547,14.96716266,15.126328675819806,0.15916601581980672
1,10.0,1428.03,14.92442939,15.1116468117256,0.18721742172560063
1,10.0,1428.512,14.91299844,15.096896723094689,0.18389828309468825
1,10.0,1428.994,14.89380312,15.082052206499228,0.1882490864992281
1,10.0,1429.476,14.8886771,15.06711736062609,0.17844026062608975
1,10.0,1429.958,14.87970545,15.052096293293708,0.17239084329370868
1,10.0,1430.44,14.86989489,15.036993120679139,0.1670982306791391
1,10.0,1430.922,14.84692188,15.021811966542497,0.17489008654249716
1,10.0,1431.404,14.83474752,15.006556961448632,0.17180944144863197
1,10.0,1431.886,14.83115728,14.99123224198654,0.16007496198654003
1,10.0,1432.369,14.83093835,14.975809954632945,0.1448716046329448
1,10.0,1432.851,14.82246751,14.960358113251838,0.13789060325183833
1,10.0,1433.333,14.78486642,14.9448490041841,0.1599825841840996
1,10.0,1433.815,14.77299046,14.929286780266272,0.1562963202662715
1,10.0,1434.297,14.7588241,14.913675596420006,0.15485149642000628
1,10.0,1434.779,14.75317614,14.898019608858512,0.14484346885851096
1,10.0,1435.261,14.72447417,14.882322974291702,0.15784880429170123
1,10.0,1435.743,14.71774346,14.866589849129571,0.14884638912957193
1,10.0,1436.226,14.70154726,14.850791649529441,0.14924438952944108
1,10.0,1436.708,14.66870451,14.834997953063407,0.16629344306340776
1,10.0,1437.19,14.65635267,14.819180234055644,0.16282756405564314
1,10.0,1437.672,14.62045901,14.803342639717785,0.18288362971778582
1,10.0,1438.154,14.6352477,14.787489312959503,0.1522416129595019
1,10.0,1438.636,14.61977901,14.771624391586027,0.15184538158602656
1,10.0,1439.118,14.60047484,14.75575200749496,0.15527716749496
1,10.0,1439.6,14.58608856,14.739876285873056,0.15378772587305534
1,10.0,1440.083,14.58784096,14.7239684124927,0.1361274524927012
1,10.0,1440.565,14.57867689,14.708098374918293,0.12942148491829286
1,10.0,1441.047,14.53556497,14.692237335570452,0.1566723655704525
1,10.0,1441.529,14.51735691,14.676389384737558,0.15903247473755755
1,10.0,1442.011,14.51143861,14.660558601980313,0.1491199919803119
1,10.0,1442.493,14.50377215,14.644749055330072,0.14097690533007246
1,10.0,1442.975,14.49872775,14.628964800488308,0.13023705048830791
1,10.0,1443.457,14.48222368,14.61320988002717,0.13098620002716999
1,10.0,1443.939,14.45665129,14.597488322591266,0.140837032591266
1,10.0,1444.422,14.44108236,14.581771643937138,0.14068928393713875
1,10.0,1444.904,14.42808052,14.566128928779726,0.13804840877972602
1,10.0,1445.386,14.40110464,14.550531579302028,0.14942693930202822
1,10.0,1445.868,14.3785306,14.534983560453295,0.15645296045329538
1,10.0,1446.35,14.37697737,14.519488819289025,0.14251144928902448
1,10.0,1446.832,14.35674736,14.504051284184792,0.14730392418479177
1,10.0,1447.314,14.32234326,14.488674864052701,0.16633160405270075
1,10.0,1447.796,14.33779547,14.47336344756067,0.13556797756067063
1,10.0,1448.279,14.31272463,14.458089353080412,0.14536472308041226
1,10.0,1448.76,14.28856534,14.442951074285833,0.15438573428583346
1,10.0,1449.243,14.26610883,14.42782655496597,0.16171772496596937
1,10.0,1449.725,14.26134277,14.412813778302304,0.15147100830230364
1,10.0,1450.207,14.25861784,14.397885125670715,0.13926728567071578
1,10.0,1450.689,14.24258028,14.383044348016922,0.14046406801692157
1,10.0,1451.171,14.22118775,14.368295170675136,0.1471074206751357
1,10.0,1451.653,14.20384683,14.353641292618292,0.1497944626182921
1,10.0,1452.135,14.19793524,14.339086385712992,0.1411511457129926
1,10.0,1452.617,14.199724,14.324634093979443,0.12491009397944275
1,10.0,1453.1,14.20497699,14.310258382163788,0.1052813921637874
1,10.0,1453.582,14.17172837,14.296022369323467,0.12429399932346641
1,10.0,1454.064,14.15517284,14.281899736663796,0.12672689666379533
1,10.0,1454.546,14.1403887,14.267894009463406,0.12750530946340533
1,10.0,1455.028,14.13098245,14.254008681536465,0.12302623153646586
1,10.0,1455.51,14.10902356,14.240247214527235,0.1312236545272345
1,10.0,1455.992,14.10631664,14.226613037211623,0.12029639721162333
1,10.0,1456.474,14.09885724,14.213109544805352,0.11425230480535298
1,10.0,1456.957,14.07806023,14.19971250249184,0.12165227249183985
1,10.0,1457.439,14.05381013,14.18648071633052,0.1326705863305193
1,10.0,1457.921,14.04566941,14.173389599341784,0.1277201893417832
1,10.0,1458.403,14.06361288,14.160442405649777,0.09682952564977576
1,10.0,1458.885,14.04202269,14.147642352467402,0.10561966246740262
1,10.0,1459.367,14.04174533,14.134992619449724,0.09324728944972449
1,10.0,1459.849,14.03106226,14.12249634805583,0.09143408805582887
1,10.0,1460.331,14.03959544,14.110156640919001,0.07056120091900198
1,10.0,1460.813,14.02657719,14.097976561225757,0.07139937122575724
1,10.0,1461.296,14.01469803,14.085934370828893,0.07123634082889296
1,10.0,1461.778,13.99144883,14.07408292145236,0.08263409145236089
1,10.0,1462.26,13.99573177,14.06240005238153,0.06666828238152966
1,10.0,1462.742,14.01606796,14.050888662899345,0.034820702899343914
1,10.0,1463.224,14.00258219,14.039551609873412,0.036969419873411624
1,10.0,1463.706,13.9771213,14.02839170719148,0.05127040719147935
1,10.0,1464.188,13.98740057,14.01741172520712,0.030011155207120055
1,10.0,1464.67,13.97810073,14.00661439019559,0.028513660195590873
1,10.0,1465.153,13.96468466,13.99598056169484,0.031295901694839756
1,10.0,1465.635,13.96923867,13.985556913162476,0.016318243162476875
1,10.0,1466.117,13.96980061,13.975323826003894,0.005523216003894049
1,10.0,1466.599,13.94321465,13.965283844856454,0.022069194856454644
1,10.0,1467.081,13.92404419,13.95543946771872,0.03139527771872075
1,10.0,1467.563,13.92543906,13.9457931454719,0.020354085471899097
1,10.0,1468.045,13.92408583,13.936347281413065,0.012261451413065672
1,10.0,1468.527,13.90064547,13.927104230799767,0.026458760799766168
1,10.0,1469.01,13.91649482,13.918047764310412,0.0015529443104114193
1,10.0,1469.492,13.89176107,13.909217644556128,0.017456574556128146
1,10.0,1469.974,13.90025381,13.900597115940352,0.0003433059403512573
1,10.0,1470.456,13.85750408,13.892188337146374,0.03468425714637391
1,10.0,1470.938,13.89731984,13.883993416722033,-0.013326423277966626
1,10.0,1471.42,13.86172559,13.876014412697822,0.014288822697821502
1,10.0,1471.902,13.84919719,13.868253332217787,0.019056142217786842
1,10.0,1472.384,13.85031072,13.860712131183297,0.010401411183297071
1,10.0,1472.866,13.87305847,13.853392713909768,-0.019665756090232023
1,10.0,1473.349,13.8529443,13.846282444985762,-0.006661855014238327
1,10.0,1473.831,13.87102145,13.839412569743809,-0.031608880256191796
1,10.0,1474.313,13.84389426,13.832769882028398,-0.011124377971603039
1,10.0,1474.795,13.88589415,13.826356076531784,-0.05953807346821627
1,10.0,1475.277,13.86862449,13.820172794841854,-0.04845169515814618
1,10.0,1475.759,13.8737242,13.814221625178924,-0.05950257482107624
1,10.0,1476.241,13.86206209,13.80850410214639,-0.0535579878536101
1,10.0,1476.723,13.87315431,13.803021706495015,-0.07013260350498562
1,10.0,1477.206,13.88044665,13.797765228270984,-0.08268142172901527
1,10.0,1477.688,13.88834908,13.792757808140879,-0.09559127185912075
1,10.0,1478.17,13.87500893,13.78798963505772,-0.08701929494228011
1,10.0,1478.652,13.89320249,13.783461972169698,-0.1097405178303017
1,10.0,1479.134,13.8937906,13.779176027802905,-0.11461457219709636
1,10.0,1479.616,13.88261495,13.775132955309685,-0.10748199469031583
1,10.0,1480.098,13.9097801,13.771333852931253,-0.13844624706874775
1,10.0,1480.58,13.89702098,13.767779763674552,-0.1292412163254486
1,10.0,1481.062,13.8933834,13.764471675203328,-0.12891172479667112
1,10.0,1481.544,13.90610333,13.76141051974345,-0.14469281025655079
1,10.0,1482.027,13.90565091,13.758591595362349,-0.14705931463765154
1,10.0,1482.509,13.89435337,13.756027397110707,-0.13832597288929271
1,10.0,1482.991,13.92891904,13.753712596719513,-0.17520644328048718
1,10.0,1483.473,13.91413692,13.751647903887532,-0.16248901611246858
1,10.0,1483.955,13.93170286,13.74983397261707,-0.1818688873829295
1,10.0,1484.437,13.93232197,13.74827140120527,-0.18405056879472959
1,10.0,1484.919,13.92449219,13.746960732249686,-0.1775314577503142
1,10.0,1485.401,13.93182203,13.745902452667956,-0.18591957733204367
1,10.0,1485.884,13.95446348,13.74509558573174,-0.20936789426825975
1,10.0,1486.366,13.94567616,13.744543848771254,-0.2011323112287453
1,10.0,1486.848,13.98999004,13.744245628876326,-0.24574441112367396
1,10.0,1487.33,13.97840142,13.744201190612321,-0.23420022938767993
1,10.0,1487.812,13.98853754,13.744410743176656,-0.24412679682334293
1,10.0,1488.294,14.00031084,13.74487444050331,-0.2554363994966895
1,10.0,1488.776,14.0364818,13.745592381381426,-0.2908894186185744
1,10.0,1489.258,14.0613103,13.746564609587642,-0.31474569041235867
1,10.0,1489.74,14.07269919,13.747791114032205,-0.3249080759677945
1,10.0,1490.223,14.09980398,13.749275165118398,-0.3505288148816028
1,10.0,1490.705,14.11246912,13.751010497113297,-0.36145862288670294
1,10.0,1491.187,14.12028792,13.752999744127415,-0.3672881758725861
1,10.0,1491.669,14.10763826,13.75524267722805,-0.3523955827719494
1,10.0,1492.151,14.14263189,13.757739013551287,-0.3848928764487134
1,10.0,1492.633,14.13851777,13.760488416529016,-0.37802935347098376
1,10.0,1493.115,14.14872812,13.763490496129112,-0.38523762387088745
1,10.0,1493.597,14.16666161,13.766744809108465,-0.3999168008915355
1,10.0,1494.08,14.16424097,13.770258394550462,-0.3939825754495381
1,10.0,1494.562,14.17991682,13.774016153589077,-0.4059006664109237
1,10.0,1495.044,14.21058024,13.778024498434391,-0.4325557415656096
1,10.0,1495.526,14.2216081,13.782282775678775,-0.4393253243212243
1,10.0,1496.008,14.24326773,13.786790280160401,-0.45647744983959804
1,10.0,1496.49,14.26727864,13.791546255291642,-0.4757323847083583
1,10.0,1496.972,14.29736492,13.796549893399328,-0.5008150266006712
1,10.0,1497.454,14.30813242,13.801800336077116,-0.5063320839228833
1,10.0,1497.937,14.33542795,13.807308332692507,-0.5281196173074925
1,10.0,1498.419,14.38758556,13.813050115326615,-0.5745354446733852
1,10.0,1498.901,14.35709109,13.819035824465837,-0.5380552655341635
1,10.0,1499.383,14.37912035,13.825264402423164,-0.553855947576837
1,10.0,1499.865,14.42500692,13.831734742712664,-0.5932721772873357
1,10.0,1500.347,14.43565194,13.838445690469344,-0.5972062495306556
1,10.0,1500.829,14.43999838,13.845396042879953,-0.5946023371200475
1,10.0,1501.311,14.4437747,13.852584549623877,-0.5911901503761232
1,10.0,1501.793,14.46359834,13.860009913324623,-0.6035884266753779
1,10.0,1502.276,14.4693662,13.867686927804831,-0.6016792721951685
1,10.0,1502.758,14.47118245,13.87558241163874,-0.5956000383612601
1,10.0,1503.24,14.4960723,13.883710579602646,-0.6123617203973541
1,10.0,1503.722,14.51082682,13.892069950715882,-0.6187568692841179
1,10.0,1504.204,14.52777642,13.900658999347108,-0.6271174206528922
1,10.0,1504.686,14.56394679,13.90947615572333,-0.6544706342766684
1,10.0,1505.168,14.54969128,13.918519806447607,-0.6311714735523921
1,10.0,1505.65,14.60315389,13.927788295025541,-0.6753655949744584
1,10.0,1506.133,14.6264877,13.937299845324556,-0.6891878546754437
1,10.0,1506.615,14.63950005,13.94701332791206,-0.6924867220879403
1,10.0,1507.097,14.69067225,13.956946421933978,-0.7337258280660226
1,10.0,1507.579,14.73284642,13.9670973038517,-0.7657491161482994
1,10.0,1508.061,14.75992401,13.977464109784732,-0.7824599002152688
1,10.0,1508.543,14.76740113,13.988044936084536,-0.7793561939154632
1,10.0,1509.025,14.78220472,13.99883783991543,-0.7833668800845697
1,10.0,1509.507,14.79308915,14.00984083984238,-0.7832483101576209
1,10.0,1509.99,14.838694,14.021075390794975,-0.8176186092050255
1,10.0,1510.471,14.827191,14.032469012820806,-0.7947219871791926
1,10.0,1510.954,14.86226055,14.044114355902101,-0.8181461940978991
1,10.0,1511.436,14.86001945,14.055937591241452,-0.804081858758547
1,10.0,1511.918,14.87447252,14.067960453008746,-0.8065120669912531
1,10.0,1512.4,14.89078959,14.080180740801685,-0.8106088491983154
1,10.0,1512.882,14.90581138,14.0925962199081,-0.8132151600919002
1,10.0,1513.364,14.91475487,14.10520462194065,-0.8095502480593488
1,10.0,1513.846,14.94653938,14.118003645476284,-0.828535734523717
1,10.0,1514.328,14.93375946,14.130990956700249,-0.8027685032997507
1,10.0,1514.811,14.97519751,14.144191712022332,-0.8310057979776673
1,10.0,1515.293,15.00035571,14.15754884910391,-0.8428068608960899
1,10.0,1515.775,15.00698924,14.171087079517356,-0.8359021604826431
1,10.0,1516.257,15.03858162,14.18480394634427,-0.8537776736557312
1,10.0,1516.739,15.05971385,14.198696963556925,-0.8610168864430747
1,10.0,1517.221,15.04874612,14.212763616685024,-0.8359825033149768
1,10.0,1517.703,15.07932595,14.227001363485346,-0.8523245865146531
1,10.0,1518.185,15.08578318,14.241407634614328,-0.844375545385672
1,10.0,1518.667,15.11484879,14.255979834302918,-0.8588689556970817
1,10.0,1519.15,15.1285668,14.270746080550193,-0.8578207194498066
1,10.0,1519.632,15.14177981,14.285642578290329,-0.8561372317096705
1,10.0,1520.114,15.15093902,14.300697059947606,-0.8502419600523936
1,10.0,1520.596,15.15868491,14.315906830795699,-0.8427780792043009
1,10.0,1521.078,15.18714021,14.331269173089485,-0.855871036910516
1,10.0,1521.56,15.1945408,14.346781346750582,-0.8477594532494184
1,10.0,1522.042,15.23233153,14.362440590053785,-0.8698909399462149
1,10.0,1522.524,15.22072961,14.378244120314532,-0.8424854896854672
1,10.0,1523.007,15.22717935,14.394222360636531,-0.8329569893634687
1,10.0,1523.489,15.24925269,14.410306321092747,-0.8389463689072532
1,10.0,1523.971,15.23054647,14.426526095662327,-0.8040203743376733
1,10.0,1524.453,15.25069935,14.442878824667426,-0.8078205253325734
1,10.0,1524.935,15.22856431,14.45936163091322,-0.7692026790867796
1,10.0,1525.417,15.2418068,14.475971620375685,-0.7658351796243164
1,10.0,1525.899,15.22653168,14.492705882888574,-0.733825797111427
1,10.0,1526.381,15.21778937,14.509561492829654,-0.7082278771703461
1,10.0,1526.864,15.23721595,14.526570846645376,-0.7106451033546239
1,10.0,1527.346,15.2536477,14.543660552624768,-0.7099871473752319
1,10.0,1527.828,15.25117554,14.56086273710492,-0.6903128028950807
1,10.0,1528.31,15.25192787,14.57817441945308,-0.6737534505469203
1,10.0,1528.792,15.24695606,14.595592606994083,-0.6513634530059171
1,10.0,1529.274,15.25942497,14.613114295687607,-0.6463106743123923
1,10.0,1529.756,15.27097462,14.630736470803477,-0.6402381491965237
1,10.0,1530.238,15.29033938,14.648456107594578,-0.6418832724054226
1,10.0,1530.72,15.2960123,14.666270171967373,-0.6297421280326265
1,10.0,1531.203,15.31162313,14.684212862263692,-0.6274102677363071
1,10.0,1531.685,15.33448113,14.702206825559397,-0.6322743044406032
1,10.0,1532.167,15.33039237,14.720286058390867,-0.6101063116091332
1,10.0,1532.649,15.36326529,14.738447495916322,-0.6248177940836772
1,10.0,1533.131,15.38900853,14.756688067259251,-0.6323204627407488
1,10.0,1533.613,15.41850224,14.7750046961609,-0.6434975438391
1,10.0,1534.095,15.43494545,14.793394301629347,-0.6415511483706542
1,10.0,1534.577,15.44908404,14.811853798584806,-0.6372302414151942
1,10.0,1535.06,15.46591588,14.830418602105341,-0.6354972778946593
1,10.0,1535.542,15.47364973,14.849008742614428,-0.6246409873855718
1,10.0,1536.024,15.50009316,14.867659494819673,-0.6324336651803275
1,10.0,1536.506,15.48194856,14.886367763662685,-0.5955807963373143
1,10.0,1536.988,15.48877978,14.905130453165636,-0.5836493268343634
1,10.0,1537.47,15.52294767,14.923944467051744,-0.599003202948257
1,10.0,1537.952,15.52090704,14.942806709361458,-0.5781003306385433
1,10.0,1538.434,15.56714178,14.961714085063656,-0.6054276949363437
1,10.0,1538.917,15.5726084,14.98070285635802,-0.59190554364198
1,10.0,1539.398,15.59061414,14.999651864798565,-0.5909622752014343
1,10.0,1539.881,15.6194605,15.018715593326295,-0.6007449066737056
1,10.0,1540.363,15.6430862,15.03777265677816,-0.6053135432218415
1,10.0,1540.845,15.68083463,15.056859407064197,-0.6239752229358029
1,10.0,1541.327,15.67832006,15.075972767298323,-0.602347292701678
1,10.0,1541.809,15.70389019,15.09510966566436,-0.6087805243356392
1,10.0,1542.291,15.67963237,15.11426703598627,-0.5653653340137303
1,10.0,1542.773,15.65497574,15.133441818292978,-0.5215339217070216
1,10.0,1543.255,15.66455679,15.152630959377678,-0.5119258306223227
1,10.0,1543.738,15.6567751,15.17187125796874,-0.4849038420312617
1,10.0,1544.22,15.63615199,15.191080000822986,-0.4450719891770145
1,10.0,1544.702,15.61926502,15.210293982649727,-0.4089710373502733
1,10.0,1545.184,15.60324082,15.229510182795288,-0.3737306372047122
1,10.0,1545.666,15.60888281,15.248725590080479,-0.36015721991952176
1,10.0,1546.148,15.58408285,15.267937203324733,-0.3161456466752668
1,10.0,1546.63,15.58737664,15.287142031864084,-0.3002346081359164
1,10.0,1547.112,15.55504798,15.306337096062967,-0.2487108839370329
1,10.0,1547.594,15.55893761,15.325519427819772,-0.2334181821802268
1,10.0,1548.077,15.56067154,15.34472581753409,-0.21594572246590893
1,10.0,1548.559,15.55032723,15.363873787022493,-0.18645344297750732
1,10.0,1549.041,15.54740179,15.383000187865068,-0.16440160213493193
1,10.0,1549.523,15.53173403,15.402102103056148,-0.12963192694385306
1,10.0,1550.005,15.51387767,15.421176629558998,-0.09270104044100158
1,10.0,1550.487,15.53102111,15.44022087877355,-0.09080023122644931
1,10.0,1550.969,15.51540637,15.459231976997529,-0.05617439300247007
1,10.0,1551.451,15.52260758,15.478207065881293,-0.044400514118708045
1,10.0,1551.934,15.51980048,15.497182547324773,-0.022617932675228047
1,10.0,1552.416,15.48782588,15.51607701672827,0.028251136728268733
1,10.0,1552.898,15.5254237,15.534926992496173,0.009503292496173543
1,10.0,1553.38,15.50039377,15.553729682141984,0.053335912141983854
1,10.0,1553.862,15.52332962,15.5724823107084,0.049152690708400115
1,10.0,1554.344,15.52576087,15.59118212118276,0.06542125118276054
1,10.0,1554.826,15.50870141,15.609826374905882,0.10112496490588185
1,10.0,1555.308,15.50556363,15.628412351974257,0.12284872197425756
1,10.0,1555.791,15.5252322,15.64697571999577,0.12174351999577127
1,10.0,1556.273,15.53691863,15.665436926193486,0.12851829619348543
1,10.0,1556.755,15.56263615,15.683831806983255,0.12119565698325552
1,10.0,1557.237,15.55774183,15.702157721417397,0.1444158914173972
1,10.0,1557.719,15.59078756,15.72041204921675,0.12962448921674863
1,10.0,1558.201,15.59556426,15.73859219113351,0.14302793113350987
1,10.0,1558.683,15.64029227,15.756695569307146,0.11640329930714621
1,10.0,1559.165,15.67770361,15.774719627613962,0.09701601761396184
1,10.0,1559.647,15.67776367,15.79266183200989,0.11489816200989011
1,10.0,1560.13,15.71439093,15.810556630896995,0.09616570089699472
1,10.0,1560.612,15.69902878,15.828327432566137,0.1292986525661366
1,10.0,1561.094,15.72054468,15.846008908910045,0.1254642289100456
1,10.0,1561.576,15.7158773,15.863598617550794,0.14772131755079343
1,10.0,1562.058,15.71530986,15.88109413980759,0.1657842798075908
1,10.0,1562.54,15.73252973,15.898493081000595,0.16596335100059534
1,10.0,1563.022,15.72469782,15.915793070748375,0.19109525074837563
1,10.0,1563.504,15.72215265,15.932991763259135,0.2108391132591354
1,10.0,1563.987,15.74274468,15.950122195266774,0.20737751526677428
1,10.0,1564.469,15.76630957,15.967111133596012,0.20080156359601098
1,10.0,1564.951,15.76275263,15.983991882981652,0.22123925298165226
1,10.0,1565.433,15.78321135,16.000762198827495,0.21755084882749465
1,10.0,1565.915,15.80286503,16.017419862487795,0.21455483248779572
1,10.0,1566.397,15.80654879,16.03396268152065,0.22741389152064784
1,10.0,1566.879,15.8218104,16.05038848993506,0.22857808993505913
1,10.0,1567.361,15.84089395,16.066695148432043,0.22580119843204294
1,10.0,1567.844,15.84940966,16.082913996796552,0.23350433679655325
1,10.0,1568.325,15.87169099,16.098942593340425,0.2272516033404255
1,10.0,1568.808,15.90688446,16.11491216850077,0.20802770850076868
1,10.0,1569.29,15.92625726,16.13072110978938,0.2044638497893807
1,10.0,1569.772,15.94626209,16.146400608927955,0.20013851892795564
1,10.0,1570.254,15.98438262,16.161948691548655,0.17756607154865556
1,10.0,1570.736,16.00642964,16.177363411493968,0.17093377149396716
1,10.0,1571.218,16.02950001,16.192642851009968,0.163142841009968
1,10.0,1571.7,16.05140521,16.207785120933814,0.15637991093381487
1,10.0,1572.182,16.07390056,16.222788360875242,0.14888780087524367
1,10.0,1572.665,16.05825163,16.23768142652265,0.17942979652264768
1,10.0,1573.147,16.08119282,16.25240084345769,0.17120802345769093
1,10.0,1573.629,16.1076131,16.266975819959654,0.15936271995965612
1,10.0,1574.111,16.12916245,16.281404612494086,0.15224216249408684
1,10.0,1574.593,16.14109771,16.295685507123363,0.15458779712336224
1,10.0,1575.075,16.17190108,16.30981681965498,0.1379157396549786
1,10.0,1575.557,16.20856503,16.323796895784383,0.11523186578438427
1,10.0,1576.039,16.22731155,16.337624111232177,0.11031256123217759
1,10.0,1576.521,16.26802681,16.351296871876354,0.08327006187635533
1,10.0,1577.004,16.29956928,16.364841493662283,0.06527221366228275
1,10.0,1577.486,16.31226475,16.37820035514669,0.06593560514668795
1,10.0,1577.968,16.33317237,16.391400158560657,0.058227788560657245
1,10.0,1578.45,16.33631524,16.404439431690747,0.06812419169074602
1,10.0,1578.932,16.37887377,16.417316733063064,0.038442963063065605
1,10.0,1579.414,16.370625,16.430030652044408,0.05940565204440773
1,10.0,1579.896,16.40669789,16.44257980893816,0.035881918938159174
1,10.0,1580.378,16.41138303,16.45496285507558,0.04357982507557878
1,10.0,1580.861,16.42311473,16.467203641568442,0.044088911568440636
1,10.0,1581.343,16.43363953,16.479250193378434,0.045610663378433
1,10.0,1581.825,16.44720438,16.491126772859207,0.043922392859208514
1,10.0,1582.307,16.47063184,16.50283215633221,0.03220031633221154
1,10.0,1582.789,16.45702654,16.51436515152977,0.05733861152976871
1,10.0,1583.271,16.49533781,16.525724597657554,0.030386787657555203
1,10.0,1583.753,16.49934371,16.536909365452267,0.037565655452265645
1,10.0,1584.235,16.52964659,16.54791835723495,0.01827176723494972
1,10.0,1584.718,16.52628124,16.55877279574942,0.03249155574942009
1,10.0,1585.2,16.52742105,16.56942669895534,0.04200564895533887
1,10.0,1585.682,16.56216648,16.579901721034684,0.0177352410346856
1,10.0,1586.164,16.56117413,16.590196891153184,0.029022761153182586
1,10.0,1586.646,16.58366965,16.60031127025975,0.01664162025974747
1,10.0,1587.128,16.59574643,16.61024395111294,0.014497521112939893
1,10.0,1587.61,16.59565683,16.619994058303497,0.024337228303497938
1,10.0,1588.092,16.59897203,16.629560748272286,0.030588718272287707
1,10.0,1588.574,16.59506975,16.638943209324403,0.04387345932440212
1,10.0,1589.057,16.61880237,16.648159550649794,0.02935718064979298
1,10.0,1589.539,16.6082051,16.6571708601425,0.04896576014250087
1,10.0,1590.021,16.61166121,16.665995695443588,0.054334485443586544
1,10.0,1590.503,16.64245573,16.674633372437878,0.03217764243787968
1,10.0,1590.985,16.62961896,16.683083238882595,0.05346427888259697
1,10.0,1591.467,16.63242159,16.69134467439708,0.058923084397079606
1,10.0,1591.949,16.61905827,16.699417090448417,0.08035882044841713
1,10.0,1592.431,16.63884081,16.70729993033336,0.06845912033335821
1,10.0,1592.914,16.64076808,16.715008431238356,0.07424035123835537
1,10.0,1593.396,16.66101062,16.72251017997137,0.06149955997137013
1,10.0,1593.878,16.64635992,16.72982087224305,0.08346095224305117
1,10.0,1594.36,16.6510491,16.73694007847681,0.08589097847680804
1,10.0,1594.842,16.65661404,16.74386740077803,0.08725336077802837
1,10.0,1595.324,16.67379054,16.750602472893405,0.07681193289340627
1,10.0,1595.806,16.66798889,16.757144960166702,0.0891560701667018
1,10.0,1596.288,16.67189353,16.763494559490795,0.09160102949079629
1,10.0,1596.771,16.65707217,16.769663570992105,0.1125914009921054
1,10.0,1597.252,16.65374272,16.775614039296354,0.12187131929635342
1,10.0,1597.735,16.65656632,16.78139523921962,0.12482891921962036
1,10.0,1598.217,16.66944041,16.786970482575235,0.11753007257523507
1,10.0,1598.699,16.64984254,16.79235179348821,0.14250925348820687
1,10.0,1599.181,16.64518263,16.79753905700753,0.15235642700752905
1,10.0,1599.663,16.64797673,16.802532189297747,0.15455545929774672
1,10.0,1600.145,16.63664601,16.807331137563274,0.17068512756327436
1,10.0,1600.627,16.66030343,16.811935879969507,0.1516324499695081
1,10.0,1601.109,16.65409526,16.816346425560464,0.16225116556046615
1,10.0,1601.592,16.66605747,16.820571360085577,0.15451389008557825
1,10.0,1602.074,16.66386852,16.824593259687152,0.16072473968715073
1,10.0,1602.556,16.66648894,16.828421174247023,0.16193223424702197
1,10.0,1603.038,16.64420114,16.832055235498718,0.187854095498718
1,10.0,1603.52,16.65594355,16.835495605593973,0.17955205559397314
1,10.0,1604.002,16.64195993,16.838742477000903,0.19678254700090392
1,10.0,1604.484,16.64060967,16.84179607239919,0.20118640239919117
1,10.0,1604.966,16.63964619,16.844656644572215,0.20501045457221423
1,10.0,1605.448,16.66117024,16.847324476295746,0.1861542362957458
1,10.0,1605.931,16.64093869,16.849804816121065,0.20886612612106603
1,10.0,1606.413,16.63646386,16.85208773652811,0.21562387652810955
1,10.0,1606.895,16.64409591,16.85417894441329,0.2100830344132909
1,10.0,1607.377,16.62788627,16.8560788414108,0.22819257141079774
1,10.0,1607.859,16.60016793,16.857787858545358,0.2576199285453562
1,10.0,1608.341,16.59120906,16.859306456102846,0.26809739610284566
1,10.0,1608.823,16.59595179,16.860635123497843,0.26468333349784245
1,10.0,1609.305,16.62064238,16.861774379138225,0.2411319991382257
1,10.0,1609.788,16.60178742,16.862726546123266,0.2609391261232652
1,10.0,1610.27,16.57685929,16.863488258734797,0.2866289687347958
1,10.0,1610.752,16.58407002,16.864062288660243,0.2799922686602443
1,10.0,1611.234,16.57001345,16.864449268926066,0.29443581892606474
1,10.0,1611.716,16.56765549,16.864649860830404,0.29699437083040436
1,10.0,1612.198,16.55624324,16.864664753789903,0.30842151378990224
1,10.0,1612.68,16.56494803,16.86449466518397,0.29954663518396885
1,10.0,1613.162,16.54002169,16.86414034019579,0.3241186501957891
1,10.0,1613.645,16.54567219,16.863601245747635,0.3179290557476335
1,10.0,1614.127,16.5139816,16.86288041583041,0.3488988158304096
1,10.0,1614.609,16.53160103,16.861977752018127,0.3303767220181264
1,10.0,1615.091,16.52395878,16.860894109120355,0.3369353291203545
1,10.0,1615.573,16.50116672,16.859630368913304,0.35846364891330396
1,10.0,1616.055,16.49029204,16.85818743996399,0.36789539996399157
1,10.0,1616.537,16.4951072,16.856566257451487,0.3614590574514871
1,10.0,1617.019,16.48585898,16.854767782985515,0.36890880298551565
1,10.0,1617.501,16.47162869,16.85279300442211,0.3811643144221115
1,10.0,1617.984,16.47950342,16.850638293456367,0.3711348734563664
1,10.0,1618.466,16.47624042,16.848313613896803,0.37207319389680293
1,10.0,1618.948,16.4674138,16.845815751638437,0.3784019516384376
1,10.0,1619.43,16.46137216,16.843145797676847,0.38177363767684724
1,10.0,1619.912,16.4468307,16.84030486829053,0.39347416829053117
1,10.0,1620.394,16.46320785,16.83729410483994,0.3740862548399413
1,10.0,1620.876,16.46122124,16.83411467356384,0.37289343356383853
1,10.0,1621.358,16.43836469,16.830767765373054,0.3924030753730534
1,10.0,1621.841,16.43948545,16.82724713493481,0.3877616849348122
1,10.0,1622.323,16.44011322,16.82356860222278,0.3834553822227811
1,10.0,1622.805,16.43214581,16.819726313902233,0.38758050390223175
1,10.0,1623.287,16.43115048,16.81572155750285,0.38457107750285147
1,10.0,1623.769,16.4424544,16.811555644153245,0.36910124415324574
1,10.0,1624.251,16.43520794,16.807229908358302,0.37202196835830037
1,10.0,1624.733,16.41781964,16.802745707773788,0.3849260677737867
1,10.0,1625.215,16.41452422,16.79810442297841,0.3835802029784112
1,10.0,1625.698,16.41198493,16.793297344187387,0.3813124141873878
1,10.0,1626.179,16.40902369,16.78835623629756,0.3793325462975581
1,10.0,1626.662,16.40833165,16.783241460997775,0.37490981099777443
1,10.0,1627.144,16.39583256,16.777985783039462,0.3821532230394631
1,10.0,1627.626,16.39082356,16.77258026255755,0.38175670255754923
1,10.0,1628.108,16.38246762,16.76702641277515,0.3845587927751488
1,10.0,1628.59,16.39009644,16.761325768167257,0.3712293281672565
1,10.0,1629.072,16.38122333,16.755479884211542,0.37425655421154147
1,10.0,1629.554,16.39640341,16.74949033713663,0.3530869271366299
1,10.0,1630.036,16.37394945,16.7433587236676,0.3694092736675998
1,10.0,1630.519,16.37648177,16.73707350332582,0.36059173332581906
1,10.0,1631.001,16.36866874,16.73066234166471,0.36199360166471095
1,10.0,1631.483,16.36266085,16.72411402763812,0.36145317763811846
1,10.0,1631.965,16.36731653,16.71743023740134,0.3501137074013414
1,10.0,1632.447,16.36317274,16.710612666294942,0.3474399262949426
1,10.0,1632.929,16.36524546,16.703663028574827,0.3384175685748261
1,10.0,1633.411,16.34020472,16.69658305713996,0.3563783371399616
1,10.0,1633.893,16.37442269,16.689374503257493,0.314951813257494
1,10.0,1634.375,16.34508649,16.682039136285304,0.3369526462853045
1,10.0,1634.858,16.34123749,16.67456313668368,0.33332564668367937
1,10.0,1635.34,16.32833103,16.666979268809587,0.3386482388095864
1,10.0,1635.822,16.31814352,16.659274005451042,0.34113048545104263
1,10.0,1636.304,16.31585445,16.651449185540685,0.33559473554068475
1,10.0,1636.786,16.2961794,16.643506664677375,0.34732726467737507
1,10.0,1637.268,16.31360789,16.635448314834107,0.32184042483410735
1,10.0,1637.75,16.27356058,16.627276024063455,0.3537154440634538
1,10.0,1638.232,16.30160985,16.618991696200638,0.3173818462006395
1,10.0,1638.715,16.27153165,16.610579721574414,0.33904807157441397
1,10.0,1639.197,16.27975825,16.602076870239813,0.3223186202398125
1,10.0,1639.679,16.25766553,16.593467789070132,0.3358022590701317
1,10.0,1640.161,16.27315881,16.58475444204515,0.3115956320451474
1,10.0,1640.643,16.25707479,16.57593880740704,0.31886401740704073
1,10.0,1641.125,16.24355039,16.56702287734956,0.32347248734956224
1,10.0,1641.607,16.23936004,16.55800865770492,0.3186486177049197
1,10.0,1642.089,16.24714465,16.548898167628515,0.30175351762851577
1,10.0,1642.572,16.19841871,16.539674245790707,0.3412555357907081
1,10.0,1643.054,16.20634656,16.53037713488172,0.3240305748817214
1,10.0,1643.536,16.21059528,16.52098989204129,0.31039461204128926
1,10.0,1644.018,16.20110405,16.511514586545637,0.31041053654563555
1,10.0,1644.5,16.20729984,16.501953299384578,0.2946534593845769
1,10.0,1644.982,16.20072155,16.492308122933373,0.2915865729333724
1,10.0,1645.464,16.16871936,16.482581160622523,0.3138618006225222
1,10.0,1645.946,16.15847928,16.472774526605733,0.31429524660573094
1,10.0,1646.428,16.13770343,16.4628903454256,0.32518691542560063
1,10.0,1646.911,16.13899016,16.452910011714906,0.3139198517149069
1,10.0,1647.393,16.12978856,16.442876999936384,0.3130884399363829
1,10.0,1647.875,16.10744099,16.432772878063663,0.325331888063662
1,10.0,1648.357,16.12083587,16.42259980883387,0.30176393883386865
1,10.0,1648.839,16.10404918,16.41235996367308,0.30831078367307896
1,10.0,1649.321,16.08701087,16.40205552235108,0.31504465235108015
1,10.0,1649.803,16.08675106,16.391688672634253,0.30493761263425156
1,10.0,1650.285,16.06768175,16.381261609936853,0.3135798599368549
1,10.0,1650.768,16.07628311,16.370754724937346,0.29447161493734697
1,10.0,1651.25,16.07194214,16.360213737891762,0.28827159789176093
1,10.0,1651.732,16.07298576,16.349619171087653,0.2766334110876514
1,10.0,1652.214,16.07970606,16.338973247022896,0.2592671870228962
1,10.0,1652.696,16.04195504,16.32827819407451,0.28632315407450903
1,10.0,1653.178,16.03398425,16.317536246140538,0.28355199614053817
1,10.0,1653.66,16.02198571,16.30674964228055,0.2847639322805513
1,10.0,1654.142,16.02758837,16.295920626354757,0.268332256354757
1,10.0,1654.625,16.02860577,16.285028856308095,0.2564230863080965
1,10.0,1655.106,16.01691813,16.274144355574926,0.25722622557492514
1,10.0,1655.589,15.99678478,16.263178870888197,0.26639409088819654
1,10.0,1656.071,15.99593718,16.252202661674566,0.256265481674566
1,10.0,1656.553,15.99294512,16.241195323681566,0.24825020368156636
1,10.0,1657.035,15.97881661,16.23015912192936,0.2513425119293604
1,10.0,1657.517,15.9685969,16.219096323677736,0.25049942367773603
1,10.0,1657.999,15.964756,16.208009198056118,0.24325319805611834
1,10.0,1658.481,15.95414424,16.196900015692673,0.24275577569267348
1,10.0,1658.963,15.95014252,16.185771048342684,0.23562852834268355
1,10.0,1659.446,15.94580367,16.17460142641155,0.22879775641154865
1,10.0,1659.928,15.93052772,16.163439677744133,0.23291195774413254
1,10.0,1660.41,15.93005476,16.152264967104465,0.22221020710446382
1,10.0,1660.892,15.88830269,16.14107956702252,0.2527768770225194
1,10.0,1661.374,15.9012745,16.12988574928521,0.22861124928521193
1,10.0,1661.856,15.90693551,16.11868578456087,0.21175027456087037
1,10.0,1662.338,15.88048518,16.107481942023234,0.2269967620232336
1,10.0,1662.82,15.86739881,16.096276488975054,0.22887767897505462
1,10.0,1663.302,15.85289488,16.085071690471516,0.2321768104715165
1,10.0,1663.785,15.85249612,16.07384657312538,0.22135045312538004
1,10.0,1664.267,15.84709502,16.062649881087594,0.21555486108759503
1,10.0,1664.749,15.81198419,16.051460626181747,0.23947643618174652
1,10.0,1665.231,15.80943897,16.040281060694387,0.23084209069438621
1,10.0,1665.713,15.79486506,16.029113432778374,0.2342483727783744
1,10.0,1666.195,15.78673404,16.017959986075777,0.23122594607577618
1,10.0,1666.677,15.78816829,16.006822959341097,0.21865466934109712
1,10.0,1667.159,15.7882601,15.995704586064644,0.20744448606464339
1,10.0,1667.642,15.75550104,15.984584093502544,0.22908305350254388
1,10.0,1668.124,15.74940518,15.973509754912998,0.22410457491299773
1,10.0,1668.606,15.7296545,15.96246073949647,0.23280623949646895
1,10.0,1669.088,15.73577105,15.951439255913819,0.2156682059138184
1,10.0,1669.57,15.7367808,15.940447505684297,0.2036667056842969
1,10.0,1670.052,15.72002525,15.929487682811978,0.20946243281197674
1,10.0,1670.534,15.70268766,15.918561973413047,0.21587431341304608
1,10.0,1671.016,15.6819118,15.907672555343773,0.2257607553437726
1,10.0,1671.499,15.67181558,15.896799126949341,0.22498354694934086
1,10.0,1671.981,15.69444823,15.885988876729137,0.19154064672913584
1,10.0,1672.463,15.67423128,15.875221402595356,0.2009901225953552
1,10.0,1672.945,15.66632229,15.864498845644286,0.19817655564428627
1,10.0,1673.427,15.64256995,15.853823336867292,0.21125338686729123
1,10.0,1673.909,15.63582943,15.843196996785478,0.20736756678547863
1,10.0,1674.391,15.6248194,15.832621935085857,0.20780253508585744
1,10.0,1674.873,15.60104841,15.822100250259053,0.22105184025905267
1,10.0,1675.355,15.61687851,15.811634029238308,0.19475551923830814
1,10.0,1675.838,15.62046199,15.80120381350865,0.1807418235086491
1,10.0,1676.32,15.61507689,15.790854858666766,0.17577796866676643
1,10.0,1676.802,15.59435101,15.780567559743812,0.1862165497438113
1,10.0,1677.284,15.57535867,15.770343953842305,0.19498528384230518
1,10.0,1677.766,15.58321013,15.76018606472864,0.17697593472863993
1,10.0,1678.248,15.56840709,15.750095902483483,0.18168881248348434
1,10.0,1678.73,15.56865822,15.740075463153907,0.1714172431539076
1,10.0,1679.212,15.5496475,15.73012672840809,0.18047922840808894
1,10.0,1679.695,15.54957919,15.720231255446935,0.17065206544693545
1,10.0,1680.177,15.54428609,15.710431974556831,0.16614588455683155
1,10.0,1680.659,15.51729768,15.700710257562248,0.1834125775622475
1,10.0,1681.141,15.52038606,15.69106802517452,0.17068196517451995
1,10.0,1681.623,15.50820686,15.68150718203381,0.17330032203381052
1,10.0,1682.105,15.49651708,15.672029616378575,0.17551253637857478
1,10.0,1682.587,15.48154098,15.662637199717848,0.18109621971784762
1,10.0,1683.069,15.49037662,15.653331786506234,0.16295516650623476
1,10.0,1683.552,15.49225738,15.644096185916617,0.1518388059166167
1,10.0,1684.033,15.46399718,15.634989301048337,0.1709921210483376
1,10.0,1684.516,15.46657101,15.625937205309691,0.15936619530969232
1,10.0,1684.998,15.46068384,15.616998195516981,0.15631435551698125
1,10.0,1685.48,15.44189748,15.608155198110504,0.16625771811050427
1,10.0,1685.962,15.45839944,15.59940995852614,0.141010518526139
1,10.0,1686.444,15.42869458,15.590764202957125,0.1620696229571248
1,10.0,1686.926,15.42809338,15.582219638054893,0.15412625805489277
1,10.0,1687.408,15.42653168,15.57377795063341,0.1472462706334099
1,10.0,1687.89,15.4117304,15.565440807377362,0.1537104073773623
1,10.0,1688.373,15.38573248,15.557192889404007,0.1714604094040073
1,10.0,1688.855,15.40898123,15.549069977937648,0.14008874793764825
1,10.0,1689.337,15.38355951,15.54105649035795,0.15749698035794957
1,10.0,1689.819,15.37675236,15.533154009943585,0.15640164994358585
1,10.0,1690.301,15.34723561,15.525364098440756,0.17812848844075546
1,10.0,1690.783,15.36638981,15.517688295794718,0.15129848579471883
1,10.0,1691.265,15.34929368,15.510128119885465,0.16083443988546442
1,10.0,1691.747,15.34077743,15.502685066267519,0.1619076362675198
1,10.0,1692.229,15.34343235,15.49536060791423,0.15192825791423026
1,10.0,1692.712,15.33427162,15.48814137383223,0.1538697538322289
1,10.0,1693.194,15.33140783,15.481058686835464,0.1496508568354642
1,10.0,1693.676,15.33603633,15.474098878931766,0.1380625489317655
1,10.0,1694.158,15.33418334,15.467263330250793,0.13307999025079376
1,10.0,1694.64,15.2967773,15.460553397128274,0.1637760971282738
1,10.0,1695.122,15.30969063,15.453970411877576,0.14427978187757518
1,10.0,1695.604,15.29836145,15.447515682565696,0.14915423256569582
1,10.0,1696.086,15.30126766,15.441190492794458,0.13992283279445772
1,10.0,1696.569,15.28650182,15.434983386876953,0.1484815668769528
1,10.0,1697.051,15.28446812,15.428921303257342,0.14445318325734213
1,10.0,1697.533,15.27401559,15.422992463557634,0.14897687355763445
1,10.0,1698.015,15.28835488,15.41719805137435,0.1288431713743492
1,10.0,1698.497,15.27601803,15.411539224817743,0.13552119481774305
1,10.0,1698.979,15.29275094,15.406017116322852,0.11326617632285263
1,10.0,1699.461,15.26155642,15.400632832465952,0.13907641246595226
1,10.0,1699.943,15.25764484,15.395387453786144,0.13774261378614483
1,10.0,1700.426,15.26442522,15.390271588661436,0.12584636866143661
1,10.0,1700.908,15.24638846,15.385307450499674,0.1389189904996737
1,10.0,1701.39,15.23242818,15.380485303255247,0.14805712325524745
1,10.0,1701.872,15.23104014,15.375806121586082,0.14476598158608311
1,10.0,1702.354,15.22592299,15.371270853301265,0.14534786330126437
1,10.0,1702.836,15.22460049,15.366880419215239,0.14227992921523835
1,10.0,1703.318,15.19187546,15.362635713007489,0.17076025300748832
1,10.0,1703.8,15.19263902,15.358537601087962,0.16589858108796207
1,10.0,1704.282,15.19797173,15.354586922467924,0.15661519246792288
1,10.0,1704.765,15.20674005,15.350776754418412,0.14403670441841143
1,10.0,1705.247,15.20827547,15.347123659209538,0.13884818920953812
1,10.0,1705.729,15.19700329,15.343620350277375,0.1466170602773751
1,10.0,1706.211,15.2155321,15.340267555804736,0.12473545580473555
1,10.0,1706.693,15.2011052,15.33706597601631,0.13596077601630974
1,10.0,1707.175,15.20568044,15.334016283084134,0.12833584308413393
1,10.0,1707.657,15.20349451,15.331119121039004,0.12762461103900336
1,10.0,1708.139,15.20833767,15.328375105687616,0.12003743568761571
1,10.0,1708.622,15.19625403,15.325779610707402,0.1295255807074014
1,10.0,1709.104,15.22777629,15.323343943560925,0.09556765356092534
1,10.0,1709.586,15.21259399,15.32106310151591,0.10846911151591065
1,10.0,1710.068,15.18797563,15.318937586713732,0.13096195671373145
1,10.0,1710.55,15.20417365,15.316967872746325,0.11279422274632545
1,10.0,1711.032,15.19088026,15.315154404608913,0.12427414460891306
1,10.0,1711.514,15.17853919,15.31349759865877,0.13495840865877007
1,10.0,1711.996,15.17385322,15.311997842579938,0.13814462257993831
1,10.0,1712.479,15.18330026,15.310652874261223,0.12735261426122335
1,10.0,1712.96,15.18168084,15.309470887236401,0.12779004723640064
1,10.0,1713.443,15.16842529,15.30844235440859,0.14001706440859074
1,10.0,1713.925,15.17479283,15.307574429005399,0.13278159900539954
1,10.0,1714.407,15.1742002,15.30686506145535,0.13266486145534984
1,10.0,1714.889,15.17740004,15.30631446693743,0.12891442693742938
1,10.0,1715.371,15.18061109,15.305922831877927,0.12531174187792793
1,10.0,1715.853,15.17879005,15.305690313962879,0.12690026396287912
1,10.0,1716.335,15.21428199,15.305617042156669,0.09133505215666915
1,10.0,1716.817,15.19458781,15.305703116726368,0.1111153067263686
1,10.0,1717.3,15.21018531,15.305949284342006,0.09576397434200601
1,10.0,1717.782,15.21703929,15.306354568690125,0.08931527869012434
1,10.0,1718.264,15.2238161,15.306919328365055,0.08310322836505435
1,10.0,1718.746,15.20228854,15.30764354914822,0.10535500914822116
1,10.0,1719.228,15.23042996,15.308527188334608,0.07809722833460775
1,10.0,1719.71,15.21855051,15.309570174792366,0.09101966479236623
1,10.0,1720.192,15.21180149,15.310772409028509,0.09897091902850974
1,10.0,1720.674,15.21014273,15.312133763260055,0.10199103326005599
1,10.0,1721.156,15.20490644,15.313654081491165,0.10874764149116523
1,10.0,1721.639,15.22383433,15.315336828110683,0.09150249811068178
1,10.0,1722.121,15.21598043,15.317174822660009,0.10119439266000896
1,10.0,1722.603,15.20731137,15.319171144272882,0.11185977427288307
1,10.0,1723.085,15.22214199,15.321325524928492,0.09918353492849086
1,10.0,1723.567,15.23012693,15.323637668863702,0.09351073886370109
1,10.0,1724.049,15.23390639,15.326107252683848,0.09220086268384797
1,10.0,1724.531,15.22168021,15.328733925479012,0.10705371547901166
1,10.0,1725.013,15.22645966,15.331517308945985,0.10505764894598535
1,10.0,1725.496,15.24278744,15.334463258637374,0.0916758186373734
1,10.0,1725.978,15.22113692,15.337559142524158,0.11642222252415912
1,10.0,1726.46,15.23810292,15.340810438129761,0.10270751812976187
1,10.0,1726.942,15.24873007,15.34421665884728,0.09548658884727956
1,10.0,1727.424,15.25575589,15.347777291365967,0.09202140136596704
1,10.0,1727.906,15.26976718,15.351491795824751,0.08172461582475066
1,10.0,1728.388,15.26407473,15.35535960597099,0.09128487597098989
1,10.0,1728.87,15.26370429,15.359380129324126,0.0956758393241266
1,10.0,1729.353,15.26028681,15.363561561887655,0.10327475188765511
1,10.0,1729.835,15.26953472,15.36788594367458,0.09835122367458027
1,10.0,1730.317,15.27367991,15.372361104154802,0.09868119415480159
1,10.0,1730.799,15.28138056,15.37698634762023,0.09560578762022942
1,10.0,1731.281,15.27554927,15.381760953027921,0.1062116830279205
1,10.0,1731.763,15.2923628,15.386684174192952,0.09432137419295294
1,10.0,1732.245,15.29637543,15.391755239986011,0.09537980998601192
1,10.0,1732.727,15.31359579,15.396973354535557,0.08337756453555656
1,10.0,1733.209,15.31018618,15.40233769743432,0.09215151743431882
1,10.0,1733.692,15.33684906,15.407859005445562,0.07100994544556194
1,10.0,1734.174,15.34501988,15.41351354564162,0.06849366564162018
1,10.0,1734.656,15.3460987,15.419311706007033,0.07321300600703218
1,10.0,1735.138,15.3720683,15.425252570097202,0.05318427009720139
1,10.0,1735.62,15.39270564,15.431335198030814,0.038629558030812916
1,10.0,1736.102,15.37511788,15.437558626722044,0.06244074672204469
1,10.0,1736.584,15.40254821,15.443921870116858,0.04137366011685728
1,10.0,1737.066,15.39942701,15.450423919433184,0.050996909433184356
1,10.0,1737.549,15.39897517,15.457077661462671,0.058102491462671324
1,10.0,1738.031,15.4241668,15.4638544891314,0.03968768913139975
1,10.0,1738.513,15.42906761,15.470766960213082,0.04169935021308113
1,10.0,1738.995,15.43835524,15.477813977447186,0.039458737447185754
1,10.0,1739.477,15.43926893,15.48499442210324,0.04572549210323906
1,10.0,1739.959,15.44381255,15.492307154243163,0.04849460424316199
1,10.0,1740.441,15.44637428,15.49975101298696,0.05337673298696011
1,10.0,1740.923,15.47422485,15.507324816781654,0.03309996678165383
1,10.0,1741.406,15.4717494,15.515043477045062,0.043294077045061385
1,10.0,1741.887,15.47375151,15.522857431583994,0.04910592158399396
1,10.0,1742.37,15.48553809,15.530830415925935,0.04529232592593502
1,10.0,1742.852,15.48577941,15.53891203857847,0.053132628578470786
1,10.0,1743.334,15.49716834,15.547117395383685,0.04994905538368499
1,10.0,1743.816,15.50055468,15.555445186536858,0.05489050653685723
1,10.0,1744.298,15.50488638,15.563894093530166,0.05900771353016587
1,10.0,1744.78,15.52663689,15.572462779445315,0.045825889445314516
1,10.0,1745.262,15.52438986,15.581149889248808,0.05676002924880841
1,10.0,1745.744,15.52027644,15.589954050089668,0.06967761008966811
1,10.0,1746.227,15.53163157,15.598892496708642,0.06726092670864148
1,10.0,1746.709,15.55517985,15.607926806868907,0.052746956868906736
1,10.0,1747.191,15.54810073,15.617073942648792,0.06897321264879253
1,10.0,1747.673,15.5835746,15.62633246291747,0.04275786291746897
1,10.0,1748.155,15.590544,15.635700910250439,0.045156910250439
1,10.0,1748.637,15.62759501,15.64517781124042,0.017582801240418888
1,10.0,1749.119,15.63798527,15.65476167681026,0.01677640681026027
1,10.0,1749.601,15.65358268,15.664451002527603,0.01086832252760317
1,10.0,1750.083,15.66505589,15.674244268921266,0.009188378921265894
1,10.0,1750.566,15.68589176,15.684160577620382,-0.0017311823796184456
1,10.0,1751.048,15.70344108,15.69415731601915,-0.009283763980850068
1,10.0,1751.53,15.70387525,15.70425334637997,0.0003780963799702164
1,10.0,1752.012,15.72415555,15.714447092244374,-0.009708457755627009
1,10.0,1752.494,15.71747278,15.724736963720893,0.007264183720893769
1,10.0,1752.976,15.74003257,15.735121357810279,-0.004911212189721681
1,10.0,1753.458,15.75070428,15.745598658731781,-0.005105621268219451
1,10.0,1753.94,15.76914979,15.756167238250372,-0.012982551749628257
1,10.0,1754.423,15.76709661,15.766847660524581,-0.00024894947541831414
1,10.0,1754.905,15.77656624,15.777594045176075,0.0010278051760757023
1,10.0,1755.387,15.791515,15.78842674881856,-0.0030882511814400715
1,10.0,1755.869,15.83130267,15.799344096669051,-0.031958573330948425
1,10.0,1756.351,15.83339554,15.810344403140913,-0.02305113685908644
1,10.0,1756.833,15.83885774,15.82142597217572,-0.01743176782427902
1,10.0,1757.315,15.84809679,15.832587097576084,-0.015509692423915311
1,10.0,1757.797,15.87200825,15.843826063338275,-0.02818218666172534
1,10.0,1758.28,15.8745158,15.855164697176374,-0.01935110282362551
1,10.0,1758.762,15.89532974,15.866554310600504,-0.028775429399495067
1,10.0,1759.244,15.9028663,15.878016557247454,-0.024849742752545367
1,10.0,1759.726,15.94204664,15.889549685207557,-0.052496954792442097
1,10.0,1760.208,15.9123533,15.901151934434363,-0.011201365565636223
1,10.0,1760.69,15.95731626,15.91282153707851,-0.04449472292149004
1,10.0,1761.172,15.96478409,15.924556717821732,-0.04022737217826844
1,10.0,1761.654,16.00410159,15.936355694210395,-0.06774589578960644
1,10.0,1762.136,16.00130088,15.948216676989018,-0.0530842030109806
1,10.0,1762.619,15.98719822,15.96016266453963,-0.027035555460368954
1,10.0,1763.101,16.03595662,15.972142386092264,-0.06381423390773655
1,10.0,1763.583,16.03740982,15.984178705029997,-0.053231114970003546
1,10.0,1764.065,16.05520388,15.99626980820562,-0.05893407179438093
1,10.0,1764.547,16.05522622,16.008413877331694,-0.04681234266830714
1,10.0,1765.029,16.06403999,16.020609089311098,-0.04343090068890376
1,10.0,1765.511,16.08443649,16.032853616566598,-0.05158287343340362
1,10.0,1765.993,16.10565397,16.045145627369962,-0.06050834263003679
1,10.0,1766.476,16.12821421,16.057508929148224,-0.07070528085177585
1,10.0,1766.958,16.12166631,16.06989048587398,-0.05177582412601822
1,10.0,1767.44,16.15399877,16.082314005507737,-0.07168476449226446
1,10.0,1767.922,16.15831517,16.0947776429829,-0.06353752701710036
1,10.0,1768.404,16.15225133,16.10727955071312,-0.0449717792868789
1,10.0,1768.886,16.18227878,16.11981787891519,-0.06246090108481184
1,10.0,1769.368,16.18324756,16.13239077593065,-0.05085678406935301
1,10.0,1769.85,16.20771914,16.144996388546133,-0.0627227514538653
1,10.0,1770.333,16.22274514,16.15765910985617,-0.06508603014383141
1,10.0,1770.814,16.23228532,16.170298341862374,-0.061986978137625215
1,10.0,1771.297,16.27684218,16.183017331416615,-0.09382484858338458
1,10.0,1771.779,16.28459852,16.19573530488437,-0.08886321511563011
1,10.0,1772.261,16.33093025,16.20847671182746,-0.12245353817254312
1,10.0,1772.743,16.31849263,16.22123969635312,-0.0972529336468817
1,10.0,1773.225,16.36068468,16.23402240321645,-0.12666227678354858
1,10.0,1773.707,16.38208349,16.24682297812838,-0.1352605118716177
1,10.0,1774.189,16.39206915,16.259639568062244,-0.13242958193775678
1,10.0,1774.671,16.38695281,16.27247032155831,-0.11448248844169129
1,10.0,1775.154,16.41337915,16.285340045912996,-0.12803910408700503
1,10.0,1775.636,16.43447048,16.29819359972988,-0.13627688027012042
1,10.0,1776.118,16.42405046,16.311055771324384,-0.11299468867561657
1,10.0,1776.6,16.44771685,16.323924718518903,-0.12379213148109613
1,10.0,1777.082,16.43772531,16.33679860219782,-0.10092670780218072
1,10.0,1777.564,16.44415523,16.349675586600284,-0.09447964339971548
1,10.0,1778.046,16.47903388,16.362553839611017,-0.11648004038898208
1,10.0,1778.528,16.46840107,16.37543153304896,-0.09296953695103838
1,10.0,1779.01,16.49418783,16.388306842953632,-0.10588098704636906
1,10.0,1779.493,16.51345069,16.40120464778206,-0.1122460422179401
1,10.0,1779.975,16.53174585,16.41406972267258,-0.11767612732742094
1,10.0,1780.457,16.54680591,16.42692696655433,-0.11987894344566996
1,10.0,1780.939,16.54839348,16.439774575180312,-0.10861890481968928
1,10.0,1781.421,16.56010182,16.45261074992307,-0.10749107007692871
1,10.0,1781.903,16.5555541,16.46543369804729,-0.09012040195270998
1,10.0,1782.385,16.59213239,16.478241632980037,-0.11389075701996276
1,10.0,1782.867,16.59118492,16.491032774578525,-0.10015214542147532
1,10.0,1783.35,16.61484775,16.503831827986538,-0.11101592201346122
1,10.0,1783.832,16.62423955,16.51658402551645,-0.10765552448354754
1,10.0,1784.314,16.65302071,16.52931412686323,-0.12370658313676941
1,10.0,1784.796,16.6695606,16.54202038024872,-0.12754021975128182
1,10.0,1785.278,16.66707884,16.554701041626757,-0.11237779837324169
1,10.0,1785.76,16.67080335,16.56735437493594,-0.10344897506405815
1,10.0,1786.242,16.69431147,16.57997865234952,-0.11433281765047809
1,10.0,1786.724,16.71133687,16.592572154522628,-0.11876471547737211
1,10.0,1787.207,16.69695069,16.60515919608598,-0.09179149391401964
1,10.0,1787.689,16.702359,16.617685952201317,-0.08467304779868456
1,10.0,1788.171,16.72661299,16.630176824865266,-0.09643616513473319
1,10.0,1788.653,16.73991111,16.642630131100567,-0.09728097889943399
1,10.0,1789.135,16.75465967,16.65504419760867,-0.09961547239132784
1,10.0,1789.617,16.77201343,16.66741736100103,-0.10459606899897267
1,10.0,1790.099,16.78006933,16.67974796802728,-0.10032136197272123
1,10.0,1790.581,16.80693032,16.692034375800848,-0.1148959441991515
1,10.0,1791.063,16.83468219,16.70427495202169,-0.13040723797830722
1,10.0,1791.546,16.84524358,16.716493321685846,-0.12875025831415599
1,10.0,1792.028,16.86110095,16.728637277886307,-0.13246367211369403
1,10.0,1792.51,16.88184193,16.740730568032447,-0.14111136196755325
1,10.0,1792.992,16.8992275,16.752771604365623,-0.1464558956343751
1,10.0,1793.474,16.90733298,16.764758810785608,-0.1425741692143916
1,10.0,1793.956,16.92687774,16.7766906230565,-0.15018711694349918
1,10.0,1794.438,16.95060868,16.788565489009393,-0.16204319099060527
1,10.0,1794.92,16.95316258,16.8003818687426,-0.15278071125739956
1,10.0,1795.403,16.97223578,16.812162562182706,-0.1600732178172919
1,10.0,1795.885,16.95695885,16.82385727060486,-0.133101579395138
1,10.0,1796.367,16.96123585,16.83548894555977,-0.12574690444023062
1,10.0,1796.849,16.98285816,16.847056098184265,-0.13580206181573473
1,10.0,1797.331,16.99980486,16.85855725283965,-0.14124760716035212
1,10.0,1797.813,16.98618135,16.869990947294365,-0.11619040270563374
1,10.0,1798.295,17.01149028,16.881355732903792,-0.1301345470962083
1,10.0,1798.777,17.01050617,16.89265017478714,-0.11785599521286017
1,10.0,1799.26,17.0211221,16.903896059986554,-0.1172260400134455
1,10.0,1799.741,17.03396912,16.915022357712484,-0.11894676228751422
1,10.0,1800.224,17.03564003,16.926120197953185,-0.10951983204681426
1,10.0,1800.706,17.07831006,16.937119038450472,-0.14119102154952756
1,10.0,1801.188,17.07464203,16.94804057044949,-0.1266014595505105
1,10.0,1801.67,17.08589928,16.958883445235294,-0.12701583476470546
1,10.0,1802.152,17.11444778,16.969646329014104,-0.14480145098589503
1,10.0,1802.634,17.10360226,16.980327903066918,-0.12327435693308075
1,10.0,1803.116,17.13060242,16.99092686390025,-0.1396755560997498
1,10.0,1803.598,17.10890426,17.00144192339416,-0.10746233660583826
1,10.0,1804.081,17.12773915,17.011893358301123,-0.11584579169887732
1,10.0,1804.563,17.14485601,17.022236632359416,-0.12261937764058572
1,10.0,1805.045,17.16644752,17.03249223183627,-0.1339552881637296
1,10.0,1805.527,17.15280664,17.042658931560133,-0.1101477084398681
1,10.0,1806.009,17.18296668,17.052735522429426,-0.13023115757057369
1,10.0,1806.491,17.16227296,17.062720811543226,-0.09955214845677318
1,10.0,1806.973,17.18298388,17.072613622329172,-0.11037025767082653
1,10.0,1807.455,17.20287557,17.082412794668333,-0.12046277533166716
1,10.0,1807.938,17.18926975,17.0921372192971,-0.09713253070290051
1,10.0,1808.42,17.21397963,17.101745500666826,-0.11223412933317434
1,10.0,1808.902,17.23944486,17.11125676087542,-0.12818809912457851
1,10.0,1809.384,17.23291637,17.120669906846018,-0.11224646315398346
1,10.0,1809.866,17.26168799,17.129983862537923,-0.1317041274620756
1,10.0,1810.348,17.27332888,17.139197569054524,-0.13413131094547737
1,10.0,1810.83,17.26113841,17.148309984748632,-0.11282842525136871
1,10.0,1811.312,17.26103871,17.15732008532509,-0.10371862467491155
1,10.0,1811.794,17.3046871,17.166226863940256,-0.13846023605974267
1,10.0,1812.277,17.32087595,17.175047484571284,-0.14582846542871764
1,10.0,1812.759,17.31808976,17.183744449594787,-0.13434531040521236
1,10.0,1813.241,17.31669839,17.192335175831523,-0.12436321416847562
1,10.0,1813.723,17.32218086,17.20081872722374,-0.12136213277625885
1,10.0,1814.205,17.35054416,17.20919418562309,-0.141349974376908
1,10.0,1814.687,17.32965636,17.21746065087376,-0.11219570912624022
1,10.0,1815.169,17.34938876,17.225617240893147,-0.12377151910685313
1,10.0,1815.651,17.35800217,17.23366309174991,-0.12433907825008816
1,10.0,1816.134,17.36833022,17.2416137023026,-0.12671651769739967
1,10.0,1816.616,17.37513832,17.249435321950514,-0.12570299804948704
1,10.0,1817.098,17.368879,17.257143718628804,-0.11173528137119604
1,10.0,1817.58,17.36996418,17.264738101775322,-0.10522607822467833
1,10.0,1818.062,17.38621311,17.272217699329047,-0.11399541067095242
1,10.0,1818.544,17.39330079,17.279581757792307,-0.11371903220769397
1,10.0,1819.026,17.39604151,17.28682954229006,-0.10921196770993902
1,10.0,1819.508,17.40768321,17.293960336626927,-0.11372287337307085
1,10.0,1819.99,17.41728283,17.300973443341412,-0.11630938665858892
1,10.0,1820.473,17.40941014,17.30788236469595,-0.10152777530404933
1,10.0,1820.955,17.41656444,17.314657831357845,-0.10190660864215317
1,10.0,1821.437,17.4260803,17.32131362961068,-0.10476667038931708
1,10.0,1821.919,17.43573409,17.327849137459737,-0.10788495254026387
1,10.0,1822.401,17.45281532,17.33426375187737,-0.1185515681226299
1,10.0,1822.883,17.45681223,17.340556888842304,-0.11625534115769653
1,10.0,1823.365,17.43954565,17.34672798337606,-0.0928176666239402
1,10.0,1823.847,17.44708385,17.35277648957706,-0.0943073604229383
1,10.0,1824.33,17.46650821,17.358714045661504,-0.10779416433849676
1,10.0,1824.812,17.45447122,17.364515556962328,-0.08995566303767077
1,10.0,1825.294,17.45658428,17.370192955997435,-0.086391324002566
1,10.0,1825.776,17.47239671,17.375745773504324,-0.0966509364956778
1,10.0,1826.258,17.49689341,17.381173559430927,-0.11571985056907153
1,10.0,1826.74,17.48064432,17.38647588295518,-0.09416843704481792
1,10.0,1827.222,17.48446054,17.391652332501973,-0.09280820749802743
1,10.0,1827.704,17.49007714,17.396702515757724,-0.09337462424227638
1,10.0,1828.187,17.49623886,17.401636142614255,-0.09460271738574377
1,10.0,1828.668,17.51504692,17.406422610520952,-0.10862430947904755
1,10.0,1829.151,17.50159606,17.411101388414348,-0.0904946715856525
1,10.0,1829.633,17.50294766,17.415642703847954,-0.08730495615204603
1,10.0,1830.115,17.50961001,17.420056080098767,-0.08955392990123201
1,10.0,1830.597,17.52299729,17.424341240637496,-0.0986560493625035
1,10.0,1831.079,17.53068584,17.428497928232822,-0.10218791176717801
1,10.0,1831.561,17.51982022,17.432525904947397,-0.08729431505260266
1,10.0,1832.043,17.51588162,17.43642495213131,-0.07945666786868699
1,10.0,1832.525,17.52683775,17.4401948704135,-0.08664287958649908
1,10.0,1833.008,17.5127273,17.443842898290995,-0.06888440170900623
1,10.0,1833.49,17.52199243,17.44735376895169,-0.0746386610483114
1,10.0,1833.972,17.52857561,17.450735027876306,-0.07784058212369516
1,10.0,1834.454,17.52702433,17.453986552717218,-0.07303777728278149
1,10.0,1834.936,17.51167221,17.45710824032851,-0.054563969671491463
1,10.0,1835.418,17.50459692,17.460100006743804,-0.044496913256196535
1,10.0,1835.9,17.52255041,17.46296178715193,-0.05958862284807154
1,10.0,1836.382,17.53047087,17.465693535870436,-0.06477733412956255
1,10.0,1836.865,17.53849232,17.468300488811206,-0.07019183118879369
1,10.0,1837.347,17.5251459,17.47077184363147,-0.05437405636852688
1,10.0,1837.829,17.52478964,17.473113144232457,-0.05167649576754485
1,10.0,1838.311,17.50359095,17.47532442117699,-0.028266528823010617
1,10.0,1838.793,17.50438071,17.47740572399118,-0.026974986008820423
1,10.0,1839.275,17.49168861,17.47935712112495,-0.012331488875052088
1,10.0,1839.757,17.50227183,17.481178699910416,-0.0210931300895858
1,10.0,1840.239,17.4910656,17.48287056651807,-0.00819503348192896
1,10.0,1840.721,17.50039928,17.484432845910867,-0.01596643408913323
1,10.0,1841.204,17.49983968,17.485868520038196,-0.013971159961805313
1,10.0,1841.686,17.4849221,17.4871718067818,0.0022497067818001426
1,10.0,1842.168,17.49382979,17.488345993858943,-0.005483796141056985
1,10.0,1842.65,17.51108105,17.489391280940154,-0.021689769059847208
1,10.0,1843.132,17.49739915,17.49030788622743,-0.007091263772569079
1,10.0,1843.614,17.50913723,17.491096046395885,-0.01804118360411522
1,10.0,1844.096,17.50637216,17.49175601653319,-0.014616143466810172
1,10.0,1844.578,17.51597701,17.492288070077137,-0.023688939922863028
1,10.0,1845.061,17.50709231,17.49269320536092,-0.014399104639082339
1,10.0,1845.543,17.52357106,17.49297005530291,-0.030601004697089706
1,10.0,1846.025,17.51883409,17.493119919109162,-0.025714170890836385
1,10.0,1846.507,17.5256732,17.49314314298935,-0.032530057010649926
1,10.0,1846.989,17.52636174,17.49304009115998,-0.03332164884001898
1,10.0,1847.471,17.50954952,17.49281114576985,-0.01673837423015101
1,10.0,1847.953,17.52236694,17.49245670682326,-0.029910233176742906
1,10.0,1848.435,17.49485913,17.491977192101437,-0.002881937898560949
1,10.0,1848.917,17.5005085,17.49137303708193,-0.009135462918067105
1,10.0,1849.4,17.51324091,17.49064305500374,-0.02259785499625977
1,10.0,1849.882,17.489055,17.48979074001945,0.0007357400194507591
1,10.0,1850.364,17.47412919,17.488815197542543,0.014686007542543678
1,10.0,1850.846,17.46755625,17.4877169330259,0.020160683025899573
1,10.0,1851.328,17.49157422,17.486496469185894,-0.005077750814105997
1,10.0,1851.81,17.48203028,17.485154345909947,0.0031240659099474044
1,10.0,1852.292,17.46892915,17.48369112016232,0.014761970162318505
1,10.0,1852.774,17.45086245,17.482107365887707,0.031244915887707947
1,10.0,1853.257,17.45938751,17.480400015026355,0.021012505026355655
1,10.0,1853.739,17.45782341,17.47857674603179,0.020753336031791747
1,10.0,1854.221,17.43440919,17.4766347725489,0.04222558254889819
1,10.0,1854.703,17.45177657,17.47457473547807,0.022798165478068455
1,10.0,1855.185,17.41659138,17.472397292190113,0.055805912190113105
1,10.0,1855.667,17.44315842,17.47010311641855,0.026944696418549796
1,10.0,1856.149,17.42660036,17.467692898150144,0.041092538150145685
1,10.0,1856.631,17.41002176,17.465167343513446,0.055145583513446894
1,10.0,1857.114,17.42580375,17.46252157850487,0.03671782850486949
1,10.0,1857.595,17.39491173,17.45977312967643,0.06486139967643112
1,10.0,1858.078,17.39196505,17.45689989687431,0.06493484687431206
1,10.0,1858.56,17.39875505,17.453920144594804,0.05516509459480545
1,10.0,1859.042,17.37334775,17.450828826331147,0.07748107633114643
1,10.0,1859.524,17.39317444,17.447626742650538,0.0544523026505388
1,10.0,1860.006,17.36942247,17.44431470942986,0.07489223942986101
1,10.0,1860.488,17.37106171,17.44089355772954,0.06983184772954232
1,10.0,1860.97,17.34905786,17.437364133665618,0.08830627366561927
1,10.0,1861.452,17.35914357,17.43372729827987,0.07458372827986892
1,10.0,1861.935,17.33422048,17.429976050950703,0.09575557095070408
1,10.0,1862.417,17.35420748,17.42612681684563,0.07191933684563168
1,10.0,1862.899,17.33271807,17.42217284466704,0.08945477466703977
1,10.0,1863.381,17.34607362,17.41811505385623,0.07204143385623141
1,10.0,1863.863,17.33555127,17.413954378104343,0.07840310810434303
1,10.0,1864.345,17.31665521,17.409691765212035,0.09303655521203424
1,10.0,1864.827,17.31581646,17.40532817694731,0.0895117169473103
1,10.0,1865.309,17.30614341,17.40086458890155,0.09472117890154763
1,10.0,1865.792,17.3204985,17.396292422144136,0.07579392214413616
1,10.0,1866.274,17.30721461,17.3916316135906,0.08441700359060178
1,10.0,1866.756,17.29515008,17.38687381562799,0.09172373562799052
1,10.0,1867.238,17.31037317,17.382020057695208,0.07164688769520922
1,10.0,1867.72,17.274866,17.377071382309055,0.10220538230905518
1,10.0,1868.202,17.27347064,17.372028844909995,0.09855820490999534
1,10.0,1868.684,17.2656965,17.36689351370645,0.10119701370645018
1,10.0,1869.166,17.2499593,17.36166646951721,0.11170716951721005
1,10.0,1869.648,17.24209514,17.35634880561238,0.11425366561238093
1,10.0,1870.131,17.25161491,17.3509303170645,0.09931540706449837
1,10.0,1870.613,17.23128091,17.345434560313596,0.1141536503135967
1,10.0,1871.095,17.21286537,17.339851539105464,0.12698616910546434
1,10.0,1871.577,17.22839591,17.33418239491582,0.10578648491582143
1,10.0,1872.059,17.20374727,17.328428280851334,0.12468101085133299
1,10.0,1872.541,17.18718122,17.32259036148079,0.13540914148078897
1,10.0,1873.023,17.19517515,17.316669812664717,0.1214946626647162
1,10.0,1873.505,17.17258574,17.31066782138348,0.13808208138348022
1,10.0,1873.988,17.15454552,17.304572884240017,0.1500273642400174
1,10.0,1874.47,17.14762519,17.298411449868897,0.15078625986889804
1,10.0,1874.952,17.15374417,17.292172201490654,0.13842803149065475
1,10.0,1875.434,17.1340717,17.285856368836214,0.1517846688362141
1,10.0,1875.916,17.14432606,17.279465191873328,0.13513913187332705
1,10.0,1876.398,17.12411917,17.272999920625537,0.14888075062553696
1,10.0,1876.88,17.13020307,17.26646181498972,0.13625874498972124
1,10.0,1877.362,17.11724471,17.25985214455214,0.14260743455213998
1,10.0,1877.844,17.09896609,17.253172188403042,0.15420609840304067
1,10.0,1878.327,17.10725768,17.246409162147916,0.13915148214791628
1,10.0,1878.809,17.08274996,17.23959236982641,0.1568424098264103
1,10.0,1879.291,17.07838356,17.23270918693316,0.15432562693316143
1,10.0,1879.773,17.06139226,17.225760928710656,0.16436866871065448
1,10.0,1880.255,17.055266,17.218748918957264,0.1634829189572642
1,10.0,1880.737,17.02996349,17.211674489833545,0.18171099983354466
1,10.0,1881.219,17.04482558,17.20453898166733,0.15971340166732872
1,10.0,1881.701,17.03033813,17.1973437427575,0.16700561275749948
1,10.0,1882.184,17.00757798,17.190075020450003,0.18249704045000215
1,10.0,1882.666,17.00994334,17.182764278987282,0.17282093898728235
1,10.0,1883.148,17.00771573,17.175397900374165,0.16768217037416377
1,10.0,1883.63,17.00177421,17.16797726282059,0.16620305282058823
1,10.0,1884.112,16.99559302,17.160503751507083,0.16491073150708146
1,10.0,1884.594,16.98242495,17.1529787583811,0.17055380838110068
1,10.0,1885.076,16.96621417,17.145403681952338,0.17918951195233745
1,10.0,1885.558,16.96951705,17.137779927086722,0.16826287708672183
1,10.0,1886.041,16.92536576,17.130092941663,0.20472718166300297
1,10.0,1886.522,16.95345836,17.122392032046527,0.16893367204652776
1,10.0,1887.005,16.93281856,17.11461458404039,0.18179602404038775
1,10.0,1887.487,16.93315661,17.1068101962202,0.17365358622019755
1,10.0,1887.969,16.90937134,17.09896424533202,0.18959290533202022
1,10.0,1888.451,16.89347003,17.09107817000443,0.19760814000443006
1,10.0,1888.933,16.89611115,17.08315341375044,0.18704226375044186
1,10.0,1889.415,16.88658649,17.075191424753232,0.1886049347532328
1,10.0,1889.897,16.85883725,17.06719365565109,0.20835640565108804
1,10.0,1890.379,16.86020957,17.059161563321393,0.19895199332139413
1,10.0,1890.862,16.8583275,17.05107984324779,0.19275234324778978
1,10.0,1891.344,16.82521105,17.04298342735082,0.2177723773508191
1,10.0,1891.826,16.83511329,17.03485708516947,0.19974379516947138
1,10.0,1892.308,16.80845291,17.026702288366902,0.2182493783669024
1,10.0,1892.79,16.80669346,17.018520511752243,0.21182705175224115
1,10.0,1893.272,16.80345956,17.01031323305966,0.2068536730596584
1,10.0,1893.754,16.78606862,17.002081932726984,0.21601331272698232
1,10.0,1894.236,16.76022479,16.99382809367334,0.23360330367334114
1,10.0,1894.719,16.76430062,16.985536012395624,0.22123539239562362
1,10.0,1895.201,16.74523951,16.977241514420925,0.23200200442092367
1,10.0,1895.683,16.72584667,16.968928942229816,0.2430822722298167
1,10.0,1896.165,16.74299639,16.960599786435004,0.21760339643500615
1,10.0,1896.647,16.72598609,16.9522555390099,0.22626944900990154
1,10.0,1897.129,16.7305113,16.94389769306283,0.21338639306283014
1,10.0,1897.611,16.70421407,16.935527742610997,0.2313136726109981
1,10.0,1898.093,16.71456445,16.927147182354,0.21258273235399727
1,10.0,1898.575,16.69165712,16.918757507446763,0.22710038744676453
1,10.0,1899.058,16.67957547,16.9103427846174,0.23076731461739897
1,10.0,1899.54,16.66940711,16.901939355408565,0.23253224540856365
1,10.0,1900.022,16.658867,16.893531300573876,0.23466430057387555
1,10.0,1900.504,16.67087948,16.885120114812707,0.2142406348127075
1,10.0,1900.986,16.63058321,16.876707292140015,0.2461240821400139
1,10.0,1901.468,16.63021533,16.86829432565776,0.23807899565776225
1,10.0,1901.95,16.61436583,16.859882707326097,0.2455168773260965
1,10.0,1902.432,16.59586505,16.85147392773464,0.255608877734641
1,10.0,1902.915,16.59256254,16.843052044782077,0.25048950478207743
1,10.0,1903.397,16.58997298,16.834653421421496,0.24468044142149736
1,10.0,1903.879,16.59422401,16.826262101135868,0.23203809113586615
1,10.0,1904.361,16.58238496,16.81787956673807,0.23549460673807232
1,10.0,1904.843,16.56934617,16.80950729852522,0.24016112852521943
1,10.0,1905.325,16.56341274,16.801146774050007,0.23773403405000693
1,10.0,1905.807,16.55108559,16.792799467892035,0.24171387789203536
1,10.0,1906.289,16.53945778,16.78446685142942,0.24500907142942197
1,10.0,1906.771,16.52160086,16.776150392610607,0.2545495326106071
1,10.0,1907.254,16.51628691,16.767834357554268,0.25154744755426606
1,10.0,1907.736,16.51307056,16.759554644115507,0.24648408411550804
1,10.0,1908.218,16.48728991,16.75129547232698,0.2640055623269788
1,10.0,1908.7,16.48764031,16.743058294133103,0.25541798413310346
1,10.0,1909.182,16.48959911,16.73484455691195,0.24524544691194805
1,10.0,1909.664,16.48712821,16.72665570324924,0.23952749324923772
1,10.0,1910.146,16.47977484,16.718493170712787,0.2387183307127856
1,10.0,1910.628,16.47754375,16.71035839162769,0.23281464162769083
1,10.0,1911.111,16.48142224,16.702236007576534,0.2208137675765336
1,10.0,1911.593,16.46433131,16.694161075238572,0.22982976523857346
1,10.0,1912.075,16.44338611,16.686118162559676,0.24273205255967767
1,10.0,1912.557,16.43636786,16.678108678643586,0.241740818643585
1,10.0,1913.039,16.42179384,16.67013402623566,0.24834018623566223
1,10.0,1913.521,16.42638866,16.662195601502134,0.23580694150213333
1,10.0,1914.003,16.41263178,16.65429479381009,0.24166301381008992
1,10.0,1914.485,16.4032648,16.64643298550849,0.24316818550849106
1,10.0,1914.968,16.39586801,16.638595367588085,0.24272735758808395
1,10.0,1915.449,16.39089091,16.630831860073545,0.23994095007354588
1,10.0,1915.932,16.39837945,16.623079265317145,0.22469981531714467
1,10.0,1916.414,16.38001184,16.61538722371737,0.23537538371736844
1,10.0,1916.896,16.35491873,16.607740983159605,0.2528222531596036
1,10.0,1917.378,16.37265868,16.6001418793206,0.22748319932059857
1,10.0,1917.86,16.33121594,16.592591239353254,0.2613752993532543
1,10.0,1918.342,16.34000235,16.58509038167619,0.24508803167618964
1,10.0,1918.824,16.32785064,16.577640615764565,0.24978997576456408
1,10.0,1919.306,16.29798244,16.57024324194206,0.2722608019420605
1,10.0,1919.789,16.33001026,16.56288437199545,0.23287411199545005
1,10.0,1920.271,16.29821613,16.55559576104483,0.25737963104483086
1,10.0,1920.753,16.30122111,16.54836338881559,0.24714227881559125
1,10.0,1921.235,16.29554297,16.54118851695364,0.24564554695363938
1,10.0,1921.717,16.28962875,16.53407239693465,0.24444364693465204
1,10.0,1922.199,16.26800672,16.527016269865054,0.25900954986505553
1,10.0,1922.681,16.28037353,16.520021366284315,0.23964783628431618
1,10.0,1923.163,16.26707399,16.513088905969173,0.24601491596917313
1,10.0,1923.646,16.23720411,16.50620591409887,0.2690018040988704
1,10.0,1924.128,16.23486869,16.499402091405006,0.26453340140500714
1,10.0,1924.61,16.22434807,16.492664307246372,0.26831623724637055
1,10.0,1925.092,16.22897925,16.48599373639997,0.2570144863999708
1,10.0,1925.574,16.22410153,16.47939154192644,0.25529001192644074
1,10.0,1926.056,16.20224627,16.472858874984805,0.2706126049848052
1,10.0,1926.538,16.20489072,16.46639687464932,0.26150615464931803
1,10.0,1927.02,16.2009185,16.46000666772828,0.2590881677282795
1,10.0,1927.502,16.19638278,16.453689368584843,0.2573065885848429
1,10.0,1927.985,16.19409517,16.44743320376705,0.2533380337670508
1,10.0,1928.467,16.17728026,16.4412651695328,0.26398490953280174
1,10.0,1928.949,16.16856917,16.43517331195231,0.26660414195230686
1,10.0,1929.431,16.1589633,16.429158693830335,0.27019539383033475
1,10.0,1929.913,16.15679669,16.42322236466177,0.26642567466176814
1,10.0,1930.395,16.17195942,16.417365360465336,0.2454059404653357
1,10.0,1930.877,16.15339328,16.41158870361967,0.2581954236196715
1,10.0,1931.359,16.15481176,16.40589340270157,0.25108164270156763
1,10.0,1931.842,16.15620766,16.400268893487322,0.24406123348732223
1,10.0,1932.324,16.14185741,16.394739448049016,0.252882038049016
1,10.0,1932.806,16.14305653,16.389294301866858,0.24623777186685913
1,10.0,1933.288,16.14635644,16.383934406711635,0.23757796671163334
1,10.0,1933.77,16.14101005,16.378660699779928,0.23765064977992978
1,10.0,1934.252,16.13968908,16.373474103547093,0.2337850235470924
1,10.0,1934.734,16.1383451,16.36837552562296,0.23003042562296017
1,10.0,1935.216,16.13930001,16.363365858609946,0.22406584860994627
1,10.0,1935.698,16.11874821,16.358445979964035,0.23969776996403525
1,10.0,1936.181,16.12628317,16.35360682753378,0.22732365753378048
1,10.0,1936.663,16.12145721,16.34886928742217,0.2274120774221693
1,10.0,1937.145,16.12493985,16.344224077523688,0.21928422752368704
1,10.0,1937.627,16.10360803,16.339672013338113,0.23606398333811285
1,10.0,1938.109,16.10170172,16.33521389456351,0.2335121745635078
1,10.0,1938.591,16.11253826,16.330850504973437,0.21831224497343626
1,10.0,1939.073,16.09055639,16.326582612297287,0.2360262222972871
1,10.0,1939.555,16.0965322,16.322410968103192,0.2258787681031933
1,10.0,1940.038,16.07245384,16.318327955347705,0.24587411534770354
1,10.0,1940.52,16.09577399,16.314351201048936,0.21857721104893457
1,10.0,1941.002,16.09585972,16.31047285328424,0.2146131332842387
1,10.0,1941.484,16.06241719,16.306693597831718,0.2442764078317161
1,10.0,1941.966,16.0848612,16.303014103767556,0.2181529037675567
1,10.0,1942.448,16.07048303,16.299435023366872,0.22895199336687355
1,10.0,1942.93,16.07259743,16.29595699200767,0.2233595620076727
1,10.0,1943.412,16.0845407,16.29258062807783,0.20803992807782734
1,10.0,1943.895,16.07735704,16.289299846872847,0.21194280687284817
1,10.0,1944.376,16.06727595,16.28613529057105,0.2188593405710506
1,10.0,1944.859,16.07136021,16.283061211137614,0.21170100113761237
1,10.0,1945.341,16.0663334,16.280097574184623,0.21376417418462168
1,10.0,1945.823,16.05762317,16.27723843979807,0.21961526979806933
1,10.0,1946.305,16.07358482,16.274484322610913,0.2008995026109126
1,10.0,1946.787,16.06850785,16.271835719702747,0.20332786970274697
1,10.0,1947.269,16.05871923,16.269293110532132,0.21057388053213089
1,10.0,1947.751,16.0739877,16.26685695687211,0.1928692568721111
1,10.0,1948.233,16.06120648,16.26452770274909,0.20332122274908926
1,10.0,1948.716,16.04365698,16.262301276426122,0.21864429642612038
1,10.0,1949.198,16.06704815,16.26018730611013,0.19313915611012789
1,10.0,1949.68,16.05059034,16.258181461158888,0.20759112115888811
1,10.0,1950.162,16.04738611,16.25628411402846,0.20889800402845893
1,10.0,1950.644,16.04774201,16.254495619171458,0.20675360917145724
1,10.0,1951.126,16.06259867,16.252816312995563,0.1902176429955631
1,10.0,1951.608,16.05906986,16.25124651382556,0.19217665382555893
1,10.0,1952.09,16.05001592,16.24978652186851,0.19977060186851148
1,10.0,1952.573,16.05033755,16.248433933178035,0.19809638317803646
1,10.0,1953.055,16.06549444,16.247194612853747,0.1817001728537484
1,10.0,1953.537,16.05340447,16.24606589185088,0.19266142185087887
1,10.0,1954.019,16.0635237,16.245047997587342,0.181524297587341
1,10.0,1954.501,16.07155062,16.244141139239744,0.1725905192397441
1,10.0,1954.983,16.07385491,16.243345507728908,0.16949059772890607
1,10.0,1955.465,16.05630761,16.242661275708517,0.1863536657085163
1,10.0,1955.947,16.07697609,16.242088597557196,0.16511250755719686
1,10.0,1956.429,16.06997392,16.241627609374078,0.17165368937407877
1,10.0,1956.912,16.08351803,16.2412778208329,0.15775979083289826
1,10.0,1957.394,16.07011921,16.241040780026438,0.1709215700264366
1,10.0,1957.876,16.10565088,16.240915727962825,0.13526484796282645
1,10.0,1958.358,16.09881868,16.240902727606887,0.1420840476068861
1,10.0,1958.84,16.0999145,16.241001823671592,0.1410873236715915
1,10.0,1959.322,16.09515274,16.241213042633607,0.14606030263360736
1,10.0,1959.804,16.09631609,16.241536392752256,0.14522030275225717
1,10.0,1960.286,16.09184041,16.241971864091695,0.15013145409169582
1,10.0,1960.769,16.10158244,16.242520681063805,0.14093824106380382
1,10.0,1961.251,16.09981897,16.243180524789548,0.14336155478954637
1,10.0,1961.733,16.11392537,16.243952350877414,0.13002698087741393
1,10.0,1962.215,16.10084797,16.244836076862054,0.14398810686205366
1,10.0,1962.697,16.11981356,16.24583160224375,0.12601804224375002
1,10.0,1963.179,16.11472315,16.246938808530366,0.13221565853036665
1,10.0,1963.661,16.112429,16.24815755928265,0.1357285592826507
1,10.0,1964.143,16.12642163,16.249487700162575,0.12306607016257587
1,10.0,1964.625,16.12607214,16.250929058985122,0.1248569189851203
1,10.0,1965.108,16.1329146,16.25248478176466,0.1195701817646615
1,10.0,1965.59,16.13916888,16.254148218495857,0.11497933849585706
1,10.0,1966.072,16.14503094,16.255922249610748,0.11089130961074645
1,10.0,1966.554,16.14944189,16.25780663207997,0.10836474207997071
1,10.0,1967.036,16.1390465,16.25980110533313,0.1207546053331292
1,10.0,1967.518,16.13989908,16.261905391329563,0.12200631132956374
1,10.0,1968.0,16.16635668,16.26411919463185,0.09776251463184948
1,10.0,1968.482,16.14852824,16.266442202482583,0.11791396248258224
1,10.0,1968.965,16.15363742,16.268879243220272,0.11524182322027343
1,10.0,1969.447,16.17204236,16.27141987780577,0.09937751780577031
1,10.0,1969.929,16.18568251,16.27406867478734,0.08838616478734096
1,10.0,1970.411,16.20486767,16.276825252920446,0.0719575829204473
1,10.0,1970.893,16.19098759,16.279689214069567,0.08870162406956794
1,10.0,1971.375,16.20838238,16.282660143302838,0.0742777633028382
1,10.0,1971.857,16.21369887,16.285737608989535,0.07203873898953361
1,10.0,1972.339,16.20322415,16.288921162900426,0.0856970129004253
1,10.0,1972.822,16.22906269,16.292217273794854,0.06315458379485506
1,10.0,1973.303,16.23286314,16.295604660107408,0.06274152010740863
1,10.0,1973.786,16.23286526,16.29911099258299,0.06624573258298838
1,10.0,1974.268,16.24505988,16.30271430429428,0.057654424294280915
1,10.0,1974.75,16.2446994,16.30642121670011,0.061721816700110566
1,10.0,1975.232,16.25237276,16.3102311842114,0.05785842421139975
1,10.0,1975.714,16.26652137,16.314143645421066,0.04762227542106601
1,10.0,1976.196,16.27687824,16.318158023226076,0.04127978322607717
1,10.0,1976.678,16.29603097,16.32227372495225,0.026242754952249925
1,10.0,1977.16,16.28338929,16.3264901424815,0.043100852481501306
1,10.0,1977.643,16.27610617,16.330815711401765,0.05470954140176687
1,10.0,1978.125,16.30178784,16.335231880720496,0.03344404072049656
1,10.0,1978.607,16.28981872,16.339746848763873,0.04992812876387376
1,10.0,1979.089,16.31364993,16.344359946930396,0.030710016930395767
1,10.0,1979.571,16.31808371,16.34907049184857,0.030986781848568512
1,10.0,1980.053,16.30673482,16.35387778551866,0.04714296551865971
1,10.0,1980.535,16.31285218,16.35878111545696,0.04592893545695986
1,10.0,1981.017,16.31142625,16.363779754842096,0.05235350484209533
1,10.0,1981.5,16.33538186,16.368883627267124,0.033501767267125615
1,10.0,1981.982,16.32968495,16.374070842315835,0.044385892315833786
1,10.0,1982.464,16.33561466,16.379351100209256,0.04373644020925482
1,10.0,1982.946,16.35083387,16.384723618255254,0.03388974825525537
1,10.0,1983.428,16.34658446,16.390187600188995,0.04360314018899558
1,10.0,1983.91,16.37642709,16.395742236332186,0.019315146332186117
1,10.0,1984.392,16.36593977,16.401386703754085,0.03544693375408414
1,10.0,1984.874,16.39500515,16.407120166434723,0.012115016434723458
1,10.0,1985.356,16.39833954,16.41294177542984,0.01460223542984096
1,10.0,1985.839,16.40976508,16.418863018280756,0.009097938280756779
1,10.0,1986.321,16.42545869,16.424858500567893,-0.0006001894321059353
1,10.0,1986.803,16.45551955,16.43093950461599,-0.02458004538401326
1,10.0,1987.285,16.44526286,16.437105131444845,-0.00815772855515462
1,10.0,1987.767,16.47273738,16.4433544700023,-0.029382909997700324
1,10.0,1988.249,16.46491024,16.449686597339912,-0.015223642660085801
1,10.0,1988.731,16.48660566,16.456100578789872,-0.030505081210126406
1,10.0,1989.213,16.4834018,16.462595468143952,-0.020806331856046967
1,10.0,1989.696,16.51035683,16.469184031017743,-0.0411727989822559
1,10.0,1990.178,16.5290457,16.47583801514314,-0.05320768485686145
1,10.0,1990.66,16.54377687,16.482569999070225,-0.06120687092977306
1,10.0,1991.142,16.55821911,16.48937899222314,-0.06884011777685828
1,10.0,1991.624,16.55328413,16.49626399340139,-0.057020136598612936
1,10.0,1992.106,16.57273336,16.503223990967058,-0.06950936903294291
1,10.0,1992.588,16.55965635,16.510257963033165,-0.04939838696683552
1,10.0,1993.07,16.59436225,16.51736487765342,-0.07699737234657889
1,10.0,1993.552,16.60256067,16.524543693013072,-0.07801697698692678
1,10.0,1994.035,16.60469071,16.531808471331928,-0.07288223866807186
1,10.0,1994.517,16.60768722,16.53912806789271,-0.06855915210728725
1,10.0,1994.999,16.64122909,16.54651638023294,-0.09471270976705881
1,10.0,1995.481,16.60662225,16.553972328975714,-0.05264992102428678
1,10.0,1995.963,16.61813247,16.561494825846435,-0.05663764415356454
1,10.0,1996.445,16.6366783,16.569082773869834,-0.06759552613016595
1,10.0,1996.927,16.62774286,16.576735067567693,-0.05100779243230846
1,10.0,1997.409,16.64231848,16.584450593157655,-0.05786788684234523
1,10.0,1997.892,16.67824622,16.592244428706795,-0.08600179129320296
1,10.0,1998.374,16.65560049,16.60008316985037,-0.05551732014962951
1,10.0,1998.856,16.67359822,16.60798175134436,-0.0656164686556373
1,10.0,1999.338,16.68065699,16.615939028176243,-0.06471796182375655
1,10.0,1999.82,16.70451872,16.623953848033956,-0.08056487196604323
1,10.0,2000.302,16.69940307,16.632025051508865,-0.06737801849113367
1,10.0,2000.784,16.71743202,16.640151472298836,-0.07728054770116444
1,10.0,2001.266,16.74323506,16.648331937412106,-0.09490312258789402
1,10.0,2001.749,16.75657658,16.6565824031002,-0.09999417689980206
1,10.0,2002.23,16.77406404,16.664850276418814,-0.10921376358118451
1,10.0,2002.713,16.79290085,16.673203117932438,-0.11969773206756074
1,10.0,2003.195,16.80225922,16.681588004794776,-0.12067121520522406
1,10.0,2003.677,16.79631541,16.69002097533458,-0.10629443466541844
1,10.0,2004.159,16.8279712,16.69850082071185,-0.12947037928815064
1,10.0,2004.641,16.82237054,16.707026326833702,-0.11534421316629917
1,10.0,2005.123,16.84724188,16.71559627456066,-0.13164560543933845
1,10.0,2005.605,16.85038008,16.72420943991272,-0.12617064008728107
1,10.0,2006.087,16.85532975,16.732864594275835,-0.12246515572416428
1,10.0,2006.57,16.85913471,16.741578587424087,-0.11755612257591253
1,10.0,2007.052,16.8835962,16.75031409716274,-0.13328210283725994
1,10.0,2007.534,16.88292145,16.75908788175015,-0.12383356824985015
1,10.0,2008.016,16.90710866,16.767898696091738,-0.1392099639082609
1,10.0,2008.498,16.91864337,16.77674529149077,-0.1418980785092323
1,10.0,2008.98,16.93061955,16.785626415854257,-0.14499313414574289
1,10.0,2009.462,16.93316199,16.79454081389882,-0.13862117610117863
1,10.0,2009.944,16.9361664,16.803487227356197,-0.13267917264380458
1,10.0,2010.427,16.95596494,16.81248305110091,-0.14348188889909252
1,10.0,2010.909,16.9757131,16.821489769534736,-0.15422333046526404
1,10.0,2011.391,16.9797383,16.83052471008994,-0.14921358991006173
1,10.0,2011.873,16.9917499,16.839586604604225,-0.15216329539577345
1,10.0,2012.355,17.00076111,16.848674182954014,-0.15208692704598548
1,10.0,2012.837,17.00522693,16.857786173257725,-0.14744075674227375
1,10.0,2013.319,17.00599586,16.86692130207888,-0.1390745579211199
1,10.0,2013.801,17.03508178,16.876078294628414,-0.15900348537158493
1,10.0,2014.283,17.04105393,16.88525587496665,-0.1557980550333511
1,10.0,2014.766,17.05580982,16.894471866079225,-0.16133795392077488
1,10.0,2015.248,17.05369709,16.90368682666415,-0.15001026333585088
1,10.0,2015.73,17.06731083,16.912918539672763,-0.15439229032723745
1,10.0,2016.212,17.09352363,16.922165726569276,-0.17135790343072443
1,10.0,2016.694,17.09275038,16.93142710866786,-0.16132327133213664
1,10.0,2017.176,17.11716551,16.94070140733059,-0.17646410266941004
1,10.0,2017.658,17.13292089,16.949987344164693,-0.18293354583530785
1,10.0,2018.14,17.12954063,16.959283641218867,-0.1702569887811336
1,10.0,2018.623,17.14057008,16.968608335502413,-0.17196174449758672
1,10.0,2019.105,17.16375006,16.977921536755613,-0.18582852324438903
1,10.0,2019.587,17.16577023,16.987241266330553,-0.17852896366944648
1,10.0,2020.069,17.18866804,16.9965662499918,-0.1921017900081985
1,10.0,2020.551,17.1940895,17.005895214914872,-0.18819428508512814
1,10.0,2021.033,17.19731358,17.01522688987729,-0.18208669012270917
1,10.0,2021.515,17.21912651,17.024560005448645,-0.1945665045513536
1,10.0,2021.997,17.24289133,17.033893294179524,-0.20899803582047483
1,10.0,2022.479,17.24511694,17.043225490789645,-0.20189144921035407
1,10.0,2022.962,17.24931326,17.05257468554956,-0.19673857445044263
1,10.0,2023.444,17.27463976,17.06190090287775,-0.21273885712225038
1,10.0,2023.926,17.26111995,17.071222244515962,-0.1898977054840394
1,10.0,2024.408,17.29700875,17.0805374557245,-0.21647129427550027
1,10.0,2024.89,17.28867683,17.08984528485657,-0.19883154514343104
1,10.0,2025.372,17.29816537,17.09914448353946,-0.19902088646053784
1,10.0,2025.854,17.31691161,17.108433806854602,-0.20847780314539577
1,10.0,2026.336,17.32600102,17.117712013516368,-0.20828900648363202
1,10.0,2026.819,17.33187031,17.126997076111614,-0.2048732338883852
1,10.0,2027.301,17.34268706,17.136249311558565,-0.20643774844143437
1,10.0,2027.783,17.35753836,17.14548672751603,-0.21205163248396985
1,10.0,2028.265,17.3686707,17.15470809900203,-0.21396260099797004
1,10.0,2028.747,17.39575535,17.16391220554267,-0.23184314445733278
1,10.0,2029.229,17.36532042,17.17309783134331,-0.19222258865669062
1,10.0,2029.711,17.39760671,17.182263765458053,-0.21534294454194836
1,10.0,2030.193,17.40261661,17.191408801958076,-0.21120780804192307
1,10.0,2030.676,17.4274302,17.20055064355463,-0.22687955644536828
1,10.0,2031.157,17.44285459,17.209631384483636,-0.23322320551636366
1,10.0,2031.64,17.41787217,17.218725347092523,-0.1991468229074762
1,10.0,2032.122,17.44439702,17.22777478551676,-0.21662223448323914
1,10.0,2032.604,17.44685681,17.23679737528937,-0.2100594347106295
1,10.0,2033.086,17.46924396,17.245791944050247,-0.2234520159497535
1,10.0,2033.568,17.48903444,17.254757325594355,-0.23427711440564636
1,10.0,2034.05,17.46919118,17.2636923600283,-0.20549881997169805
1,10.0,2034.532,17.49476223,17.272595893925413,-0.22216633607458647
1,10.0,2035.014,17.50944648,17.28146678047933,-0.2279796995206702
1,10.0,2035.497,17.49413821,17.29032217797743,-0.20381603202256926
1,10.0,2035.979,17.5148323,17.29912428304318,-0.21570801695681752
1,10.0,2036.461,17.5433497,17.30789033925163,-0.2354593607483686
1,10.0,2036.943,17.55234872,17.31661922779689,-0.235729492203113
1,10.0,2037.425,17.53998807,17.32530983723788,-0.21467823276211817
1,10.0,2037.907,17.55089989,17.333961063642445,-0.21693882635755557
1,10.0,2038.389,17.58294675,17.342571810729694,-0.24037493927030695
1,10.0,2038.871,17.58080683,17.351140990010922,-0.22966583998907808
1,10.0,2039.354,17.59640493,17.359685165748648,-0.236719764251351
1,10.0,2039.836,17.59929959,17.36816788399815,-0.2311317060018503
1,10.0,2040.318,17.60897845,17.37660581491255,-0.23237263508744732
1,10.0,2040.8,17.61792822,17.38499790256435,-0.23293031743564896
1,10.0,2041.282,17.61942278,17.393343099498015,-0.2260796805019858
1,10.0,2041.764,17.6369059,17.401640366860555,-0.23526553313944376
1,10.0,2042.246,17.64578451,17.409888674530848,-0.23589583546915094
1,10.0,2042.728,17.65661855,17.418087001246978,-0.23853154875302351
1,10.0,2043.21,17.66745502,17.426234334732158,-0.2412206852678409
1,10.0,2043.693,17.64606655,17.434346412382656,-0.21172013761734476
1,10.0,2044.175,17.67657806,17.442388648169214,-0.234189411830787
1,10.0,2044.657,17.70096512,17.450376907004,-0.250588212996
1,10.0,2045.139,17.69631933,17.45831021379375,-0.23800911620624987
1,10.0,2045.621,17.70516511,17.46618760303371,-0.2389775069662896
1,10.0,2046.103,17.69534481,17.47400811892297,-0.22133669107703113
1,10.0,2046.585,17.73137217,17.48177081547829,-0.24960135452171173
1,10.0,2047.067,17.69876032,17.48947475664597,-0.20928556335403314
1,10.0,2047.55,17.73903419,17.497134813196467,-0.24189937680353424
1,10.0,2048.032,17.72894958,17.50471834903002,-0.224231230969977
1,10.0,2048.514,17.73733885,17.51224038011761,-0.2250984698823899
1,10.0,2048.996,17.74164322,17.519700011230118,-0.22194320876988272
1,10.0,2049.478,17.75666245,17.527096357601753,-0.22956609239824743
1,10.0,2049.96,17.76065783,17.534428545031478,-0.22622928496852168
1,10.0,2050.442,17.76296235,17.541695709982754,-0.2212666400172445
1,10.0,2050.924,17.76141726,17.548896999681386,-0.21252026031861604
1,10.0,2051.406,17.78183352,17.55603157221158,-0.225801947788419
1,10.0,2051.889,17.76401021,17.56311318770014,-0.20089702229985917
1,10.0,2052.371,17.79277338,17.5701117013634,-0.22266167863660158
1,10.0,2052.853,17.78198702,17.577041036530556,-0.20494598346944315
1,10.0,2053.335,17.80277913,17.5839003956692,-0.21887873433080074
1,10.0,2053.817,17.79945144,17.590688992559777,-0.20876244744022188
1,10.0,2054.299,17.79245482,17.597406052380997,-0.19504876761900292
1,10.0,2054.781,17.82775765,17.604050811793755,-0.22370683820624393
1,10.0,2055.263,17.82921164,17.610622519022847,-0.21858912097715333
1,10.0,2055.746,17.8303588,17.61713383787445,-0.21322496212554753
1,10.0,2056.228,17.84858911,17.623557076709865,-0.22503203329013388
1,10.0,2056.71,17.8567749,17.629905076739117,-0.22686982326088412
1,10.0,2057.192,17.85129975,17.636177133252232,-0.21512261674776667
1,10.0,2057.674,17.84657075,17.642372553486616,-0.204198196513385
1,10.0,2058.156,17.87237334,17.648490656698637,-0.22388268330136185
1,10.0,2058.638,17.8722941,17.654530774232917,-0.21776332576708413
1,10.0,2059.12,17.8730757,17.660492249590455,-0.21258345040954651
1,10.0,2059.603,17.86936542,17.666386559347302,-0.2029788606526992
1,10.0,2060.084,17.87325484,17.672176708954687,-0.20107813104531402
1,10.0,2060.567,17.86801834,17.677910228001736,-0.1901081119982635
1,10.0,2061.049,17.8952566,17.683550646087422,-0.21170595391257763
1,10.0,2061.531,17.87610744,17.689109322874053,-0.18699811712594538
1,10.0,2062.013,17.89445119,17.694585676151693,-0.19986551384830875
1,10.0,2062.495,17.89583023,17.699979136292296,-0.19585109370770581
1,10.0,2062.977,17.88859393,17.705289146303503,-0.18330478369649583
1,10.0,2063.459,17.89888379,17.710515161880597,-0.18836862811940236
1,10.0,2063.941,17.90605675,17.715656651456943,-0.1904000985430585
1,10.0,2064.424,17.91135173,17.720723498044762,-0.19062823195523748
1,10.0,2064.906,17.9205552,17.725694214104387,-0.19486098589561252
1,10.0,2065.388,17.93013496,17.730578885358554,-0.1995560746414462
1,10.0,2065.87,17.93179429,17.735377031687772,-0.196417258312227
1,10.0,2066.352,17.93980687,17.740088185936067,-0.19971868406393511
1,10.0,2066.834,17.93848741,17.74471189395103,-0.19377551604896937
1,10.0,2067.316,17.94633531,17.749247714621898,-0.1970875953781004
1,10.0,2067.798,17.93531777,17.753695219916278,-0.1816225500837234
1,10.0,2068.281,17.9491432,17.758062945500413,-0.19108025449958888
1,10.0,2068.763,17.95323932,17.762332403099467,-0.19090691690053418
1,10.0,2069.245,17.9562771,17.766512339240613,-0.1897647607593882
1,10.0,2069.727,17.96546786,17.770602378562437,-0.19486548143756366
1,10.0,2070.209,17.96420628,17.774602158938688,-0.1896041210613113
1,10.0,2070.691,17.95494096,17.778511331504614,-0.17642962849538435
1,10.0,2071.173,17.95379691,17.78232956068148,-0.17146734931852237
1,10.0,2071.655,17.95788579,17.786056524199566,-0.171829265800433
1,10.0,2072.137,17.97582537,17.78969191311938,-0.18613345688061855
1,10.0,2072.62,17.96032489,17.793242687852953,-0.1670822021470464
1,10.0,2073.102,17.97708441,17.79669386270312,-0.18039054729688075
1,10.0,2073.584,17.95825663,17.800052615761455,-0.1582040142385459
1,10.0,2074.066,17.9612695,17.803318691616177,-0.15795080838382347
1,10.0,2074.548,17.96166797,17.80649184826707,-0.15517612173293216
1,10.0,2075.03,17.97554814,17.809571857136547,-0.16597628286345412
1,10.0,2075.512,17.97811116,17.812558503079483,-0.1655526569205179
1,10.0,2075.994,17.97689794,17.81545158439097,-0.16144635560902998
1,10.0,2076.477,17.97050984,17.81825662296874,-0.15225321703125871
1,10.0,2076.959,17.98550421,17.820961828651,-0.16454238134899768
1,10.0,2077.441,17.98959506,17.823572944963594,-0.16602211503640518
1,10.0,2077.923,17.97852175,17.826089824037933,-0.15243192596206612
1,10.0,2078.405,17.97406619,17.828512331461102,-0.14555385853889646
1,10.0,2078.887,17.98513448,17.830840346274123,-0.15429413372587675
1,10.0,2079.369,17.97928,17.833073760968553,-0.14620623903144647
1,10.0,2079.851,17.99259503,17.835212481481452,-0.15738254851854805
1,10.0,2080.333,17.97925574,17.83725642718875,-0.1419993128112509
1,10.0,2080.816,17.96224198,17.839209476053167,-0.12303250394683474
1,10.0,2081.298,17.97289526,17.841063487064353,-0.13183177293564796
1,10.0,2081.78,17.98403247,17.84282256187138,-0.14120990812861933
1,10.0,2082.262,17.96827349,17.844486673535627,-0.12378681646437428
1,10.0,2082.744,17.96119059,17.8460558085004,-0.11513478149960221
1,10.0,2083.226,17.97585494,17.84752996657486,-0.1283249734251406
1,10.0,2083.708,17.97625681,17.848909160916335,-0.12734764908366358
1,10.0,2084.19,17.98715527,17.850193418010942,-0.13696185198905653
1,10.0,2084.673,17.95543563,17.851385146592968,-0.1040504834070326
1,10.0,2085.155,17.97319165,17.85247946515405,-0.12071218484594937
1,10.0,2085.637,17.96199926,17.853479005835474,-0.10852025416452449
1,10.0,2086.119,17.9471558,17.854383848242634,-0.09277195175736708
1,10.0,2086.601,17.95925838,17.855194085190117,-0.10406429480988422
1,10.0,2087.083,17.95631483,17.8559098226732,-0.10040500732679902
1,10.0,2087.565,17.94663708,17.856531179837777,-0.09010590016222153
1,10.0,2088.047,17.96841737,17.85705828894868,-0.1113590810513223
1,10.0,2088.53,17.94493976,17.85749209599834,-0.0874476640016617
1,10.0,2089.011,17.96242513,17.857830357463452,-0.10459477253654725
1,10.0,2089.494,17.94431624,17.858076058234094,-0.08624018176590553
1,10.0,2089.976,17.958888,17.85822756500074,-0.1006604349992628
1,10.0,2090.458,17.95485363,17.85828568103302,-0.09656794896697818
1,10.0,2090.94,17.935789,17.858250616587775,-0.07753838341222519
1,10.0,2091.422,17.93732703,17.85812259477711,-0.07920443522288778
1,10.0,2091.904,17.92674904,17.85790185152486,-0.06884718847513938
1,10.0,2092.386,17.94960907,17.85758863552135,-0.09202043447865194
1,10.0,2092.868,17.93771372,17.857183208176842,-0.0805305118231594
1,10.0,2093.351,17.9270378,17.8566847163249,-0.0703530836751014
1,10.0,2093.833,17.91755072,17.856095511327357,-0.06145520867264409
1,10.0,2094.315,17.89770609,17.855414955684886,-0.04229113431511422
1,10.0,2094.797,17.92360797,17.85464336121793,-0.06896460878206767
1,10.0,2095.279,17.92629812,17.853781052211666,-0.07251706778833267
1,10.0,2095.761,17.90812864,17.852828365360647,-0.05530027463935383
1,10.0,2096.243,17.93715719,17.851785649712085,-0.08537154028791605
1,10.0,2096.725,17.89890353,17.850653266607495,-0.04825026339250371
1,10.0,2097.208,17.90369614,17.849428962468327,-0.05426717753167409
1,10.0,2097.69,17.91032056,17.848118193306465,-0.062202366693533406
1,10.0,2098.172,17.88241337,17.846718914713186,-0.03569445528681214
1,10.0,2098.654,17.89298553,17.845231536621245,-0.04775399337875541
1,10.0,2099.136,17.8931153,17.843656480944926,-0.049458819055075764
1,10.0,2099.618,17.88061793,17.841994181513375,-0.038623748486624976
1,10.0,2100.1,17.86695553,17.840245084002312,-0.02671044599768635
1,10.0,2100.582,17.8728146,17.838409645864598,-0.0344049541354039
1,10.0,2101.064,17.88080327,17.83648833625919,-0.04431493374081086
1,10.0,2101.547,17.84309816,17.83447738427652,-0.008620775723478857
1,10.0,2102.029,17.86641885,17.83238561005633,-0.03403323994366758
1,10.0,2102.511,17.84056193,17.830209442409178,-0.01035248759082208
1,10.0,2102.993,17.83690673,17.827949396605117,-0.008957333394882028
1,10.0,2103.475,17.8375166,17.82560599924478,-0.011910600755221878
1,10.0,2103.957,17.8281802,17.823179788180283,-0.0050004118197151115
1,10.0,2104.439,17.8348857,17.820671312434683,-0.014214387565317566
1,10.0,2104.921,17.82203638,17.81808113212008,-0.003955247879918744
1,10.0,2105.404,17.81340538,17.8154041922738,0.0019988122738006098
1,10.0,2105.886,17.81594617,17.812652160590282,-0.003294009409717802
1,10.0,2106.368,17.79943024,17.809820171611594,0.01038993161159496
1,10.0,2106.85,17.80708398,17.806908828983353,-0.00017515101664855592
1,10.0,2107.332,17.80113476,17.803918747011032,0.0027839870110319964
1,10.0,2107.814,17.77760154,17.80085055057012,0.023249010570122408
1,10.0,2108.296,17.78223662,17.79770487501506,0.015468255015061771
1,10.0,2108.778,17.78851182,17.79448236608691,0.005970546086910389
1,10.0,2109.26,17.76109321,17.7911836798198,0.030090469819800347
1,10.0,2109.743,17.77188174,17.78780240401033,0.0159206640103271
1,10.0,2110.225,17.75668625,17.784353217314962,0.027666967314960544
1,10.0,2110.707,17.75003,17.780829883619933,0.030799883619934576
1,10.0,2111.189,17.75106752,17.7772330991902,0.026165579190202237
1,10.0,2111.671,17.74638961,17.773563570096545,0.027173960096543937
1,10.0,2112.153,17.74363772,17.76982201211421,0.026184292114212582
1,10.0,2112.635,17.73988217,17.76600915062074,0.02612698062073804
1,10.0,2113.117,17.72096298,17.76212572049223,0.04116274049222923
1,10.0,2113.6,17.71937258,17.758164192164706,0.0387916121647045
1,10.0,2114.082,17.69921181,17.754141724352802,0.054929914352801035
1,10.0,2114.564,17.70594763,17.750050950063557,0.044103320063555884
1,10.0,2115.046,17.69094968,17.745892641126037,0.054942961126037915
1,10.0,2115.528,17.68174875,17.741667578331757,0.05991882833175666
1,10.0,2116.01,17.66066503,17.73737655132377,0.07671152132376946
1,10.0,2116.492,17.6564654,17.733020358484946,0.07655495848494809
1,10.0,2116.974,17.66583732,17.728599806824782,0.0627624868247807
1,10.0,2117.457,17.66416597,17.724106343280795,0.05994037328079571
1,10.0,2117.938,17.6509932,17.719568897525633,0.06857569752563464
1,10.0,2118.421,17.62660535,17.71495057063436,0.08834522063436268
1,10.0,2118.903,17.63828213,17.710280696523295,0.07199856652329473
1,10.0,2119.385,17.62541739,17.705550625771167,0.08013323577116793
1,10.0,2119.867,17.60440948,17.700761214726725,0.0963517347267242
1,10.0,2120.349,17.60781176,17.69591332754243,0.08810156754243081
1,10.0,2120.831,17.60516955,17.691007836052606,0.08583828605260635
1,10.0,2121.313,17.57627559,17.686045619650468,0.10977002965046623
1,10.0,2121.795,17.57490441,17.68102756516412,0.10612315516411996
1,10.0,2122.278,17.58441983,17.675943985348532,0.0915241553485302
1,10.0,2122.76,17.58065308,17.670816833111797,0.09016375311179559
1,10.0,2123.242,17.56642393,17.6656365485211,0.09921261852110064
1,10.0,2123.724,17.5539168,17.660404046898,0.10648724689800204
1,10.0,2124.206,17.54467328,17.655120250363417,0.11044697036341589
1,10.0,2124.688,17.5487424,17.64978608770766,0.10104368770766214
1,10.0,2125.17,17.5354806,17.6444024942594,0.10892189425939947
1,10.0,2125.652,17.53555392,17.638970411753746,0.10341649175374457
1,10.0,2126.135,17.51960442,17.633479370927898,0.11387495092789734
1,10.0,2126.617,17.52135518,17.627953064815998,0.10659788481599719
1,10.0,2127.099,17.51657724,17.62238113395554,0.1058038939555388
1,10.0,2127.581,17.51659945,17.61676454438153,0.10016509438153065
1,10.0,2128.063,17.4994431,17.61110426786167,0.11166116786166924
1,10.0,2128.545,17.49694016,17.605401281759033,0.10846112175903144
1,10.0,2129.027,17.48412028,17.599656568893717,0.11553628889371836
1,10.0,2129.509,17.47147737,17.593871117403964,0.12239374740396514
1,10.0,2129.991,17.46550634,17.588045920606177,0.1225395806061762
1,10.0,2130.474,17.44812051,17.582169771413753,0.13404926141375384
1,10.0,2130.956,17.43564532,17.576268006697532,0.14062268669753308
1,10.0,2131.438,17.41389213,17.570329508377046,0.15643737837704563
1,10.0,2131.92,17.42427743,17.564355289076218,0.14007785907621795
1,10.0,2132.402,17.41013225,17.558346365885594,0.14821411588559386
1,10.0,2132.884,17.39257557,17.552303760217942,0.15972819021794038
1,10.0,2133.366,17.4081372,17.546228497662973,0.13809129766297445
1,10.0,2133.848,17.3958149,17.540121607841456,0.14430670784145505
1,10.0,2134.331,17.36862954,17.533971359806966,0.16534181980696516
1,10.0,2134.813,17.35622836,17.527804259465324,0.17157589946532426
1,10.0,2135.295,17.36038931,17.521608645599414,0.16121933559941581
1,10.0,2135.777,17.34789533,17.515385562488685,0.1674902324886851
1,10.0,2136.259,17.34183408,17.509136057703813,0.1673019777038114
1,10.0,2136.741,17.3268878,17.502861181957023,0.1759733819570215
1,10.0,2137.223,17.33974453,17.496561988951775,0.15681745895177457
1,10.0,2137.705,17.30478806,17.490239535231836,0.18545147523183658
1,10.0,2138.188,17.30950797,17.48388169450268,0.17437372450268285
1,10.0,2138.67,17.29282702,17.47751585683568,0.18468883683567938
1,10.0,2139.152,17.27863314,17.471129945820934,0.19249680582093376
1,10.0,2139.634,17.27288961,17.46472502784886,0.1918354178488606
1,10.0,2140.116,17.27201786,17.458302171387903,0.18628431138790447
1,10.0,2140.598,17.25908113,17.451862446830603,0.1927813168306045
1,10.0,2141.08,17.24434175,17.445406926339423,0.2010651763394229
1,10.0,2141.562,17.24303499,17.438936683692166,0.19590169369216426
1,10.0,2142.044,17.23903641,17.43245279412688,0.19341638412688056
1,10.0,2142.527,17.23362654,17.425942843734404,0.19231630373440467
1,10.0,2143.009,17.22288914,17.419434868388315,0.1965457283883154
1,10.0,2143.491,17.19687875,17.41291648128346,0.2160377312834605
1,10.0,2143.973,17.20853721,17.4063887619436,0.19785155194360016
1,10.0,2144.455,17.20375289,17.399852790572385,0.1960999005723849
1,10.0,2144.937,17.18755585,17.393309647896608,0.20575379789660886
1,10.0,2145.419,17.18819657,17.38676041500904,0.19856384500904056
1,10.0,2145.901,17.16961352,17.380206173211178,0.21059265321117948
1,10.0,2146.384,17.15754124,17.373634394362764,0.21609315436276333
1,10.0,2146.865,17.12894825,17.367086988189403,0.23813873818940223
1,10.0,2147.348,17.16271849,17.360510590380656,0.19779210038065642
1,10.0,2147.83,17.14557987,17.353947124319195,0.2083672543191959
1,10.0,2148.312,17.13050817,17.347384055709533,0.2168758857095341
1,10.0,2148.794,17.11912207,17.340822463792293,0.22170039379229323
1,10.0,2149.276,17.11447825,17.33426342691168,0.2197851769116781
1,10.0,2149.758,17.12488257,17.32770802235734,0.20282545235733807
1,10.0,2150.24,17.10821158,17.321157326206322,0.2129457462063229
1,10.0,2150.722,17.1088291,17.314612413164944,0.20578331316494314
1,10.0,2151.205,17.08661895,17.308060799848402,0.22144184984840365
1,10.0,2151.687,17.08057672,17.3015306884326,0.22095396843259962
1,10.0,2152.169,17.08415786,17.295009576658416,0.2108517166584143
1,10.0,2152.651,17.08241266,17.28849853216565,0.20608587216565155
1,10.0,2153.133,17.06011422,17.281998620433928,0.22188440043392887
1,10.0,2153.615,17.07389522,17.275510904625307,0.2016156846253061
1,10.0,2154.097,17.05372814,17.269036445427123,0.2153083054271221
1,10.0,2154.579,17.07316761,17.262576300894978,0.1894086908949788
1,10.0,2155.062,17.02614408,17.25611817210191,0.22997409210190867
1,10.0,2155.544,17.03466495,17.249689854921318,0.21502490492131798
1,10.0,2156.026,17.00876432,17.243279011390996,0.234514691390995
1,10.0,2156.508,17.00801694,17.23688668746849,0.2288697474684902
1,10.0,2156.99,17.00755247,17.23051392569877,0.22296145569876913
1,10.0,2157.472,16.99373218,17.22416176505909,0.23042958505909183
1,10.0,2157.954,16.98044521,17.217831240804454,0.23738603080445486
1,10.0,2158.436,16.9775066,17.211523384313253,0.23401678431325124
1,10.0,2158.918,16.97356505,17.205239222933542,0.2316741729335412
1,10.0,2159.401,16.95338851,17.198966819835444,0.24557830983544449
1,10.0,2159.883,16.95227885,17.192733168288225,0.24045431828822572
1,10.0,2160.365,16.96945069,17.1865262702842,0.21707558028420237
1,10.0,2160.847,16.96994562,17.18034713551272,0.2104015155127179
1,10.0,2161.329,16.91632954,17.17419676887157,0.25786722887157154
1,10.0,2161.811,16.93946389,17.16807617031626,0.22861228031626268
1,10.0,2162.293,16.92711275,17.161986334710512,0.23487358471051323
1,10.0,2162.775,16.90677327,17.155928251676897,0.24915498167689876
1,10.0,2163.258,16.89576045,17.14989043943986,0.25412998943986054
1,10.0,2163.74,16.90530405,17.14389887967508,0.23859482967507972
1,10.0,2164.222,16.90615384,17.137942010435662,0.23178817043566013
1,10.0,2164.704,16.89683619,17.13202079889068,0.23518460889068038
1,10.0,2165.186,16.88814663,17.126136206233113,0.23798957623311168
1,10.0,2165.668,16.88336044,17.120289187535377,0.23692874753537652
1,10.0,2166.15,16.88089628,17.11448069160564,0.23358441160563714
1,10.0,2166.632,16.86630631,17.108711660844925,0.2424053508449262
1,10.0,2167.115,16.84639058,17.102971188623904,0.25658060862390286
1,10.0,2167.597,16.85001309,17.097283975776147,0.2472708857761461
1,10.0,2168.079,16.83667185,17.091639017350467,0.2549671673504683
1,10.0,2168.561,16.81647669,17.086037228695723,0.2695605386957247
1,10.0,2169.043,16.83544917,17.080479518053608,0.24503034805360713
1,10.0,2169.525,16.8204413,17.07496678642183,0.25452548642183004
1,10.0,2170.007,16.80858728,17.069499927418104,0.2609126474181025
1,10.0,2170.489,16.80884935,17.06407982714549,0.2552304771454921
1,10.0,2170.971,16.80317095,17.058707364058755,0.2555364140587564
1,10.0,2171.454,16.81175899,17.0533724143052,0.24161342430519994
1,10.0,2171.936,16.79231629,17.048097933019818,0.2557816430198194
1,10.0,2172.418,16.79030163,17.04287367884039,0.25257204884039197
1,10.0,2172.9,16.80462381,17.03770049829823,0.23307668829822958
1,10.0,2173.382,16.79218701,17.032579229625604,0.24039221962560475
1,10.0,2173.864,16.78900661,17.027510702629268,0.23850409262926675
1,10.0,2174.346,16.81037429,17.02249573856557,0.21212144856557202
1,10.0,2174.828,16.78531813,17.017535150016524,0.2322170200165239
1,10.0,2175.311,16.77326188,17.01261962148158,0.23935774148158018
1,10.0,2175.792,16.78175728,17.00778030568631,0.2260230256863096
1,10.0,2176.275,16.77814325,17.00297774683612,0.22483449683612022
1,10.0,2176.757,16.75294573,16.99824272859766,0.2452969985976594
1,10.0,2177.239,16.77074917,16.993566016017166,0.22281684601716734
1,10.0,2177.721,16.75592963,16.988948367090003,0.23301873709000276
1,10.0,2178.203,16.74208511,16.984390530309934,0.24230542030993263
1,10.0,2178.685,16.74352978,16.97989324455675,0.2363634645567494
1,10.0,2179.167,16.73611486,16.97545723898557,0.23934237898556887
1,10.0,2179.649,16.7383087,16.971083232917646,0.23277453291764516
1,10.0,2180.132,16.71206628,16.966763056805302,0.25469677680530367
1,10.0,2180.614,16.72012131,16.962515300107828,0.24239399010782847
1,10.0,2181.096,16.70898831,16.958331642225126,0.24934333222512706
1,10.0,2181.578,16.70862695,16.954212762061484,0.2455858120614849
1,10.0,2182.06,16.72630549,16.95015932816528,0.22385383816527948
1,10.0,2182.542,16.69947413,16.946171998629598,0.24669786862959953
1,10.0,2183.024,16.69730394,16.942251420994502,0.24494748099450092
1,10.0,2183.506,16.71171234,16.938398232151126,0.2266858921511279
1,10.0,2183.989,16.70256447,16.93460527631963,0.2320408063196311
1,10.0,2184.471,16.7137704,16.930888875686595,0.21711847568659337
1,10.0,2184.953,16.71119838,16.9272417109344,0.21604333093440076
1,10.0,2185.435,16.67967133,16.923664375411224,0.2439930454112229
1,10.0,2185.917,16.69384797,16.920157451363007,0.22630948136300688
1,10.0,2186.399,16.69845431,16.916721509848216,0.21826719984821707
1,10.0,2186.881,16.67398742,16.91335711065459,0.23936969065459124
1,10.0,2187.363,16.68331242,16.910064802217644,0.2267523822176436
1,10.0,2187.845,16.68809633,16.906845121541174,0.21874879154117366
1,10.0,2188.328,16.68043935,16.90369214245544,0.22325279245544039
1,10.0,2188.81,16.668514,16.900619435560547,0.2321054355605483
1,10.0,2189.292,16.68704189,16.897620899110066,0.21057900911006655
1,10.0,2189.774,16.65932185,16.894697023599353,0.23537517359935123
1,10.0,2190.256,16.68269788,16.891848287723043,0.20915040772304394
1,10.0,2190.738,16.66289711,16.88907515830725,0.22617804830725063
1,10.0,2191.22,16.67986052,16.886378090243728,0.2065175702437294
1,10.0,2191.702,16.66343072,16.88375752642596,0.22032680642595892
1,10.0,2192.185,16.65917563,16.881208700715693,0.22203307071569256
1,10.0,2192.667,16.65592403,16.878742586681852,0.22281855668185102
1,10.0,2193.149,16.67797781,16.876354233807632,0.19837642380763043
1,10.0,2193.631,16.65600393,16.87404403637048,0.21804010637048066
1,10.0,2194.113,16.6623533,16.871812376360854,0.20945907636085437
1,10.0,2194.595,16.6698474,16.8696596234308,0.19981222343080063
1,10.0,2195.077,16.66633855,16.86758613484452,0.20124758484451988
1,10.0,2195.559,16.65788154,16.865592255431118,0.20771071543111574
1,10.0,2196.042,16.65803706,16.863674430036774,0.20563737003677218
1,10.0,2196.524,16.67808097,16.861840920332952,0.18375995033295212
1,10.0,2197.006,16.66990106,16.860087979861454,0.19018691986145342
1,10.0,2197.488,16.66651372,16.85841590325395,0.1919021832539478
1,10.0,2197.97,16.67014209,16.856824972502288,0.18668288250228926
1,10.0,2198.452,16.67659281,16.85531545692394,0.1787226469239407
1,10.0,2198.934,16.65952653,16.853887613129725,0.19436108312972422
1,10.0,2199.416,16.67191674,16.852541684993632,0.1806249449936317
1,10.0,2199.898,16.66944585,16.85127790362478,0.18183205362478105
1,10.0,2200.381,16.67290551,16.850094122033568,0.17718861203356795
1,10.0,2200.863,16.65140975,16.84899544785341,0.1975856978534125
1,10.0,2201.345,16.67279554,16.847979537318103,0.1751839973181042
1,10.0,2201.827,16.674176,16.847046570214395,0.17287057021439622
1,10.0,2202.309,16.66931763,16.846196713456994,0.17687908345699555
1,10.0,2202.791,16.65552155,16.84543012107368,0.18990857107367987
1,10.0,2203.273,16.65822236,16.844746934192536,0.18652457419253565
1,10.0,2203.755,16.65491146,16.844147281031567,0.18923582103156633
1,10.0,2204.238,16.65757633,16.843630293368427,0.18605396336842617
1,10.0,2204.719,16.66381331,16.84319902414394,0.17938571414394033
1,10.0,2205.202,16.6675552,16.842849976600487,0.17529477660048798
1,10.0,2205.684,16.65357138,16.84258565622702,0.18901427622702016
1,10.0,2206.166,16.6712058,16.842405316917517,0.17119951691751822
1,10.0,2206.648,16.67312534,16.842309009305556,0.16918366930555706
1,10.0,2207.13,16.66590211,16.84229677110271,0.17639466110270874
1,10.0,2207.612,16.68169552,16.8423686271058,0.16067310710579719
1,10.0,2208.094,16.68673082,16.842524589206064,0.15579376920606336
1,10.0,2208.576,16.67855578,16.842764656400703,0.16420887640070347
1,10.0,2209.059,16.69715228,16.84308957473045,0.14593729473044803
1,10.0,2209.541,16.67116932,16.84349797197033,0.17232865197032865
1,10.0,2210.023,16.69221342,16.843990393983468,0.15177697398346623
1,10.0,2210.505,16.69774385,16.844566788322275,0.146822938322277
1,10.0,2210.987,16.71218807,16.84522708973507,0.13303901973506882
1,10.0,2211.469,16.68591115,16.845971220190453,0.16006007019045398
1,10.0,2211.951,16.71427415,16.846799088904014,0.1325249389040124
1,10.0,2212.433,16.71924672,16.847710592366965,0.12846387236696444
1,10.0,2212.916,16.71201716,16.848707765468102,0.13669060546810385
1,10.0,2213.398,16.70253295,16.84978635002755,0.1472534000275516
1,10.0,2213.88,16.72551703,16.850948182476664,0.12543115247666492
1,10.0,2214.362,16.73681054,16.852193108713067,0.11538256871306629
1,10.0,2214.844,16.71726063,16.8535209620855,0.13626033208550226
1,10.0,2215.326,16.71768249,16.85493156343529,0.1372490734352887
1,10.0,2215.808,16.73520631,16.85642472113966,0.1212184111396617
1,10.0,2216.29,16.7462456,16.85800023115729,0.11175463115728945
1,10.0,2216.772,16.72381059,16.859657877075865,0.13584728707586535
1,10.0,2217.255,16.73807376,16.86140112417,0.12332736417000234
1,10.0,2217.737,16.76215524,16.86322251259196,0.10106727259196191
1,10.0,2218.219,16.75632258,16.865125313419284,0.10880273341928515
1,10.0,2218.701,16.75931435,16.867109261246053,0.107794911246053
1,10.0,2219.183,16.77556755,16.869174078563297,0.09360652856329565
1,10.0,2219.665,16.76544526,16.87131947581848,0.10587421581848133
1,10.0,2220.147,16.78211627,16.873545151477003,0.0914288814770039
1,10.0,2220.629,16.78149401,16.875850792085576,0.09435678208557619
1,10.0,2221.112,16.76756316,16.87824110360509,0.11067794360508998
1,10.0,2221.594,16.77351991,16.88070585057724,0.10718594057723863
1,10.0,2222.076,16.8063246,16.88324955055431,0.07692495055431081
1,10.0,2222.558,16.78130386,16.88587184305624,0.10456798305623849
1,10.0,2223.04,16.80167336,16.888572356029844,0.08689899602984497
1,10.0,2223.522,16.80733712,16.891350705923415,0.08401358592341523
1,10.0,2224.004,16.80935827,16.894206497763182,0.08484822776318168
1,10.0,2224.486,16.81634614,16.897139325231635,0.08079318523163437
1,10.0,2224.969,16.81944481,16.90015509375902,0.08071028375902145
1,10.0,2225.451,16.83621222,16.903240886174483,0.06702866617448322
1,10.0,2225.933,16.82334536,16.906402427088064,0.08305706708806326
1,10.0,2226.415,16.84512394,16.909639265601925,0.06451532560192419
1,10.0,2226.897,16.82909623,16.91295093989205,0.08385470989204791
1,10.0,2227.379,16.85190517,16.916336977296837,0.06443180729683817
1,10.0,2227.861,16.86890561,16.919796894407384,0.050891284407384774
1,10.0,2228.343,16.85659766,16.923330197159327,0.06673253715932859
1,10.0,2228.825,16.85414877,16.926936380926392,0.07278761092639385
1,10.0,2229.308,16.87564091,16.930622637322614,0.05498172732261253
1,10.0,2229.79,16.87974431,16.93437317596344,0.05462886596344063
1,10.0,2230.272,16.89184091,16.938195018205317,0.0463541082053176
1,10.0,2230.754,16.89868124,16.942087618119555,0.043406378119556166
1,10.0,2231.236,16.90983629,16.94605041970646,0.03621412970645821
1,10.0,2231.718,16.89930076,16.950082856998222,0.05078209699822267
1,10.0,2232.2,16.90514814,16.954184354162884,0.049036214162882175
1,10.0,2232.682,16.90927448,16.95835432560998,0.04907984560998102
1,10.0,2233.165,16.89670862,16.96260103846058,0.06589241846058158
1,10.0,2233.646,16.93958329,16.966897300840262,0.02731401084026075
1,10.0,2234.129,16.94831181,16.971278224574274,0.02296641457427384
1,10.0,2234.611,16.91564557,16.975716182199328,0.060070612199329076
1,10.0,2235.093,16.96053563,16.98021954224599,0.01968391224599131
1,10.0,2235.575,16.96379184,16.984787662847612,0.020995822847613255
1,10.0,2236.057,16.96514534,16.989419893156114,0.02427455315611482
1,10.0,2236.539,16.97815526,16.994115573458085,0.01596031345808413
1,10.0,2237.021,16.98845746,16.9988740352921,0.010416575292101271
1,10.0,2237.503,16.99936912,17.00369460156716,0.004325481567160949
1,10.0,2237.986,17.00542682,17.008586778646908,0.003159958646907768
1,10.0,2238.468,16.99414552,17.013529613870343,0.019384093870343122
1,10.0,2238.95,17.02918333,17.01853247022119,-0.010650859778809973
1,10.0,2239.432,17.02100673,17.02359463728104,0.0025879072810397474
1,10.0,2239.914,17.03021662,17.028715396611407,-0.0015012233885940418
1,10.0,2240.396,17.04541195,17.033894021878712,-0.011517928121286047
1,10.0,2240.878,17.05632516,17.039129778980275,-0.017195381019725176
1,10.0,2241.36,17.04113519,17.04442192617134,0.00328673617134001
1,10.0,2241.843,17.04640709,17.049780866503628,0.0033737765036292444
1,10.0,2242.325,17.08466576,17.055183651787402,-0.02948210821259778
1,10.0,2242.807,17.07722933,17.060640555765055,-0.016588774234946868
1,10.0,2243.289,17.09875158,17.06615080739688,-0.03260077260311789
1,10.0,2243.771,17.09655689,17.07171362864982,-0.02484326135017767
1,10.0,2244.253,17.11999405,17.077328234629576,-0.04266581537042313
1,10.0,2244.735,17.11637706,17.082993833713797,-0.033383226286204604
1,10.0,2245.217,17.12233048,17.088709627685663,-0.033620852314335536
1,10.0,2245.699,17.14618066,17.094474811868505,-0.05170584813149404
1,10.0,2246.182,17.13952676,17.1003006869427,-0.03922607305729997
1,10.0,2246.664,17.16627982,17.1061623105919,-0.060117509408101455
1,10.0,2247.146,17.17602884,17.112070871303466,-0.0639579686965348
1,10.0,2247.628,17.16745738,17.118025539907364,-0.049431840092633905
1,10.0,2248.11,17.19818701,17.124025481456307,-0.07416152854369429
1,10.0,2248.592,17.20105157,17.130069855364045,-0.07098171463595548
1,10.0,2249.074,17.17944408,17.136157815544145,-0.043286264455854706
1,10.0,2249.556,17.22569362,17.142288510549392,-0.08340510945060942
1,10.0,2250.039,17.23246535,17.14847393281521,-0.08399141718478731
1,10.0,2250.521,17.22859428,17.154687606582392,-0.07390667341760704
1,10.0,2251.003,17.23357151,17.16094142826537,-0.07263008173462993
1,10.0,2251.485,17.26331485,17.16723452636644,-0.09608032363356145
1,10.0,2251.967,17.26605751,17.173566024730707,-0.09249148526929218
1,10.0,2252.449,17.26401052,17.179935042688,-0.08407547731199827
1,10.0,2252.931,17.28508219,17.186340695194968,-0.09874149480503291
1,10.0,2253.413,17.26418215,17.192782092977616,-0.07140005702238383
1,10.0,2253.896,17.28311683,17.19927181448331,-0.08384501551669032
1,10.0,2254.378,17.3013656,17.205782088296296,-0.09558351170370472
1,10.0,2254.86,17.31592611,17.212325413734035,-0.10360069626596413
1,10.0,2255.342,17.31782255,17.21890088602205,-0.09892166397795066
1,10.0,2255.824,17.32224125,17.225507596871335,-0.09673365312866622
1,10.0,2256.306,17.35548199,17.232144634622166,-0.12333735537783497
1,10.0,2256.788,17.35298202,17.238811084387876,-0.11417093561212255
1,10.0,2257.27,17.35311275,17.245506028198733,-0.10760672180126818
1,10.0,2257.752,17.37046702,17.252228545146043,-0.11823847485395689
1,10.0,2258.235,17.3666813,17.258991741005815,-0.10768955899418486
1,10.0,2258.717,17.38681652,17.265766682866754,-0.12104983713324557
1,10.0,2259.199,17.39159299,17.27256641701485,-0.11902657298514896
1,10.0,2259.681,17.3917746,17.27939001222106,-0.11238458777894067
1,10.0,2260.163,17.40938832,17.286236535037837,-0.12315178496216461
1,10.0,2260.645,17.42058576,17.293105049942966,-0.12748071005703565
1,10.0,2261.127,17.41798304,17.299994619483407,-0.11798842051659264
1,10.0,2261.609,17.44232497,17.306904304418882,-0.13542066558111898
1,10.0,2262.092,17.42572143,17.313847558370945,-0.11187387162905438
1,10.0,2262.573,17.43842096,17.320780255439196,-0.11764070456080233
1,10.0,2263.056,17.4648241,17.327759101635465,-0.13706499836453645
1,10.0,2263.538,17.47142143,17.334739857949426,-0.1366815720505734
1,10.0,2264.02,17.48274763,17.341736009702807,-0.14101162029719205
1,10.0,2264.502,17.49477665,17.348746609937816,-0.14603004006218256
1,10.0,2264.984,17.49938046,17.355770710910022,-0.14360974908997903
1,10.0,2265.466,17.51163497,17.36280736423028,-0.14882760576971776
1,10.0,2265.948,17.50768236,17.36985562100631,-0.13782673899369158
1,10.0,2266.43,17.52959689,17.37691453198369,-0.15268235801631036
1,10.0,2266.913,17.52206176,17.383997822293995,-0.13806393770600422
1,10.0,2267.395,17.57053919,17.391075210343836,-0.17946397965616612
1,10.0,2267.877,17.55431273,17.398160402096206,-0.15615232790379352
1,10.0,2268.359,17.56496984,17.405252448253304,-0.15971739174669608
1,10.0,2268.841,17.57053065,17.41235039985556,-0.15818025014444004
1,10.0,2269.323,17.57579546,17.41945330842025,-0.15634215157975007
1,10.0,2269.805,17.58118672,17.42656022607964,-0.15462649392036099
1,10.0,2270.287,17.58035431,17.43367020571874,-0.14668410428125966
1,10.0,2270.77,17.60315119,17.440797058040385,-0.16235413195961357
1,10.0,2271.252,17.60230397,17.44791032543637,-0.1543936445636298
1,10.0,2271.734,17.61911228,17.45502381739422,-0.16408846260577903
1,10.0,2272.216,17.62791376,17.462136591178105,-0.16577716882189364
1,10.0,2272.698,17.62973331,17.469247705485074,-0.16048560451492477
1,10.0,2273.18,17.61010024,17.476356220579266,-0.13374401942073533
1,10.0,2273.662,17.65138535,17.483461198425417,-0.16792415157458507
1,10.0,2274.144,17.66190878,17.4905617028219,-0.17134707717810116
1,10.0,2274.626,17.67289683,17.49765679953276,-0.1752400304672399
1,10.0,2275.109,17.69791579,17.504760256148128,-0.193155533851872
1,10.0,2275.591,17.69299695,17.511841727252456,-0.18115522274754525
1,10.0,2276.073,17.69862911,17.518914999147892,-0.17971411085210676
1,10.0,2276.555,17.71407649,17.525979146774976,-0.18809734322502436
1,10.0,2277.037,17.72227136,17.53303324769072,-0.18923811230927967
1,10.0,2277.519,17.72133132,17.54007638219646,-0.18125493780354063
1,10.0,2278.001,17.71915179,17.547107633464808,-0.17204415653519334
1,10.0,2278.483,17.74463515,17.554126087665992,-0.19050906233400866
1,10.0,2278.966,17.76445867,17.56114535188289,-0.20331331811711095
1,10.0,2279.448,17.77822592,17.568135451813962,-0.2100904681860385
1,10.0,2279.93,17.77265014,17.575110030552022,-0.19754010944797784
1,10.0,2280.412,17.79375889,17.582068187510927,-0.21169070248907218
1,10.0,2280.894,17.80020914,17.589009025721037,-0.211200114278963
1,10.0,2281.376,17.79306128,17.595931651950423,-0.19712962804957712
1,10.0,2281.858,17.81883663,17.602835176825092,-0.2160014531749077
1,10.0,2282.34,17.82219689,17.609718714948254,-0.21247817505174638
1,10.0,2282.823,17.8274386,17.616595600622084,-0.21084299937791684
1,10.0,2283.305,17.82689838,17.623436479528948,-0.2034619004710514
1,10.0,2283.787,17.83018877,17.630254738730816,-0.19993403126918352
1,10.0,2284.269,17.85492013,17.63704950992389,-0.21787062007610913
1,10.0,2284.751,17.85001589,17.643819929364497,-0.2061959606355046
1,10.0,2285.233,17.84467315,17.65056513798251,-0.1941080120174874
1,10.0,2285.715,17.85235993,17.657284281494093,-0.19507564850590597
1,10.0,2286.197,17.87487472,17.663976510513322,-0.21089820948667892
1,10.0,2286.679,17.86285971,17.67064098066268,-0.19221872933731987
1,10.0,2287.162,17.87087573,17.677290589744878,-0.19358514025512363
1,10.0,2287.644,17.87991652,17.683896967676795,-0.19601955232320378
1,10.0,2288.126,17.88473314,17.69047308303391,-0.1942600569660904
1,10.0,2288.608,17.87772706,17.697018112569243,-0.18070894743075883
1,10.0,2289.09,17.87349381,17.703531238581917,-0.16996257141808258
1,10.0,2289.572,17.89124265,17.710011649021343,-0.18123100097865574
1,10.0,2290.054,17.89699181,17.716458537590544,-0.1805332724094555
1,10.0,2290.536,17.90682144,17.722871103848234,-0.18395033615176715
1,10.0,2291.019,17.90556023,17.729261747481054,-0.17629848251894487
1,10.0,2291.5,17.91191806,17.735590097547604,-0.17632796245239746
1,10.0,2291.983,17.92486744,17.741907996228562,-0.1829594437714377
1,10.0,2292.465,17.9202042,17.74817531092663,-0.17202888907337055
1,10.0,2292.947,17.94597351,17.754404390849132,-0.19156911915086994
1,10.0,2293.429,17.94948681,17.76059447278495,-0.1888923372150515
1,10.0,2293.911,17.95846326,17.766744800062522,-0.19171845993747638
1,10.0,2294.393,17.95353791,17.772854622643052,-0.18068328735694905
1,10.0,2294.875,17.96553197,17.778923197212247,-0.18660877278775345
1,10.0,2295.357,17.96306576,17.784949787271373,-0.17811597272862656
1,10.0,2295.84,17.98877395,17.790946033003486,-0.1978279169965127
1,10.0,2296.322,17.98376827,17.79688638139104,-0.1868818886089585
1,10.0,2296.804,17.99525103,17.80278257607821,-0.19246845392178713
1,10.0,2297.286,18.00676838,17.80863390872746,-0.1981344712725388
1,10.0,2297.768,18.01451512,17.81443967825327,-0.20007544174672987
1,10.0,2298.25,18.01020248,17.820199190905694,-0.19000328909430664
1,10.0,2298.732,18.01792602,17.825911760352973,-0.19201425964702779
1,10.0,2299.214,18.02567306,17.8315767077628,-0.19409635223719945
1,10.0,2299.697,18.02074148,17.837204964029368,-0.18353651597063347
1,10.0,2300.179,18.00917688,17.84277255900954,-0.1664043209904591
1,10.0,2300.661,18.02189107,17.84829053989404,-0.17360053010595777
1,10.0,2301.143,18.03104634,17.85375825865322,-0.17728808134678076
1,10.0,2301.625,18.04101655,17.859175075145252,-0.1818414748547461
1,10.0,2302.107,18.03973613,17.864540357189988,-0.17519577281001375
1,10.0,2302.589,18.03729839,17.86985348064182,-0.16744490935818135
1,10.0,2303.071,18.04475752,17.875113829461124,-0.1696436905388765
1,10.0,2303.553,18.06417673,17.880320795784435,-0.1838559342155648
1,10.0,2304.036,18.06000271,17.885484414306312,-0.17451829569368726
1,10.0,2304.518,18.04728415,17.89058271126433,-0.15670143873567
1,10.0,2305.0,18.07167855,17.895625850676563,-0.1760526993234386
1,10.0,2305.482,18.06048981,17.900613258079655,-0.15987655192034467
1,10.0,2305.964,18.07700891,17.90554436751908,-0.17146454248091914
1,10.0,2306.446,18.07363178,17.91041862161201,-0.16321315838798967
1,10.0,2306.928,18.07333266,17.915235471608664,-0.15809718839133424
1,10.0,2307.41,18.08223239,17.919994377452667,-0.16223801254733416
1,10.0,2307.893,18.09297798,17.924704498621253,-0.16827348137874765
1,10.0,2308.375,18.09201948,17.92934580811844,-0.16267367188156
1,10.0,2308.857,18.0895416,17.933927604980976,-0.1556139950190243
1,10.0,2309.339,18.10790967,17.938449384521494,-0.16946028547850744
1,10.0,2309.821,18.10025105,17.942910651028264,-0.15734039897173702
1,10.0,2310.303,18.1087118,17.94731091781795,-0.16140088218204696
1,10.0,2310.785,18.09429577,17.951649707286762,-0.14264606271323643
1,10.0,2311.267,18.08390585,17.955926550960765,-0.12797929903923588
1,10.0,2311.75,18.10230991,17.960149668009375,-0.1421602419906236
1,10.0,2312.232,18.09675535,17.96430112056743,-0.13245422943256813
1,10.0,2312.714,18.10028815,17.968389276264404,-0.13189887373559728
1,10.0,2313.196,18.10949141,17.97241370364035,-0.13707770635965133
1,10.0,2313.678,18.12286684,17.97637398059653,-0.14649285940346957
1,10.0,2314.16,18.10743591,17.980269694438018,-0.1271662155619815
1,10.0,2314.642,18.12038745,17.984100441914787,-0.13628700808521188
1,10.0,2315.124,18.11609921,17.987865829261654,-0.12823338073834734
1,10.0,2315.606,18.10959912,17.991565472236992,-0.1180336477630064
1,10.0,2316.089,18.13252908,17.99520646560588,-0.1373226143941224
1,10.0,2316.571,18.11386321,17.998773367086013,-0.1150898429139886
1,10.0,2317.053,18.14453759,18.002273428250604,-0.14226416174939516
1,10.0,2317.535,18.13215826,18.005706303333174,-0.12645195666682696
1,10.0,2318.017,18.15521013,18.009071656264894,-0.1461384737351068
1,10.0,2318.499,18.12764119,18.012369160705802,-0.11527202929419644
1,10.0,2318.981,18.14812189,18.015598500074415,-0.1325233899255842
1,10.0,2319.463,18.14982012,18.0187593675762,-0.13106075242379944
1,10.0,2319.946,18.16089582,18.02185780968748,-0.13903801031252172
1,10.0,2320.427,18.13013738,18.02487450889844,-0.10526287110156218
1,10.0,2320.91,18.15284706,18.027834274072454,-0.12501278592754517
1,10.0,2321.392,18.16364912,18.030718238157366,-0.1329308818426327
1,10.0,2321.874,18.15583735,18.03353234359252,-0.12230500640747977
1,10.0,2322.356,18.17369168,18.03627634285335,-0.13741533714665266
1,10.0,2322.838,18.15432854,18.03894999836635,-0.11537854163365324
1,10.0,2323.32,18.15603095,18.041553082527418,-0.11447786747258348
1,10.0,2323.802,18.14307185,18.04408537771898,-0.09898647228101964
1,10.0,2324.284,18.15643138,18.04654667632594,-0.10988470367406222
1,10.0,2324.767,18.16142292,18.048941665335033,-0.11248125466496717
1,10.0,2325.249,18.14036983,18.051260239725806,-0.08910959027419452
1,10.0,2325.731,18.15512007,18.053507254483026,-0.10161281551697243
1,10.0,2326.213,18.14168132,18.055682542155758,-0.08599877784424237
1,10.0,2326.695,18.15209534,18.05778594535602,-0.0943093946439788
1,10.0,2327.177,18.12943458,18.059817316767347,-0.06961726323265438
1,10.0,2327.659,18.12954636,18.061776519151685,-0.06776984084831383
1,10.0,2328.141,18.11925633,18.0636634253555,-0.05559290464449873
1,10.0,2328.624,18.13747627,18.065481607473306,-0.07199466252669495
1,10.0,2329.106,18.11552946,18.06722342965417,-0.04830603034583092
1,10.0,2329.588,18.10221659,18.068892634550398,-0.033323955449603204
1,10.0,2330.07,18.1206709,18.070489135401374,-0.050181764598626444
1,10.0,2330.552,18.12088225,18.072012855541875,-0.048869394458126436
1,10.0,2331.034,18.09257916,18.073463728400597,-0.019115431599402655
1,10.0,2331.516,18.12424381,18.074841697497426,-0.0494021125025732
1,10.0,2331.998,18.09716342,18.076146716439418,-0.021016703560583494
1,10.0,2332.48,18.11135197,18.077378748915812,-0.033973221084188765
1,10.0,2332.963,18.13814161,18.078540097387414,-0.059601512612587726
1,10.0,2333.445,18.12604229,18.079625936773386,-0.04641635322661486
1,10.0,2333.927,18.14289271,18.0806387411817,-0.062253968818300365
1,10.0,2334.409,18.12781134,18.08157851457492,-0.04623282542507923
1,10.0,2334.891,18.15816583,18.08244527095351,-0.07572055904649133
1,10.0,2335.373,18.1535896,18.083239034343705,-0.0703505656562946
1,10.0,2335.855,18.15325836,18.083959838783716,-0.06929852121628244
1,10.0,2336.337,18.14257661,18.084607728309027,-0.057968881690971585
1,10.0,2336.82,18.12866869,18.08518387424574,-0.043484815754261774
1,10.0,2337.302,18.15055024,18.085685954998144,-0.06486428500185681
1,10.0,2337.784,18.14389288,18.08611531292322,-0.057777567076779945
1,10.0,2338.266,18.11885191,18.086472031893972,-0.032379878106027604
1,10.0,2338.748,18.11728017,18.08675620568867,-0.030523964311331753
1,10.0,2339.23,18.09870749,18.086967937968918,-0.011739552031080791
1,10.0,2339.712,18.11960075,18.08710734225655,-0.032493407743448444
1,10.0,2340.194,18.10041782,18.087174541909437,-0.013243278090563138
1,10.0,2340.677,18.0566422,18.087169585167825,0.030527385167825827
1,10.0,2341.159,18.06968305,18.08709263576621,0.017409585766213098
1,10.0,2341.641,18.05217728,18.086943910885836,0.0347666308858372
1,10.0,2342.123,18.03970064,18.08672357298247,0.04702293298247184
1,10.0,2342.605,18.02624809,18.086431794209005,0.060183704209006095
1,10.0,2343.087,18.04438207,18.08606875638422,0.04168668638421735
1,10.0,2343.569,18.04492693,18.085634650960277,0.04070772096027753
1,10.0,2344.051,18.03838503,18.085129678989393,0.046744648989392346
1,10.0,2344.533,18.02962889,18.084554051088958,0.05492516108895629
1,10.0,2345.016,18.03262857,18.083906573964796,0.051278003964796426
1,10.0,2345.498,18.05319811,18.08319015872814,0.029992048728139764
1,10.0,2345.98,18.05837241,18.08240377694826,0.024031366948261024
1,10.0,2346.462,18.04204196,18.081547677154038,0.03950571715403939
1,10.0,2346.944,18.06237507,18.080622117249263,0.018247047249261072
1,10.0,2347.426,18.04721967,18.079627364471236,0.03240769447123526
1,10.0,2347.908,18.05677001,18.078563695348272,0.021793685348271197
1,10.0,2348.39,18.05951313,18.07743139565607,0.01791826565607124
1,10.0,2348.873,18.0340482,18.07622819860313,0.042179998603128155
1,10.0,2349.354,18.02716616,18.074962093633932,0.04779593363393175
1,10.0,2349.837,18.04175085,18.073622865930343,0.03187201593034317
1,10.0,2350.319,18.02824599,18.072218945592134,0.04397295559213532
1,10.0,2350.801,18.02645841,18.07074796136607,0.04428955136607016
1,10.0,2351.283,18.01204515,18.06921025355278,0.05716510355278004
1,10.0,2351.765,18.01787109,18.067606171364027,0.04973508136402671
1,10.0,2352.247,18.01555923,18.065936072870432,0.050376842870431204
1,10.0,2352.729,18.01449944,18.064200324948057,0.0497008849480558
1,10.0,2353.211,17.99186776,18.062399303223938,0.07053154322393596
1,10.0,2353.694,18.0001702,18.060529453654205,0.06035925365420525
1,10.0,2354.176,17.98903686,18.05859891253716,0.06956205253716163
1,10.0,2354.658,17.98575795,18.05660427728679,0.07084632728679097
1,10.0,2355.14,17.96828263,18.05454595798592,0.08626332798591818
1,10.0,2355.622,17.94245454,18.05242437318021,0.10996983318020881
1,10.0,2356.104,17.93858284,18.050239949817293,0.11165710981729404
1,10.0,2356.586,17.93450754,18.047993123185154,0.113485583185156
1,10.0,2357.068,17.91511413,18.04568433684931,0.13057020684930976
1,10.0,2357.551,17.90421779,18.043309061346392,0.1390912713463912
1,10.0,2358.033,17.88972624,18.04087759291787,0.15115135291786785
1,10.0,2358.515,17.88739301,18.03838554548364,0.15099253548363833
1,10.0,2358.997,17.86624207,18.035833395087966,0.1695913250879677
1,10.0,2359.479,17.88037626,18.033221625723485,0.15284536572348628
1,10.0,2359.961,17.87192993,18.030550729262465,0.15862079926246508
1,10.0,2360.443,17.87202976,18.027821205387063,0.15579144538706302
1,10.0,2360.925,17.8677842,18.025033561518637,0.15724936151863744
1,10.0,2361.407,17.87627582,18.022188312745996,0.14591249274599605
1,10.0,2361.89,17.870376,18.019279901348906,0.14890390134890552
1,10.0,2362.372,17.88396042,18.016320901568424,0.13236048156842273
1,10.0,2362.854,17.87417527,18.01330588854689,0.1391306185468899
1,10.0,2363.336,17.87014659,18.010235407322206,0.14008881732220502
1,10.0,2363.818,17.86786327,18.007110010226903,0.13924674022690198
1,10.0,2364.3,17.87554256,18.003930256810726,0.12838769681072648
1,10.0,2364.782,17.87975351,18.0006967137624,0.1209432037624012
1,10.0,2365.264,17.87437975,17.997409954830466,0.12303020483046723
1,10.0,2365.747,17.86189448,17.99406357823208,0.13216909823207956
1,10.0,2366.229,17.85887187,17.99067202924952,0.1318001592495186
1,10.0,2366.711,17.86484647,17.987229028422654,0.12238255842265389
1,10.0,2367.193,17.84705383,17.983735176943274,0.1366813469432735
1,10.0,2367.675,17.83869584,17.98019108265344,0.14149524265344127
1,10.0,2368.157,17.84955285,17.97659735996105,0.12704450996105265
1,10.0,2368.639,17.83025705,17.97295462975434,0.1426975797543406
1,10.0,2369.121,17.81976211,17.969263519315906,0.1495014093159064
1,10.0,2369.604,17.80247912,17.965516856080846,0.16303773608084526
1,10.0,2370.086,17.80803842,17.961730795104664,0.15369237510466505
1,10.0,2370.568,17.80590213,17.95789827458149,0.15199614458148858
1,10.0,2371.05,17.79400133,17.95401994650443,0.1600186165044306
1,10.0,2371.532,17.79253579,17.950096468817136,0.15756067881713776
1,10.0,2372.014,17.79987968,17.94612850532269,0.14624882532269012
1,10.0,2372.496,17.80227791,17.942116725591653,0.13983881559165212
1,10.0,2372.978,17.80906017,17.938061804869378,0.129001634869379
1,10.0,2373.46,17.8084355,17.933964423982527,0.12552892398252524
1,10.0,2373.943,17.82072974,17.929816638842052,0.10908689884205103
1,10.0,2374.425,17.81840838,17.925636317449438,0.10722793744943715
1,10.0,2374.907,17.82374316,17.921415612365525,0.09767245236552569
1,10.0,2375.389,17.81579192,17.917155225803096,0.1013633058030976
1,10.0,2375.871,17.82865062,17.912855865077404,0.08420524507740268
1,10.0,2376.353,17.81546782,17.90851824250832,0.09305042250831974
1,10.0,2376.835,17.81311932,17.90414307532166,0.09102375532166107
1,10.0,2377.317,17.81203345,17.899731085550023,0.08769763555002186
1,10.0,2377.799,17.81612417,17.89528299993263,0.07915882993263068
1,10.0,2378.281,17.79221817,17.890799549814798,0.09858137981479587
1,10.0,2378.764,17.80288739,17.88627206195557,0.08338467195557087
1,10.0,2379.246,17.79534093,17.881720025254424,0.08637909525442566
1,10.0,2379.728,17.78296457,17.877134846257867,0.09417027625786645
1,10.0,2380.21,17.78985704,17.87251727372447,0.08266023372446796
1,10.0,2380.692,17.78280551,17.867868060505735,0.08506255050573586
1,10.0,2381.174,17.7727613,17.863187963441558,0.09042666344155847
1,10.0,2381.656,17.74899322,17.85847774325527,0.10948452325527214
1,10.0,2382.138,17.75934496,17.853738164447986,0.09439320444798582
1,10.0,2382.621,17.75246014,17.848960073540166,0.09649993354016573
1,10.0,2383.103,17.75335265,17.844164028663304,0.0908113786633038
1,10.0,2383.585,17.73743024,17.839340941882604,0.10191070188260554
1,10.0,2384.067,17.73324274,17.834491591749746,0.10124885174974452
1,10.0,2384.549,17.70404402,17.829616760057526,0.1255727400575246
1,10.0,2385.031,17.71683006,17.82471723173106,0.10788717173106122
1,10.0,2385.513,17.69069588,17.819793794718482,0.1290979147184821
1,10.0,2385.995,17.69716788,17.814847239880994,0.1176793598809951
1,10.0,2386.478,17.69799401,17.809868029351183,0.11187401935118402
1,10.0,2386.96,17.69828452,17.8048775787143,0.10659305871429936
1,10.0,2387.442,17.6791768,17.799866400869963,0.12068960086996228
1,10.0,2387.924,17.67617272,17.794835297229543,0.11866257722954288
1,10.0,2388.406,17.69952971,17.789785071561408,0.09025536156140745
1,10.0,2388.888,17.68315477,17.784716529878526,0.10156175987852478
1,10.0,2389.37,17.67510682,17.77963048032569,0.1045236603256896
1,10.0,2389.852,17.66176575,17.774527733066204,0.11276198306620344
1,10.0,2390.334,17.64075907,17.769409100168474,0.12865003016847254
1,10.0,2390.817,17.66990638,17.76426472955084,0.09435834955083777
1,10.0,2391.299,17.63189043,17.759116739903742,0.12722630990374384
1,10.0,2391.781,17.6363917,17.753955312810042,0.11756361281004146
1,10.0,2392.263,17.59998168,17.748781266819087,0.1487995868190879
1,10.0,2392.745,17.62171714,17.743595421812437,0.12187828181243532
1,10.0,2393.227,17.61072307,17.738398598888523,0.12767552888852407
1,10.0,2393.709,17.60151142,17.733191620246934,0.13168020024693305
1,10.0,2394.191,17.58361131,17.727975309072626,0.14436399907262754
1,10.0,2394.674,17.58037702,17.722739641272515,0.14236262127251464
1,10.0,2395.156,17.57585954,17.717507122864873,0.14164758286487356
1,10.0,2395.638,17.60144737,17.71226774794249,0.11082037794249189
1,10.0,2396.12,17.55692666,17.70702234246967,0.1500956824696722
1,10.0,2396.602,17.55552054,17.701771732813413,0.1462511928134127
1,10.0,2397.084,17.55000797,17.696516745626415,0.1465087756264154
1,10.0,2397.566,17.54930767,17.691258207730048,0.14195053773004673
1,10.0,2398.048,17.54572126,17.68599694599709,0.14027568599708928
1,10.0,2398.531,17.5467574,17.680722866419465,0.13396546641946472
1,10.0,2399.012,17.55585413,17.675469558065767,0.1196154280657673
1,10.0,2399.495,17.52315236,17.670194162989635,0.14704180298963365
1,10.0,2399.977,17.52452774,17.66493027362482,0.14040253362481891
1,10.0,2400.459,17.5165437,17.659667793162534,0.14312409316253394
1,10.0,2400.941,17.50874238,17.65440754631717,0.14566516631716908
1,10.0,2401.423,17.50653978,17.649150357032127,0.14261057703212643
1,10.0,2401.905,17.49835598,17.64389704836243,0.14554106836243008
1,10.0,2402.387,17.50423982,17.638648442357116,0.13440862235711748
1,10.0,2402.869,17.48287223,17.633405359941992,0.15053312994199075
1,10.0,2403.352,17.47470894,17.62815776336,0.15344882336000154
1,10.0,2403.834,17.45958567,17.622928201530804,0.16334253153080525
1,10.0,2404.316,17.46891959,17.617706619849958,0.1487870298499594
1,10.0,2404.798,17.45262459,17.612493833574607,0.15986924357460808
1,10.0,2405.28,17.44926498,17.607290656252992,0.15802567625299346
1,10.0,2405.762,17.44963421,17.602097899607674,0.15246368960767498
1,10.0,2406.244,17.43238218,17.596916373419155,0.1645341934191542
1,10.0,2406.726,17.43450134,17.59174688540958,0.15724554540958025
1,10.0,2407.208,17.40956919,17.586590241126647,0.17702105112664768
1,10.0,2407.691,17.41341745,17.58143658845094,0.16801913845094063
1,10.0,2408.173,17.41094205,17.576308069793413,0.1653660197934137
1,10.0,2408.655,17.38261217,17.571194798955847,0.18858262895584588
1,10.0,2409.137,17.40646929,17.566097571627115,0.15962828162711418
1,10.0,2409.619,17.39204323,17.56101718074512,0.1689739507451229
1,10.0,2410.101,17.3710049,17.555954416382438,0.18494951638243862
1,10.0,2410.583,17.39257231,17.550910065632205,0.15833775563220698
1,10.0,2411.065,17.36224013,17.54588491249456,0.18364478249456084
1,10.0,2411.548,17.35543435,17.540869374890917,0.1854350248909178
1,10.0,2412.03,17.3374244,17.53588499990886,0.19846059990885934
1,10.0,2412.512,17.33119205,17.530922156453553,0.19973010645355416
1,10.0,2412.994,17.34474925,17.525981615017184,0.1812323650171841
1,10.0,2413.476,17.32439634,17.521064142436646,0.1966678024366466
1,10.0,2413.958,17.34779412,17.516170501782444,0.16837638178244418
1,10.0,2414.44,17.33323805,17.5113014522482,0.1780634022482026
1,10.0,2414.922,17.32143434,17.506457749040507,0.1850234090405074
1,10.0,2415.405,17.32184248,17.50163017588384,0.1797876958838387
1,10.0,2415.887,17.30595468,17.496839470921262,0.1908847909212632
1,10.0,2416.369,17.2893358,17.492076354426935,0.20274055442693495
1,10.0,2416.851,17.30185123,17.487341564560726,0.1854903345607255
1,10.0,2417.333,17.28934793,17.482635834953474,0.19328790495347192
1,10.0,2417.815,17.28154275,17.47795989460028,0.1964171446002787
1,10.0,2418.297,17.27345719,17.473314467754733,0.1998572777547345
1,10.0,2418.779,17.27952392,17.468700273823554,0.18917635382355513
1,10.0,2419.261,17.25580458,17.464118027262,0.2083134472620003
1,10.0,2419.744,17.26528586,17.459559032923064,0.19427317292306512
1,10.0,2420.226,17.28118308,17.455042874084192,0.1738597940841906
1,10.0,2420.708,17.24914919,17.45056077668139,0.20141158668138814
1,10.0,2421.19,17.25202821,17.446113434321237,0.19408522432123831
1,10.0,2421.672,17.2604861,17.441701535146592,0.18121543514659066
1,10.0,2422.154,17.2528932,17.437325761736297,0.18443256173629763
1,10.0,2422.636,17.21704606,17.432986791006073,0.21594073100607147
1,10.0,2423.118,17.22033793,17.428685294109865,0.20834736410986565
1,10.0,2423.601,17.22661451,17.424413131305535,0.19779862130553383
1,10.0,2424.083,17.20520829,17.42018865318074,0.21498036318073943
1,10.0,2424.565,17.2175949,17.41600362815809,0.19840872815808908
1,10.0,2425.047,17.20366719,17.411858703363826,0.20819151336382546
1,10.0,2425.529,17.1970007,17.407754519682676,0.21075381968267592
1,10.0,2426.011,17.20923886,17.403691711664738,0.1944528516647388
1,10.0,2426.493,17.21738363,17.39967090743316,0.18228727743315787
1,10.0,2426.975,17.1914254,17.39569272859292,0.20426732859291974
1,10.0,2427.458,17.20516435,17.391749671739106,0.18658532173910558
1,10.0,2427.939,17.19568533,17.387866700374335,0.19218137037433536
1,10.0,2428.422,17.18818362,17.384012126846613,0.19582850684661324
1,10.0,2428.904,17.18156926,17.380210626184606,0.19864136618460648
1,10.0,2429.386,17.18536277,17.37645475925188,0.19109198925188053
1,10.0,2429.868,17.19363064,17.372745106668305,0.179114466668306
1,10.0,2430.35,17.1810458,17.369082241924687,0.18803644192468738
1,10.0,2430.832,17.19698655,17.36546673129969,0.16848018129969233
1,10.0,2431.314,17.1840212,17.361899133777968,0.17787793377796746
1,10.0,2431.796,17.17044315,17.35838000096941,0.18793685096941104
1,10.0,2432.279,17.15902644,17.354902728920347,0.1958762889203456
1,10.0,2432.761,17.1659504,17.351482253815572,0.18553185381557213
1,10.0,2433.243,17.14984547,17.348111854303774,0.19826638430377486
1,10.0,2433.725,17.16321633,17.344792051694796,0.18157572169479508
1,10.0,2434.207,17.15273057,17.34152335953697,0.1887927895369721
1,10.0,2434.689,17.16638017,17.338306283543396,0.17192611354339604
1,10.0,2435.171,17.15050912,17.33514132151939,0.18463220151939197
1,10.0,2435.653,17.14899046,17.332028963291254,0.18303850329125382
1,10.0,2436.135,17.14152419,17.328969690636193,0.18744550063619414
1,10.0,2436.618,17.16432342,17.325957797292574,0.16163437729257524
1,10.0,2437.1,17.13499286,17.32300622113902,0.18801336113902067
1,10.0,2437.582,17.12339199,17.32010912785439,0.19671713785439238
1,10.0,2438.064,17.12882573,17.317266966327423,0.18844123632742438
1,10.0,2438.546,17.11566869,17.31448017706668,0.19881148706668128
1,10.0,2439.028,17.13716575,17.311749192138322,0.17458344213832078
1,10.0,2439.51,17.15439957,17.309074435105146,0.1546748651051466
1,10.0,2439.992,17.14235066,17.30645632096706,0.16410566096705992
1,10.0,2440.475,17.14419997,17.303890002270204,0.1596900322702055
1,10.0,2440.957,17.12281797,17.301386503972612,0.1785685339726122
1,10.0,2441.439,17.1295946,17.29894084241495,0.16934624241494944
1,10.0,2441.921,17.12881729,17.296553397758817,0.16773610775881664
1,10.0,2442.403,17.11114879,17.29422454132554,0.18307575132553922
1,10.0,2442.885,17.10890444,17.291954635544993,0.18305019554499324
1,10.0,2443.367,17.1084134,17.289744033905635,0.18133063390563464
1,10.0,2443.849,17.12625101,17.287593080906277,0.16134207090627584
1,10.0,2444.332,17.11447965,17.285497836480506,0.17101818648050582
1,10.0,2444.814,17.11060953,17.283467303523643,0.17285777352364207
1,10.0,2445.296,17.10941819,17.28149739895117,0.17207920895117113
1,10.0,2445.778,17.09267491,17.279588430828902,0.18691352082890234
1,10.0,2446.26,17.12457597,17.277740698012686,0.15316472801268688
1,10.0,2446.742,17.11677662,17.275954490108784,0.1591778701087847
1,10.0,2447.224,17.09309302,17.27423008743568,0.18113706743567803
1,10.0,2447.706,17.12557421,17.272567760987553,0.14699355098755262
1,10.0,2448.188,17.0981284,17.27096777239905,0.17283937239905
1,10.0,2448.671,17.09111165,17.269427249520604,0.17831559952060516
1,10.0,2449.153,17.09502449,17.26795281455542,0.1729283245554214
1,10.0,2449.635,17.09400869,17.26654144634266,0.17253275634266174
1,10.0,2450.117,17.09742727,17.265193368738302,0.1677660987383014
1,10.0,2450.599,17.11407249,17.263908796085957,0.14983630608595533
1,10.0,2451.081,17.08079592,17.262687933190797,0.18189201319079729
1,10.0,2451.563,17.10788145,17.261530975295205,0.15364952529520437
1,10.0,2452.045,17.09208079,17.260438108055773,0.16835731805577225
1,10.0,2452.528,17.0820684,17.259407440418173,0.17733904041817183
1,10.0,2453.01,17.12285841,17.258443406857808,0.13558499685780845
1,10.0,2453.492,17.09710599,17.257543963518607,0.1604379735186079
1,10.0,2453.974,17.09552412,17.256709257496272,0.16118513749627184
1,10.0,2454.456,17.09650123,17.255939426209615,0.15943819620961364
1,10.0,2454.938,17.09304104,17.255234597386924,0.16219355738692443
1,10.0,2455.42,17.08618384,17.254594889054072,0.16841104905407178
1,10.0,2455.902,17.10463615,17.254020409524077,0.1493842595240764
1,10.0,2456.385,17.09734529,17.253510269026854,0.15616497902685467
1,10.0,2456.867,17.12105788,17.253066668951334,0.13200878895133528
1,10.0,2457.349,17.10481578,17.25268856441382,0.14787278441382057
1,10.0,2457.831,17.10790874,17.25237602478287,0.14446728478286985
1,10.0,2458.313,17.11205384,17.252129109685583,0.14007526968558182
1,10.0,2458.795,17.10235536,17.25194786900673,0.14959250900673027
1,10.0,2459.277,17.11606851,17.25183234288921,0.13576383288920724
1,10.0,2459.759,17.13627979,17.25178256173626,0.11550277173626
1,10.0,2460.241,17.12065469,17.25179854621513,0.13114385621513236
1,10.0,2460.724,17.12081518,17.251880545268165,0.1310653652681637
1,10.0,2461.206,17.1407161,17.252028220559456,0.11131212055945738
1,10.0,2461.688,17.12622296,17.252241665101337,0.1260187051013375
1,10.0,2462.17,17.14645385,17.252520860665392,0.10606701066539159
1,10.0,2462.652,17.14527469,17.252865779329277,0.10759108932927575
1,10.0,2463.134,17.13879765,17.253276383489645,0.11447873348964421
1,10.0,2463.616,17.14424557,17.25375262587689,0.10950705587688958
1,10.0,2464.098,17.14057435,17.25429444957124,0.11372009957123907
1,10.0,2464.581,17.14649039,17.254903116109894,0.1084127261098935
1,10.0,2465.062,17.13222447,17.255574565058968,0.12335009505896721
1,10.0,2465.545,17.13349492,17.256314294188176,0.12281937418817535
1,10.0,2466.027,17.13857364,17.257117816844413,0.11854417684441287
1,10.0,2466.509,17.16293554,17.257986491901562,0.09505095190156254
1,10.0,2466.991,17.13516825,17.258920204944104,0.12375195494410463
1,10.0,2467.473,17.14809339,17.259918832062183,0.11182544206218381
1,10.0,2467.955,17.15272482,17.260982239880047,0.10825741988004722
1,10.0,2468.438,17.13641938,17.26211269301642,0.12569331301641995
1,10.0,2468.919,17.14572834,17.26330281696244,0.11757447696243872
1,10.0,2469.402,17.12997284,17.264562346752832,0.13458950675283177
1,10.0,2469.884,17.1390995,17.26588348828049,0.12678398828048998
1,10.0,2470.366,17.1715471,17.267268602350747,0.09572150235074517
1,10.0,2470.848,17.16772541,17.26871749945035,0.10099208945035087
1,10.0,2471.33,17.15590596,17.270229980839584,0.11432402083958593
1,10.0,2471.812,17.17819266,17.271805838592428,0.09361317859242746
1,10.0,2472.294,17.17918303,17.273444855637898,0.09426182563789709
1,10.0,2472.776,17.17392662,17.275146805802976,0.1012201858029762
1,10.0,2473.259,17.18914636,17.276915179958735,0.08776881995873609
1,10.0,2473.741,17.19189769,17.278742410970185,0.08684472097018414
1,10.0,2474.223,17.19567509,17.280631841884812,0.08495675188481044
1,10.0,2474.705,17.23771535,17.28258321055951,0.044867860559509865
1,10.0,2475.187,17.21288965,17.284596245984346,0.07170659598434526
1,10.0,2475.669,17.23944559,17.28667066833383,0.04722507833383105
1,10.0,2476.151,17.25046339,17.288806189019247,0.03834279901924731
1,10.0,2476.633,17.24428702,17.29100251074262,0.04671549074261705
1,10.0,2477.115,17.23211383,17.293259327551716,0.06114549755171694
1,10.0,2477.598,17.2619275,17.295581194279766,0.033653694279767166
1,10.0,2478.08,17.26261419,17.29795817291408,0.035343982914078254
1,10.0,2478.562,17.26133597,17.30039467672628,0.03905870672627998
1,10.0,2479.044,17.29342958,17.302890365707032,0.009460785707030794
1,10.0,2479.526,17.28723663,17.30544489148791,0.018208261487909994
1,10.0,2480.008,17.27857304,17.308057897404098,0.029484857404096232
1,10.0,2480.49,17.29463218,17.31072901855834,0.01609683855834021
1,10.0,2480.972,17.28492621,17.31345788188624,0.02853167188624184
1,10.0,2481.455,17.28620227,17.316249946128984,0.030047676128983625
1,10.0,2481.937,17.28942319,17.319093260064083,0.029670070064081955
1,10.0,2482.419,17.28120751,17.321993147814137,0.040785637814135356
1,10.0,2482.901,17.29194878,17.324949204305415,0.03300042430541694
1,10.0,2483.383,17.29609763,17.327961016640817,0.03186338664081845
1,10.0,2483.865,17.30131933,17.33102816417205,0.029708834172051723
1,10.0,2484.347,17.30611925,17.334150218572926,0.02803096857292786
1,10.0,2484.829,17.29045528,17.33732674391367,0.04687146391367136
1,10.0,2485.312,17.31341634,17.340564054978064,0.027147714978063675
1,10.0,2485.794,17.32046315,17.34384829505435,0.023385145054351852
1,10.0,2486.276,17.34444756,17.347185652461427,0.0027380924614277546
1,10.0,2486.758,17.32986881,17.350575661605408,0.020706851605407195
1,10.0,2487.24,17.3640574,17.354017849676683,-0.010039550323316604
1,10.0,2487.722,17.35597666,17.357511736730654,0.001535076730654339
1,10.0,2488.204,17.34053189,17.361056835769226,0.0205249457692247
1,10.0,2488.686,17.35183766,17.36465265282337,0.012814992823368954
1,10.0,2489.168,17.36705273,17.368298687036646,0.0012459570366445405
1,10.0,2489.651,17.387001390000002,17.372002149584844,-0.014999240415157544
1,10.0,2490.133,17.39071767,17.375747189945617,-0.014970480054383728
1,10.0,2490.615,17.39735976,17.379540903332643,-0.017818856667357608
1,10.0,2491.097,17.39135815,17.383382762179547,-0.007975387820451374
1,10.0,2491.579,17.40230705,17.38727223246383,-0.015034817536172085
1,10.0,2492.061,17.40554182,17.39120877379561,-0.014333046204388467
1,10.0,2492.543,17.40414813,17.395191839507344,-0.008956290492655228
1,10.0,2493.025,17.43151918,17.399220876744224,-0.032298303255775096
1,10.0,2493.508,17.42237313,17.403303826586143,-0.019069303413857597
1,10.0,2493.99,17.43524743,17.40742321647037,-0.02782421352963027
1,10.0,2494.472,17.43675449,17.411586881917685,-0.02516760808231311
1,10.0,2494.954,17.4393684,17.41579424623238,-0.023574153767619066
1,10.0,2495.436,17.44782568,17.420044726995506,-0.02778095300449479
1,10.0,2495.918,17.43036619,17.424337736159696,-0.006028453840304593
1,10.0,2496.4,17.45703278,17.428672680144842,-0.028360099855156307
1,10.0,2496.882,17.46122688,17.433048959934393,-0.02817792006560893
1,10.0,2497.365,17.4765983,17.437475177014107,-0.03912312298589171
1,10.0,2497.846,17.46030387,17.441923104260002,-0.01838076573999814
1,10.0,2498.329,17.4776119,17.446429114223296,-0.031182785776703525
1,10.0,2498.811,17.47482064,17.450964721771335,-0.02385591822866573
1,10.0,2499.293,17.49609649,17.455538590606004,-0.040557899393995456
1,10.0,2499.775,17.48439117,17.460150091138367,-0.02424107886163185
1,10.0,2500.257,17.50315743,17.464798589034167,-0.03835884096583442
1,10.0,2500.739,17.48372872,17.469483445314705,-0.014245274685293907
1,10.0,2501.221,17.52780929,17.474204016458252,-0.05360527354174849
1,10.0,2501.703,17.53632406,17.478959654501967,-0.057364405498031346
1,10.0,2502.186,17.5312573,17.483759680331886,-0.047497619668114055
1,10.0,2502.668,17.53564231,17.488583560387113,-0.04705874961288714
1,10.0,2503.15,17.55186173,17.49344053645794,-0.05842119354205977
1,10.0,2503.632,17.54908344,17.498329943836502,-0.05075349616349811
1,10.0,2504.114,17.57866801,17.503251113890084,-0.07541689610991753
1,10.0,2504.596,17.56227219,17.50820337416535,-0.05406881583465051
1,10.0,2505.078,17.58051218,17.51318604849313,-0.06732613150687072
1,10.0,2505.56,17.57634695,17.518198457093487,-0.058148492906514804
1,10.0,2506.042,17.57280929,17.523239916681007,-0.049569373318991694
1,10.0,2506.525,17.58073048,17.528320287883858,-0.05241019211614173
1,10.0,2507.007,17.61135305,17.533417842792517,-0.07793520720748504
1,10.0,2507.489,17.61963844,17.538542377416142,-0.08109606258385682
1,10.0,2507.971,17.62714277,17.543693195500552,-0.08344957449944701
1,10.0,2508.453,17.60738128,17.54886959781722,-0.05851168218277891
1,10.0,2508.935,17.6343599,17.554070882270054,-0.08028901772994601
1,10.0,2509.417,17.63386391,17.559296344002533,-0.07456756599746583
1,10.0,2509.899,17.65660988,17.564545275504845,-0.09206460449515674
1,10.0,2510.382,17.65770281,17.569827927004745,-0.08787488299525492
1,10.0,2510.864,17.66300807,17.57512171043987,-0.08788635956013024
1,10.0,2511.346,17.67428483,17.580436824784428,-0.09384800521557324
1,10.0,2511.828,17.67587199,17.58577255298573,-0.09009943701427048
1,10.0,2512.31,17.68221713,17.59112817587585,-0.09108895412415308
1,10.0,2512.792,17.69064109,17.596502972279527,-0.09413811772047254
1,10.0,2513.274,17.68261764,17.601896219122043,-0.08072142087795697
1,10.0,2513.756,17.71680518,17.607307191537018,-0.10949798846298364
1,10.0,2514.239,17.71258493,17.612746441491566,-0.09983848850843202
1,10.0,2514.721,17.72953196,17.61819071682479,-0.11134124317520744
1,10.0,2515.203,17.73429207,17.62365053194578,-0.11064153805421739
1,10.0,2515.685,17.72774193,17.629125155897977,-0.09861677410202319
1,10.0,2516.167,17.74711472,17.634613856472704,-0.11250086352729483
1,10.0,2516.649,17.73054389,17.640115900316893,-0.09042798968310706
1,10.0,2517.131,17.74113191,17.64563055304065,-0.09550135695934969
1,10.0,2517.613,17.75644597,17.651157079324697,-0.105288890675304
1,10.0,2518.095,17.79723807,17.65669474302786,-0.14054332697213923
1,10.0,2518.578,17.79329362,17.662254328100783,-0.13103929189921715
1,10.0,2519.06,17.79584283,17.66781207474757,-0.12803075525243202
1,10.0,2519.542,17.79442167,17.67337874499796,-0.12104292500203684
1,10.0,2520.024,17.81415488,17.67895360049275,-0.1352012795072497
1,10.0,2520.506,17.81086257,17.6845359025854,-0.1263266674146024
1,10.0,2520.988,17.82074622,17.69012491244819,-0.13062130755180945
1,10.0,2521.47,17.8108539,17.69571989117849,-0.11513400882151004
1,10.0,2521.952,17.84055219,17.70132009990437,-0.1392320900956321
1,10.0,2522.435,17.85768795,17.706936432054707,-0.15075151794529162
1,10.0,2522.917,17.84960171,17.712544891824678,-0.13705681817532422
1,10.0,2523.399,17.85069838,17.718156364681832,-0.1325420153181689
1,10.0,2523.881,17.8525033,17.723770112930705,-0.12873318706929382
1,10.0,2524.363,17.87675825,17.729385399431514,-0.14737285056848748
1,10.0,2524.845,17.86708692,17.73500148770409,-0.1320854322959093
1,10.0,2525.327,17.86845373,17.740617642031562,-0.12783608796843637
1,10.0,2525.809,17.88401731,17.74623312756359,-0.13778418243641255
1,10.0,2526.292,17.88562951,17.751858855927377,-0.13377065407262378
1,10.0,2526.773,17.89672398,17.757459157789388,-0.1392648222106132
1,10.0,2527.256,17.90050093,17.763079871647772,-0.13742105835222773
1,10.0,2527.738,17.90551486,17.768685346195582,-0.1368295138044182
1,10.0,2528.22,17.8998125,17.77428649276999,-0.12552600723001106
1,10.0,2528.702,17.92252633,17.779882583869178,-0.14264374613082254
1,10.0,2529.184,17.94239187,17.78547289356956,-0.15691897643044328
1,10.0,2529.666,17.93152065,17.791056697625507,-0.1404639523744926
1,10.0,2530.148,17.93659803,17.796633273568755,-0.13996475643124384
1,10.0,2530.63,17.97138243,17.802201900807262,-0.16918052919273663
1,10.0,2531.113,17.95727376,17.807773386402992,-0.1495003735970073
1,10.0,2531.595,17.97254544,17.81332394224004,-0.15922149775996175
1,10.0,2532.077,17.98061229,17.818864398354606,-0.16174789164539405
1,10.0,2532.559,17.97985892,17.824394042642567,-0.15546487735743497
1,10.0,2533.041,17.9897643,17.82991216536258,-0.15985213463742198
1,10.0,2533.523,18.00544262,17.835418059231774,-0.17002456076822625
1,10.0,2534.005,18.00191321,17.840911019520814,-0.16100219047918785
1,10.0,2534.487,18.02132231,17.846390344148222,-0.17493196585177628
1,10.0,2534.969,18.00595864,17.851855333774438,-0.15410330622556145
1,10.0,2535.452,18.02730209,17.85731658275502,-0.16998550724498074
1,10.0,2535.934,18.03656908,17.862750782449137,-0.17381829755086287
1,10.0,2536.416,18.02156462,17.86816856507373,-0.15339605492626873
1,10.0,2536.898,18.02567138,17.873569243189053,-0.15210213681094586
1,10.0,2537.38,18.0257047,17.8789521325572,-0.14675256744279963
1,10.0,2537.862,18.01653593,17.884316552232146,-0.13221937776785353
1,10.0,2538.344,18.05247001,17.889661824649085,-0.16280818535091512
1,10.0,2538.826,18.04181452,17.894987275713177,-0.14682724428682192
1,10.0,2539.309,18.04734963,17.900303219262153,-0.14704641073784686
1,10.0,2539.791,18.06019487,17.90558697506599,-0.15460789493400995
1,10.0,2540.273,18.08073438,17.910848907555977,-0.1698854724440224
1,10.0,2540.755,18.08403437,17.916088357397573,-0.16794601260242814
1,10.0,2541.237,18.07877446,17.921304669159078,-0.15746979084092416
1,10.0,2541.719,18.08600299,17.926497191396027,-0.1595057986039734
1,10.0,2542.201,18.10442568,17.931665276734865,-0.17276040326513353
1,10.0,2542.683,18.10098019,17.93680828195583,-0.16417190804417103
1,10.0,2543.166,18.11150247,17.941936157675244,-0.16956631232475772
1,10.0,2543.648,18.13090186,17.947027034693505,-0.18387482530649635
1,10.0,2544.13,18.1204338,17.952090926371707,-0.16834287362829414
1,10.0,2544.612,18.1309901,17.957127206928078,-0.1738628930719237
1,10.0,2545.094,18.15732329,17.962135255137767,-0.1951880348622339
1,10.0,2545.576,18.14139027,17.96711445441093,-0.1742758155890698
1,10.0,2546.058,18.14604738,17.972064192870157,-0.17398318712984207
1,10.0,2546.54,18.1510221,17.976983863427066,-0.17403823657293316
1,10.0,2547.022,18.16564931,17.981872863858186,-0.1837764461418132
1,10.0,2547.505,18.17228018,17.986740642249895,-0.18553953775010612
1,10.0,2547.987,18.17646791,17.991566448880913,-0.184901461119086
1,10.0,2548.469,18.17925611,17.996359807436892,-0.1828963025631083
1,10.0,2548.951,18.20092678,18.001120135905534,-0.19980664409446547
1,10.0,2549.433,18.19323442,18.00584685750592,-0.18738756249408084
1,10.0,2549.915,18.17591579,18.010539400759132,-0.16537638924086906
1,10.0,2550.397,18.18544147,18.015197199558255,-0.17024427044174573
1,10.0,2550.879,18.19872966,18.019819693237352,-0.17890996676264947
1,10.0,2551.362,18.19582395,18.02441580481756,-0.17140814518243985
1,10.0,2551.844,18.18932514,18.028965952255707,-0.16035918774429447
1,10.0,2552.326,18.19834508,18.03347914477595,-0.16486593522405002
1,10.0,2552.808,18.21036874,18.037954844160538,-0.17241389583946187
1,10.0,2553.29,18.20141009,18.042392517964615,-0.1590175720353848
1,10.0,2553.772,18.20862827,18.04679163957996,-0.16183663042003715
1,10.0,2554.254,18.19579494,18.05115168829774,-0.14464325170225933
1,10.0,2554.736,18.21805751,18.055472149370384,-0.16258536062961682
1,10.0,2555.219,18.21309634,18.059761352467493,-0.15333498753250652
1,10.0,2555.7,18.24566492,18.063992279761308,-0.18167264023869123
1,10.0,2556.183,18.23195915,18.0681996178091,-0.16375953219090178
1,10.0,2556.665,18.2273234,18.07235661538285,-0.15496678461714808
1,10.0,2557.147,18.23344439,18.07647154209699,-0.1569728479030097
1,10.0,2557.629,18.25941892,18.080543920232984,-0.17887499976701804
1,10.0,2558.111,18.24714417,18.0845732784412,-0.16257089155879711
1,10.0,2558.593,18.26461435,18.08855915179534,-0.17605519820465787
1,10.0,2559.075,18.27884091,18.09250108184592,-0.1863398281540789
1,10.0,2559.557,18.26568145,18.096398616673014,-0.16928283332698513
1,10.0,2560.04,18.27155103,18.100259257162353,-0.17129177283764818
1,10.0,2560.522,18.25482431,18.10406657776611,-0.15075773223389177
1,10.0,2561.004,18.28663891,18.107828186185944,-0.17881072381405616
1,10.0,2561.486,18.29066641,18.11154365714092,-0.17912275285907953
1,10.0,2561.968,18.30166621,18.115212572128456,-0.18645363787154423
1,10.0,2562.45,18.29808498,18.118834519471203,-0.17925046052879523
1,10.0,2562.932,18.29757042,18.122409094362972,-0.1751613256370277
1,10.0,2563.414,18.30427788,18.125935898913653,-0.1783419810863478
1,10.0,2563.896,18.31078976,18.129414542193253,-0.18137521780674604
1,10.0,2564.379,18.31471526,18.132851705935675,-0.18186355406432497
1,10.0,2564.861,18.32902476,18.136232780052627,-0.19279197994737274
1,10.0,2565.343,18.31467701,18.139564561534506,-0.17511244846549445
1,10.0,2565.825,18.32160138,18.14284668772696,-0.17875469227304208
1,10.0,2566.307,18.31957325,18.146078803141243,-0.1734944468587578
1,10.0,2566.789,18.31433583,18.14926055949214,-0.16507527050785953
1,10.0,2567.271,18.32064294,18.152391615735436,-0.16825132426456335
1,10.0,2567.753,18.32326633,18.15547163810387,-0.1677946918961304
1,10.0,2568.236,18.32665737,18.15850653006212,-0.16815083993787994
1,10.0,2568.718,18.3222615,18.16148340511694,-0.16077809488306016
1,10.0,2569.2,18.34400797,18.164408288365482,-0.17959968163451734
1,10.0,2569.682,18.33021479,18.1672808755063,-0.1629339144936992
1,10.0,2570.164,18.34987696,18.17010086968115,-0.17977609031884967
1,10.0,2570.646,18.33647884,18.172867981505476,-0.1636108584945255
1,10.0,2571.128,18.3347278,18.175581929097493,-0.1591458709025062
1,10.0,2571.61,18.34963023,18.178242438106576,-0.171387791893423
1,10.0,2572.093,18.3381709,18.18085459403922,-0.15731630596078006
1,10.0,2572.575,18.34186707,18.183407320867037,-0.15845974913296246
1,10.0,2573.057,18.33762633,18.185905831001225,-0.15172049899877393
1,10.0,2573.539,18.33542875,18.188349880494997,-0.14707886950500182
1,10.0,2574.021,18.34979184,18.190739233059396,-0.1590526069406053
1,10.0,2574.503,18.34940525,18.19307366008573,-0.1563315899142701
1,10.0,2574.985,18.35460299,18.195352940666986,-0.15925004933301423
1,10.0,2575.467,18.35917738,18.197576861618106,-0.16160051838189204
1,10.0,2575.949,18.32816307,18.19974521749549,-0.12841785250450855
1,10.0,2576.432,18.35167151,18.201862135490348,-0.14980937450965115
1,10.0,2576.914,18.35039732,18.203918659669778,-0.14647866033022083
1,10.0,2577.396,18.35663822,18.205919048702516,-0.15071917129748513
1,10.0,2577.878,18.3407635,18.207863128300993,-0.1329003716990087
1,10.0,2578.36,18.3554476,18.209750732001243,-0.14569686799875825
1,10.0,2578.842,18.36441385,18.21158170117628,-0.15283214882371965
1,10.0,2579.324,18.35613078,18.21335588504866,-0.14277489495134077
1,10.0,2579.806,18.36165671,18.215073140701936,-0.1465835692980626
1,10.0,2580.289,18.34268169,18.21673671806706,-0.1259449719329382
1,10.0,2580.771,18.36718721,18.21833960124921,-0.14884760875079195
1,10.0,2581.253,18.36322226,18.219885174489644,-0.14333708551035684
1,10.0,2581.735,18.37374067,18.221373326427422,-0.1523673435725783
1,10.0,2582.217,18.37443146,18.222803953605222,-0.15162750639477807
1,10.0,2582.699,18.37409086,18.224176960474967,-0.14991389952503198
1,10.0,2583.181,18.35800824,18.225492259402408,-0.13251598059759218
1,10.0,2583.663,18.37355905,18.226749770670736,-0.1468092793292648
1,10.0,2584.146,18.35997056,18.227951851197,-0.13201870880300248
1,10.0,2584.627,18.35724631,18.229091150964845,-0.12815515903515617
1,10.0,2585.11,18.36610832,18.230177088301478,-0.13593123169852106
1,10.0,2585.592,18.36040993,18.231202689752887,-0.12920724024711205
1,10.0,2586.074,18.38135639,18.232170223705996,-0.1491861662940046
1,10.0,2586.556,18.36925003,18.23307965798634,-0.1361703720136589
1,10.0,2587.038,18.38092844,18.233930968334928,-0.14699747166507393
1,10.0,2587.52,18.34552006,18.23472413840402,-0.11079592159597951
1,10.0,2588.002,18.37996307,18.235459159752004,-0.14450391024799458
1,10.0,2588.484,18.3740811,18.23613603183732,-0.13794506816268282
1,10.0,2588.967,18.35071763,18.236755985254767,-0.11396164474523118
1,10.0,2589.449,18.35512656,18.23731646818035,-0.11781009181964919
1,10.0,2589.931,18.35779811,18.237818847599346,-0.11997926240065482
1,10.0,2590.413,18.35872592,18.238263154506345,-0.12046276549365587
1,10.0,2590.895,18.34969868,18.238649427751028,-0.11104925224897144
1,10.0,2591.377,18.33725563,18.238977714026277,-0.09827791597372482
1,10.0,2591.859,18.34034761,18.23924806785542,-0.10109954214457773
1,10.0,2592.341,18.34989423,18.239460551578425,-0.11043367842157537
1,10.0,2592.823,18.33902921,18.239615235337286,-0.0994139746627134
1,10.0,2593.306,18.34237308,18.23971233828192,-0.1026607417180827
1,10.0,2593.788,18.33546701,18.23975154418405,-0.09571546581594959
1,10.0,2594.27,18.342024,18.23973320740051,-0.10229079259949003
1,10.0,2594.752,18.354217,18.239657429131313,-0.11455957086868551
1,10.0,2595.234,18.3351741,18.2395243182908,-0.09564978170919858
1,10.0,2595.716,18.35650858,18.23933399148731,-0.11717458851268958
1,10.0,2596.198,18.32840355,18.23908657300186,-0.08931697699814123
1,10.0,2596.68,18.31949058,18.238782194766056,-0.08070838523394386
1,10.0,2597.163,18.36133147,18.23842018800097,-0.12291128199903056
1,10.0,2597.645,18.33255863,18.238002199124235,-0.09455643087576604
1,10.0,2598.127,18.30750948,18.23752769228836,-0.06998178771164021
1,10.0,2598.609,18.32182614,18.23699682980243,-0.0848293101975699
1,10.0,2599.091,18.3271635,18.236409781501315,-0.09075371849868574
1,10.0,2599.573,18.32105805,18.23576672471794,-0.08529132528206063
1,10.0,2600.055,18.31903108,18.235067844254722,-0.08396323574527642
1,10.0,2600.537,18.31296483,18.234313332354038,-0.07865149764596069
1,10.0,2601.02,18.31450715,18.233501650808,-0.08100549919199906
1,10.0,2601.502,18.32249908,18.232636368012848,-0.08986271198715201
1,10.0,2601.984,18.31750097,18.231716075291327,-0.08578489470867368
1,10.0,2602.466,18.30506953,18.230740994348043,-0.07432853565195785
1,10.0,2602.948,18.28968785,18.229711354166653,-0.05997649583334663
1,10.0,2603.43,18.30777916,18.228627390974967,-0.07915176902503163
1,10.0,2603.912,18.29297028,18.22748934820927,-0.06548093179072723
1,10.0,2604.394,18.30581168,18.22629747647771,-0.07951420352229022
1,10.0,2604.876,18.2937955,18.225052033522857,-0.06874346647714447
1,10.0,2605.359,18.29495965,18.22375053445826,-0.07120911554173759
1,10.0,2605.841,18.29568023,18.22239864088706,-0.0732815891129377
1,10.0,2606.323,18.27079302,18.22099399232501,-0.04979902767498956
1,10.0,2606.805,18.30321165,18.21953687467477,-0.08367477532523182
1,10.0,2607.287,18.27694191,18.218027580773132,-0.058914329226869455
1,10.0,2607.769,18.28726094,18.216466410348307,-0.07079452965169253
1,10.0,2608.251,18.27656706,18.21485366997651,-0.061713390023491854
1,10.0,2608.733,18.26726801,18.21318967303769,-0.05407833696230924
1,10.0,2609.216,18.26182648,18.21147112899471,-0.050355351005290316
1,10.0,2609.698,18.24361258,18.20970548139538,-0.03390709860462238
1,10.0,2610.18,18.26695764,18.20788955843462,-0.0590680815653819
1,10.0,2610.662,18.2591053,18.206023700261397,-0.05308159973860427
1,10.0,2611.144,18.24165554,18.20410825359444,-0.03754728640555882
1,10.0,2611.626,18.25489009,18.202143571672927,-0.05274651832707278
1,10.0,2612.108,18.23121511,18.200130014206614,-0.031085095793386586
1,10.0,2612.59,18.2286841,18.198067947324816,-0.030616152675182917
1,10.0,2613.073,18.23792509,18.195953315732236,-0.04197177426776477
1,10.0,2613.554,18.23104528,18.19379978161976,-0.037245498380240605
1,10.0,2614.037,18.22689131,18.191589822327337,-0.035301487672661835
1,10.0,2614.519,18.20625785,18.189337408584667,-0.016920441415333443
1,10.0,2615.001,18.22042412,18.18703841136403,-0.03338570863597212
1,10.0,2615.483,18.19971965,18.18469323421342,-0.01502641578657915
1,10.0,2615.965,18.19393126,18.18230228672247,-0.011628973277527876
1,10.0,2616.447,18.21338704,18.17986598446545,-0.03352105553454976
1,10.0,2616.929,18.18893178,18.177384748943368,-0.011547031056633017
1,10.0,2617.411,18.19086233,18.17485900752546,-0.016003322474542614
1,10.0,2617.894,18.19572335,18.172283816315336,-0.023439533684666003
1,10.0,2618.376,18.20380267,18.16967027832279,-0.03413239167721116
1,10.0,2618.858,18.19072581,18.16701355208298,-0.02371225791701903
1,10.0,2619.34,18.17934629,18.164314087849284,-0.015032202150717211
1,10.0,2619.822,18.16538272,18.161572341439218,-0.003810378560782368
1,10.0,2620.304,18.20516766,18.15878877417166,-0.04637888582833938
1,10.0,2620.786,18.18637203,18.15596385280324,-0.0304081771967617
1,10.0,2621.268,18.16658089,18.153098049463857,-0.013482840536141794
1,10.0,2621.75,18.16998768,18.15019184159176,-0.019795838408239064
1,10.0,2622.233,18.16246192,18.1472395584044,-0.015222361595597533
1,10.0,2622.715,18.16771381,18.14425391338316,-0.02345989661683845
1,10.0,2623.197,18.15758947,18.14122932836142,-0.01636014163858235
1,10.0,2623.679,18.15770791,18.13816630135729,-0.01954160864270804
1,10.0,2624.161,18.14669209,18.13506533536173,-0.011626754638268011
1,10.0,2624.643,18.13637042,18.131926938269544,-0.004443481730454835
1,10.0,2625.125,18.13192741,18.128751622809723,-0.0031757871902762247
1,10.0,2625.607,18.10954567,18.12553990647512,0.01599423647511955
1,10.0,2626.09,18.12354304,18.122285536771315,-0.0012575032286861187
1,10.0,2626.572,18.11347855,18.119002517072232,0.005523967072232239
1,10.0,2627.054,18.08399213,18.115684677954366,0.03169254795436771
1,10.0,2627.536,18.08678235,18.11233255525942,0.025550205259420977
1,10.0,2628.018,18.08517917,18.108946689231857,0.023767519231856937
1,10.0,2628.5,18.08859103,18.105527624444942,0.016936594444942443
1,10.0,2628.982,18.07623255,18.102075909726143,0.025843359726142268
1,10.0,2629.464,18.06485219,18.098592098081994,0.03373990808199423
1,10.0,2629.947,18.06768226,18.095069420965114,0.0273871609651124
1,10.0,2630.429,18.0586435,18.091523027141836,0.03287952714183717
1,10.0,2630.911,18.04116916,18.08794622090363,0.04677706090362932
1,10.0,2631.393,18.04920256,18.084339571218432,0.03513701121843127
1,10.0,2631.875,18.04763416,18.08070365084905,0.03306949084904787
1,10.0,2632.357,18.01778964,18.07703903627463,0.05924939627463033
1,10.0,2632.839,18.02940008,18.07334630761174,0.04394622761174105
1,10.0,2633.321,18.03150017,18.069626048534918,0.03812587853491678
1,10.0,2633.803,18.01546286,18.06587884619669,0.050415986196689744
1,10.0,2634.286,18.01397593,18.06209743521265,0.048121505212648685
1,10.0,2634.768,18.0092056,18.058298068496555,0.049092468496553465
1,10.0,2635.25,18.00944068,18.05447354128,0.04503286127999928
1,10.0,2635.732,18.02343964,18.050624453824803,0.0271848138248032
1,10.0,2636.214,18.01612411,18.046751409463678,0.030627299463677815
1,10.0,2636.696,17.98835001,18.042855014517496,0.054505004517494626
1,10.0,2637.178,17.99368541,18.038935878212087,0.04525046821208534
1,10.0,2637.66,17.99466463,18.03499461259462,0.04032998259462062
1,10.0,2638.143,17.99013287,18.03102358897765,0.040890718977649954
1,10.0,2638.625,17.97013499,18.02703986903112,0.056904879031122846
1,10.0,2639.107,17.98243337,18.02303587328879,0.04060250328879178
1,10.0,2639.589,17.96888927,18.019012224244047,0.05012295424404911
1,10.0,2640.071,17.96031002,18.014969546787363,0.0546595267873613
1,10.0,2640.553,17.93763442,18.010908468120366,0.07327404812036775
1,10.0,2641.035,17.9229908,18.006829617669545,0.0838388176695446
1,10.0,2641.517,17.93433508,18.00273362699965,0.06839854699964931
1,10.0,2642.0,17.92949869,17.998612580856634,0.06911389085663444
1,10.0,2642.481,17.93247291,17.994492761430422,0.06201985143042066
1,10.0,2642.964,17.91267834,17.990340547490934,0.07766220749093478
1,10.0,2643.446,17.92076881,17.986182321692784,0.06541351169278542
1,10.0,2643.928,17.90041445,17.98201014384908,0.08159569384908139
1,10.0,2644.41,17.9090768,17.977824656519914,0.06874785651991289
1,10.0,2644.892,17.91445071,17.973626503788342,0.05917579378834148
1,10.0,2645.374,17.8934694,17.9694163311713,0.07594693117129836
1,10.0,2645.856,17.88798012,17.965194785530414,0.07721466553041267
1,10.0,2646.338,17.88879929,17.960962514982626,0.07216322498262429
1,10.0,2646.821,17.87539812,17.956711357239698,0.08131323723969786
1,10.0,2647.303,17.85380771,17.95245956692335,0.09865185692334677
1,10.0,2647.785,17.86627046,17.948199004036702,0.08192854403670324
1,10.0,2648.267,17.86814103,17.943930320820606,0.07578929082060526
1,10.0,2648.749,17.8463277,17.93965417032061,0.09332647032060848
1,10.0,2649.231,17.85453331,17.93537120629638,0.08083789629638005
1,10.0,2649.713,17.85061809,17.931082083130963,0.08046399313096231
1,10.0,2650.195,17.85335193,17.926787455739888,0.07343552573988887
1,10.0,2650.677,17.85120481,17.92248797948018,0.0712831694801821
1,10.0,2651.16,17.8209273,17.918175377380717,0.09724807738071561
1,10.0,2651.642,17.82160941,17.913868164108454,0.09225875410845319
1,10.0,2652.124,17.83388708,17.909558071137223,0.07567099113722264
1,10.0,2652.606,17.79831128,17.905245754677978,0.10693447467797768
1,10.0,2653.088,17.78815047,17.90093187092645,0.11278140092644762
1,10.0,2653.57,17.79695356,17.896617075971797,0.09966351597179823
1,10.0,2654.052,17.77868378,17.89230202570496,0.11361824570495926
1,10.0,2654.534,17.80444323,17.887987375727203,0.08354414572720259
1,10.0,2655.017,17.77275268,17.88366483344388,0.11091215344388061
1,10.0,2655.499,17.76984392,17.879352953459925,0.10950903345992558
1,10.0,2655.981,17.77106285,17.875043439271575,0.1039805892715755
1,10.0,2656.463,17.77324345,17.870736944404353,0.09749349440435395
1,10.0,2656.945,17.75968501,17.866434121636235,0.1067491116362369
1,10.0,2657.427,17.7526922,17.86213562290628,0.10944342290628128
1,10.0,2657.909,17.74107788,17.85784209922325,0.11676421922325275
1,10.0,2658.391,17.74058548,17.853554200574386,0.11296872057438634
1,10.0,2658.874,17.75173755,17.84926369976656,0.09752614976655849
1,10.0,2659.356,17.74170992,17.844989011638354,0.10327909163835258
1,10.0,2659.838,17.74143158,17.84072189280535,0.09929031280535128
1,10.0,2660.32,17.74074899,17.83646298825513,0.09571399825512827
1,10.0,2660.802,17.71300687,17.832212941499,0.11920607149900064
1,10.0,2661.284,17.71897899,17.827972394481396,0.10899340448139583
1,10.0,2661.766,17.73332571,17.823741987489658,0.09041627748965908
1,10.0,2662.248,17.69940938,17.819522359063814,0.12011297906381557
1,10.0,2662.73,17.70937902,17.815314145906747,0.10593512590674692
1,10.0,2663.213,17.69519251,17.81110929002714,0.1159167800271419
1,10.0,2663.695,17.68954645,17.80692583668837,0.11737938668836989
1,10.0,2664.177,17.69775796,17.802755698114165,0.10499773811416446
1,10.0,2664.659,17.70057469,17.798599502759327,0.09802481275932706
1,10.0,2665.141,17.67634941,17.794457876795207,0.11810846679520637
1,10.0,2665.623,17.66714066,17.790331444021316,0.12319078402131467
1,10.0,2666.105,17.66677328,17.78622082577715,0.11944754577714889
1,10.0,2666.587,17.64494533,17.78212664085445,0.1371813108544515
1,10.0,2667.07,17.64780765,17.778041064771358,0.1302334147713573
1,10.0,2667.552,17.65310464,17.77398162951937,0.12087698951937043
1,10.0,2668.034,17.6436927,17.769940469068146,0.12624776906814716
1,10.0,2668.516,17.62014535,17.76591819114088,0.14577284114087874
1,10.0,2668.998,17.61011858,17.761915400478966,0.15179682047896392
1,10.0,2669.48,17.60948143,17.757932698756342,0.14845126875634307
1,10.0,2669.962,17.61136287,17.753970684494274,0.14260781449427284
1,10.0,2670.444,17.60941981,17.750029952976554,0.1406101429765556
1,10.0,2670.927,17.60979717,17.746102988904354,0.13630581890435423
1,10.0,2671.408,17.60844365,17.7422147026161,0.13377105261609756
1,10.0,2671.891,17.59201732,17.738333345773228,0.14631602577322766
1,10.0,2672.373,17.59477924,17.734483680004207,0.13970444000420557
1,10.0,2672.855,17.61061122,17.7306582230943,0.1200470030942995
1,10.0,2673.337,17.59050482,17.726857549139044,0.13635272913904473
1,10.0,2673.819,17.58933866,17.723082228415624,0.13374356841562474
1,10.0,2674.301,17.59472219,17.719332827301994,0.12461063730199484
1,10.0,2674.783,17.58357241,17.71560990819647,0.13203749819647115
1,10.0,2675.265,17.58355401,17.711914029437835,0.12836001943783515
1,10.0,2675.748,17.60176564,17.708238163744742,0.10647252374474192
1,10.0,2676.23,17.58845235,17.704598083022663,0.11614573302266251
1,10.0,2676.712,17.60410906,17.70098669364499,0.09687763364498991
1,10.0,2677.194,17.58317334,17.697404536916824,0.11423119691682615
1,10.0,2677.676,17.58347215,17.693852149693203,0.11037999969320467
1,10.0,2678.158,17.57571221,17.690330064303012,0.11461785430301319
1,10.0,2678.64,17.56676322,17.6868388084734,0.1200755884734015
1,10.0,2679.122,17.54502663,17.683378905254855,0.1383522752548565
1,10.0,2679.604,17.54220942,17.679950872947018,0.13774145294701867
1,10.0,2680.087,17.53408639,17.67654821412951,0.14246182412951214
1,10.0,2680.569,17.5339057,17.67318552793942,0.13927982793942206
1,10.0,2681.051,17.53592041,17.669856239361476,0.13393582936147652
1,10.0,2681.533,17.51141365,17.666560846953043,0.1551471969530418
1,10.0,2682.015,17.52565203,17.66329984415988,0.13764781415988026
1,10.0,2682.497,17.52199207,17.66007371924631,0.13808164924630972
1,10.0,2682.979,17.5119784,17.656882955225953,0.1449045552259527
1,10.0,2683.461,17.5117376,17.653728029793527,0.14199042979352683
1,10.0,2683.944,17.513355,17.650602983172284,0.13724798317228348
1,10.0,2684.426,17.51865637,17.64752122317035,0.12886485317035223
1,10.0,2684.908,17.50629347,17.644476703205754,0.13818323320575487
1,10.0,2685.39,17.51310881,17.64146987901757,0.12836106901757205
1,10.0,2685.872,17.50616107,17.638501200695945,0.13234013069594397
1,10.0,2686.354,17.50640498,17.635571112618496,0.1291661326184972
1,10.0,2686.836,17.5049252,17.63268005338769,0.12775485338769244
1,10.0,2687.318,17.48868313,17.62982845576913,0.14114532576913064
1,10.0,2687.801,17.48601453,17.62701095496609,0.14099642496609022
1,10.0,2688.283,17.5030195,17.624239639280333,0.12122013928033226
1,10.0,2688.765,17.50105187,17.621509048732076,0.12045717873207451
1,10.0,2689.247,17.50889369,17.618819592126595,0.10992590212659437
1,10.0,2689.729,17.50670136,17.616171672136577,0.1094703121365761
1,10.0,2690.211,17.48500979,17.61356568524588,0.1285558952458814
1,10.0,2690.693,17.48317782,17.611002021693974,0.12782420169397213
1,10.0,2691.175,17.47048883,17.608481065421593,0.1379922354215921
1,10.0,2691.657,17.49556689,17.60600319401713,0.11043630401713145
1,10.0,2692.14,17.47188692,17.603563773436424,0.13167685343642432
1,10.0,2692.622,17.47022331,17.601173270151122,0.1309499601511206
1,10.0,2693.104,17.46820985,17.59882694660087,0.13061709660086862
1,10.0,2693.586,17.45264014,17.596525154435493,0.14388501443549373
1,10.0,2694.068,17.46435629,17.59426823869949,0.1299119486994904
1,10.0,2694.55,17.45849994,17.592056537784448,0.13355659778444817
1,10.0,2695.032,17.45241539,17.58989038338252,0.13747499338252211
1,10.0,2695.514,17.46365959,17.587770100440867,0.12411051044086818
1,10.0,2695.997,17.45762811,17.585691752250078,0.12806364225007627
1,10.0,2696.479,17.45063399,17.583664256662907,0.13303026666290663
1,10.0,2696.961,17.4524238,17.581683567092263,0.1292597670922646
1,10.0,2697.443,17.45116386,17.579749981056473,0.12858612105647182
1,10.0,2697.925,17.44024791,17.57786378911684,0.13761587911684003
1,10.0,2698.407,17.44768978,17.576025274838422,0.12833549483842077
1,10.0,2698.889,17.4425271,17.57423471475187,0.1317076147518712
1,10.0,2699.371,17.44539979,17.572492378316547,0.1270925883165468
1,10.0,2699.854,17.45183429,17.570795064251186,0.11896077425118534
1,10.0,2700.335,17.44219355,17.569153418665202,0.12695986866520315
1,10.0,2700.818,17.4448848,17.56755403833316,0.12266923833315957
1,10.0,2701.3,17.44531762,17.56600725081559,0.12068963081559048
1,10.0,2701.782,17.46900046,17.564509927432752,0.0955094674327519
1,10.0,2702.264,17.45849502,17.563062294484524,0.10456727448452341
1,10.0,2702.746,17.45136974,17.561664570971075,0.11029483097107473
1,10.0,2703.228,17.46523002,17.560316968564724,0.09508694856472388
1,10.0,2703.71,17.45485974,17.559019691582986,0.10415995158298585
1,10.0,2704.192,17.45548551,17.557772936962788,0.10228742696278914
1,10.0,2704.675,17.46058156,17.55657446566168,0.09599290566167795
1,10.0,2705.157,17.45691805,17.5554294227037,0.09851137270370103
1,10.0,2705.639,17.43626298,17.5543354487476,0.11807246874760224
1,10.0,2706.121,17.46178611,17.553292710956857,0.09150660095685836
1,10.0,2706.603,17.44887984,17.55230136900242,0.10342152900242141
1,10.0,2707.085,17.4644799,17.551361575043778,0.0868816750437773
1,10.0,2707.567,17.45752088,17.55047347371122,0.092952593711221
1,10.0,2708.049,17.46099279,17.549637202089368,0.08864441208936924
1,10.0,2708.531,17.45130213,17.548852889701724,0.09755075970172555
1,10.0,2709.014,17.46014241,17.548119193563455,0.08797678356345529
1,10.0,2709.496,17.46000138,17.547439266303645,0.08743788630364335
1,10.0,2709.978,17.4538187,17.54681164155944,0.09299294155944082
1,10.0,2710.46,17.4534093,17.54623641846397,0.09282711846396907
1,10.0,2710.942,17.45449975,17.545713688530082,0.09121393853008186
1,10.0,2711.424,17.45065077,17.545243535641948,0.09459276564194852
1,10.0,2711.906,17.45975297,17.544826036048107,0.08507306604810694
1,10.0,2712.388,17.46794464,17.544461258355486,0.07651661835548751
1,10.0,2712.871,17.45154693,17.544148671138373,0.09260174113837394
1,10.0,2713.353,17.46474709,17.543889622148715,0.07914253214871536
1,10.0,2713.835,17.46473377,17.54368345507676,0.07894968507676126
1,10.0,2714.317,17.46234461,17.543530207911676,0.08118559791167712
1,10.0,2714.799,17.46848991,17.543429910989257,0.07494000098925824
1,10.0,2715.281,17.47736985,17.543382586993115,0.06601273699311605
1,10.0,2715.763,17.46339397,17.543388250957076,0.07999428095707728
1,10.0,2716.245,17.47042896,17.543446910268802,0.07301795026880242
1,10.0,2716.728,17.44180121,17.543558851406644,0.10175764140664256
1,10.0,2717.21,17.45173435,17.543723602935327,0.09198925293532767
1,10.0,2717.692,17.45532193,17.543941326110726,0.088619396110726
1,10.0,2718.174,17.46051153,17.54421199777924,0.0837004677792379
1,10.0,2718.656,17.47493629,17.54453558717663,0.06959929717663016
1,10.0,2719.138,17.44019643,17.544912055938678,0.10471562593867745
1,10.0,2719.62,17.46068618,17.545341358113024,0.08465517811302448
1,10.0,2720.102,17.45259,17.54582344017212,0.09323344017212065
1,10.0,2720.584,17.47339048,17.546358241027374,0.07296776102737468
1,10.0,2721.067,17.47561433,17.546946965500663,0.0713326355006636
1,10.0,2721.549,17.47671334,17.547587099506305,0.07087375950630559
1,10.0,2722.031,17.48530528,17.548279723653504,0.06297444365350557
1,10.0,2722.513,17.4743448,17.54902474675849,0.07467994675848999
1,10.0,2722.995,17.48875484,17.549822070164563,0.06106723016456428
1,10.0,2723.477,17.50099918,17.550671587763034,0.04967240776303328
1,10.0,2723.959,17.50941116,17.551573186015442,0.04216202601544339
1,10.0,2724.441,17.49705687,17.552526743976856,0.05546987397685399
1,10.0,2724.924,17.49159973,17.553534272976016,0.061934542976015194
1,10.0,2725.406,17.51794559,17.55459146512433,0.0366458751243286
1,10.0,2725.888,17.52627841,17.555700209653516,0.02942179965351599
1,10.0,2726.37,17.53913733,17.556860356232967,0.017723026232967953
1,10.0,2726.852,17.53001063,17.55807174725896,0.028061117258960877
1,10.0,2727.334,17.50566185,17.559334217884498,0.053672367884498584
1,10.0,2727.816,17.51881262,17.56064759605044,0.04183497605044195
1,10.0,2728.298,17.53882868,17.56201170251759,0.02318302251758908
1,10.0,2728.781,17.52938453,17.563429338260175,0.0340448082601732
1,10.0,2729.262,17.54223157,17.564891347698698,0.0226597776986992
1,10.0,2729.745,17.53467872,17.566409687777426,0.031730967777427566
1,10.0,2730.227,17.54244579,17.567974876030426,0.025529086030427806
1,10.0,2730.709,17.53765378,17.569589789434488,0.03193600943448871
1,10.0,2731.191,17.54342271,17.57125420638996,0.027831496389957522
1,10.0,2731.673,17.55090627,17.57296789837176,0.02206162837176251
1,10.0,2732.155,17.57165201,17.57473062996987,0.003078619969869578
1,10.0,2732.637,17.56582266,17.576542158930856,0.01071949893085744
1,10.0,2733.119,17.54722186,17.578402236200436,0.031180376200435234
1,10.0,2733.602,17.56269033,17.580314615259244,0.017624285259245198
1,10.0,2734.084,17.57662591,17.58227111436789,0.005645204367890955
1,10.0,2734.566,17.55885409,17.584275373691646,0.02542128369164587
1,10.0,2735.048,17.56265485,17.58632711740398,0.023672267403977543
1,10.0,2735.53,17.57542784,17.588426063104958,0.012998223104958129
1,10.0,2736.012,17.57053411,17.590571921869508,0.02003781186950704
1,10.0,2736.494,17.59602109,17.592764398296858,-0.003256691703143133
1,10.0,2736.976,17.59272676,17.59500319056057,0.002276430560566922
1,10.0,2737.458,17.56958238,17.59728799045984,0.027705610459840102
1,10.0,2737.941,17.59397039,17.59962336579558,0.0056529757955807725
1,10.0,2738.423,17.58827974,17.60199932492252,0.013719584922519346
1,10.0,2738.905,17.59502675,17.604420328676042,0.00939357867604329
1,10.0,2739.387,17.61002206,17.606886043874187,-0.0031360161258113806
1,10.0,2739.869,17.59116831,17.609396131229825,0.018227821229825025
1,10.0,2740.351,17.62052523,17.611950245407034,-0.008574984592964796
1,10.0,2740.833,17.62157449,17.614548035078336,-0.007026454921664538
1,10.0,2741.315,17.60905456,17.617189142982827,0.008134582982826544
1,10.0,2741.798,17.61872906,17.61987881897723,0.00114975897723113
1,10.0,2742.28,17.62870665,17.622605556092548,-0.006101093907453503
1,10.0,2742.762,17.62821725,17.625374503867597,-0.0028427461324014303
1,10.0,2743.244,17.61701255,17.6281852818933,0.011172731893299925
1,10.0,2743.726,17.64982899,17.631037504129722,-0.01879148587027757
1,10.0,2744.208,17.62613394,17.63393077896914,0.0077968389691420725
1,10.0,2744.69,17.63622966,17.636864709299513,0.0006350492995110812
1,10.0,2745.172,17.64672422,17.63983889256882,-0.006885327431177757
1,10.0,2745.655,17.65250281,17.642859215153948,-0.009643594846053816
1,10.0,2746.137,17.64739982,17.64591275658693,-0.0014870634130694782
1,10.0,2746.619,17.65165693,17.64900531044382,-0.0026516195561825384
1,10.0,2747.101,17.6580948,17.652136453059857,-0.005958346940143855
1,10.0,2747.583,17.66637336,17.65530575566283,-0.011067604337171133
1,10.0,2748.065,17.65560214,17.65851278444148,0.0029106444414814803
1,10.0,2748.547,17.68245142,17.661757100614782,-0.020694319385217597
1,10.0,2749.029,17.69146685,17.66503826050162,-0.026428589498380006
1,10.0,2749.511,17.694938,17.668355815591273,-0.026582184408727727
1,10.0,2749.994,17.6858686,17.671716307121706,-0.014152292878293338
1,10.0,2750.476,17.6962402,17.675105361260904,-0.021134838739094164
1,10.0,2750.958,17.70159327,17.67852943584166,-0.023063834158339347
1,10.0,2751.44,17.70771503,17.681988063741535,-0.025726966258464046
1,10.0,2751.922,17.7027165,17.685480773369566,-0.017235726630435266
1,10.0,2752.404,17.7248229,17.689007088740105,-0.035815811259894303
1,10.0,2752.886,17.73458957,17.692566529547367,-0.04202304045263361
1,10.0,2753.368,17.72302369,17.69615861124022,-0.026865078759779948
1,10.0,2753.851,17.72123513,17.699790397335985,-0.021444732664015476
1,10.0,2754.333,17.73756685,17.703446355711453,-0.034120494288547576
1,10.0,2754.815,17.74602539,17.707133475569403,-0.038891914430596586
1,10.0,2755.297,17.74977792,17.710851256128727,-0.03892666387127264
1,10.0,2755.779,17.77193377,17.71459919274509,-0.05733457725490965
1,10.0,2756.261,17.75084963,17.71837677698884,-0.03247285301116065
1,10.0,2756.743,17.77843234,17.722183496723055,-0.05624884327694346
1,10.0,2757.225,17.76420523,17.72601883618219,-0.03818639381780997
1,10.0,2757.708,17.77146602,17.729890320334746,-0.041575699665251875
1,10.0,2758.189,17.77416901,17.73377329354433,-0.04039571645567008
1,10.0,2758.672,17.77954669,17.737699519012757,-0.04184717098724278
1,10.0,2759.154,17.80238187,17.741644164388433,-0.06073770561156877
1,10.0,2759.636,17.7783121,17.74561479790111,-0.03269730209889232
1,10.0,2760.118,17.80077548,17.749610883678685,-0.05116459632131409
1,10.0,2760.6,17.80277331,17.753631882781097,-0.04914142721890258
1,10.0,2761.082,17.81541002,17.757677253281646,-0.05773276671835603
1,10.0,2761.564,17.8179997,17.76174645034869,-0.05625324965131284
1,10.0,2762.046,17.81992283,17.765838926327593,-0.054083903672406564
1,10.0,2762.529,17.83839476,17.76996269183455,-0.06843206816544978
1,10.0,2763.011,17.82882149,17.77410011722288,-0.05472137277712008
1,10.0,2763.493,17.82897159,17.77825916128886,-0.05071242871113668
1,10.0,2763.975,17.85428845,17.782439265905097,-0.07184918409490137
1,10.0,2764.457,17.83257315,17.786639870534625,-0.04593327946537684
1,10.0,2764.939,17.86022577,17.790860412314277,-0.06936535768572227
1,10.0,2765.421,17.8707084,17.795100326138083,-0.07560807386191826
1,10.0,2765.903,17.86833879,17.79935904474095,-0.06897974525904971
1,10.0,2766.385,17.86648139,17.803635998782433,-0.06284539121756794
1,10.0,2766.868,17.897203,17.80793954489121,-0.0892634551087923
1,10.0,2767.35,17.88444351,17.812251288767936,-0.07219222123206492
1,10.0,2767.832,17.89749334,17.816579547254634,-0.08091379274536692
1,10.0,2768.314,17.90918316,17.82092374354632,-0.08825941645368118
1,10.0,2768.796,17.92012299,17.825283299183496,-0.09483969081650301
1,10.0,2769.278,17.94365928,17.82965763413659,-0.11400164586340722
1,10.0,2769.76,17.93936999,17.83404616689051,-0.10532382310949018
1,10.0,2770.242,17.92392368,17.838448314528993,-0.08547536547100876
1,10.0,2770.725,17.94010999,17.842872666079632,-0.09723732392036766
1,10.0,2771.207,17.93924378,17.847300314767555,-0.0919434652324469
1,10.0,2771.689,17.96321204,17.851739820812337,-0.11147221918766093
1,10.0,2772.171,17.95595786,17.856190596536877,-0.09976726346312503
1,10.0,2772.653,17.94538661,17.860652053286014,-0.08473455671398611
1,10.0,2773.135,17.96396368,17.86512360151103,-0.09884007848896914
1,10.0,2773.617,17.97597139,17.86960465085401,-0.10636673914599015
1,10.0,2774.099,17.98656825,17.87409461023239,-0.11247363976761093
1,10.0,2774.582,17.99289666,17.8786022286856,-0.11429443131439854
1,10.0,2775.064,17.98859944,17.883108247822907,-0.10549119217709446
1,10.0,2775.546,17.98816842,17.88762139901242,-0.10054702098758028
1,10.0,2776.028,18.02291635,17.8921410891146,-0.13077526088540026
1,10.0,2776.51,17.99723423,17.89666672468613,-0.10056750531386882
1,10.0,2776.992,17.99581492,17.901197712063784,-0.09461720793621708
1,10.0,2777.474,18.03799093,17.905733457448108,-0.1322574725518919
1,10.0,2777.956,18.03374991,17.910273366986843,-0.12347654301315814
1,10.0,2778.438,18.03677799,17.914816846858447,-0.12196114314155437
1,10.0,2778.921,18.03953321,17.91937273851989,-0.12016047148010855
1,10.0,2779.403,18.00843756,17.92392158245809,-0.08451597754191198
1,10.0,2779.885,18.03406356,17.928472215048576,-0.1055913449514243
1,10.0,2780.367,18.04726278,17.933024043422897,-0.1142387365771036
1,10.0,2780.849,18.04941665,17.93757647515736,-0.11184017484264075
1,10.0,2781.331,18.0474924,17.942128918355102,-0.10536348164489695
1,10.0,2781.813,18.06334822,17.946680781727885,-0.1166674382721169
1,10.0,2782.295,18.09174798,17.95123147467785,-0.1405165053221502
1,10.0,2782.778,18.06869328,17.955789842759934,-0.11290343724006746
1,10.0,2783.26,18.07221326,17.960336420752792,-0.11187683924720915
1,10.0,2783.742,18.07187668,17.964880060264218,-0.10699661973578145
1,10.0,2784.224,18.07691722,17.96942017427047,-0.10749704572952723
1,10.0,2784.706,18.06554138,17.973956176842254,-0.0915852031577451
1,10.0,2785.188,18.09114852,17.978487483224445,-0.11266103677555606
1,10.0,2785.67,18.09907977,17.98301350991572,-0.11606626008428123
1,10.0,2786.152,18.09728828,17.98753367474777,-0.10975460525223113
1,10.0,2786.635,18.10049896,17.992056754433744,-0.10844220556625572
1,10.0,2787.116,18.10402174,17.996554097298265,-0.10746764270173514
1,10.0,2787.599,18.1141029,18.001062523986963,-0.11304037601303563
1,10.0,2788.081,18.12691244,18.005553431550407,-0.1213590084495948
1,10.0,2788.563,18.1137765,18.010035587964488,-0.10374091203551217
1,10.0,2789.045,18.1223863,18.01450842070538,-0.10787787929461956
1,10.0,2789.527,18.14361868,18.01897135912633,-0.12464732087367025
1,10.0,2790.009,18.12814537,18.02342383453391,-0.10472153546608709
1,10.0,2790.491,18.1446524,18.02786528026369,-0.1167871197363084
1,10.0,2790.973,18.15071365,18.03229513175547,-0.11841851824453187
1,10.0,2791.456,18.13415058,18.036721978944527,-0.0974286010554728
1,10.0,2791.938,18.15480926,18.041126930106557,-0.11368232989344307
1,10.0,2792.42,18.17220271,18.045518605566798,-0.12668410443320255
1,10.0,2792.902,18.16931901,18.04989644993085,-0.11942256006915031
1,10.0,2793.384,18.16995745,18.054259910278205,-0.11569753972179342
1,10.0,2793.866,18.17803732,18.05860843623484,-0.11942888376515981
1,10.0,2794.348,18.19986868,18.062941480045037,-0.1369271999549646
1,10.0,2794.83,18.19529903,18.067258496643035,-0.12804053335696608
1,10.0,2795.312,18.19932127,18.0715589437239,-0.1277623262760983
1,10.0,2795.795,18.22334619,18.07585115025006,-0.14749503974994127
1,10.0,2796.277,18.19853507,18.08011680561221,-0.11841826438778824
1,10.0,2796.759,18.21618116,18.08436428070559,-0.1318168792944121
1,10.0,2797.241,18.19768408,18.08859304497427,-0.10909103502572748
1,10.0,2797.723,18.20902396,18.09280257097036,-0.11622138902963997
1,10.0,2798.205,18.21848592,18.09699233442166,-0.12149358557833878
1,10.0,2798.687,18.21009976,18.10116181429886,-0.10893794570113968
1,10.0,2799.169,18.23034299,18.105310492882214,-0.12503249711778608
1,10.0,2799.652,18.21511185,18.10944639630865,-0.10566545369135127
1,10.0,2800.134,18.23033513,18.113551886900826,-0.11678324309917443
1,10.0,2800.616,18.23141921,18.117635042505572,-0.11378416749442621
1,10.0,2801.098,18.22887794,18.121695359303363,-0.10718258069663733
1,10.0,2801.58,18.24773616,18.12573233710865,-0.12200382289134737
1,10.0,2802.062,18.25745418,18.129745479432984,-0.1277087005670161
1,10.0,2802.544,18.26095447,18.133734293547466,-0.12722017645253558
1,10.0,2803.026,18.27670176,18.137698290544595,-0.13900346945540676
1,10.0,2803.509,18.2606489,18.141645130329636,-0.11900376967036408
1,10.0,2803.991,18.25044001,18.145557987970946,-0.10488202202905228
1,10.0,2804.473,18.27147319,18.14944458432398,-0.12202860567601803
1,10.0,2804.955,18.27543113,18.153304446380965,-0.12212668361903667
1,10.0,2805.437,18.25383967,18.157137105255327,-0.09670256474467465
1,10.0,2805.919,18.28090935,18.16094209623963,-0.11996725376037176
1,10.0,2806.401,18.27318274,18.164718958862967,-0.10846378113703281
1,10.0,2806.883,18.29512022,18.16846723694755,-0.12665298305245187
1,10.0,2807.365,18.28368491,18.1721864786648,-0.11149843133520321
1,10.0,2807.848,18.2654726,18.17588386073365,-0.08958873926635036
1,10.0,2808.33,18.2878303,18.17954362935691,-0.10828667064308917
1,10.0,2808.812,18.29698477,18.183173031866897,-0.11381173813310497
1,10.0,2809.294,18.30181044,18.18677163438753,-0.11503880561247115
1,10.0,2809.776,18.31317264,18.19033900766183,-0.12283363233817113
1,10.0,2810.258,18.3156904,18.1938747271037,-0.12181567289630024
1,10.0,2810.74,18.32769996,18.197378372849133,-0.13032158715086695
1,10.0,2811.222,18.31692793,18.200849529806682,-0.11607840019331661
1,10.0,2811.705,18.32971728,18.204294886541838,-0.12542239345816242
1,10.0,2812.187,18.33735616,18.207699770473152,-0.129656389526847
1,10.0,2812.669,18.3296373,18.211070948645805,-0.1185663513541968
1,10.0,2813.151,18.33977854,18.21440802555933,-0.1253705144406716
1,10.0,2813.633,18.34343928,18.21771061072744,-0.12572866927255788
1,10.0,2814.115,18.33383481,18.22097831872431,-0.11285649127568931
1,10.0,2814.597,18.3536594,18.224210769229895,-0.12944863077010638
1,10.0,2815.079,18.36035849,18.22740758707463,-0.13295090292536926
1,10.0,2815.562,18.34524879,18.23057492231269,-0.11467386768730847
1,10.0,2816.043,18.34034232,18.23369285011846,-0.10664946988154256
1,10.0,2816.526,18.35484771,18.236786938758655,-0.11806077124134617
1,10.0,2817.008,18.35401716,18.23983750149995,-0.11417965850005274
1,10.0,2817.49,18.35553732,18.24285063378332,-0.11268668621667999
1,10.0,2817.972,18.35830241,18.245825992249788,-0.11247641775021222
1,10.0,2818.454,18.37387606,18.248763238982818,-0.1251128210171828
1,10.0,2818.936,18.34884921,18.251662041546886,-0.09718716845311448
1,10.0,2819.418,18.36505162,18.254522073025452,-0.11052954697454709
1,10.0,2819.9,18.37635581,18.25734301205805,-0.11901279794194863
1,10.0,2820.383,18.36641419,18.26013027250675,-0.10628391749325061
1,10.0,2820.865,18.38978724,18.262872002249985,-0.12691523775001556
1,10.0,2821.347,18.39323833,18.265573708536646,-0.127664621463353
1,10.0,2821.829,18.39657277,18.26823509259857,-0.12833767740142932
1,10.0,2822.311,18.37811163,18.270855861397948,-0.10725576860205166
1,10.0,2822.793,18.38591883,18.273435727659724,-0.1124831023402777
1,10.0,2823.275,18.39742545,18.27597440990341,-0.12145104009659136
1,10.0,2823.757,18.39146124,18.278471632473916,-0.11298960752608522
1,10.0,2824.24,18.40251165,18.28093217639413,-0.12157947360586974
1,10.0,2824.722,18.38484077,18.28334558871159,-0.10149518128840995
1,10.0,2825.204,18.41172316,18.28571674911203,-0.12600641088797104
1,10.0,2825.686,18.385182,18.288045405548267,-0.09713659445173306
1,10.0,2826.168,18.4184713,18.29033131194157,-0.12813998805842886
1,10.0,2826.65,18.40587821,18.292574228207744,-0.11330398179225654
1,10.0,2827.132,18.41711765,18.294773920282676,-0.12234372971732554
1,10.0,2827.614,18.40093068,18.296930160146886,-0.10400051985311265
1,10.0,2828.096,18.40076878,18.299042725849393,-0.10172605415060687
1,10.0,2828.579,18.41389479,18.301115647618847,-0.11277914238115372
1,10.0,2829.061,18.40488309,18.303140131826133,-0.10174295817386536
1,10.0,2829.543,18.41433315,18.305120312239815,-0.10921283776018598
1,10.0,2830.025,18.42522867,18.30705599141797,-0.11817267858203095
1,10.0,2830.507,18.409772,18.308946978094273,-0.1008250219057274
1,10.0,2830.989,18.41870847,18.310793087197176,-0.10791538280282253
1,10.0,2831.471,18.41750526,18.312594139868096,-0.10491112013190218
1,10.0,2831.953,18.42845865,18.31434996347877,-0.11410868652123085
1,10.0,2832.436,18.42753668,18.31606389295366,-0.11147278704633834
1,10.0,2832.918,18.42288953,18.31772867088754,-0.10516085911245909
1,10.0,2833.4,18.42000932,18.319347739108622,-0.10066158089137645
1,10.0,2833.882,18.40288401,18.320920950081632,-0.08196305991836894
1,10.0,2834.364,18.41515986,18.32244816257688,-0.09271169742311969
1,10.0,2834.846,18.40889837,18.323929241682833,-0.08496912831716585
1,10.0,2835.328,18.38593036,18.32536405881799,-0.06056630118201056
1,10.0,2835.81,18.40582475,18.32675249174182,-0.07907225825817932
1,10.0,2836.292,18.38190196,18.328094424565005,-0.053807535434994946
1,10.0,2836.775,18.3900506,18.32939238662822,-0.060658213371777236
1,10.0,2837.257,18.36694247,18.33064090001606,-0.03630156998394085
1,10.0,2837.739,18.4062659,18.3318426036386,-0.07442329636140244
1,10.0,2838.221,18.40434319,18.332997407110746,-0.07134578288925297
1,10.0,2838.703,18.41252079,18.334105226437618,-0.07841556356238044
1,10.0,2839.185,18.43678225,18.33516598402,-0.10161626597999884
1,10.0,2839.667,18.40133448,18.336179608658895,-0.06515487134110387
1,10.0,2840.149,18.40625748,18.337146035559453,-0.06911144444054784
1,10.0,2840.632,18.40170003,18.33806706416727,-0.06363296583273126
1,10.0,2841.114,18.40783477,18.338938828637442,-0.06889594136255894
1,10.0,2841.596,18.43021494,18.339763239346844,-0.09045170065315489
1,10.0,2842.078,18.41815381,18.340540257152014,-0.07761355284798555
1,10.0,2842.56,18.41106397,18.341269849320557,-0.06979412067944324
1,10.0,2843.042,18.40544173,18.341951989530163,-0.06348974046983713
1,10.0,2843.524,18.41889643,18.342586657866832,-0.07630977213316825
1,10.0,2844.006,18.39986474,18.343173840822242,-0.05669089917775949
1,10.0,2844.489,18.40087044,18.34371460161034,-0.05715583838965799
1,10.0,2844.97,18.40295197,18.344205728563644,-0.05874624143635643
1,10.0,2845.453,18.40079641,18.344651311605922,-0.05614509839407944
1,10.0,2845.935,18.40952278,18.345048447453436,-0.06447433254656332
1,10.0,2846.417,18.42625052,18.345398126363392,-0.0808523936366079
1,10.0,2846.899,18.42624936,18.345700373176722,-0.0805489868232776
1,10.0,2847.381,18.41180624,18.34595521909993,-0.06585102090006956
1,10.0,2847.863,18.41308686,18.346162701696258,-0.06692415830374188
1,10.0,2848.345,18.43611107,18.346322864875937,-0.08978820512406216
1,10.0,2848.827,18.42767509,18.346435758885914,-0.08123933111408732
1,10.0,2849.31,18.41680755,18.346501527532155,-0.07030602246784667
1,10.0,2849.792,18.41630105,18.346519961481818,-0.06978108851818376
1,10.0,2850.274,18.39544708,18.346491315056333,-0.048955764943666935
1,10.0,2850.756,18.42662998,18.346415663742302,-0.08021431625769893
1,10.0,2851.238,18.41307483,18.346293089299134,-0.06678174070086484
1,10.0,2851.72,18.39625206,18.346123679743958,-0.05012838025604083
1,10.0,2852.202,18.40071548,18.345907529335854,-0.05480795066414501
1,10.0,2852.684,18.41760163,18.34564473855914,-0.07195689144085904
1,10.0,2853.167,18.38237268,18.34533472405984,-0.03703795594016057
1,10.0,2853.649,18.39839511,18.34497888262561,-0.053416227374388114
1,10.0,2854.131,18.37475183,18.3445767397037,-0.030175090296300056
1,10.0,2854.613,18.39796291,18.344128420511208,-0.05383448948879277
1,10.0,2855.095,18.39977424,18.343634056396173,-0.05614018360382644
1,10.0,2855.577,18.37454672,18.34309378481633,-0.03145293518367254
1,10.0,2856.059,18.39388967,18.342507749317317,-0.0513819206826831
1,10.0,2856.541,18.36386422,18.341876099510007,-0.021988120489993435
1,10.0,2857.023,18.37581672,18.34119899104712,-0.034617728952881066
1,10.0,2857.506,18.37156043,18.34047503986187,-0.031085390138127167
1,10.0,2857.988,18.36667383,18.339707411641353,-0.026966418358647104
1,10.0,2858.47,18.35493076,18.33889482809632,-0.016035931903680023
1,10.0,2858.952,18.35612471,18.338037468810835,-0.01808724118916416
1,10.0,2859.434,18.370103,18.33713551928286,-0.03296748071714006
1,10.0,2859.916,18.37174628,18.336189170896578,-0.035557109103422135
1,10.0,2860.398,18.37877294,18.335198620893788,-0.04357431910621301
1,10.0,2860.88,18.3660187,18.334164072344812,-0.031854627655189205
1,10.0,2861.363,18.35253112,18.333083451530918,-0.019447668469080526
1,10.0,2861.845,18.36459336,18.33196144808642,-0.032631911913579614
1,10.0,2862.327,18.35348732,18.330796090437815,-0.02269122956218439
1,10.0,2862.809,18.3520481,18.329587604674725,-0.022460495325276497
1,10.0,2863.291,18.36394627,18.32833622255851,-0.03561004744149088
1,10.0,2863.773,18.36813368,18.327042181488768,-0.04109149851123206
1,10.0,2864.255,18.34921852,18.325705724469216,-0.023512795530784558
1,10.0,2864.737,18.35820606,18.32432710007284,-0.03387895992716139
1,10.0,2865.219,18.37160809,18.32290656240633,-0.04870152759366775
1,10.0,2865.702,18.36768623,18.32144129436608,-0.04624493563392207
1,10.0,2866.184,18.34745339,18.31993762884356,-0.027515761156436724
1,10.0,2866.666,18.34322402,18.318392845774827,-0.02483117422517367
1,10.0,2867.148,18.34434725,18.316807221043753,-0.02754002895624552
1,10.0,2867.63,18.33715479,18.315181035880165,-0.021973754119834155
1,10.0,2868.112,18.33821013,18.31351457682007,-0.02469555317993155
1,10.0,2868.594,18.32264297,18.311808135665558,-0.010834834334442434
1,10.0,2869.076,18.32627224,18.310062009443858,-0.016210230556144012
1,10.0,2869.559,18.32439349,18.308272755264085,-0.0161207347359138
1,10.0,2870.041,18.30714183,18.306448089935387,-0.0006937400646123137
1,10.0,2870.523,18.32413938,18.304584662206896,-0.019554717793102583
1,10.0,2871.005,18.29096275,18.302682789594957,0.01172003959495882
1,10.0,2871.487,18.28875957,18.300742794626863,0.011983224626863631
1,10.0,2871.969,18.29488294,18.29876500479609,0.0038820647960875476
1,10.0,2872.451,18.28725251,18.296749752516877,0.009497242516879112
1,10.0,2872.933,18.3176079,18.29469737507835,-0.0229105249216488
1,10.0,2873.416,18.29972662,18.29260384224399,-0.007122777756009668
1,10.0,2873.897,18.29251025,18.29048261797373,-0.0020276320262695435
1,10.0,2874.38,18.29622483,18.288316414758615,-0.007908415241384859
1,10.0,2874.862,18.27359188,18.2861189316756,0.012527051675597534
1,10.0,2875.344,18.26193458,18.283886082102793,0.021951502102794507
1,10.0,2875.826,18.27005979,18.281618231588087,0.011558441588086055
1,10.0,2876.308,18.2666167,18.279315750215236,0.012699050215235985
1,10.0,2876.79,18.25891602,18.2769790125532,0.018062992553197432
1,10.0,2877.272,18.26413375,18.274608397604673,0.010474647604674203
1,10.0,2877.754,18.23645605,18.272204288754352,0.03574823875435129
1,10.0,2878.237,18.2416674,18.269761983110985,0.028094583110984672
1,10.0,2878.719,18.25571351,18.267291986414374,0.011578476414374705
1,10.0,2879.201,18.23025545,18.26478967256028,0.034534222560278494
1,10.0,2879.683,18.23299117,18.262255441939352,0.029264271939354103
1,10.0,2880.165,18.25486624,18.25968969905621,0.004823459056211732
1,10.0,2880.647,18.23360836,18.257092852474162,0.023484492474160845
1,10.0,2881.129,18.23758999,18.25446531475955,0.01687532475954967
1,10.0,2881.611,18.23115012,18.251807502425507,0.020657382425508075
1,10.0,2882.094,18.2229046,18.24911422906374,0.02620962906373947
1,10.0,2882.576,18.21468883,18.246397071918423,0.03170824191842314
1,10.0,2883.058,18.21041722,18.24365091369524,0.03323369369524087
1,10.0,2883.54,18.21045403,18.240876186129295,0.03042215612929411
1,10.0,2884.022,18.19219638,18.238073324613456,0.04587694461345748
1,10.0,2884.504,18.1900676,18.235242768139113,0.04517516813911371
1,10.0,2884.986,18.18865229,18.232384959236462,0.04373266923646213
1,10.0,2885.468,18.18526883,18.22950034391431,0.044231513914311904
1,10.0,2885.95,18.18362169,18.226589371599403,0.04296768159940356
1,10.0,2886.433,18.17804617,18.223646375358932,0.04560020535893372
1,10.0,2886.915,18.18017515,18.220683998383777,0.04050884838377655
1,10.0,2887.397,18.16384343,18.217696633546435,0.05385320354643497
1,10.0,2887.879,18.18450061,18.21468474333623,0.030184133336231156
1,10.0,2888.361,18.14549541,18.21164879335024,0.06615338335024035
1,10.0,2888.843,18.15893295,18.20858925222997,0.04965630222996964
1,10.0,2889.325,18.1542965,18.20550659159769,0.051210091597688745
1,10.0,2889.807,18.1517321,18.20240128599228,0.05066918599228032
1,10.0,2890.29,18.1399434,18.19926730156061,0.05932390156061018
1,10.0,2890.772,18.13448089,18.196118096475406,0.061637206475406714
1,10.0,2891.254,18.12830902,18.19294768789081,0.06463866789081152
1,10.0,2891.736,18.12358396,18.18975656136841,0.06617260136840741
1,10.0,2892.218,18.11983482,18.186545205059844,0.06671038505984228
1,10.0,2892.7,18.13497106,18.18331410964029,0.04834304964028746
1,10.0,2893.182,18.13552356,18.180063768241734,0.04454020824173455
1,10.0,2893.664,18.11945274,18.176794676385892,0.05734193638589247
1,10.0,2894.146,18.12205278,18.1735073319167,0.051454551916698676
1,10.0,2894.629,18.11582165,18.170195359779274,0.05437370977927358
1,10.0,2895.111,18.09355527,18.16687297729974,0.07331770729973996
1,10.0,2895.593,18.11831411,18.163533850041393,0.04521974004139295
1,10.0,2896.075,18.10669357,18.16017848446036,0.05348491446035908
1,10.0,2896.557,18.08287791,18.15680738899283,0.07392947899283087
1,10.0,2897.039,18.08531366,18.153421073985758,0.06810741398575715
1,10.0,2897.521,18.07770339,18.150020051627276,0.07231666162727635
1,10.0,2898.003,18.06277041,18.146604835876776,0.08383442587677692
1,10.0,2898.486,18.08292932,18.143168814648636,0.060239494648634206
1,10.0,2898.968,18.05974076,18.13972673396182,0.0799859739618185
1,10.0,2899.45,18.05678223,18.136272012764735,0.0794897827647354
1,10.0,2899.932,18.07656258,18.132805171401372,0.056242591401371556
1,10.0,2900.414,18.05853455,18.129326731633853,0.07079218163385192
1,10.0,2900.896,18.04454555,18.125837216571078,0.08129166657107945
1,10.0,2901.378,18.05993074,18.122337150597293,0.062406410597294126
1,10.0,2901.86,18.05008445,18.118827059300315,0.0687426093003154
1,10.0,2902.343,18.04773338,18.115300157838114,0.06756677783811327
1,10.0,2902.824,18.0553396,18.111778908674463,0.05643930867446301
1,10.0,2903.307,18.04373692,18.10823455930294,0.06449763930293884
1,10.0,2903.789,18.04447413,18.10468962827849,0.060215498278488155
1,10.0,2904.271,18.04458393,18.101137316502708,0.05655338650270636
1,10.0,2904.753,18.02686737,18.09757815527053,0.07071078527052777
1,10.0,2905.235,18.02486886,18.094012676573612,0.0691438165736109
1,10.0,2905.717,18.01941908,18.090441413027275,0.07102233302727612
1,10.0,2906.199,18.02532022,18.08686489779741,0.06154467779740713
1,10.0,2906.681,18.02637397,18.08328366452736,0.05690969452735928
1,10.0,2907.164,18.01803476,18.079690804660917,0.061656044660917786
1,10.0,2907.646,18.00083549,18.076101730767373,0.0752662407673732
1,10.0,2908.128,17.98553505,18.072509543004116,0.08697449300411719
1,10.0,2908.61,17.99088978,18.068914776190713,0.07802499619071313
1,10.0,2909.092,17.98347166,18.065317965256764,0.0818463052567644
1,10.0,2909.574,17.98089702,18.061719645168292,0.08082262516829175
1,10.0,2910.056,17.96694452,18.058120350854107,0.09117583085410885
1,10.0,2910.538,17.97716323,18.05452061713216,0.07735738713216023
1,10.0,2911.021,17.94260603,18.050913510975835,0.10830748097583509
1,10.0,2911.503,17.93792817,18.0473145039415,0.10938633394150088
1,10.0,2911.985,17.94487568,18.043716661658404,0.09884098165840527
1,10.0,2912.467,17.94693574,18.040120517763015,0.09318477776301393
1,10.0,2912.949,17.95089839,18.036526605412323,0.08562821541232424
1,10.0,2913.431,17.94686883,18.032935457210264,0.08606662721026481
1,10.0,2913.913,17.93643652,18.029347605134113,0.09291108513411217
1,10.0,2914.395,17.92667616,18.025763580460946,0.09908742046094687
1,10.0,2914.877,17.95335032,18.02218391369426,0.06883359369426145
1,10.0,2915.36,17.91775066,18.018601723383757,0.10085106338375738
1,10.0,2915.842,17.91978901,18.01503237226532,0.09524336226532171
1,10.0,2916.324,17.92998481,18.011468966282692,0.08148415628269134
1,10.0,2916.806,17.93040133,18.007912032109832,0.07751070210983357
1,10.0,2917.288,17.90848676,18.00436209528111,0.09587533528111081
1,10.0,2917.77,17.90762764,18.00081968011842,0.0931920401184172
1,10.0,2918.252,17.90133405,17.997285309658523,0.09595125965852347
1,10.0,2918.734,17.89787773,17.993759505580588,0.09588177558058675
1,10.0,2919.217,17.90648107,17.99023550184506,0.08375443184505826
1,10.0,2919.699,17.8805928,17.98672841024242,0.10613561024242202
1,10.0,2920.181,17.89070529,17.983231442261687,0.09252615226168714
1,10.0,2920.663,17.88276745,17.979745113425977,0.09697766342597802
1,10.0,2921.145,17.87342275,17.97626993754067,0.10284718754067157
1,10.0,2921.627,17.90060099,17.972806426621908,0.07220543662190693
1,10.0,2922.109,17.8903685,17.96935509082548,0.07898659082547965
1,10.0,2922.591,17.88331581,17.96591643837594,0.08260062837594262
1,10.0,2923.073,17.87795275,17.962490975495818,0.08453822549581957
1,10.0,2923.556,17.87796397,17.95907214255925,0.08110817255925085
1,10.0,2924.038,17.87322122,17.955674599097968,0.08245337909796646
1,10.0,2924.52,17.87810696,17.952291752193712,0.07418479219371221
1,10.0,2925.002,17.86328328,17.948924099354844,0.08564081935484325
1,10.0,2925.484,17.86501484,17.945572135738367,0.08055729573836601
1,10.0,2925.966,17.84375638,17.942236354080865,0.09847997408086684
1,10.0,2926.448,17.8542141,17.938917244629895,0.08470314462989492
1,10.0,2926.93,17.85104461,17.935615295075667,0.08457068507566845
1,10.0,2927.413,17.85556058,17.93232419525011,0.07676361525011188
1,10.0,2927.895,17.83678161,17.929058056099183,0.09227644609918428
1,10.0,2928.377,17.84411198,17.92581052488574,0.08169854488573947
1,10.0,2928.859,17.82755835,17.92258207838855,0.09502372838855067
1,10.0,2929.341,17.82210144,17.919373190492724,0.09727175049272319
1,10.0,2929.823,17.81518788,17.91618433212359,0.10099645212358865
1,10.0,2930.305,17.80662566,17.913015971181004,0.10639031118100206
1,10.0,2930.787,17.82649289,17.909868572474117,0.08337568247411653
1,10.0,2931.27,17.83483241,17.906736134820235,0.07190372482023477
1,10.0,2931.751,17.81495463,17.903638505161847,0.08868387516184839
1,10.0,2932.234,17.80241871,17.9005503799909,0.09813166999089873
1,10.0,2932.716,17.81282477,17.89749146199168,0.08466669199168209
1,10.0,2933.198,17.78958912,17.894455782585922,0.10486666258592336
1,10.0,2933.68,17.8143361,17.891443786685198,0.07710768668519918
1,10.0,2934.162,17.78685635,17.888455915665954,0.1015995656659534
1,10.0,2934.644,17.79271402,17.88549260730789,0.09277858730789035
1,10.0,2935.126,17.8001965,17.882554295732888,0.08235779573288937
1,10.0,2935.608,17.78682046,17.87964141134458,0.0928209513445779
1,10.0,2936.091,17.80670209,17.876748418247136,0.07004632824713397
1,10.0,2936.573,17.78442523,17.87388771922277,0.08946248922276823
1,10.0,2937.055,17.76615433,17.871053716553604,0.10489938655360476
1,10.0,2937.537,17.79733711,17.8682468251671,0.07090971516709743
1,10.0,2938.019,17.78785505,17.865467455977708,0.0776124059777068
1,10.0,2938.501,17.76735151,17.862716015829736,0.09536450582973544
1,10.0,2938.983,17.76322431,17.859992907440613,0.09676859744061517
1,10.0,2939.465,17.7878502,17.857298529344945,0.06944832934494372
1,10.0,2939.948,17.78666494,17.854627776813647,0.06796283681364557
1,10.0,2940.43,17.80209159,17.85199209953665,0.049900509536648485
1,10.0,2940.912,17.76879846,17.849386323304014,0.08058786330401446
1,10.0,2941.394,17.77623601,17.846810829361573,0.07057481936157117
1,10.0,2941.876,17.78823454,17.844265994501217,0.05603145450121616
1,10.0,2942.358,17.77050652,17.8417521910087,0.07124567100869683
1,10.0,2942.84,17.77287872,17.839269786611958,0.06639106661195626
1,10.0,2943.322,17.75869194,17.836819144430205,0.07812720443020638
1,10.0,2943.804,17.77555243,17.83440062292363,0.058848192923630194
1,10.0,2944.287,17.75009706,17.832009659538627,0.08191259953862584
1,10.0,2944.769,17.76701105,17.829656504337432,0.06264545433743152
1,10.0,2945.251,17.77552434,17.827336517454476,0.05181217745447597
1,10.0,2945.733,17.74042218,17.8250500382148,0.08462785821480168
1,10.0,2946.215,17.75476397,17.822797401043385,0.06803343104338566
1,10.0,2946.697,17.73636536,17.8205789354191,0.08421357541909913
1,10.0,2947.179,17.74482196,17.81839496582934,0.07357300582934201
1,10.0,2947.661,17.724677,17.81624581172553,0.09156881172553
1,10.0,2948.144,17.74992007,17.814127438269566,0.06420736826956386
1,10.0,2948.626,17.73384192,17.812048926972338,0.07820700697233818
1,10.0,2949.108,17.74170852,17.810006159490026,0.06829763949002654
1,10.0,2949.59,17.7342986,17.807999434688366,0.07370083468836697
1,10.0,2950.072,17.73588446,17.806029046185376,0.07014458618537489
1,10.0,2950.554,17.73575004,17.80409528231146,0.06834524231146233
1,10.0,2951.036,17.74596609,17.802198426070152,0.056232336070152655
1,10.0,2951.518,17.74138506,17.80033875509971,0.058953695099710046
1,10.0,2952.0,17.74981258,17.79851654163554,0.04870396163553892
1,10.0,2952.483,17.7321075,17.796728389610216,0.0646208896102145
1,10.0,2952.965,17.71926555,17.7949819651463,0.07571641514629945
1,10.0,2953.447,17.72716489,17.79327378263869,0.06610889263868813
1,10.0,2953.929,17.7201821,17.791604092339984,0.07142199233998525
1,10.0,2954.411,17.72919401,17.789973138924037,0.06077912892403603
1,10.0,2954.893,17.72553455,17.788381161453305,0.06284661145330617
1,10.0,2955.375,17.72251435,17.78682839334706,0.06431404334706059
1,10.0,2955.857,17.73519035,17.785315062350413,0.0501247123504136
1,10.0,2956.34,17.73166164,17.78383837447025,0.05217673447025106
1,10.0,2956.822,17.70561961,17.782404661031592,0.07678505103159239
1,10.0,2957.304,17.7318369,17.78101103402663,0.049174134026628735
1,10.0,2957.786,17.7347369,17.77965769819911,0.04492079819910799
1,10.0,2958.268,17.7249952,17.77834485247663,0.05334965247662993
1,10.0,2958.75,17.72191068,17.777072689944784,0.05516200994478382
1,10.0,2959.232,17.72609294,17.77584139782233,0.04974845782232862
1,10.0,2959.714,17.70578394,17.774651157437138,0.06886721743713764
1,10.0,2960.197,17.72681809,17.773499803332324,0.04668171333232607
1,10.0,2960.678,17.70727144,17.772394527597974,0.06512308759797492
1,10.0,2961.161,17.69237432,17.771326302718425,0.07895198271842574
1,10.0,2961.643,17.705862,17.77030205066434,0.06444005066434144
1,10.0,2962.125,17.69990853,17.769319668154328,0.06941113815432942
1,10.0,2962.607,17.68766849,17.76837930070449,0.08071081070448827
1,10.0,2963.089,17.68286436,17.767481087797066,0.08461672779706575
1,10.0,2963.571,17.69677827,17.76662516286369,0.06984689286369061
1,10.0,2964.053,17.68394274,17.76581165326945,0.08186891326944945
1,10.0,2964.535,17.69408049,17.765040680297954,0.07096019029795286
1,10.0,2965.018,17.68727905,17.76431089251071,0.07703184251070994
1,10.0,2965.5,17.68162009,17.763625421065097,0.08200533106509766
1,10.0,2965.982,17.69881502,17.762982813675727,0.06416779367572545
1,10.0,2966.464,17.68198049,17.762383167156404,0.08040267715640326
1,10.0,2966.946,17.69751589,17.761826572178496,0.06431068217849756
1,10.0,2967.428,17.70466378,17.761313113261544,0.05664933326154298
1,10.0,2967.91,17.70100604,17.76084286876469,0.05983682876469132
1,10.0,2968.392,17.7011504,17.76041591087922,0.059265510879221495
1,10.0,2968.875,17.70037308,17.760031554867894,0.059658474867894995
1,10.0,2969.357,17.70921247,17.75969145220061,0.05047898220060887
1,10.0,2969.839,17.71379805,17.7593948157546,0.045596765754599033
1,10.0,2970.321,17.71201652,17.75914169297993,0.04712517297993202
1,10.0,2970.803,17.71205035,17.758932125134976,0.04688177513497749
1,10.0,2971.285,17.72155779,17.75876614728459,0.03720835728459093
1,10.0,2971.767,17.71417117,17.758643788298965,0.04447261829896476
1,10.0,2972.249,17.71963319,17.75856507085363,0.03893188085363164
1,10.0,2972.731,17.72240155,17.7585300114303,0.03612846143029813
1,10.0,2973.214,17.72146098,17.758538683576358,0.03707770357635809
1,10.0,2973.696,17.73426169,17.7585910554833,0.024329365483300336
1,10.0,2974.178,17.72777143,17.758687097706144,0.03091566770614307
1,10.0,2974.66,17.73529903,17.75882680196562,0.02352777196561817
1,10.0,2975.142,17.72182671,17.759010153806866,0.037183443806867444
1,10.0,2975.624,17.72465503,17.759237132605914,0.034582102605913434
1,10.0,2976.106,17.74081491,17.759507711576948,0.01869280157694675
1,10.0,2976.588,17.725886,17.759821857780672,0.03393585778067276
1,10.0,2977.071,17.75333189,17.760180319413514,0.006848429413516044
1,10.0,2977.553,17.73008001,17.76058156685988,0.030501556859881873
1,10.0,2978.035,17.73724455,17.761026245783693,0.02378169578369338
1,10.0,2978.517,17.75999518,17.761514298720105,0.001519118720104018
1,10.0,2978.999,17.7491669,17.76204566210597,0.012878762105970054
1,10.0,2979.481,17.76156635,17.762620266293595,0.001053916293596302
1,10.0,2979.963,17.75727685,17.76323803556541,0.005961185565411142
1,10.0,2980.445,17.73981317,17.76389888814954,0.024085718149539304
1,10.0,2980.927,17.75507345,17.764602736236316,0.009529286236315215
1,10.0,2981.41,17.77025654,17.76535107979688,-0.004905460203119105
1,10.0,2981.892,17.75673499,17.766140720088917,0.009405730088914765
1,10.0,2982.374,17.78386162,17.766973056180035,-0.01688856381996473
1,10.0,2982.856,17.77654608,17.767847976279526,-0.008698103720472972
1,10.0,2983.338,17.77514815,17.76876536265462,-0.006382787345380336
1,10.0,2983.82,17.77359473,17.76972509165227,-0.003869638347730131
1,10.0,2984.302,17.78436434,17.77072703372181,-0.013637306278191375
1,10.0,2984.784,17.78170911,17.77177105343852,-0.009938056561480835
1,10.0,2985.267,17.78523575,17.772859306040576,-0.012376443959421835
1,10.0,2985.749,17.79204053,17.77398713794664,-0.01805339205336054
1,10.0,2986.231,17.79538011,17.775156605906023,-0.020223504093976885
1,10.0,2986.713,17.78247154,17.77636755123806,-0.006103988761939405
1,10.0,2987.195,17.77546542,17.77761980951843,0.0021543895184308326
1,10.0,2987.677,17.80576966,17.778913210607914,-0.02685644939208487
1,10.0,2988.159,17.79652877,17.780247578681646,-0.016281191318352484
1,10.0,2988.641,17.81859003,17.781622732259486,-0.03696729774051377
1,10.0,2989.124,17.80714233,17.78304146355102,-0.024100866448982572
1,10.0,2989.605,17.80371516,17.784494641917743,-0.019220518082256888
1,10.0,2990.088,17.77763092,17.785994153192213,0.008363233192213215
1,10.0,2990.57,17.78111728,17.787530604763386,0.006413324763386186
1,10.0,2991.052,17.77873026,17.789106850284643,0.010376590284643328
1,10.0,2991.534,17.77325149,17.79072267501355,0.017471185013551604
1,10.0,2992.016,17.77502679,17.7923778587868,0.017351068786801704
1,10.0,2992.498,17.79596494,17.794072176056854,-0.001892763943146747
1,10.0,2992.98,17.78689253,17.79580539592925,0.008912865929250557
1,10.0,2993.462,17.77811045,17.797577282200834,0.019466832200834006
1,10.0,2993.945,17.80128145,17.799391389003247,-0.0018900609967538173
1,10.0,2994.427,17.79293661,17.801239957371703,0.008303347371700909
1,10.0,2994.909,17.80773522,17.803126451541956,-0.004608768458044921
1,10.0,2995.391,17.80232952,17.805050614461468,0.0027210944614672883
1,10.0,2995.873,17.81098919,17.807012183970812,-0.003977006029188601
1,10.0,2996.355,17.82366324,17.809010892846228,-0.014652347153770506
1,10.0,2996.837,17.82578122,17.811046468842815,-0.014734751157185144
1,10.0,2997.319,17.84215174,17.813118634738444,-0.029033105261554226
1,10.0,2997.802,17.81181148,17.81523152034855,0.0034200403485513675
1,10.0,2998.284,17.85192187,17.817376089120803,-0.03454578087919913
1,10.0,2998.766,17.84516098,17.819556386101365,-0.025604593898634675
1,10.0,2999.248,17.84737325,17.82177211460215,-0.02560113539784936
1,10.0,2999.73,17.86383464,17.824022973187706,-0.03981166681229453
1,10.0,3000.212,17.8514348,17.826308655723075,-0.025126144276924833
1,10.0,3000.694,17.8622372,17.828628851422412,-0.03360834857758732
1,10.0,3001.176,17.86832362,17.83098324489805,-0.03734037510195165
1,10.0,3001.658,17.88565573,17.83337151621042,-0.052284213789580036
1,10.0,3002.141,17.88610814,17.835798400102192,-0.05030973989780918
1,10.0,3002.623,17.90406865,17.838253517899513,-0.06581513210048584
1,10.0,3003.105,17.89080833,17.84074152621393,-0.05006680378606987
1,10.0,3003.587,17.89389391,17.84326208739895,-0.050631822601047816
1,10.0,3004.069,17.91399002,17.84581485951411,-0.06817516048588956
1,10.0,3004.551,17.90597245,17.848399496378274,-0.057572953621725986
1,10.0,3005.033,17.89783207,17.8510156476235,-0.04681642237650152
1,10.0,3005.515,17.91785453,17.85366295874942,-0.0641915712505785
1,10.0,3005.998,17.89502301,17.856346659195076,-0.03867635080492349
1,10.0,3006.48,17.91520443,17.85905527309796,-0.05614915690203759
1,10.0,3006.962,17.91556209,17.86179395837326,-0.0537681316267431
1,10.0,3007.444,17.91602559,17.86456234453732,-0.05146324546268133
1,10.0,3007.926,17.91145494,17.867360057253972,-0.0440948827460268
1,10.0,3008.408,17.90768927,17.870186718391963,-0.03750255160803562
1,10.0,3008.89,17.9234336,17.87304194608289,-0.05039165391711009
1,10.0,3009.372,17.92265893,17.875925354779493,-0.04673357522050736
1,10.0,3009.854,17.93974592,17.878836555314617,-0.06090936468538288
1,10.0,3010.337,17.93335363,17.88178127984718,-0.05157235015282069
1,10.0,3010.819,17.934327,17.884746937983078,-0.049580062016922
1,10.0,3011.301,17.9452519,17.887739198498366,-0.05751270150163279
1,10.0,3011.783,17.94806573,17.89075765833612,-0.05730807166387919
1,10.0,3012.265,17.96537784,17.893801911120143,-0.07157592887985587
1,10.0,3012.747,17.97391855,17.896871547216353,-0.0770470027836474
1,10.0,3013.229,17.98069943,17.899966153794477,-0.08073327620552462
1,10.0,3013.711,17.97600796,17.903085314890202,-0.07292264510979862
1,10.0,3014.194,17.9474163,17.906235157626124,-0.041181142373876156
1,10.0,3014.676,17.98038017,17.909402216397314,-0.07097795360268577
1,10.0,3015.158,17.97978433,17.912592562729834,-0.06719176727016674
1,10.0,3015.64,17.97605232,17.915805768744946,-0.06024655125505518
1,10.0,3016.122,17.97175562,17.91904140374554,-0.05271421625446138
1,10.0,3016.604,17.9819883,17.92229903428025,-0.05968926571975075
1,10.0,3017.086,17.97198351,17.925578224207815,-0.04640528579218639
1,10.0,3017.568,17.98974048,17.928878534761843,-0.06086194523815536
1,10.0,3018.051,17.98388928,17.932206435824654,-0.05168284417534608
1,10.0,3018.532,17.99403711,17.935540749947375,-0.05849636005262582
1,10.0,3019.015,18.00976402,17.93890875782515,-0.07085526217484883
1,10.0,3019.497,18.01902878,17.94228915265296,-0.07673962734703821
1,10.0,3019.979,18.0078934,17.945688436241383,-0.06220496375861728
1,10.0,3020.461,18.01732887,17.949106155440973,-0.06822271455902751
1,10.0,3020.943,18.01918036,17.952541854937078,-0.06663850506292235
1,10.0,3021.425,18.02926695,17.955995077316402,-0.07327187268359836
1,10.0,3021.907,18.01404861,17.959465363133706,-0.05458324686629368
1,10.0,3022.389,18.05755365,17.96295225097886,-0.09460139902114051
1,10.0,3022.872,18.04848041,17.96646256168763,-0.08201784831236836
1,10.0,3023.354,18.05125908,17.969981293867097,-0.0812777861329046
1,10.0,3023.836,18.05119445,17.97351523175586,-0.07767921824413904
1,10.0,3024.318,18.04802953,17.977063906753283,-0.07096562324671751
1,10.0,3024.8,18.06321611,17.98062684863107,-0.08258926136893052
1,10.0,3025.282,18.05844362,17.984203585601,-0.07424003439899707
1,10.0,3025.764,18.0800881,17.98779364438285,-0.0922944556171501
1,10.0,3026.246,18.07530197,17.991396550272515,-0.08390541972748622
1,10.0,3026.729,18.09987354,17.995019340313203,-0.10485419968679821
1,10.0,3027.211,18.08460854,17.99864653512935,-0.08596200487065175
1,10.0,3027.693,18.09641259,18.002285144084297,-0.09412744591570288
1,10.0,3028.175,18.09726465,18.00593468745749,-0.09132996254250969
1,10.0,3028.657,18.10469814,18.00959468444564,-0.09510345555435862
1,10.0,3029.139,18.12261291,18.013264653231236,-0.10934825676876514
1,10.0,3029.621,18.11935029,18.016944111050897,-0.10240617894910287
1,10.0,3030.103,18.12609814,18.02063257426375,-0.10546556573624954
1,10.0,3030.585,18.11590838,18.024329558419918,-0.09157882158008235
1,10.0,3031.068,18.13388867,18.028042273108415,-0.10584639689158593
1,10.0,3031.55,18.12882466,18.03175485806573,-0.09706980193426773
1,10.0,3032.032,18.15123565,18.035474505436834,-0.11576114456316589
1,10.0,3032.514,18.14927907,18.03920072821862,-0.11007834178137799
1,10.0,3032.996,18.12947913,18.042933038941037,-0.08654609105896327
1,10.0,3033.478,18.14810591,18.04667094973513,-0.10143496026487142
1,10.0,3033.96,18.14839135,18.050413972401397,-0.09797737759860325
1,10.0,3034.442,18.14628415,18.054161618477767,-0.09212253152223226
1,10.0,3034.925,18.14531629,18.05792118704437,-0.0873951029556288
1,10.0,3035.407,18.14762725,18.061676620900865,-0.08595062909913409
1,10.0,3035.889,18.14483051,18.065435210871698,-0.07939529912830068
1,10.0,3036.371,18.15371483,18.069196468124076,-0.08451836187592221
1,10.0,3036.853,18.16733384,18.072959903901868,-0.09437393609813327
1,10.0,3037.335,18.16835883,18.076725029593167,-0.09163380040683222
1,10.0,3037.817,18.16282453,18.080491356797463,-0.08233317320253875
1,10.0,3038.299,18.17190076,18.084258397392965,-0.08764236260703484
1,10.0,3038.781,18.16625696,18.088025663603545,-0.07823129639645288
1,10.0,3039.264,18.18731193,18.09180048281759,-0.09551144718241034
1,10.0,3039.746,18.18478827,18.095566736587724,-0.08922153341227457
1,10.0,3040.228,18.18774823,18.09933175437778,-0.08841647562222121
1,10.0,3040.71,18.19422579,18.103095050462294,-0.09113073953770723
1,10.0,3041.192,18.20059039,18.106856139794065,-0.09373425020593373
1,10.0,3041.674,18.21533769,18.11061453806995,-0.10472315193004889
1,10.0,3042.156,18.21281114,18.114369761796507,-0.09844137820349275
1,10.0,3042.638,18.21693318,18.118121328355564,-0.09881185164443806
1,10.0,3043.121,18.24955589,18.12187652617958,-0.12767936382041967
1,10.0,3043.603,18.25380822,18.125619324292312,-0.12818889570768732
1,10.0,3044.085,18.25759838,18.129357022290705,-0.128241357709296
1,10.0,3044.567,18.26446743,18.133089141709103,-0.1313782882908967
1,10.0,3045.049,18.26111803,18.13681520528062,-0.12430282471937915
1,10.0,3045.531,18.27888247,18.140534737000948,-0.13834773299905123
1,10.0,3046.013,18.26234106,18.144247262192113,-0.11809379780788731
1,10.0,3046.495,18.28694649,18.147952307565618,-0.13899418243438078
1,10.0,3046.978,18.27739879,18.151657063012202,-0.12574172698779762
1,10.0,3047.459,18.27781691,18.15533807303119,-0.1224788369688099
1,10.0,3047.942,18.26789807,18.159025478893867,-0.10887259110613456
1,10.0,3048.424,18.277149,18.16269588220274,-0.11445311779726097
1,10.0,3048.906,18.27646219,18.166356461325314,-0.11010572867468582
1,10.0,3049.388,18.2714551,18.170006752626282,-0.10144834737371866
1,10.0,3049.87,18.26840284,18.17364629429422,-0.09475654570578129
1,10.0,3050.352,18.28679079,18.17727462640235,-0.10951616359765026
1,10.0,3050.834,18.26262682,18.180891290968994,-0.08173552903100756
1,10.0,3051.316,18.26414019,18.18449583201727,-0.07964435798272973
1,10.0,3051.799,18.29510832,18.188095234453645,-0.10701308554635602
1,10.0,3052.281,18.30126175,18.191674141352454,-0.10958760864754424
1,10.0,3052.763,18.31697643,18.195239568495634,-0.1217368615043668
1,10.0,3053.245,18.30387991,18.198791068522816,-0.10508884147718334
1,10.0,3053.727,18.29876123,18.202328196372775,-0.09643303362722477
1,10.0,3054.209,18.30691864,18.205850509341005,-0.10106813065899445
1,10.0,3054.691,18.31419829,18.209357567136852,-0.10484072286314827
1,10.0,3055.173,18.32468665,18.212848931940307,-0.111837718059693
1,10.0,3055.656,18.30100412,18.216331361426807,-0.08467275857319478
1,10.0,3056.138,18.32352375,18.21979000214272,-0.10373374785728018
1,10.0,3056.62,18.32692182,18.223231650902125,-0.10369016909787376
1,10.0,3057.102,18.32908047,18.226655880332437,-0.10242458966756374
1,10.0,3057.584,18.32786392,18.23006226580919,-0.09780165419080689
1,10.0,3058.066,18.31721408,18.233450385510103,-0.08376369448989607
1,10.0,3058.548,18.345728,18.236819820468735,-0.10890817953126586
1,10.0,3059.03,18.33726738,18.240170154627776,-0.09709722537222376
1,10.0,3059.512,18.35730164,18.243500974891585,-0.11380066510841402
1,10.0,3059.995,18.34866211,18.2468187192642,-0.10184339073579807
1,10.0,3060.477,18.34525534,18.250109241957023,-0.09514609804297791
1,10.0,3060.959,18.35110589,18.253379028923533,-0.09772686107646678
1,10.0,3061.441,18.36657885,18.25662767943916,-0.1099511705608407
1,10.0,3061.923,18.36219415,18.259854795997413,-0.10233935400258787
1,10.0,3062.405,18.34707573,18.263059984359725,-0.0840157456402757
1,10.0,3062.887,18.35164124,18.2662428536045,-0.08539838639550013
1,10.0,3063.369,18.37870856,18.26940301617601,-0.10930554382398938
1,10.0,3063.852,18.37033465,18.272546572112642,-0.09778807788735833
1,10.0,3064.334,18.38355653,18.275660123284695,-0.1078964067153052
1,10.0,3064.816,18.36787789,18.27874982501153,-0.08912806498846848
1,10.0,3065.298,18.35948323,18.281815303684766,-0.07766792631523245
1,10.0,3065.78,18.39229174,18.28485618929753,-0.10743555070247268
1,10.0,3066.262,18.3971662,18.2878721154901,-0.10929408450990152
1,10.0,3066.744,18.38367988,18.29086271959485,-0.09281716040515064
1,10.0,3067.226,18.38157936,18.29382764268066,-0.08775171731933895
1,10.0,3067.708,18.38473232,18.296766529596812,-0.08796579040318875
1,10.0,3068.191,18.39634758,18.29968504387472,-0.09666253612527953
1,10.0,3068.673,18.38513052,18.302570752511624,-0.08255976748837668
1,10.0,3069.155,18.39451751,18.305429381930566,-0.08908812806943445
1,10.0,3069.637,18.39995544,18.30826059253798,-0.09169484746201917
1,10.0,3070.119,18.40344011,18.311064048731687,-0.0923760612683111
1,10.0,3070.601,18.40738901,18.313839418941246,-0.09354959105875338
1,10.0,3071.083,18.40968224,18.3165863756679,-0.09309586433209915
1,10.0,3071.565,18.42367377,18.31930459552377,-0.10436917447622918
1,10.0,3072.048,18.422511,18.321999308025536,-0.10051169197446441
1,10.0,3072.53,18.41663885,18.324659039352316,-0.09197981064768257
1,10.0,3073.012,18.41942462,18.32728908805376,-0.09213553194624069
1,10.0,3073.494,18.41924594,18.329889147575617,-0.08935679242438255
1,10.0,3073.976,18.42426301,18.33245891566205,-0.09180409433795234
1,10.0,3074.458,18.4222619,18.334998094391345,-0.08726380560865366
1,10.0,3074.94,18.45274039,18.33750639021116,-0.1152339997888383
1,10.0,3075.422,18.43229876,18.339983513972832,-0.0923152460271659
1,10.0,3075.905,18.43004754,18.342434222068796,-0.0876133179312042
1,10.0,3076.386,18.45289353,18.344843110948258,-0.10805041905174306
1,10.0,3076.869,18.43747815,18.34722993645595,-0.09024821354405077
1,10.0,3077.351,18.4463332,18.349579502487252,-0.09675369751274943
1,10.0,3077.833,18.44054854,18.351896517388077,-0.08865202261192451
1,10.0,3078.315,18.439431,18.35418071913112,-0.08525028086888042
1,10.0,3078.797,18.4460033,18.356431850316802,-0.08957144968319852
1,10.0,3079.279,18.45066289,18.358649658202786,-0.09201323179721399
1,10.0,3079.761,18.45638179,18.360833894732842,-0.09554789526715624
1,10.0,3080.243,18.45628698,18.362984316565104,-0.09330266343489768
1,10.0,3080.726,18.43211106,18.36510504034434,-0.06700601965566122
1,10.0,3081.208,18.44821466,18.367187050374984,-0.08102760962501776
1,10.0,3081.69,18.44523341,18.36923454377053,-0.07599886622946883
1,10.0,3082.172,18.46174288,18.371247296325766,-0.09049558367423316
1,10.0,3082.654,18.44366257,18.37322508868141,-0.07043748131859218
1,10.0,3083.136,18.45449003,18.375167706348407,-0.07932232365159209
1,10.0,3083.618,18.45516291,18.377074939731568,-0.07808797026843095
1,10.0,3084.1,18.452824,18.378946584152786,-0.07387741584721397
1,10.0,3084.583,18.43290692,18.380786211364452,-0.05212070863554885
1,10.0,3085.065,18.46516843,18.382586008753332,-0.08258242124666637
1,10.0,3085.547,18.45252001,18.384349632480212,-0.06817037751978816
1,10.0,3086.029,18.4543308,18.386076897762994,-0.06825390223700722
1,10.0,3086.511,18.45017194,18.387767624842187,-0.06240431515781353
1,10.0,3086.993,18.43242838,18.38942163899993,-0.04300674100007029
1,10.0,3087.475,18.45046094,18.39103877057863,-0.059422169421370796
1,10.0,3087.957,18.42628757,18.392618854998616,-0.03366871500138302
1,10.0,3088.439,18.43939286,18.394161732775473,-0.04523112722452893
1,10.0,3088.922,18.45386785,18.395670334074026,-0.05819751592597555
1,10.0,3089.404,18.43312097,18.397138262599878,-0.035982707400123104
1,10.0,3089.886,18.45820682,18.398568536468158,-0.05963828353184297
1,10.0,3090.368,18.44996837,18.399961016744008,-0.05000735325599237
1,10.0,3090.85,18.45706539,18.401315569663698,-0.05574982033630249
1,10.0,3091.332,18.44275606,18.4026320666476,-0.04012399335239891
1,10.0,3091.814,18.45960906,18.40391038431287,-0.05569867568712894
1,10.0,3092.296,18.44154262,18.405150404485138,-0.03639221551486216
1,10.0,3092.779,18.46104728,18.4063544671729,-0.054692812827099146
1,10.0,3093.261,18.45408629,18.407517478704058,-0.04656881129594126
1,10.0,3093.743,18.4612463,18.40864186937176,-0.052604430628239385
1,10.0,3094.225,18.4645639,18.40972754195188,-0.054836358048120815
1,10.0,3094.707,18.47234082,18.41077440447798,-0.06156641552201947
1,10.0,3095.189,18.45443895,18.411782370249277,-0.04265657975072301
1,10.0,3095.671,18.4417743,18.41275135783778,-0.029022942162217902
1,10.0,3096.153,18.46268175,18.413681291094736,-0.049000458905265276
1,10.0,3096.635,18.45527447,18.4145720991565,-0.040702370843497704
1,10.0,3097.118,18.4670286,18.41542544250919,-0.05160315749080979
1,10.0,3097.6,18.45601503,18.416237727262644,-0.039777302737356024
1,10.0,3098.082,18.44662895,18.41701070588048,-0.029618244119522075
1,10.0,3098.564,18.44928793,18.417744328695512,-0.03154360130448808
1,10.0,3099.046,18.428059,18.418438551344835,-0.009620448655166314
1,10.0,3099.528,18.45901359,18.41909333477173,-0.03992025522827092
1,10.0,3100.01,18.46246744,18.41970864522665,-0.04275879477335209
1,10.0,3100.492,18.43849888,18.42028445426792,-0.01821442573207932
1,10.0,3100.975,18.4314948,18.42082181028598,-0.010672989714020531
1,10.0,3101.457,18.44778644,18.421318470351547,-0.026467969648454215
1,10.0,3101.939,18.44614801,18.421775575499716,-0.024372434500286033
1,10.0,3102.421,18.45009,18.42219311852273,-0.02789688147726821
1,10.0,3102.903,18.44564096,18.42257109751312,-0.023069862486877923
1,10.0,3103.385,18.4396958,18.422909515860418,-0.016786284139580943
1,10.0,3103.867,18.45162119,18.4232083822468,-0.02841280775320243
1,10.0,3104.349,18.44039286,18.42346771064246,-0.016925149357540192
1,10.0,3104.832,18.45235434,18.423687935273286,-0.02866640472671378
1,10.0,3105.313,18.45404591,18.423867835748972,-0.030178074251029585
1,10.0,3105.796,18.45260951,18.424008938010104,-0.02860057198989452
1,10.0,3106.278,18.47485313,18.424110277936308,-0.05074285206369211
1,10.0,3106.76,18.44575732,18.424172228917843,-0.021585091082155117
1,10.0,3107.242,18.43078826,18.42419483652634,-0.006593423473660209
1,10.0,3107.724,18.44605483,18.424178151569425,-0.02187667843057639
1,10.0,3108.206,18.43916701,18.424122230080922,-0.01504477991907649
1,10.0,3108.688,18.4426295,18.424027133310037,-0.018602366689961514
1,10.0,3109.17,18.44753555,18.423892927710064,-0.02364262228993752
1,10.0,3109.653,18.44540019,18.423719284975,-0.02168090502500064
1,10.0,3110.135,18.45280712,18.42350700108574,-0.029300118914260764
1,10.0,3110.617,18.44447664,18.42325583900485,-0.021220800995152445
1,10.0,3111.099,18.451778,18.422965885886935,-0.028812114113065945
1,10.0,3111.581,18.45499061,18.422637234024467,-0.03235337597553212
1,10.0,3112.063,18.45437188,18.422269980832812,-0.03210189916718775
1,10.0,3112.545,18.43828516,18.421864228834337,-0.01642093116566201
1,10.0,3113.027,18.42729988,18.421420085641987,-0.005879794358012447
1,10.0,3113.51,18.43825719,18.420936623357942,-0.017320566642059276
1,10.0,3113.992,18.42563828,18.420415961847763,-0.005222318152238614
1,10.0,3114.474,18.40842867,18.419857262612926,0.01142859261292628
1,10.0,3114.956,18.42581031,18.419260653462704,-0.006549656537295334
1,10.0,3115.438,18.41937646,18.41862626720556,-0.0007501927944382203
1,10.0,3115.92,18.41270553,18.417954241628994,0.005248711628993874
1,10.0,3116.402,18.39949999,18.4172447194787,0.017744729478700094
1,10.0,3116.884,18.40121609,18.416497848437317,0.01528175843731816
1,10.0,3117.366,18.39051,18.415713781102383,0.02520378110238397
1,10.0,3117.849,18.39076138,18.41489093303408,0.024129553034079265
1,10.0,3118.331,18.38233557,18.414032874115605,0.031697304115606784
1,10.0,3118.813,18.4015577,18.41313810630852,0.011580406308517865
1,10.0,3119.295,18.38241585,18.412206801647926,0.029790951647925112
1,10.0,3119.777,18.38813515,18.411239136964824,0.02310398696482352
1,10.0,3120.259,18.39051146,18.410235293860474,0.019723833860474826
1,10.0,3120.741,18.3857595,18.40919545868019,0.023435958680192215
1,10.0,3121.223,18.37573792,18.4081198224866,0.03238190248660189
1,10.0,3121.706,18.3937538,18.40700623867876,0.013252438678762246
1,10.0,3122.188,18.36947331,18.40585951913578,0.036386209135780945
1,10.0,3122.67,18.37972048,18.40467760022487,0.024957120224868845
1,10.0,3123.152,18.37312141,18.403460691608018,0.030339281608018354
1,10.0,3123.634,18.37685973,18.402209007521787,0.025349277521787172
1,10.0,3124.116,18.38613547,18.400922766747186,0.014787296747186929
1,10.0,3124.598,18.3634643,18.39960219257882,0.036137892578818054
1,10.0,3125.08,18.36768095,18.39824751279351,0.030566562793509888
1,10.0,3125.562,18.35572465,18.396858959618353,0.041134309618353626
1,10.0,3126.045,18.35260151,18.395433784297996,0.04283227429799652
1,10.0,3126.527,18.36364187,18.39397812963056,0.030336259630562523
1,10.0,3127.009,18.34328068,18.392489325142378,0.04920864514237877
1,10.0,3127.491,18.3469215,18.39096762054025,0.04404612054024781
1,10.0,3127.973,18.36490367,18.389413269813303,0.02450959981330314
1,10.0,3128.455,18.3361165,18.38782653119776,0.05171003119776074
1,10.0,3128.937,18.33783956,18.386207667141147,0.048368107141147476
1,10.0,3129.419,18.3330124,18.384556944266034,0.05154454426603294
1,10.0,3129.902,18.32196703,18.38287111041596,0.06090408041595907
1,10.0,3130.384,18.33612221,18.38115742161074,0.045035211610741754
1,10.0,3130.866,18.3413998,18.379412699117417,0.038012899117415344
1,10.0,3131.348,18.33865658,18.3776372258938,0.038980645893801125
1,10.0,3131.83,18.32161619,18.375831288883564,0.054215098883563684
1,10.0,3132.312,18.31811011,18.373995178976774,0.05588506897677448
1,10.0,3132.794,18.32317706,18.372129190969993,0.048952130969993846
1,10.0,3133.276,18.30353613,18.37023362352595,0.06669749352595034
1,10.0,3133.759,18.30273064,18.36830475545809,0.06557411545809089
1,10.0,3134.24,18.31557858,18.36635496406211,0.050776384062110935
1,10.0,3134.723,18.3080872,18.364368345732498,0.05628114573249832
1,10.0,3135.205,18.31501178,18.36235746456696,0.047345684566959534
1,10.0,3135.687,18.32883327,18.360318554485197,0.031485284485196274
1,10.0,3136.169,18.31449943,18.3582519364793,0.04375250647929718
1,10.0,3136.651,18.29514176,18.356157935111273,0.06101617511127344
1,10.0,3137.133,18.29467973,18.35403687846895,0.05935714846895124
1,10.0,3137.615,18.30445235,18.35188909812128,0.047436748121281624
1,10.0,3138.097,18.28755922,18.34971492907323,0.06215570907323098
1,10.0,3138.58,18.2987736,18.3475101181072,0.048736518107197924
1,10.0,3139.062,18.26198396,18.345284137209806,0.0833001772098072
1,10.0,3139.544,18.2790172,18.343032793505152,0.06401559350515384
1,10.0,3140.026,18.25665113,18.340756435289528,0.0841053052895262
1,10.0,3140.508,18.26260499,18.338455414063166,0.07585042406316589
1,10.0,3140.99,18.26009192,18.33613008448269,0.0760381644826893
1,10.0,3141.472,18.25673398,18.333780804312905,0.07704682431290522
1,10.0,3141.954,18.25642203,18.331407934378348,0.07498590437834807
1,10.0,3142.437,18.23611369,18.32900684347189,0.09289315347189131
1,10.0,3142.919,18.24550597,18.326587841433383,0.08108187143338341
1,10.0,3143.401,18.25061642,18.324146350741387,0.0735299307413868
1,10.0,3143.883,18.23478287,18.321682743972527,0.08689987397252708
1,10.0,3144.365,18.22898708,18.31919739651463,0.09021031651463218
1,10.0,3144.847,18.22176354,18.316690686516008,0.09492714651600664
1,10.0,3145.329,18.24080601,18.31416299483429,0.07335698483429098
1,10.0,3145.811,18.24742327,18.31161470498483,0.06419143498483137
1,10.0,3146.293,18.23778505,18.309046203088787,0.07126115308878767
1,10.0,3146.776,18.23819513,18.30645248751616,0.0682573575161598
1,10.0,3147.258,18.23591771,18.303844690144953,0.06792698014495357
1,10.0,3147.74,18.22586219,18.301217855020795,0.07535566502079405
1,10.0,3148.222,18.21211976,18.2985723781673,0.08645261816729999
1,10.0,3148.704,18.20918841,18.295908657949234,0.08672024794923416
1,10.0,3149.186,18.2304848,18.293227095018548,0.06274229501854833
1,10.0,3149.668,18.19772882,18.290528092260264,0.0927992722602653
1,10.0,3150.15,18.20817286,18.287812054737905,0.07963919473790426
1,10.0,3150.633,18.2010709,18.285073703208262,0.0840028032082607
1,10.0,3151.115,18.2223416,18.282324786566814,0.05998318656681434
1,10.0,3151.597,18.18870709,18.279560063728617,0.0908529737286159
1,10.0,3152.079,18.19354805,18.276779947924222,0.0832318979242217
1,10.0,3152.561,18.19163098,18.273984854285644,0.08235387428564422
1,10.0,3153.043,18.17815964,18.271175199790164,0.09301555979016385
1,10.0,3153.525,18.18403908,18.268351403203944,0.08431232320394244
1,10.0,3154.007,18.18870597,18.26551388502516,0.07680791502516016
1,10.0,3154.49,18.1899191,18.26265713933687,0.07273803933686906
1,10.0,3154.972,18.1755447,18.259793419839728,0.08424871983972793
1,10.0,3155.454,18.17383053,18.256917250950604,0.08308672095060388
1,10.0,3155.936,18.1628021,18.254029059527273,0.09122695952727256
1,10.0,3156.418,18.16493395,18.25112927387246,0.08619532387245954
1,10.0,3156.9,18.16887161,18.24821832367566,0.07934671367565826
1,10.0,3157.382,18.15927052,18.245296639954976,0.08602611995497611
1,10.0,3157.864,18.15836844,18.242364654998592,0.08399621499859222
1,10.0,3158.346,18.14725363,18.239422802306155,0.09216917230615351
1,10.0,3158.829,18.14523282,18.236465384026864,0.09123256402686408
1,10.0,3159.311,18.14723729,18.233505082699786,0.08626779269978613
1,10.0,3159.793,18.13813832,18.230536221722435,0.09239790172243545
1,10.0,3160.275,18.12046705,18.227559238852308,0.10709218885230953
1,10.0,3160.757,18.1293766,18.224574572762386,0.09519797276238506
1,10.0,3161.239,18.1430766,18.221582662981724,0.0785060629817238
1,10.0,3161.721,18.12764763,18.218583949835512,0.09093631983551376
1,10.0,3162.203,18.1092488,18.215578874385336,0.10633007438533681
1,10.0,3162.686,18.12772433,18.21256162564175,0.08483729564175135
1,10.0,3163.167,18.12269743,18.20955140414102,0.0868539741410217
1,10.0,3163.65,18.11788798,18.206523620992808,0.08863564099280907
1,10.0,3164.132,18.11811524,18.203497510502267,0.0853822705022651
1,10.0,3164.614,18.12522167,18.20046725287909,0.07524558287909144
1,10.0,3165.096,18.10962223,18.197433292340488,0.08781106234048863
1,10.0,3165.578,18.11338032,18.19439607341806,0.08101575341805756
1,10.0,3166.06,18.11588106,18.191356040897123,0.07547498089712334
1,10.0,3166.542,18.09575308,18.188313639756153,0.0925605597561514
1,10.0,3167.024,18.08077047,18.185269315106055,0.104498845106054
1,10.0,3167.507,18.10702365,18.182217191808295,0.07519354180829652
1,10.0,3167.989,18.09514639,18.17917035401822,0.08402396401821832
1,10.0,3168.471,18.09004946,18.17612292916262,0.0860734691626206
1,10.0,3168.953,18.09395792,18.173075362274545,0.0791174422745442
1,10.0,3169.435,18.09347741,18.17002809821556,0.07655068821556199
1,10.0,3169.917,18.06907549,18.166981581615065,0.0979060916150658
1,10.0,3170.399,18.07777525,18.1639362568094,0.08616100680940164
1,10.0,3170.881,18.0669866,18.16089256778122,0.09390596778122173
1,10.0,3171.364,18.06766207,18.15784465017416,0.09018258017415803
1,10.0,3171.846,18.0338973,18.154805568624013,0.12090826862401371
1,10.0,3172.328,18.04625701,18.1517694529876,0.10551244298759954
1,10.0,3172.81,18.03281979,18.148736745224706,0.11591695522470502
1,10.0,3173.292,18.04588399,18.14570788663816,0.09982389663815994
1,10.0,3173.774,18.04942521,18.142683317813407,0.09325810781340849
1,10.0,3174.256,18.03916009,18.13966347855819,0.10050338855819163
1,10.0,3174.738,18.03580407,18.13664880784224,0.10084473784223746
1,10.0,3175.22,18.02393542,18.133639743737145,0.10970432373714445
1,10.0,3175.703,17.99391378,18.13063049960868,0.1367167196086818
1,10.0,3176.185,18.02843093,18.12763397294345,0.09920304294345073
1,10.0,3176.667,18.02681898,18.12464436201624,0.09782538201623936
1,10.0,3177.149,18.01156565,18.121662100704203,0.11009645070420149
1,10.0,3177.631,18.02390403,18.11868762168711,0.09478359168710782
1,10.0,3178.113,18.02202895,18.115721356387983,0.0936924063879836
1,10.0,3178.595,18.01360195,18.112763734913916,0.09916178491391392
1,10.0,3179.077,18.00591676,18.10981518599688,0.10389842599687782
1,10.0,3179.56,18.02322334,18.106870049493473,0.08364670949347186
1,10.0,3180.042,18.01542646,18.10394094712617,0.08851448712616872
1,10.0,3180.524,18.00194493,18.101022195551984,0.09907726555198337
1,10.0,3181.006,18.00737244,18.0981142174122,0.09074177741219813
1,10.0,3181.488,18.02377485,18.095217433680276,0.07144258368027678
1,10.0,3181.97,18.00223849,18.092332263604074,0.09009377360407456
1,10.0,3182.452,18.01385986,18.089459124648112,0.07559926464811184
1,10.0,3182.934,18.01143368,18.086598432436194,0.07516475243619425
1,10.0,3183.417,18.01798908,18.083744705983932,0.06575562598393248
1,10.0,3183.899,17.98926896,18.08091017444517,0.09164121444516837
1,10.0,3184.381,18.00102612,18.078089325754714,0.07706320575471537
1,10.0,3184.863,18.01085372,18.0752825675997,0.06442884759970013
1,10.0,3185.345,18.01115869,18.072490305543102,0.061331615543103624
1,10.0,3185.827,17.98078181,18.069712942967815,0.08893113296781507
1,10.0,3186.309,17.98845808,18.06695088102123,0.07849280102123046
1,10.0,3186.791,17.9979086,18.06420451855988,0.06629591855988082
1,10.0,3187.273,17.99257497,18.061474252094552,0.0688992820945522
1,10.0,3187.756,17.97129975,18.05875486290782,0.08745511290781849
1,10.0,3188.238,17.97321202,18.056058003741033,0.08284598374103425
1,10.0,3188.72,17.97179544,18.05337841628847,0.08158297628846967
1,10.0,3189.202,17.96861977,18.050716487129808,0.08209671712980793
1,10.0,3189.684,17.98711114,18.048072600229204,0.06096146022920479
1,10.0,3190.166,17.9741155,18.045447136882387,0.07133163688238753
1,10.0,3190.648,17.97013017,18.042840475664168,0.0727103056641667
1,10.0,3191.13,17.9672385,18.040252992376274,0.07301449237627367
1,10.0,3191.613,18.01215526,18.037679752915423,0.025524492915423025
1,10.0,3192.094,17.96323078,18.035137048622957,0.07190626862295701
1,10.0,3192.577,17.95660621,18.03260410253558,0.07599789253557887
1,10.0,3193.059,17.97221207,18.030097074945814,0.05788500494581328
1,10.0,3193.541,17.97695598,18.027611061647878,0.050655081647878575
1,10.0,3194.023,17.98068197,18.025146420725967,0.04446445072596816
1,10.0,3194.505,17.97470014,18.02270350713744,0.04800336713744002
1,10.0,3194.987,17.97295321,18.020282672663917,0.047329462663917354
1,10.0,3195.469,17.98663429,18.017884265862975,0.0312499758629734
1,10.0,3195.951,17.97096378,18.01550863202017,0.04454485202016656
1,10.0,3196.434,17.97208703,18.01315125662035,0.041064226620349586
1,10.0,3196.916,17.97582724,18.010822240234145,0.0349950002341437
1,10.0,3197.398,17.97798057,18.008517013250444,0.030536443250444023
1,10.0,3197.88,17.94927781,18.006235907389808,0.056958097389806284
1,10.0,3198.362,17.93665,18.003979250868213,0.0673292508682124
1,10.0,3198.844,17.95478443,18.001747368352003,0.046962938352002936
1,10.0,3199.326,17.94997404,17.999540580913408,0.04956654091340695
1,10.0,3199.808,17.9436626,17.99735920598652,0.05369660598652004
1,10.0,3200.291,17.95069745,17.995199111981808,0.04450166198180838
1,10.0,3200.773,17.95452773,17.993069553948175,0.038541823948175846
1,10.0,3201.255,17.93353516,17.990966339099124,0.05743117909912243
1,10.0,3201.737,17.93061212,17.98888976987881,0.05827764987881068
1,10.0,3202.219,17.93749295,17.986840144881207,0.0493471948812072
1,10.0,3202.701,17.93607821,17.98481775880918,0.04873954880917708
1,10.0,3203.183,17.94362606,17.982822902434457,0.03919684243445687
1,10.0,3203.665,17.91450814,17.980855862557885,0.0663477225578859
1,10.0,3204.147,17.93753113,17.978916921970402,0.04138579197040215
1,10.0,3204.63,17.93113786,17.977002425281935,0.045864565281934944
1,10.0,3205.112,17.92910638,17.975120575142093,0.04601419514209226
1,10.0,3205.594,17.91797191,17.97326764877986,0.05529573877986138
1,10.0,3206.076,17.93392892,17.97144391255903,0.03751499255903212
1,10.0,3206.558,17.92237566,17.969649628646987,0.047273968646987186
1,10.0,3207.04,17.91986177,17.967885054979245,0.04802328497924435
1,10.0,3207.522,17.93072523,17.966150445224496,0.03542521522449604
1,10.0,3208.004,17.91949676,17.964446048750535,0.04494928875053361
1,10.0,3208.487,17.93141698,17.9627686695188,0.03135168951879663
1,10.0,3208.969,17.92768642,17.961125494276303,0.033439074276301994
1,10.0,3209.451,17.93347688,17.959513254764676,0.026036374764675685
1,10.0,3209.933,17.91248475,17.957932182808875,0.04544743280887431
1,10.0,3210.415,17.92367011,17.95638250577115,0.03271239577114926
1,10.0,3210.897,17.92503201,17.95486444652071,0.029832436520710104
1,10.0,3211.379,17.92715811,17.95337822340401,0.026220113404008316
1,10.0,3211.861,17.92977708,17.951924050215663,0.02214697021566181
1,10.0,3212.344,17.92022047,17.95049921981698,0.0302787498169792
1,10.0,3212.826,17.91747905,17.949109837082347,0.03163078708234579
1,10.0,3213.308,17.93976754,17.947753118478587,0.007985578478589161
1,10.0,3213.79,17.92308103,17.946429259306218,0.023348229306218826
1,10.0,3214.272,17.94379492,17.94513845017881,0.0013435301788113918
1,10.0,3214.754,17.92080737,17.943880876997877,0.023073506997878468
1,10.0,3215.236,17.93323525,17.94265672092871,0.009421470928710818
1,10.0,3215.718,17.91070354,17.941466158376723,0.03076261837672334
1,10.0,3216.2,17.90039816,17.940309360964672,0.03991120096467071
1,10.0,3216.683,17.90884802,17.93918420129938,0.030336181299379206
1,10.0,3217.165,17.90575711,17.93809550069373,0.0323383906937309
1,10.0,3217.647,17.9012994,17.937041051502764,0.03574165150276443
1,10.0,3218.129,17.91342199,17.93602100599368,0.022599015993680638
1,10.0,3218.611,17.92411295,17.935035511547206,0.010922561547204168
1,10.0,3219.093,17.90541177,17.93408471063908,0.02867294063907977
1,10.0,3219.575,17.91818385,17.933168740822083,0.014984890822084651
1,10.0,3220.057,17.93700638,17.93228773470903,-0.004718645290971324
1,10.0,3220.54,17.92344732,17.931440101509722,0.007992781509720714
1,10.0,3221.021,17.93553123,17.930631119248066,-0.004900110751933084
1,10.0,3221.504,17.94384537,17.929854178438664,-0.01399119156133466
1,10.0,3221.986,17.92865993,17.929114327560054,0.00045439756005549725
1,10.0,3222.468,17.93070728,17.928410029018913,-0.002297250981087018
1,10.0,3222.95,17.92945249,17.927741385458834,-0.001711104541165298
1,10.0,3223.432,17.95241762,17.927108494484095,-0.025309125515903474
1,10.0,3223.914,17.92884595,17.926511448648373,-0.0023345013516262725
1,10.0,3224.396,17.95134133,17.925950335444313,-0.02539099455568916
1,10.0,3224.878,17.93725876,17.92542523729383,-0.01183352270616922
1,10.0,3225.361,17.94151565,17.924935254573285,-0.016580395426714745
1,10.0,3225.843,17.94046957,17.924482488570533,-0.015987081429468475
1,10.0,3226.325,17.93339643,17.924065954510723,-0.009330475489274903
1,10.0,3226.807,17.9417141,17.923685714439966,-0.018028385560032945
1,10.0,3227.289,17.92553446,17.923341825296372,-0.0021926347036291816
1,10.0,3227.771,17.93469034,17.92303433890475,-0.011656001095250446
1,10.0,3228.253,17.92197512,17.922763301972207,0.0007881819722079797
1,10.0,3228.735,17.93464208,17.922528756084432,-0.01211332391556752
1,10.0,3229.218,17.93402073,17.92233036486913,-0.011690365130871072
1,10.0,3229.7,17.94848386,17.92216898120573,-0.026314878794270413
1,10.0,3230.182,17.95071211,17.922044182639336,-0.028667927360665146
1,10.0,3230.664,17.94192995,17.92195599023763,-0.0199739597623676
1,10.0,3231.146,17.94894968,17.92190441993987,-0.02704526006012742
1,10.0,3231.628,17.95486504,17.921889482557642,-0.03297555744235936
1,10.0,3232.11,17.92150007,17.921911183776523,0.00041111377652214287
1,10.0,3232.592,17.96562469,17.921969524158417,-0.04365516584158158
1,10.0,3233.074,17.98675008,17.92206449914471,-0.06468558085528997
1,10.0,3233.557,17.96164044,17.922196410151056,-0.03944402984894424
1,10.0,3234.039,17.96106591,17.922364696143852,-0.038701213856146666
1,10.0,3234.521,17.9497093,17.922569572337707,-0.027139727662291335
1,10.0,3235.003,17.96340946,17.922811013727458,-0.0405984462725435
1,10.0,3235.485,17.93950137,17.923088990214204,-0.016412379785794684
1,10.0,3235.967,17.96582152,17.923403466613017,-0.04241805338698157
1,10.0,3236.449,17.96904302,17.923754402661242,-0.045288617338758996
1,10.0,3236.931,17.94966315,17.92414175302764,-0.025521396972358446
1,10.0,3237.414,17.95482383,17.924566384160105,-0.03025744583989365
1,10.0,3237.896,17.96108514,17.925026482212367,-0.03605865778763473
1,10.0,3238.378,17.9587784,17.925522828148882,-0.03325557185111805
1,10.0,3238.86,17.98559953,17.926055356459415,-0.0595441735405835
1,10.0,3239.342,17.97666242,17.926623996621696,-0.050038423378303776
1,10.0,3239.824,17.97073438,17.92722867311501,-0.04350570688498934
1,10.0,3240.306,17.96496852,17.927869305434356,-0.037099214565643024
1,10.0,3240.788,17.96102612,17.92854580810549,-0.03248031189450984
1,10.0,3241.271,17.97377928,17.929259605593074,-0.04451967440692428
1,10.0,3241.753,17.94887169,17.93000764667883,-0.018864043321169532
1,10.0,3242.235,17.98071905,17.930791271825132,-0.04992777817486882
1,10.0,3242.717,17.99469555,17.931610375834442,-0.06308517416555759
1,10.0,3243.199,17.98213,17.93246484862548,-0.049665151374522765
1,10.0,3243.681,17.98251811,17.93335457525254,-0.0491635347474606
1,10.0,3244.163,17.97634812,17.934279435925355,-0.042068684074646256
1,10.0,3244.645,17.98342543,17.935239306029743,-0.048186123970257455
1,10.0,3245.127,17.99412938,17.93623405614901,-0.057895323850988945
1,10.0,3245.61,17.97650154,17.93726572399206,-0.03923581600794179
1,10.0,3246.092,18.00517741,17.9383298984419,-0.06684751155810176
1,10.0,3246.574,18.00654638,17.939428535761355,-0.06711784423864486
1,10.0,3247.056,17.98501584,17.940561487540432,-0.0444543524595673
1,10.0,3247.538,17.97592921,17.941728600683465,-0.034200609316535235
1,10.0,3248.02,17.95933103,17.94292971743452,-0.016401312565481163
1,10.0,3248.502,17.97916474,17.94416467540327,-0.035000064596729885
1,10.0,3248.984,17.98804247,17.945433307591856,-0.042609162408144385
1,10.0,3249.467,17.97829041,17.94673817865118,-0.03155223134881879
1,10.0,3249.948,17.99421676,17.948070903763753,-0.04614585623624734
1,10.0,3250.431,17.99490754,17.949442384724005,-0.04546515527599482
1,10.0,3250.913,17.98995731,17.950844020819453,-0.03911328918054835
1,10.0,3251.395,17.9973132,17.952278427612917,-0.04503477238708342
1,10.0,3251.877,18.00507571,17.953745411048427,-0.05133029895157293
1,10.0,3252.359,18.01557985,17.955244772667253,-0.060335077332748455
1,10.0,3252.841,18.00064465,17.95677630963966,-0.043868340360340596
1,10.0,3253.323,18.00311799,17.958339814797274,-0.04477817520272609
1,10.0,3253.805,18.03632153,17.959935076666024,-0.0763864533339742
1,10.0,3254.288,18.03050001,17.961565287244163,-0.0689347227558379
1,10.0,3254.77,18.02483094,17.963223475808274,-0.061607464191727246
1,10.0,3255.252,18.0475477,17.9649127606962,-0.08263493930379795
1,10.0,3255.734,18.04320608,17.96663291354393,-0.07657316645607182
1,10.0,3256.216,18.06944926,17.96838370185534,-0.10106555814465779
1,10.0,3256.698,18.05749703,17.970164889038827,-0.08733214096117337
1,10.0,3257.18,18.06359626,17.971976234444114,-0.091620025555887
1,10.0,3257.662,18.0527458,17.973817493399924,-0.07892830660007633
1,10.0,3258.145,18.05953757,17.975692329498703,-0.08384524050129727
1,10.0,3258.627,18.04258417,17.977592726404414,-0.06499144359558784
1,10.0,3259.109,18.06755143,17.979522278567693,-0.08802915143230905
1,10.0,3259.591,18.0535429,17.981480725611245,-0.07206217438875484
1,10.0,3260.073,18.06750845,17.98346780333252,-0.08404064666747857
1,10.0,3260.555,18.07229431,17.98548324374439,-0.08681106625560986
1,10.0,3261.037,18.08580877,17.987526775116436,-0.09828199488356404
1,10.0,3261.519,18.06803862,17.989598122016577,-0.07844049798342212
1,10.0,3262.001,18.07078284,17.991697005353274,-0.07908583464672603
1,10.0,3262.484,18.09336653,17.99382758162313,-0.09953894837687116
1,10.0,3262.966,18.07972352,17.995980741783363,-0.08374277821663867
1,10.0,3263.448,18.09426088,17.998160578972968,-0.09610030102703249
1,10.0,3263.93,18.09318585,18.000366799886763,-0.09281905011323843
1,10.0,3264.412,18.11153161,18.002599107778224,-0.10893250222177642
1,10.0,3264.894,18.10347213,18.004857202504358,-0.09861492749564249
1,10.0,3265.376,18.10012305,18.007140780571188,-0.09298226942881271
1,10.0,3265.858,18.13221176,18.009449535179517,-0.12276222482048382
1,10.0,3266.341,18.11631992,18.01178802344056,-0.10453189655943973
1,10.0,3266.823,18.11091528,18.01414624835748,-0.09676903164251982
1,10.0,3267.305,18.12394257,18.016528709391697,-0.10741386060830393
1,10.0,3267.787,18.12769137,18.018935086983216,-0.10875628301678475
1,10.0,3268.269,18.11081906,18.02136505850215,-0.08945400149785243
1,10.0,3268.751,18.12898519,18.023818298296955,-0.10516689170304616
1,10.0,3269.233,18.1398343,18.02629447774298,-0.11353982225702097
1,10.0,3269.715,18.14270941,18.028793265291476,-0.11391614470852218
1,10.0,3270.198,18.13582374,18.031319579856284,-0.10450416014371555
1,10.0,3270.68,18.1480812,18.03386262267258,-0.11421857732742069
1,10.0,3271.162,18.13048204,18.03642726118682,-0.09405477881318092
1,10.0,3271.644,18.14900067,18.03901315264467,-0.10998751735532863
1,10.0,3272.126,18.14910672,18.041619951617637,-0.10748676838236193
1,10.0,3272.608,18.15971894,18.044247310054192,-0.11547162994580873
1,10.0,3273.09,18.1546635,18.046894877330875,-0.10776862266912701
1,10.0,3273.572,18.15666431,18.049562300303954,-0.107102009696046
1,10.0,3274.054,18.15679643,18.052249223361308,-0.1045472066386921
1,10.0,3274.537,18.1432068,18.054960922365893,-0.08824587763410818
1,10.0,3275.019,18.16880198,18.05768580773233,-0.11111617226767123
1,10.0,3275.501,18.14912532,18.060429111303794,-0.08869620869620576
1,10.0,3275.983,18.16521619,18.06319046811377,-0.10202572188622838
1,10.0,3276.465,18.18424007,18.0659695109908,-0.11827055900920058
1,10.0,3276.947,18.1958249,18.06876587061182,-0.1270590293881817
1,10.0,3277.429,18.18116456,18.07157917555582,-0.10958538444418053
1,10.0,3277.911,18.18494299,18.07440905235776,-0.1105339376422414
1,10.0,3278.394,18.17939549,18.077261046853412,-0.10213444314658915
1,10.0,3278.875,18.17734883,18.080117017779532,-0.09723181222046762
1,10.0,3279.358,18.1932061,18.08300033509053,-0.11020576490946965
1,10.0,3279.84,18.19254009,18.085892756533944,-0.10664733346605715
1,10.0,3280.322,18.20115924,18.088799852952704,-0.1123593870472952
1,10.0,3280.804,18.20321158,18.09172123975646,-0.11149034024354165
1,10.0,3281.286,18.20349015,18.094656530693474,-0.10883361930652669
1,10.0,3281.768,18.20630882,18.09760533790598,-0.10870348209402181
1,10.0,3282.25,18.2192148,18.100567271985696,-0.11864752801430356
1,10.0,3282.732,18.22672506,18.103541942029384,-0.12318311797061554
1,10.0,3283.215,18.24299651,18.10653516537671,-0.1364613446232923
1,10.0,3283.697,18.23532884,18.10953415332002,-0.12579468667998128
1,10.0,3284.179,18.24537374,18.11254469528525,-0.1328290447147502
1,10.0,3284.661,18.25084916,18.115566394945624,-0.1352827650543773
1,10.0,3285.143,18.25821411,18.118598854759394,-0.13961525524060647
1,10.0,3285.625,18.25749662,18.12164167602614,-0.135854943973861
1,10.0,3286.107,18.25324428,18.124694458943186,-0.128549821056815
1,10.0,3286.589,18.25794475,18.12775680266189,-0.13018794733811134
1,10.0,3287.072,18.27591433,18.130834686997876,-0.1450796430021235
1,10.0,3287.554,18.29459998,18.13391496362001,-0.16068501637998978
1,10.0,3288.036,18.28929955,18.137003591949323,-0.15229595805067575
1,10.0,3288.518,18.28588,18.140100167517247,-0.14577983248275217
1,10.0,3289.0,18.2957585,18.143204285092292,-0.1525542149077097
1,10.0,3289.482,18.30804014,18.146315538736673,-0.16172460126332666
1,10.0,3289.964,18.30552937,18.14943352186305,-0.15609584813694966
1,10.0,3290.446,18.27940773,18.152557827291147,-0.12684990270885166
1,10.0,3290.928,18.28273738,18.15568804730441,-0.1270493326955915
1,10.0,3291.411,18.29676854,18.1588302848037,-0.13793825519629976
1,10.0,3291.893,18.30787889,18.16197111912738,-0.14590777087262197
1,10.0,3292.375,18.31936063,18.16511664138693,-0.15424398861306798
1,10.0,3292.857,18.30140104,18.168266442286644,-0.13313459771335445
1,10.0,3293.339,18.30196319,18.1714201122778,-0.13054307772219786
1,10.0,3293.821,18.30881086,18.174577241615026,-0.13423361838497527
1,10.0,3294.303,18.3102042,18.1777374204128,-0.132466779587201
1,10.0,3294.785,18.31817917,18.18090023870173,-0.13727893129826896
1,10.0,3295.268,18.30353947,18.18407185500727,-0.11946761499272895
1,10.0,3295.75,18.30531869,18.187238725665388,-0.11807996433461199
1,10.0,3296.232,18.30277382,18.190407005115826,-0.11236681488417233
1,10.0,3296.714,18.31030111,18.19357628361626,-0.11672482638374149
1,10.0,3297.196,18.32268122,18.196746151621117,-0.12593506837888313
1,10.0,3297.678,18.31212466,18.199916199837457,-0.11220846016254171
1,10.0,3298.16,18.31814791,18.203086019280573,-0.11506189071942785
1,10.0,3298.642,18.32220732,18.206255201329547,-0.11595211867045307
1,10.0,3299.125,18.31743712,18.209429909310053,-0.1080072106899479
1,10.0,3299.607,18.31952563,18.212596589001446,-0.10692904099855483
1,10.0,3300.089,18.35632791,18.215761407327875,-0.1405665026721259
1,10.0,3300.571,18.35831447,18.218923957677482,-0.13939051232251742
1,10.0,3301.053,18.33357566,18.222083834077825,-0.11149182592217599
1,10.0,3301.535,18.36609777,18.225240631250536,-0.14085713874946393
1,10.0,3302.017,18.36258457,18.22839394466575,-0.13419062533424864
1,10.0,3302.499,18.37002543,18.231543370596324,-0.13848205940367464
1,10.0,3302.981,18.36781574,18.234688506171914,-0.13312723382808755
1,10.0,3303.464,18.38616604,18.237835459719307,-0.14833058028069246
1,10.0,3303.946,18.35647397,18.24097079868711,-0.11550317131289134
1,10.0,3304.428,18.38654758,18.244100643538577,-0.1424469364614218
1,10.0,3304.91,18.38072953,18.247224595369435,-0.13350493463056523
1,10.0,3305.392,18.37787781,18.250342256399403,-0.1275355536005982
1,10.0,3305.874,18.3728671,18.253453230025094,-0.1194138699749061
1,10.0,3306.356,18.3803099,18.25655712087247,-0.12375277912753191
1,10.0,3306.838,18.36803277,18.259653534849132,-0.108379235150867
1,10.0,3307.321,18.37697005,18.26274847851248,-0.11422157148751921
1,10.0,3307.802,18.36728579,18.26582236254076,-0.10146342745924031
1,10.0,3308.285,18.39016481,18.268900358364977,-0.12126445163502453
1,10.0,3308.767,18.37633838,18.271962932226103,-0.10437544777389718
1,10.0,3309.249,18.36468466,18.275016078989534,-0.08966858101046782
1,10.0,3309.731,18.36499939,18.278059413339133,-0.08693997666086872
1,10.0,3310.213,18.4018067,18.281092551599098,-0.12071414840090355
1,10.0,3310.695,18.39481654,18.284115111783805,-0.11070142821619555
1,10.0,3311.177,18.38757053,18.287126713647822,-0.10044381635217903
1,10.0,3311.659,18.39128831,18.29012697873518,-0.10116133126481941
1,10.0,3312.142,18.3909883,18.29312171830701,-0.09786658169299045
1,10.0,3312.624,18.40555659,18.29609815640952,-0.10945843359047913
1,10.0,3313.106,18.40983633,18.299062132823288,-0.11077419717671333
1,10.0,3313.588,18.40854644,18.302013276742997,-0.10653316325700146
1,10.0,3314.07,18.43195957,18.304951219395473,-0.12700835060452675
1,10.0,3314.552,18.44490246,18.307875594087186,-0.13702686591281577
1,10.0,3315.034,18.42893384,18.310786036251436,-0.11814780374856326
1,10.0,3315.516,18.42466705,18.31368218349507,-0.11098486650492845
1,10.0,3315.999,18.42366093,18.31656963836194,-0.10709129163805997
1,10.0,3316.481,18.44716419,18.319436085993537,-0.1277281040064615
1,10.0,3316.963,18.44808837,18.32228716429407,-0.12580120570592968
1,10.0,3317.445,18.46074333,18.32512252003054,-0.1356208099694598
1,10.0,3317.927,18.445751,18.32794180237217,-0.11780919762783171
1,10.0,3318.409,18.42878536,18.33074466293501,-0.09804069706498808
1,10.0,3318.891,18.44756042,18.33353075582607,-0.1140296641739269
1,10.0,3319.373,18.4498336,18.336299737687224,-0.11353386231277796
1,10.0,3319.855,18.44307091,18.339051267738448,-0.10401964226155158
1,10.0,3320.338,18.42782383,18.341790660755102,-0.08603316924489945
1,10.0,3320.82,18.44506316,18.34450623742243,-0.10055692257757087
1,10.0,3321.302,18.43757314,18.34720335514947,-0.09036978485053027
1,10.0,3321.784,18.43369265,18.349881683900737,-0.0838109660992643
1,10.0,3322.266,18.44132014,18.352540896429886,-0.08877924357011224
1,10.0,3322.748,18.45329562,18.355180668320635,-0.09811495167936357
1,10.0,3323.23,18.42632242,18.357800678027356,-0.0685217419726456
1,10.0,3323.712,18.46143244,18.36040060691503,-0.10103183308497066
1,10.0,3324.195,18.44747392,18.362985469606322,-0.08448845039367825
1,10.0,3324.677,18.45625025,18.365544249503145,-0.09070600049685495
1,10.0,3325.159,18.47215179,18.368082009894596,-0.10406978010540513
1,10.0,3325.641,18.45142807,18.37059844418658,-0.08082962581341846
1,10.0,3326.123,18.4428999,18.37309324888937,-0.06980665111063189
1,10.0,3326.605,18.48543732,18.375566123655087,-0.10987119634491194
1,10.0,3327.087,18.45841753,18.37801677131456,-0.08040075868543894
1,10.0,3327.569,18.47592316,18.38044489791381,-0.09547826208618915
1,10.0,3328.052,18.45782905,18.38285517911712,-0.07497387088288221
1,10.0,3328.534,18.45321127,18.38523734655428,-0.06797392344572017
1,10.0,3329.016,18.46980696,18.38759613013223,-0.08221082986776906
1,10.0,3329.498,18.4809284,18.38993124912,-0.09099715087999982
1,10.0,3329.98,18.47718922,18.392242426177184,-0.08494679382281589
1,10.0,3330.462,18.47972045,18.3945293873875,-0.08519106261249831
1,10.0,3330.944,18.49686338,18.396791862291927,-0.10007151770807354
1,10.0,3331.426,18.47751984,18.3990295839213,-0.0784902560786982
1,10.0,3331.908,18.49536041,18.401242288828517,-0.09411812117148344
1,10.0,3332.391,18.5073061,18.403434228899698,-0.10387187110030283
1,10.0,3332.873,18.50398366,18.405596071030274,-0.09838758896972521
1,10.0,3333.355,18.48699549,18.407732127022985,-0.07926336297701653
1,10.0,3333.837,18.50190246,18.409842147837885,-0.09206031216211485
1,10.0,3334.319,18.49579668,18.411925888110368,-0.08387079188963398
1,10.0,3334.801,18.50433915,18.413983106180268,-0.09035604381973172
1,10.0,3335.283,18.50294407,18.416013564120426,-0.08693050587957529
1,10.0,3335.765,18.48747337,18.41801702776488,-0.06945634223512087
1,10.0,3336.248,18.52357823,18.419997338359455,-0.10358089164054363
1,10.0,3336.729,18.52503314,18.4219420544735,-0.10309108552650059
1,10.0,3337.212,18.52104424,18.423867125050933,-0.09717711494906567
1,10.0,3337.694,18.51289462,18.425760287936686,-0.08713433206331445
1,10.0,3338.176,18.51676023,18.427625342619432,-0.08913488738056685
1,10.0,3338.658,18.47745501,18.429462078069303,-0.04799293193069687
1,10.0,3339.14,18.49180689,18.431270287199688,-0.06053660280031181
1,10.0,3339.622,18.4905623,18.433049766891173,-0.05751253310882731
1,10.0,3340.104,18.5018304,18.434800318014993,-0.06703008198500626
1,10.0,3340.586,18.50008995,18.436521745455686,-0.063568204544314
1,10.0,3341.069,18.49614246,18.438217338137722,-0.05792512186227938
1,10.0,3341.551,18.51036424,18.4398798876319,-0.07048435236810136
1,10.0,3342.033,18.48969391,18.441512752022078,-0.048181157977921885
1,10.0,3342.515,18.47924527,18.4431157524725,-0.03612951752749893
1,10.0,3342.997,18.49279526,18.44468871426698,-0.04810654573302031
1,10.0,3343.479,18.49723307,18.446231466828305,-0.05100160317169511
1,10.0,3343.961,18.48400979,18.447743843737463,-0.03626594626253876
1,10.0,3344.443,18.49696948,18.449225682751948,-0.047743797248053
1,10.0,3344.926,18.5005054,18.45067980447838,-0.04982559552162158
1,10.0,3345.408,18.48126327,18.452100033611032,-0.02916323638896756
1,10.0,3345.89,18.49940212,18.453489263051793,-0.04591285694820613
1,10.0,3346.372,18.48940056,18.454847347447206,-0.034553212552793866
1,10.0,3346.854,18.47258668,18.45617414570459,-0.016412534295408676
1,10.0,3347.336,18.47710046,18.457469521007127,-0.01963093899287216
1,10.0,3347.818,18.4878736,18.458733340828587,-0.029140259171413163
1,10.0,3348.3,18.47382545,18.45996547694729,-0.013859973052710473
1,10.0,3348.782,18.4861171,18.461165805459608,-0.024951294540393576
1,10.0,3349.265,18.4852786,18.462336597593183,-0.022942002406818318
1,10.0,3349.747,18.46594369,18.46347288992344,-0.0024708000765585325
1,10.0,3350.229,18.48865256,18.464577028745847,-0.024075531254151628
1,10.0,3350.711,18.49300355,18.465648907561825,-0.027354642438176313
1,10.0,3351.193,18.47665834,18.466688424249867,-0.009969915750133396
1,10.0,3351.675,18.48424349,18.467695481075737,-0.016548008924264224
1,10.0,3352.157,18.50176731,18.468669984702,-0.03309732529800158
1,10.0,3352.639,18.47974394,18.469611846197004,-0.01013209380299429
1,10.0,3353.122,18.47469637,18.47052283313966,-0.0041735368603390555
1,10.0,3353.604,18.46161113,18.471399093098004,0.00978796309800245
1,10.0,3354.086,18.49074273,18.472242470494027,-0.01850025950597356
1,10.0,3354.568,18.48929951,18.473052894107116,-0.016246615892882232
1,10.0,3355.05,18.48074572,18.473830297158937,-0.006915422841064611
1,10.0,3355.532,18.49376656,18.474574617319057,-0.019191942680944152
1,10.0,3356.014,18.51660257,18.475285796710093,-0.041316773289906905
1,10.0,3356.496,18.50397468,18.47596378191194,-0.028010898088059122
1,10.0,3356.979,18.48722003,18.47660982701726,-0.010610202982739736
1,10.0,3357.461,18.50091306,18.47722121232469,-0.023691847675308964
1,10.0,3357.943,18.49357452,18.477799269885228,-0.01577525011477121
1,10.0,3358.425,18.49351648,18.478343964151243,-0.015172515848757229
1,10.0,3358.907,18.48396599,18.478855264046434,-0.005110725953567652
1,10.0,3359.389,18.49555347,18.479333142966798,-0.016220327033202864
1,10.0,3359.871,18.52137224,18.479777578781384,-0.041594661218617546
1,10.0,3360.353,18.51333839,18.480188553832082,-0.03314983616791878
1,10.0,3360.835,18.50226424,18.48056605493301,-0.021698185066988174
1,10.0,3361.318,18.48585007,18.48091075229183,-0.0049393177081711315
1,10.0,3361.8,18.49925708,18.481221214342177,-0.018035865657822114
1,10.0,3362.282,18.49028399,18.48149818970952,-0.008785800290478818
1,10.0,3362.764,18.48411165,18.481741683089044,-0.0023699669109547017
1,10.0,3363.246,18.50367517,18.481951703636796,-0.021723466363205546
1,10.0,3363.728,18.48205919,18.482128264965677,6.907496567620797e-05
1,10.0,3364.21,18.49790091,18.482271385140898,-0.01562952485910074
1,10.0,3364.692,18.51369848,18.482381086674906,-0.03131739332509298
1,10.0,3365.174,18.48672721,18.48245739652174,-0.0042698134782632735
1,10.0,3365.656,18.49467826,18.48250034607085,-0.012177913929150463
1,10.0,3366.139,18.49467145,18.48250995649581,-0.012161493504187604
1,10.0,3366.621,18.47168947,18.482486228315533,0.010796758315532173
1,10.0,3367.103,18.47341759,18.482429260645183,0.009011670645183045
1,10.0,3367.585,18.46747069,18.482339102551904,0.014868412551905408
1,10.0,3368.067,18.43934478,18.48221580749898,0.04287102749898253
1,10.0,3368.549,18.45741726,18.482059433336214,0.024642173336214768
1,10.0,3369.031,18.44597319,18.481870042290026,0.03589685229002626
1,10.0,3369.513,18.468917,18.48164770095275,0.012730700952747753
1,10.0,3369.996,18.4589915,18.481391916641613,0.022400416641612964
1,10.0,3370.478,18.45157635,18.48110382392991,0.029527473929910286
1,10.0,3370.96,18.45047259,18.4807830069555,0.030310416955501296
1,10.0,3371.442,18.4631728,18.480429549666663,0.01725674966666446
1,10.0,3371.924,18.47731004,18.480043540316526,0.002733500316526971
1,10.0,3372.406,18.44443011,18.479625071449156,0.03519496144915735
1,10.0,3372.888,18.44648963,18.479174239885243,0.03268460988524424
1,10.0,3373.37,18.45519644,18.478691146707195,0.023494706707193558
1,10.0,3373.853,18.46937551,18.478174794910295,0.008799284910296024
1,10.0,3374.335,18.45923009,18.47762743235,0.018397342350002788
1,10.0,3374.817,18.46613646,18.477048137076338,0.010911677076336446
1,10.0,3375.299,18.46132764,18.476437027067522,0.015109387067521851
1,10.0,3375.781,18.45770785,18.475794224481028,0.018086374481029566
1,10.0,3376.263,18.45832545,18.475119855635462,0.016794405635462084
1,10.0,3376.745,18.44890501,18.474414050992017,0.025509040992016452
1,10.0,3377.227,18.45141571,18.473676945135395,0.022261235135395907
1,10.0,3377.709,18.44837889,18.472908676754134,0.024529786754133198
1,10.0,3378.192,18.45408217,18.472107698202667,0.018025528202667118
1,10.0,3378.674,18.43712818,18.471277473256,0.034149293256000135
1,10.0,3379.156,18.43356649,18.470416526587137,0.03685003658713626
1,10.0,3379.638,18.46097356,18.46952501310221,0.008551453102210615
1,10.0,3380.12,18.44800631,18.46860309170551,0.02059678170551038
1,10.0,3380.602,18.4367186,18.467650925276843,0.030932325276843642
1,10.0,3381.084,18.42154845,18.466668680648404,0.0451202306484042
1,10.0,3381.566,18.42407403,18.465656528581146,0.041582498581146154
1,10.0,3382.049,18.40962024,18.464612451369934,0.05499221136993526
1,10.0,3382.531,18.40251973,18.463540951174263,0.06102122117426134
1,10.0,3383.013,18.40680232,18.462440079533902,0.05563775953390149
1,10.0,3383.495,18.39659539,18.461310022686582,0.06471463268658084
1,10.0,3383.977,18.42894741,18.46015097067333,0.031203560673329633
1,10.0,3384.459,18.40958631,18.458963117311793,0.04937680731179128
1,10.0,3384.941,18.39048025,18.457746660169306,0.06726641016930657
1,10.0,3385.423,18.40326529,18.456501800535413,0.05323651053541312
1,10.0,3385.906,18.39514395,18.45522607302937,0.06008212302936755
1,10.0,3386.387,18.40500543,18.453927697394192,0.04892226739419314
1,10.0,3386.87,18.38256203,18.452596089205137,0.07003405920513828
1,10.0,3387.352,18.37413573,18.451239649003472,0.07710391900347346
1,10.0,3387.834,18.36589285,18.44985586805527,0.08396301805526818
1,10.0,3388.316,18.37709292,18.44844496938734,0.07135204938733963
1,10.0,3388.798,18.37789466,18.447007179543288,0.0691125195432889
1,10.0,3389.28,18.38390388,18.445542728552454,0.06163884855245527
1,10.0,3389.762,18.37753978,18.444051849898216,0.06651206989821645
1,10.0,3390.244,18.37312218,18.442534780486046,0.06941260048604647
1,10.0,3390.727,18.39351268,18.440988532518094,0.04747585251809383
1,10.0,3391.209,18.37603191,18.4394197527542,0.06338784275420295
1,10.0,3391.691,18.37732577,18.437825513670585,0.060499743670586525
1,10.0,3392.173,18.37781087,18.436206065539096,0.05839519553909511
1,10.0,3392.655,18.38626033,18.434561661887116,0.04830133188711727
1,10.0,3393.137,18.36696183,18.432892559463,0.06593072946299827
1,10.0,3393.619,18.34999231,18.431199018200992,0.08120670820099107
1,10.0,3394.101,18.3668325,18.429481301186044,0.0626488011860431
1,10.0,3394.583,18.36287284,18.42773967461787,0.06486683461787024
1,10.0,3395.066,18.36353815,18.425970721009897,0.06243257100989652
1,10.0,3395.548,18.37528015,18.424182038016333,0.04890188801633499
1,10.0,3396.03,18.35887691,18.422370262968148,0.06349335296814829
1,10.0,3396.512,18.34938308,18.420535674164746,0.07115259416474728
1,10.0,3396.994,18.35553715,18.418678552835406,0.06314140283540581
1,10.0,3397.476,18.33570212,18.416799183101272,0.08109706310127152
1,10.0,3397.958,18.33129049,18.414897851936804,0.08360736193680296
1,10.0,3398.44,18.33658356,18.41297484913095,0.0763912891309495
1,10.0,3398.923,18.31914576,18.411026411241526,0.09188065124152445
1,10.0,3399.405,18.33024375,18.40906090214776,0.07881715214776008
1,10.0,3399.887,18.31958425,18.40707460789339,0.08749035789339032
1,10.0,3400.369,18.32642809,18.405067829134975,0.07863973913497446
1,10.0,3400.851,18.33299904,18.403040869143837,0.07004182914383605
1,10.0,3401.333,18.32508043,18.400994033765105,0.07591360376510536
1,10.0,3401.815,18.29851027,18.398927631376353,0.10041736137635127
1,10.0,3402.297,18.30491085,18.396841972846055,0.09193112284605576
1,10.0,3402.78,18.28081463,18.39473298562623,0.11391835562623243
1,10.0,3403.262,18.29020209,18.392609718855688,0.102407628855687
1,10.0,3403.744,18.2857195,18.39046814373501,0.10474864373501092
1,10.0,3404.226,18.26547055,18.388308580677943,0.12283803067794352
1,10.0,3404.708,18.28478721,18.386131352375976,0.10134414237597511
1,10.0,3405.19,18.28572518,18.383936783754837,0.09821160375483728
1,10.0,3405.672,18.23722572,18.38172520193068,0.14449948193067996
1,10.0,3406.154,18.25268892,18.379496936165978,0.12680801616597748
1,10.0,3406.636,18.26759397,18.377252317825135,0.1096583478251354
1,10.0,3407.119,18.24884145,18.374986973791014,0.1261455237910134
1,10.0,3407.601,18.25346916,18.372710620386336,0.1192414603863341
1,10.0,3408.083,18.25198954,18.370418921364156,0.11842938136415526
1,10.0,3408.565,18.22762255,18.368112216051045,0.14048966605104596
1,10.0,3409.047,18.26643112,18.36579084564931,0.09935972564931106
1,10.0,3409.529,18.25773976,18.36345515319109,0.10571539319109036
1,10.0,3410.011,18.25666305,18.361105483491997,0.10444243349199667
1,10.0,3410.493,18.25252085,18.35874218310474,0.10622133310474169
1,10.0,3410.976,18.25116153,18.356360656037932,0.10519912603793102
1,10.0,3411.458,18.23513824,18.353971114180563,0.11883287418056199
1,10.0,3411.94,18.24093204,18.351568991977903,0.11063695197790224
1,10.0,3412.422,18.23789269,18.34915464246459,0.11126195246459147
1,10.0,3412.904,18.22695274,18.3467284201763,0.11977568017629991
1,10.0,3413.386,18.22047382,18.34429068110213,0.12381686110213153
1,10.0,3413.868,18.24071659,18.34184178263639,0.1011251926363883
1,10.0,3414.35,18.22486972,18.339382083530538,0.11451236353053673
1,10.0,3414.833,18.22792941,18.33690680847106,0.10897739847105825
1,10.0,3415.314,18.20307442,18.334431724899165,0.13135730489916497
1,10.0,3415.797,18.20068975,18.33193661353552,0.13124686353552306
1,10.0,3416.279,18.21057378,18.329437305802134,0.11886352580213355
1,10.0,3416.761,18.19306636,18.32692901060025,0.13386265060024982
1,10.0,3417.243,18.2121552,18.32441209380357,0.1122568938035684
1,10.0,3417.725,18.21893764,18.32188692230047,0.10294928230047162
1,10.0,3418.207,18.2197739,18.319353863944382,0.0995799639443824
1,10.0,3418.689,18.19507676,18.316813287504164,0.12173652750416508
1,10.0,3419.171,18.21853246,18.3142655626142,0.09573310261420076
1,10.0,3419.654,18.20945659,18.31170575313774,0.10224916313774202
1,10.0,3420.136,18.17283304,18.309144830558434,0.1363117905584339
1,10.0,3420.618,18.18908394,18.30657787389855,0.117493933898551
1,10.0,3421.1,18.1981535,18.304005255755644,0.1058517557556442
1,10.0,3421.582,18.18740495,18.301427349341893,0.1140223993418914
1,10.0,3422.064,18.18049596,18.298844528433698,0.11834856843369934
1,10.0,3422.546,18.16994026,18.29625716732106,0.12631690732105838
1,10.0,3423.028,18.18144857,18.29366564075693,0.11221707075693033
1,10.0,3423.51,18.16521592,18.29107032390661,0.12585440390660807
1,10.0,3423.993,18.15913873,18.288466197448518,0.12932746744851897
1,10.0,3424.475,18.19330977,18.28586442100272,0.09255465100272176
1,10.0,3424.957,18.17881074,18.283259982512558,0.10444924251255827
1,10.0,3425.439,18.17195642,18.280653258284378,0.10869683828437715
1,10.0,3425.921,18.17287831,18.27804462478227,0.10516631478227012
1,10.0,3426.403,18.1742672,18.27543445857706,0.10116725857706044
1,10.0,3426.885,18.15841627,18.272823136295244,0.11440686629524421
1,10.0,3427.367,18.16859127,18.270211034567954,0.1016197645679533
1,10.0,3427.85,18.15528775,18.267593109688278,0.11230535968827837
1,10.0,3428.332,18.16614318,18.264980579063106,0.09883739906310751
1,10.0,3428.814,18.14899636,18.26236839918346,0.11337203918346006
1,10.0,3429.296,18.16291594,18.259756946187775,0.09684100618777336
1,10.0,3429.778,18.15826678,18.257146595963707,0.09887981596370565
1,10.0,3430.26,18.14876591,18.25453772409703,0.10577181409702874
1,10.0,3430.742,18.14154203,18.2519307058207,0.11038867582070111
1,10.0,3431.224,18.15465079,18.249325915963865,0.09467512596386385
1,10.0,3431.707,18.11801353,18.246718333137636,0.1287048031376372
1,10.0,3432.189,18.13780278,18.24411912930142,0.10631634930141942
1,10.0,3432.671,18.12922438,18.241523276214302,0.11229889621430189
1,10.0,3433.153,18.10213906,18.238931146580335,0.1367920865803356
1,10.0,3433.635,18.11829748,18.236343112445567,0.11804563244556832
1,10.0,3434.117,18.12136712,18.233759545147592,0.1123924251475934
1,10.0,3434.599,18.10995346,18.23118081526499,0.12122735526499184
1,10.0,3435.081,18.1019084,18.228607292566874,0.12669889256687483
1,10.0,3435.563,18.11166487,18.226039345962644,0.11437447596264505
1,10.0,3436.046,18.11045003,18.223472034527475,0.11302200452747613
1,10.0,3436.528,18.11416527,18.22091635662374,0.10675108662373844
1,10.0,3437.01,18.13047889,18.218367356640396,0.08788846664039696
1,10.0,3437.492,18.1247745,18.21582539954471,0.09105089954470813
1,10.0,3437.974,18.11469669,18.213290849194287,0.09859415919428827
1,10.0,3438.456,18.11614817,18.210764068287485,0.09461589828748629
1,10.0,3438.938,18.11571859,18.208245418314043,0.09252682831404258
1,10.0,3439.42,18.10895155,18.20573525950578,0.09678370950577886
1,10.0,3439.903,18.10768921,18.203228770798294,0.09553956079829362
1,10.0,3440.385,18.11430226,18.200736689212764,0.08643442921276545
1,10.0,3440.867,18.10145859,18.19825417218788,0.09679558218788031
1,10.0,3441.349,18.0968179,18.195781574431646,0.09896367443164422
1,10.0,3441.831,18.09306208,18.19331924915041,0.10025716915041016
1,10.0,3442.313,18.10797747,18.190867548000636,0.0828900780006343
1,10.0,3442.795,18.09904177,18.18842682104101,0.08938505104100969
1,10.0,3443.277,18.10585209,18.18599741668472,0.08014532668472185
1,10.0,3443.76,18.08409678,18.18357467797388,0.0994778979738804
1,10.0,3444.241,18.07570496,18.18117396092206,0.10546900092206002
1,10.0,3444.724,18.09182016,18.178775645286557,0.0869554852865555
1,10.0,3445.206,18.08801798,18.176395007605496,0.08837702760549604
1,10.0,3445.688,18.08675076,18.17402740895756,0.08727664895755893
1,10.0,3446.17,18.08960491,18.17167318688883,0.08206827688883322
1,10.0,3446.652,18.09197707,18.16933267697218,0.07735560697217991
1,10.0,3447.134,18.08934591,18.167006212761336,0.07766030276133762
1,10.0,3447.616,18.09922381,18.16469412574552,0.06547031574551809
1,10.0,3448.098,18.07529664,18.162396745304175,0.08710010530417378
1,10.0,3448.581,18.0858648,18.160109679356403,0.074244879356403
1,10.0,3449.063,18.09871878,18.1578427237398,0.05912394373980234
1,10.0,3449.545,18.08474305,18.15559145039664,0.07084840039663831
1,10.0,3450.027,18.08691583,18.153356179816033,0.06644034981603397
1,10.0,3450.509,18.06628328,18.15113723015559,0.0848539501555905
1,10.0,3450.991,18.05613105,18.148934917198005,0.09280386719800404
1,10.0,3451.473,18.07363523,18.146749554308013,0.0731143243080119
1,10.0,3451.955,18.04718604,18.14458145238961,0.09739541238960925
1,10.0,3452.438,18.06427875,18.142426476633947,0.0781477266339472
1,10.0,3452.92,18.05731917,18.140293856718266,0.08297468671826636
1,10.0,3453.402,18.03833772,18.138179415926608,0.09984169592660663
1,10.0,3453.884,18.07567293,18.136083454894507,0.06041052489450749
1,10.0,3454.366,18.07175115,18.134006271588373,0.062255121588371765
1,10.0,3454.848,18.05493704,18.13194816126494,0.0770111212649418
1,10.0,3455.33,18.06138221,18.129909416431047,0.06852720643104604
1,10.0,3455.812,18.08050613,18.12789032680392,0.047384196803921697
1,10.0,3456.294,18.04722282,18.125891179271637,0.07866835927163507
1,10.0,3456.777,18.07944358,18.123908173428653,0.04446459342865339
1,10.0,3457.259,18.0826406,18.12194980207578,0.039309202075777705
1,10.0,3457.741,18.07946486,18.120012216693564,0.04054735669356191
1,10.0,3458.223,18.06444279,18.11809569246155,0.05365290246155041
1,10.0,3458.705,18.07197308,18.116200501539176,0.04422742153917625
1,10.0,3459.187,18.07459034,18.11432691302884,0.03973657302883993
1,10.0,3459.669,18.05687298,18.112475192939428,0.055602212939426465
1,10.0,3460.151,18.07241206,18.110645604150267,0.03823354415026614
1,10.0,3460.634,18.07342425,18.108834680456397,0.035410430456398245
1,10.0,3461.116,18.05826352,18.10705017746076,0.048786657460759386
1,10.0,3461.598,18.05440451,18.10528857579415,0.0508840657941505
1,10.0,3462.08,18.05309398,18.103550125459247,0.050456145459246926
1,10.0,3462.562,18.06976126,18.101835073155584,0.03207381315558422
1,10.0,3463.044,18.03195641,18.100143662246335,0.06818725224633582
1,10.0,3463.526,18.03265515,18.0984761327254,0.06582098272539838
1,10.0,3464.008,18.03852591,18.096832721185123,0.0583068111851226
1,10.0,3464.49,18.0455408,18.095213660784434,0.049672860784433226
1,10.0,3464.973,18.05060911,18.09361589887782,0.04300678887782183
1,10.0,3465.455,18.05191833,18.092046278042698,0.04012794804269859
1,10.0,3465.937,18.05671881,18.090501687370644,0.033782877370644115
1,10.0,3466.419,18.05012204,18.088982345970933,0.03886030597093182
1,10.0,3466.901,18.02931082,18.087488469367603,0.058177649367603834
1,10.0,3467.383,18.04525938,18.08602026947064,0.04076088947063994
1,10.0,3467.865,18.05039714,18.084577954547644,0.03418081454764277
1,10.0,3468.347,18.03673968,18.083161729196114,0.04642204919611359
1,10.0,3468.83,18.04942263,18.081768938100097,0.03234630810009875
1,10.0,3469.312,18.05170139,18.08040554602369,0.028704156023689364
1,10.0,3469.794,18.06128376,18.079068835418017,0.017785075418018437
1,10.0,3470.276,18.06688629,18.077758995925073,0.010872705925073944
1,10.0,3470.758,18.04758676,18.076476213385835,0.028889453385833264
1,10.0,3471.24,18.06453241,18.075220669815742,0.010688259815740508
1,10.0,3471.722,18.05664938,18.07399254338069,0.01734316338069064
1,10.0,3472.204,18.05977278,18.072792008373636,0.013019228373636338
1,10.0,3472.687,18.0474886,18.071616831026773,0.024128231026772085
1,10.0,3473.168,18.04577784,18.070474390313823,0.02469655031382345
1,10.0,3473.651,18.057821,18.06935534867326,0.011534348673258421
1,10.0,3474.133,18.07607151,18.068266902831095,-0.007804607168903743
1,10.0,3474.615,18.04852697,18.067206861323694,0.018679891323692743
1,10.0,3475.097,18.05316337,18.06617537473778,0.013012004737781524
1,10.0,3475.579,18.04617165,18.065172589639104,0.019000939639102654
1,10.0,3476.061,18.0579557,18.0641986485535,0.006242948553499161
1,10.0,3476.543,18.05435511,18.0632536899488,0.008898579948802166
1,10.0,3477.025,18.04356296,18.062337848216984,0.01877488821698492
1,10.0,3477.508,18.03856891,18.06144944474006,0.02288053474006091
1,10.0,3477.99,18.05815518,18.06059228461125,0.0024371046112499073
1,10.0,3478.472,18.03981509,18.05976462015813,0.01994953015812939
1,10.0,3478.954,18.04251938,18.05896656929646,0.016447189296457054
1,10.0,3479.436,18.05993245,18.05819824578681,-0.0017342042131929247
1,10.0,3479.918,18.05002906,18.057459759220606,0.0074306992206061295
1,10.0,3480.4,18.09086251,18.056751215006653,-0.034111294993348196
1,10.0,3480.882,18.08375862,18.056072714358226,-0.027685905641774866
1,10.0,3481.365,18.06382625,18.055423040531625,-0.00840320946837636
1,10.0,3481.847,18.07440077,18.05480497663,-0.019595793370001502
1,10.0,3482.329,18.07571149,18.054217234820985,-0.021494255179014488
1,10.0,3482.811,18.06300213,18.053659899410913,-0.009342230589087563
1,10.0,3483.293,18.07729623,18.053133050455614,-0.024163179544387958
1,10.0,3483.775,18.08412581,18.052636763751288,-0.03148904624871207
1,10.0,3484.257,18.07053378,18.052171110825835,-0.018362669174166513
1,10.0,3484.739,18.06628468,18.051736158931046,-0.01454852106895288
1,10.0,3485.221,18.06866969,18.051331971035353,-0.01733771896464731
1,10.0,3485.704,18.05757682,18.050957863278914,-0.006618956721087699
1,10.0,3486.186,18.06302285,18.050615439233955,-0.01240741076604479
1,10.0,3486.668,18.05323879,18.050303942428577,-0.0029348475714243705
1,10.0,3487.15,18.05849257,18.05002341862812,-0.008469151371880201
1,10.0,3487.632,18.06551493,18.049773909287378,-0.01574102071262118
1,10.0,3488.114,18.06742414,18.049555451547143,-0.017868688452857384
1,10.0,3488.596,18.06866129,18.049368078231183,-0.019293211768818708
1,10.0,3489.078,18.08865043,18.049211817844032,-0.03943861215596911
1,10.0,3489.561,18.07478367,18.049086467358872,-0.025697202641126182
1,10.0,3490.043,18.08478684,18.04899256571686,-0.03579427428314119
1,10.0,3490.525,18.08254513,18.048929836615955,-0.03361529338404523
1,10.0,3491.007,18.09965016,18.048898291264344,-0.05075186873565585
1,10.0,3491.489,18.10400439,18.04889793654896,-0.05510645345103882
1,10.0,3491.971,18.09981455,18.048928775036828,-0.0508857749631737
1,10.0,3492.453,18.08970987,18.048990804977386,-0.04071906502261413
1,10.0,3492.935,18.09901954,18.049084020304953,-0.0499355196950475
1,10.0,3493.417,18.08203123,18.049208410642304,-0.032822819357694044
1,10.0,3493.9,18.09881741,18.049364316402308,-0.04945309359769112
1,10.0,3494.382,18.10573254,18.04955107298712,-0.056181467012880404
1,10.0,3494.864,18.08957583,18.049768947570023,-0.03980688242997843
1,10.0,3495.346,18.11082215,18.050017912564186,-0.0608042374358142
1,10.0,3495.828,18.11699682,18.0502979360972,-0.06669888390280221
1,10.0,3496.31,18.11357144,18.050608982018094,-0.06296245798190725
1,10.0,3496.792,18.10491626,18.050951009905162,-0.0539652500948371
1,10.0,3497.274,18.10192033,18.051323975074098,-0.050596354925900755
1,10.0,3497.757,18.11410078,18.05172869852954,-0.06237208147046047
1,10.0,3498.239,18.09626317,18.052163451119597,-0.044099718880403316
1,10.0,3498.721,18.10505379,18.052628981332184,-0.052424808667815626
1,10.0,3499.203,18.11540351,18.05312522751937,-0.062278282480630054
1,10.0,3499.685,18.09813551,18.053652123821333,-0.04448338617866554
1,10.0,3500.167,18.10455657,18.054209600178368,-0.050346969821632115
1,10.0,3500.649,18.10540574,18.05479758234335,-0.05060815765664728
1,10.0,3501.131,18.10614754,18.055415991894943,-0.050731548105055424
1,10.0,3501.614,18.11059489,18.056066123698542,-0.054528766301459086
1,10.0,3502.095,18.11982971,18.056743758684323,-0.06308595131567785
1,10.0,3502.578,18.12233923,18.057454440955365,-0.0648847890446369
1,10.0,3503.06,18.11982845,18.05819375513709,-0.06163469486291007
1,10.0,3503.542,18.1286589,18.058963042276595,-0.06969585772340636
1,10.0,3504.024,18.13102982,18.05976219920767,-0.07126762079233018
1,10.0,3504.506,18.13968304,18.060591118698344,-0.07909192130165721
1,10.0,3504.988,18.17012402,18.06144968946882,-0.10867433053117992
1,10.0,3505.47,18.14420041,18.062337796209672,-0.081862613790328
1,10.0,3505.952,18.1402953,18.063255319601005,-0.07703998039899318
1,10.0,3506.435,18.13417105,18.0642041310446,-0.06996691895539797
1,10.0,3506.917,18.15524982,18.06518017420846,-0.09006964579154086
1,10.0,3507.399,18.14617497,18.066185251921272,-0.07998971807872834
1,10.0,3507.881,18.15674689,18.06721922901357,-0.08952766098643039
1,10.0,3508.363,18.15248689,18.06828196640853,-0.08420492359146792
1,10.0,3508.845,18.14889478,18.06937332114428,-0.07952145885571937
1,10.0,3509.327,18.17374831,18.070493146396775,-0.10325516360322595
1,10.0,3509.809,18.16587018,18.071641291503035,-0.0942288884969642
1,10.0,3510.292,18.18570198,18.072820071632083,-0.11288190836791756
1,10.0,3510.774,18.17627361,18.074024447160706,-0.10224916283929275
1,10.0,3511.256,18.15820594,18.075256667422856,-0.08294927257714235
1,10.0,3511.738,18.17143678,18.07651656663677,-0.0949202133632312
1,10.0,3512.22,18.17091513,18.077803975306654,-0.09311115469334652
1,10.0,3512.702,18.15980074,18.07911872024916,-0.08068201975084222
1,10.0,3513.184,18.1839369,18.080460624620404,-0.10347627537959525
1,10.0,3513.666,18.1891019,18.081829507943503,-0.10727239205649752
1,10.0,3514.148,18.17364949,18.083225186136545,-0.09042430386345401
1,10.0,3514.631,18.19504368,18.084650449866768,-0.11039323013323354
1,10.0,3515.113,18.20424357,18.08609920588067,-0.1181443641193276
1,10.0,3515.595,18.18581983,18.087574182768467,-0.09824564723153273
1,10.0,3516.077,18.21424337,18.08907518231082,-0.12516818768918014
1,10.0,3516.559,18.20966806,18.090602002830746,-0.11906605716925256
1,10.0,3517.041,18.20540971,18.092154439224476,-0.11325527077552522
1,10.0,3517.523,18.19593826,18.09373228299285,-0.10220597700714862
1,10.0,3518.005,18.20913825,18.095335322273055,-0.11380292772694389
1,10.0,3518.488,18.21877159,18.09696674532093,-0.12180484467906894
1,10.0,3518.97,18.20162068,18.09861957788736,-0.10300110211264268
1,10.0,3519.452,18.1989391,18.1002969500568,-0.09864214994319909
1,10.0,3519.934,18.22547323,18.10199863683225,-0.12347459316774945
1,10.0,3520.416,18.20008061,18.103724410018735,-0.09635619998126543
1,10.0,3520.898,18.23429885,18.105474038257796,-0.12882481174220217
1,10.0,3521.38,18.20717074,18.10724728706236,-0.09992345293763805
1,10.0,3521.862,18.2163229,18.109043918851878,-0.10727898114812362
1,10.0,3522.344,18.21648189,18.110863692988,-0.10561819701199937
1,10.0,3522.827,18.20739229,18.11271021241591,-0.09468207758409264
1,10.0,3523.309,18.23536553,18.11457558401738,-0.12078994598261872
1,10.0,3523.791,18.21013835,18.116463357545413,-0.09367499245458788
1,10.0,3524.273,18.21419691,18.1183732804889,-0.09582362951109857
1,10.0,3524.755,18.22953797,18.120305097463174,-0.10923287253682545
1,10.0,3525.237,18.21884901,18.12225855024783,-0.09659045975216785
1,10.0,3525.719,18.2275424,18.124233377825174,-0.10330902217482674
1,10.0,3526.201,18.26534361,18.126229316418762,-0.13911429358123684
1,10.0,3526.684,18.24018079,18.128250305211342,-0.11193048478865819
1,10.0,3527.166,18.2701322,18.130287706074494,-0.13984449392550502
1,10.0,3527.648,18.27258882,18.132345409897564,-0.14024341010243546
1,10.0,3528.13,18.27271448,18.13442314225749,-0.1382913377425119
1,10.0,3528.612,18.28188274,18.136520626170956,-0.1453621138290444
1,10.0,3529.094,18.28460593,18.138637582135157,-0.14596834786484436
1,10.0,3529.576,18.29681555,18.140773728168668,-0.15604182183133375
1,10.0,3530.058,18.30364136,18.142928779852788,-0.16071258014721224
1,10.0,3530.541,18.31761819,18.145106979216983,-0.1725112107830178
1,10.0,3531.022,18.30111213,18.147294450561244,-0.15381767943875602
1,10.0,3531.505,18.31755288,18.14950909262627,-0.1680437873737297
1,10.0,3531.987,18.30692704,18.1517369119479,-0.15519012805210153
1,10.0,3532.469,18.31968262,18.15398217911558,-0.16570044088441804
1,10.0,3532.951,18.31088431,18.156244595965124,-0.1546397140348752
1,10.0,3533.433,18.31716254,18.158523862191988,-0.158638677808014
1,10.0,3533.915,18.31291321,18.160819675394634,-0.1520935346053669
1,10.0,3534.397,18.30645985,18.163131731118348,-0.14332811888165153
1,10.0,3534.879,18.32588361,18.16545972289911,-0.16042388710089028
1,10.0,3535.362,18.31678134,18.167808220618593,-0.1489731193814059
1,10.0,3535.844,18.31218071,18.170167188759855,-0.14201352124014477
1,10.0,3536.326,18.34744922,18.17254116130332,-0.1749080586966798
1,10.0,3536.808,18.33249084,18.174929824187817,-0.15756101581218118
1,10.0,3537.29,18.33704825,18.177332861565947,-0.15971538843405142
1,10.0,3537.772,18.34759848,18.17974995584927,-0.16784852415072748
1,10.0,3538.254,18.32627033,18.182180787753698,-0.14408954224630222
1,10.0,3538.736,18.33043022,18.18462503634506,-0.14580518365493944
1,10.0,3539.219,18.32948603,18.187087490693052,-0.14239853930694935
1,10.0,3539.701,18.34286786,18.189557629640287,-0.15331023035971114
1,10.0,3540.183,18.35568073,18.192040212352673,-0.1636405176473268
1,10.0,3540.665,18.34302081,18.19453491175182,-0.14848589824817893
1,10.0,3541.147,18.35613443,18.197041399339682,-0.1590930306603191
1,10.0,3541.629,18.35814387,18.19955934524501,-0.15858452475498908
1,10.0,3542.111,18.35366231,18.202088418270062,-0.15157389172993874
1,10.0,3542.593,18.36675143,18.20462828593731,-0.16212314406269002
1,10.0,3543.075,18.33423403,18.20717861453639,-0.12705541546361232
1,10.0,3543.558,18.39130321,18.209744391610602,-0.1815588183893979
1,10.0,3544.04,18.3597036,18.21231465620679,-0.1473889437932101
1,10.0,3544.522,18.36331166,18.21489437297621,-0.14841728702378987
1,10.0,3545.004,18.37220157,18.21748320374573,-0.15471836625427215
1,10.0,3545.486,18.37112623,18.22008080934531,-0.15104542065469317
1,10.0,3545.968,18.3667754,18.222686849655517,-0.14408855034448464
1,10.0,3546.45,18.33907268,18.22530098365505,-0.11377169634495132
1,10.0,3546.932,18.3725613,18.227922869468127,-0.14463843053187375
1,10.0,3547.415,18.38461622,18.230557626844764,-0.15405859315523784
1,10.0,3547.897,18.35583189,18.233194001780223,-0.12263788821977784
1,10.0,3548.379,18.35616253,18.23583709753777,-0.12032543246222716
1,10.0,3548.861,18.37369859,18.238486569299656,-0.13521202070034377
1,10.0,3549.343,18.38406132,18.24114207163236,-0.14291924836764025
1,10.0,3549.825,18.36715811,18.243803258534545,-0.12335485146545366
1,10.0,3550.307,18.35396189,18.246469783484663,-0.10749210651533758
1,10.0,3550.789,18.35056557,18.24914129948892,-0.10142427051108172
1,10.0,3551.271,18.3641585,18.251817459129054,-0.11234104087094465
1,10.0,3551.754,18.40314922,18.254503479945154,-0.148645740054846
1,10.0,3552.236,18.40169446,18.257187890971604,-0.14450656902839754
1,10.0,3552.718,18.3819689,18.25987590058724,-0.12209299941276086
1,10.0,3553.2,18.40299612,18.262567160153466,-0.1404289598465347
1,10.0,3553.682,18.40776342,18.26526132084614,-0.1425020991538588
1,10.0,3554.164,18.40516399,18.267958033703355,-0.13720595629664345
1,10.0,3554.646,18.42293682,18.270656949672947,-0.15227987032705315
1,10.0,3555.128,18.41193124,18.273357719660254,-0.13857352033974735
1,10.0,3555.611,18.4055503,18.276065602277157,-0.12948469772284454
1,10.0,3556.093,18.42935056,18.278769035118234,-0.15058152488176546
1,10.0,3556.575,18.4086683,18.281473274188418,-0.12719502581158082
1,10.0,3557.057,18.42080263,18.28417797069756,-0.1366246593024414
1,10.0,3557.539,18.42357862,18.28688277604993,-0.13669584395007206
1,10.0,3558.021,18.41329379,18.289587341891306,-0.12370644810869535
1,10.0,3558.503,18.42023073,18.292291320156128,-0.1279394098438722
1,10.0,3558.985,18.44211653,18.294994363114334,-0.1471221668856657
1,10.0,3559.468,18.43490321,18.297701727155964,-0.13720148284403777
1,10.0,3559.949,18.44655282,18.30039625414909,-0.1461565658509123
1,10.0,3560.432,18.45399794,18.30310000440127,-0.15089793559873144
1,10.0,3560.914,18.45575684,18.3057958320029,-0.14996100799709922
1,10.0,3561.396,18.45853797,18.308488991599422,-0.15004897840057652
1,10.0,3561.878,18.44503067,18.311179138454353,-0.13385153154564833
1,10.0,3562.36,18.46062588,18.313865928492024,-0.14675995150797405
1,10.0,3562.842,18.44806737,18.316549018343366,-0.13151835165663428
1,10.0,3563.324,18.47000581,18.319228065391766,-0.15077774460823434
1,10.0,3563.806,18.45504682,18.32190272781848,-0.1331440921815208
1,10.0,3564.289,18.46820461,18.324578198787943,-0.14362641121205755
1,10.0,3564.771,18.46665106,18.327243059071364,-0.13940800092863626
1,10.0,3565.253,18.45144829,18.329902513815295,-0.12154577618470341
1,10.0,3565.735,18.46655862,18.332556224847163,-0.1340023951528373
1,10.0,3566.217,18.47710576,18.33520385501764,-0.14190190498236177
1,10.0,3566.699,18.47605633,18.337845068245116,-0.13821126175488274
1,10.0,3567.181,18.5087948,18.34047952955993,-0.16831527044007188
1,10.0,3567.663,18.49151437,18.343106905148446,-0.1484074648515552
1,10.0,3568.146,18.48742938,18.345732290051448,-0.14169708994855057
1,10.0,3568.628,18.49516352,18.348344481167782,-0.14681903883221636
1,10.0,3569.11,18.48700651,18.35094859180696,-0.13605791819303903
1,10.0,3569.592,18.50285331,18.353544293218423,-0.14930901678157582
1,10.0,3570.074,18.50397159,18.356131258024707,-0.14784033197529212
1,10.0,3570.556,18.50462871,18.358709160264105,-0.14591954973589338
1,10.0,3571.038,18.47626391,18.361277675433147,-0.11498623456685308
1,10.0,3571.52,18.50023657,18.36383648052869,-0.13640008947130866
1,10.0,3572.002,18.47972209,18.36638525409001,-0.11333683590999044
1,10.0,3572.485,18.47280106,18.368928931695056,-0.10387212830494263
1,10.0,3572.967,18.49247527,18.371456661717268,-0.12101860828273203
1,10.0,3573.449,18.48218521,18.37397340483742,-0.10821180516257911
1,10.0,3573.931,18.49501574,18.376478846181854,-0.11853689381814547
1,10.0,3574.413,18.4856613,18.378972672624936,-0.10668862737506402
1,10.0,3574.895,18.49630794,18.381454572829522,-0.114853367170479
1,10.0,3575.377,18.47991918,18.383924237286895,-0.09599494271310505
1,10.0,3575.859,18.47593343,18.38638135835643,-0.08955207164357049
1,10.0,3576.342,18.49494105,18.388830687841043,-0.10611036215895808
1,10.0,3576.824,18.48122781,18.39126177927996,-0.0899660307200385
1,10.0,3577.306,18.49812119,18.393679415386806,-0.1044417746131927
1,10.0,3577.788,18.5151115,18.396083296388966,-0.11902820361103394
1,10.0,3578.27,18.49678135,18.39847312457612,-0.09830822542387807
1,10.0,3578.752,18.50622357,18.400848604338037,-0.10537496566196225
1,10.0,3579.234,18.50944337,18.403209442202172,-0.10623392779782748
1,10.0,3579.716,18.51561395,18.405555346870788,-0.11005860312921101
1,10.0,3580.198,18.51706219,18.40788602925794,-0.10917616074205938
1,10.0,3580.681,18.52298733,18.410205989470512,-0.1127813405294873
1,10.0,3581.163,18.51476065,18.412505336004994,-0.10225531399500554
1,10.0,3581.645,18.51584444,18.41478860605114,-0.10105583394885898
1,10.0,3582.127,18.51642344,18.417055519736806,-0.09936792026319452
1,10.0,3582.609,18.50242186,18.419305799580943,-0.08311606041905506
1,10.0,3583.091,18.50710984,18.421539170528348,-0.08557066947165026
1,10.0,3583.573,18.50123615,18.423755359984067,-0.07748079001593311
1,10.0,3584.055,18.50000585,18.42595409784755,-0.07405175215244952
1,10.0,3584.538,18.48122401,18.428139622878057,-0.053084387121941745
1,10.0,3585.02,18.50331537,18.43030261981567,-0.07301275018432918
1,10.0,3585.502,18.52386778,18.432447369618966,-0.09142041038103343
1,10.0,3585.984,18.5244723,18.43457361250357,-0.08989868749642937
1,10.0,3586.466,18.5193972,18.436681091344347,-0.08271610865565293
1,10.0,3586.948,18.51344962,18.43876955170717,-0.07468006829282814
1,10.0,3587.43,18.51855455,18.4408387418803,-0.07771580811970225
1,10.0,3587.912,18.54712735,18.442888412905567,-0.10423893709443277
1,10.0,3588.395,18.5385273,18.444922509316154,-0.09360479068384464
1,10.0,3588.876,18.56107216,18.446928215630354,-0.11414394436964415
1,10.0,3589.359,18.54805593,18.448921970140297,-0.09913395985970297
1,10.0,3589.841,18.54925945,18.45089108837648,-0.09836836162352114
1,10.0,3590.323,18.53612626,18.452839484550292,-0.0832867754497073
1,10.0,3590.805,18.53384276,18.4547669268599,-0.0790758331400987
1,10.0,3591.287,18.55304984,18.456673186463043,-0.09637665353695724
1,10.0,3591.769,18.54941146,18.45855803750489,-0.09085342249511186
1,10.0,3592.251,18.53734459,18.460421257145313,-0.07692333285468678
1,10.0,3592.733,18.54195466,18.462262625585897,-0.07969203441410144
1,10.0,3593.216,18.5238639,18.464085677490623,-0.05977822250937592
1,10.0,3593.698,18.5233357,18.46588264998827,-0.05745305001173051
1,10.0,3594.18,18.52190221,18.467657129970885,-0.054245080029115655
1,10.0,3594.662,18.54842659,18.4694089100746,-0.07901767992539988
1,10.0,3595.144,18.5196482,18.471137786105732,-0.04851041389426669
1,10.0,3595.626,18.5211393,18.472843557065087,-0.0482957429349149
1,10.0,3596.108,18.53168066,18.47452602517204,-0.05715463482795968
1,10.0,3596.59,18.50867351,18.47618499588798,-0.03248851411202125
1,10.0,3597.073,18.53846943,18.477823645885454,-0.06064578411454491
1,10.0,3597.555,18.52569025,18.479435001556705,-0.04625524844329476
1,10.0,3598.037,18.53939703,18.481022295521985,-0.058374734478015
1,10.0,3598.519,18.52383118,18.482585346443887,-0.04124583355611122
1,10.0,3599.001,18.53786191,18.484123976337997,-0.053737933662002746
1,10.0,3599.483,18.53368016,18.485638010593703,-0.04804214940629592
1,10.0,3599.965,18.55415444,18.48712727799452,-0.06702716200548053
1,10.0,3600.447,18.550205,18.48859161073801,-0.061613389261989226
1,10.0,3600.929,18.55554876,18.490030844455323,-0.06551791554467812
1,10.0,3601.412,18.56720785,18.49144772541824,-0.07576012458175896
1,10.0,3601.894,18.54614156,18.492836228910935,-0.05330533108906366
1,10.0,3602.376,18.5228288,18.49419916074408,-0.028629639255917994
1,10.0,3602.858,18.5742893,18.495536370475705,-0.07875292952429547
1,10.0,3603.34,18.5407835,18.496847711187865,-0.043935788812135
1,10.0,3603.822,18.54087305,18.498133039503205,-0.04274001049679299
1,10.0,3604.304,18.55250409,18.499392215601365,-0.05311187439863474
1,10.0,3604.786,18.55380771,18.500625103234572,-0.05318260676542863
1,10.0,3605.269,18.52255021,18.501834045230733,-0.020716164769265077
1,10.0,3605.751,18.54833624,18.503013906342304,-0.045322333657697556
1,10.0,3606.233,18.56112598,18.504167091575507,-0.056958888424492926
1,10.0,3606.715,18.57342823,18.50529347912883,-0.06813475087117027
1,10.0,3607.197,18.56479907,18.506392950845164,-0.05840611915483507
1,10.0,3607.679,18.57503751,18.5074653922246,-0.06757211777540206
1,10.0,3608.161,18.5753184,18.50851069243698,-0.06680770756301868
1,10.0,3608.643,18.5798464,18.509528744333785,-0.07031765566621573
1,10.0,3609.125,18.56771854,18.510519444459707,-0.057199095540294564
1,10.0,3609.608,18.58120984,18.51148466290157,-0.06972517709843018
1,10.0,3610.09,18.56701575,18.512420306696935,-0.05459544330306443
1,10.0,3610.572,18.56348212,18.513328310434268,-0.05015380956573168
1,10.0,3611.054,18.59373784,18.51420858554378,-0.07952925445621872
1,10.0,3611.536,18.55965271,18.51506104719912,-0.044591662800883114
1,10.0,3612.018,18.57448872,18.51588561432585,-0.058603105674151834
1,10.0,3612.5,18.55213777,18.516682209609627,-0.035455560390374785
1,10.0,3612.982,18.5722949,18.517450759503852,-0.054844140496147276
1,10.0,3613.465,18.57130336,18.51819270113633,-0.053110658863673166
1,10.0,3613.947,18.54325762,18.518904896184498,-0.024352723815500354
1,10.0,3614.429,18.54175322,18.519588847753386,-0.02216437224661405
1,10.0,3614.911,18.53690856,18.520244497441716,-0.016664062558284343
1,10.0,3615.393,18.54407702,18.520871790646748,-0.023205229353251866
1,10.0,3615.875,18.52720481,18.521470676569077,-0.005734133430923549
1,10.0,3616.357,18.51371985,18.5220411082169,0.008321258216898997
1,10.0,3616.839,18.50663946,18.522583042409693,0.015943582409693846
1,10.0,3617.322,18.51034406,18.523097475232017,0.012753415232015897
1,10.0,3617.803,18.52076615,18.523581264783683,0.002815114783683015
1,10.0,3618.286,18.4954004,18.524038402449868,0.028638002449866917
1,10.0,3618.768,18.49891473,18.52446593191861,0.025551201918609934
1,10.0,3619.25,18.46152959,18.524864805250594,0.06333521525059282
1,10.0,3619.732,18.49973654,18.525235002192666,0.025498462192665272
1,10.0,3620.214,18.51190933,18.52557650631561,0.013667176315607321
1,10.0,3620.696,18.49441357,18.52588930501412,0.031475735014119266
1,10.0,3621.178,18.49527434,18.52617338950609,0.030899049506089682
1,10.0,3621.66,18.48587349,18.526428754831535,0.04055526483153571
1,10.0,3622.143,18.49834585,18.52665584021551,0.028309990215511505
1,10.0,3622.625,18.47784653,18.526853708033553,0.049007178033551924
1,10.0,3623.107,18.49363921,18.52702286473731,0.03338365473731031
1,10.0,3623.589,18.49848766,18.527163320642693,0.028675660642694112
1,10.0,3624.071,18.48880519,18.527275089875015,0.03846989987501459
1,10.0,3624.553,18.4886857,18.52735819036507,0.03867249036506948
1,10.0,3625.035,18.50148228,18.52741264384461,0.02593036384460845
1,10.0,3625.517,18.50882378,18.5274384758414,0.018614695841399964
1,10.0,3626.0,18.52222656,18.52743568024823,0.0052091202482316135
1,10.0,3626.482,18.52019368,18.52740430180538,0.007210621805381123
1,10.0,3626.964,18.52595284,18.527344401263253,0.0013915612632544594
1,10.0,3627.446,18.54032684,18.527256019282635,-0.013070820717363318
1,10.0,3627.928,18.54350105,18.527139200288524,-0.01636184971147614
1,10.0,3628.41,18.55197576,18.526993992462266,-0.024981767537735067
1,10.0,3628.892,18.54426251,18.526820447733332,-0.017442062266667335
1,10.0,3629.374,18.54904682,18.52661862177057,-0.022428198229430762
1,10.0,3629.856,18.55563163,18.52638857397302,-0.029243056026981407
1,10.0,3630.339,18.54112908,18.526129802536882,-0.014999277463118688
1,10.0,3630.821,18.53472618,18.525843445928903,-0.008882734071097076
1,10.0,3631.303,18.49716882,18.52552906811542,0.028360248115422593
1,10.0,3631.785,18.50692152,18.525186743322518,0.01826522332251912
1,10.0,3632.267,18.51525279,18.524816549453387,0.0095637594533855
1,10.0,3632.749,18.50589728,18.524418568076374,0.018521288076374987
1,10.0,3633.231,18.48781991,18.523992884412575,0.03617297441257605
1,10.0,3633.713,18.4815835,18.52353958732288,0.041956087322880364
1,10.0,3634.196,18.47475516,18.523057743204955,0.048302583204954175
1,10.0,3634.678,18.48611537,18.522549443542506,0.036434073542505274
1,10.0,3635.16,18.47656328,18.522013818950406,0.04545053895040496
1,10.0,3635.642,18.47671086,18.52145097271807,0.044740112718070435
1,10.0,3636.124,18.47263341,18.520861011703353,0.04822760170335272
1,10.0,3636.606,18.45272069,18.52024404631695,0.06752335631695061
1,10.0,3637.088,18.45460887,18.519600190506328,0.06499132050632639
1,10.0,3637.57,18.4466236,18.51892956173923,0.07230596173923232
1,10.0,3638.052,18.43996301,18.518232280986677,0.07826927098667724
1,10.0,3638.535,18.44684038,18.51750694354159,0.07066656354158951
1,10.0,3639.017,18.45694933,18.516756681021633,0.05980735102163237
1,10.0,3639.499,18.43692904,18.51598015054938,0.07905111054938274
1,10.0,3639.981,18.4488329,18.515177486938047,0.06634458693804746
1,10.0,3640.463,18.43877988,18.51434882841283,0.07556894841283324
1,10.0,3640.945,18.42098579,18.513494316591412,0.09250852659141273
1,10.0,3641.427,18.41104519,18.512614096463885,0.10156890646388561
1,10.0,3641.909,18.41205779,18.51170831637252,0.09965052637252114
1,10.0,3642.392,18.42989191,18.510775169759736,0.08088325975973731
1,10.0,3642.874,18.41691528,18.509818675841636,0.09290339584163476
1,10.0,3643.356,18.42980758,18.50883708722019,0.07902950722019142
1,10.0,3643.838,18.40962018,18.50783056544024,0.09821038544023963
1,10.0,3644.32,18.40605894,18.506799275290437,0.10074033529043547
1,10.0,3644.802,18.41132799,18.50574338478024,0.09441539478023842
1,10.0,3645.284,18.41004035,18.504663065116688,0.09462271511668874
1,10.0,3645.766,18.38695123,18.503558490680696,0.11660726068069494
1,10.0,3646.249,18.38575056,18.502427472498535,0.11667691249853362
1,10.0,3646.73,18.38074289,18.50127729073936,0.12053440073935917
1,10.0,3647.213,18.36690656,18.50009856475021,0.1331920047502102
1,10.0,3647.695,18.38312804,18.49889872904618,0.1157706890461796
1,10.0,3648.177,18.38932946,18.497675557621886,0.10834609762188663
1,10.0,3648.659,18.39903137,18.496429243387738,0.09739787338773809
1,10.0,3649.141,18.38328245,18.495159982250975,0.11187753225097552
1,10.0,3649.623,18.38697118,18.49386797308886,0.10689679308886113
1,10.0,3650.105,18.40686042,18.492553417721464,0.08569299772146266
1,10.0,3650.587,18.39352504,18.491216520884137,0.09769148088413715
1,10.0,3651.07,18.39434295,18.48985464777121,0.0955116977712116
1,10.0,3651.552,18.38342038,18.488473648457486,0.10505326845748542
1,10.0,3652.034,18.36903209,18.487070939535467,0.11803884953546628
1,10.0,3652.516,18.3487025,18.485646737124174,0.13694423712417247
1,10.0,3652.998,18.35725116,18.48420126011439,0.12695010011438868
1,10.0,3653.48,18.31948854,18.48273473013901,0.16324619013901298
1,10.0,3653.962,18.34001714,18.48124737154287,0.1412302315428704
1,10.0,3654.444,18.34208284,18.47973941135235,0.13765657135235188
1,10.0,3654.927,18.34013697,18.47820788741523,0.1380709174152308
1,10.0,3655.409,18.35167951,18.476659374146735,0.12497986414673434
1,10.0,3655.891,18.33843017,18.475090956632542,0.1366607866325431
1,10.0,3656.373,18.33528316,18.47350287231914,0.13821971231914176
1,10.0,3656.855,18.35438999,18.471895361177175,0.11750537117717386
1,10.0,3657.337,18.35815296,18.470268665669003,0.11211570566900164
1,10.0,3657.819,18.35199216,18.46862303071587,0.11663087071586986
1,10.0,3658.301,18.35692183,18.46695870366493,0.11003687366492798
1,10.0,3658.783,18.36819758,18.465275934255786,0.09707835425578537
1,10.0,3659.266,18.3566756,18.463571426892102,0.10689582689210297
1,10.0,3659.748,18.34837329,18.461852494440922,0.11347920444092097
1,10.0,3660.23,18.37536711,18.460115883401237,0.08474877340123754
1,10.0,3660.712,18.34334754,18.45836185274692,0.11501431274691853
1,10.0,3661.194,18.33871841,18.456590663672678,0.1178722536726795
1,10.0,3661.676,18.34147125,18.454802579558795,0.11333132955879321
1,10.0,3662.158,18.3390772,18.452997865935682,0.11392066593568373
1,10.0,3662.64,18.33060152,18.451176790448194,0.12057527044819594
1,10.0,3663.123,18.33414343,18.44933579472879,0.11519236472878802
1,10.0,3663.605,18.31943375,18.44748277418551,0.12804902418550768
1,10.0,3664.087,18.30964128,18.44561420760684,0.13597292760684
1,10.0,3664.569,18.31590947,18.443730370736084,0.12782090073608288
1,10.0,3665.051,18.31493522,18.441831541247996,0.12689632124799743
1,10.0,3665.533,18.29358181,18.439917998711415,0.14633618871141607
1,10.0,3666.015,18.29648966,18.437990024551652,0.1415003645516535
1,10.0,3666.497,18.30002863,18.436047902012696,0.13601927201269604
1,10.0,3666.979,18.29577402,18.434091916119105,0.13831789611910494
1,10.0,3667.462,18.27734551,18.432118253495428,0.15477274349542824
1,10.0,3667.944,18.27415966,18.43013537562888,0.15597571562888035
1,10.0,3668.426,18.27292484,18.42813950038397,0.1552146603839688
1,10.0,3668.908,18.28063742,18.426130919525303,0.14549349952530122
1,10.0,3669.39,18.28817585,18.42410992640415,0.13593407640415123
1,10.0,3669.872,18.2927992,18.422076815918906,0.1292776159189053
1,10.0,3670.354,18.27759954,18.420031884475566,0.14243234447556574
1,10.0,3670.836,18.28545295,18.41797542994782,0.13252247994781996
1,10.0,3671.319,18.28449792,18.415903450389273,0.13140553038927294
1,10.0,3671.801,18.28679448,18.413824826635743,0.12703034663574186
1,10.0,3672.283,18.25101403,18.411735582451854,0.1607215524518537
1,10.0,3672.765,18.23627101,18.40963602118258,0.17336501118257885
1,10.0,3673.247,18.26464457,18.40752644743848,0.14288187743848013
1,10.0,3673.729,18.2557505,18.405407167054744,0.14965666705474234
1,10.0,3674.211,18.25757011,18.403278487050095,0.1457083770500951
1,10.0,3674.693,18.24861484,18.40114071558555,0.1525258755855532
1,10.0,3675.176,18.26666161,18.398989699578085,0.13232808957808473
1,10.0,3675.657,18.26325391,18.3968391363832,0.13358522638320025
1,10.0,3676.14,18.28187118,18.394671454100774,0.11280027410077409
1,10.0,3676.622,18.25239906,18.392500403841108,0.14010134384110984
1,10.0,3677.104,18.25949288,18.390321819255966,0.1308289392559665
1,10.0,3677.586,18.26377235,18.388136014486548,0.12436366448654823
1,10.0,3678.068,18.24220355,18.385943304523312,0.14373975452331322
1,10.0,3678.55,18.27536175,18.383744005163425,0.10838225516342703
1,10.0,3679.032,18.25325483,18.381538432968433,0.128283602968434
1,10.0,3679.514,18.23243895,18.3793269052216,0.14688795522160092
1,10.0,3679.997,18.26960555,18.37710513431775,0.10749958431774687
1,10.0,3680.479,18.26795289,18.374882639286604,0.10692974928660348
1,10.0,3680.961,18.23563594,18.37265514511903,0.137019205119028
1,10.0,3681.443,18.24148458,18.370422971558334,0.1289383915583322
1,10.0,3681.925,18.24771724,18.36818643885505,0.12046919885505147
1,10.0,3682.407,18.2435925,18.365945867723806,0.12235336772380734
1,10.0,3682.889,18.23868393,18.363701579300134,0.12501764930013337
1,10.0,3683.371,18.24006734,18.361453895097224,0.1213865550972244
1,10.0,3683.854,18.24253851,18.35919846436793,0.11665995436792898
1,10.0,3684.336,18.22076027,18.356944949065863,0.13618467906586318
1,10.0,3684.818,18.241969,18.354689005025566,0.11272000502556523
1,10.0,3685.3,18.21337509,18.352430954837484,0.13905586483748422
1,10.0,3685.782,18.21279127,18.350171121252583,0.13737985125258234
1,10.0,3686.264,18.21019166,18.347909827138825,0.137718167138825
1,10.0,3686.746,18.18465559,18.3456473954376,0.16099180543760028
1,10.0,3687.228,18.18580377,18.34338414912017,0.1575803791201693
1,10.0,3687.71,18.18659155,18.341120411144153,0.1545288611441542
1,10.0,3688.193,18.17841124,18.338851807556484,0.16044056755648484
1,10.0,3688.675,18.15175762,18.336588055518522,0.18483043551852063
1,10.0,3689.157,18.18885656,18.334324780846185,0.14546822084618327
1,10.0,3689.639,18.17570656,18.332062306006147,0.15635574600614888
1,10.0,3690.121,18.18601834,18.329800953233576,0.14378261323357577
1,10.0,3690.603,18.19103696,18.327541044488516,0.13650408448851437
1,10.0,3691.085,18.17518825,18.32528290141242,0.15009465141242018
1,10.0,3691.567,18.17256396,18.32302684528473,0.1504628852847283
1,10.0,3692.05,18.16891618,18.32076852408587,0.15185234408587078
1,10.0,3692.532,18.16324173,18.318517610021253,0.1552758800212537
1,10.0,3693.014,18.19203934,18.316269744800632,0.12423040480063108
1,10.0,3693.496,18.17358698,18.31402524782066,0.1404382678206595
1,10.0,3693.978,18.17987387,18.311784437899384,0.13191056789938216
1,10.0,3694.46,18.15066746,18.309547633233148,0.15888017323314685
1,10.0,3694.942,18.13934434,18.30731515135357,0.16797081135356962
1,10.0,3695.424,18.14119989,18.305087309084605,0.16388741908460602
1,10.0,3695.906,18.14522397,18.302864422499677,0.1576404524996775
1,10.0,3696.389,18.15881181,18.300642211714074,0.14183040171407413
1,10.0,3696.871,18.14379682,18.29843019341593,0.15463337341592975
1,10.0,3697.353,18.14613047,18.296224074741502,0.15009360474150313
1,10.0,3697.835,18.14511556,18.294024168333635,0.14890860833363462
1,10.0,3698.317,18.14190355,18.291830785871863,0.14992723587186418
1,10.0,3698.799,18.16368756,18.289644238030213,0.1259566780302137
1,10.0,3699.281,18.14218384,18.28746483443515,0.1452809944351472
1,10.0,3699.763,18.14619998,18.28529288362369,0.1390929036236912
1,10.0,3700.246,18.17253286,18.283124211258837,0.11059135125883657
1,10.0,3700.728,18.17075017,18.2809681041117,0.11021793411169867
1,10.0,3701.21,18.18716833,18.27882036903681,0.09165203903681274
1,10.0,3701.692,18.1784146,18.2766813097944,0.09826670979440166
1,10.0,3702.174,18.18237276,18.27455122884782,0.09217846884781977
1,10.0,3702.656,18.1653002,18.272430427322572,0.10713022732257116
1,10.0,3703.138,18.16697135,18.27031920496557,0.10334785496556975
1,10.0,3703.62,18.18281324,18.268217860104468,0.08540462010446603
1,10.0,3704.103,18.18844507,18.266122361860656,0.07767729186065608
1,10.0,3704.584,18.18394106,18.264045988842184,0.08010492884218579
1,10.0,3705.067,18.16434402,18.261971768553686,0.09762774855368406
1,10.0,3705.549,18.15604809,18.259912910398135,0.10386482039813671
1,10.0,3706.031,18.11611662,18.257865399282345,0.14174877928234508
1,10.0,3706.513,18.10770318,18.255829524173617,0.14812634417361537
1,10.0,3706.995,18.1146323,18.25380557234143,0.13917327234143073
1,10.0,3707.477,18.11243071,18.251793829318533,0.1393631193185314
1,10.0,3707.959,18.11443471,18.24979457886224,0.13535986886223839
1,10.0,3708.441,18.09512941,18.24780810291603,0.1526786929160302
1,10.0,3708.924,18.09565037,18.245830601099748,0.1501802310997462
1,10.0,3709.406,18.09143568,18.243870540507363,0.15243486050736266
1,10.0,3709.888,18.10073139,18.24192408956305,0.14119269956304947
1,10.0,3710.37,18.11132058,18.239991522571557,0.12867094257155642
1,10.0,3710.852,18.11206764,18.238073111835376,0.12600547183537714
1,10.0,3711.334,18.1106071,18.236169127617984,0.12556202761798474
1,10.0,3711.816,18.12640166,18.234279838107177,0.10787817810717826
1,10.0,3712.298,18.13659627,18.232405509378818,0.09580923937881991
1,10.0,3712.781,18.13772983,18.230542564306578,0.09281273430657677
1,10.0,3713.263,18.12814128,18.228698979143463,0.10055769914346158
1,10.0,3713.745,18.15357849,18.22687114049653,0.07329265049652989
1,10.0,3714.227,18.15107037,18.225059305632275,0.0739889356322756
1,10.0,3714.709,18.15875067,18.223263729528348,0.0645130595283483
1,10.0,3715.191,18.16798484,18.221484664838982,0.0534998248389833
1,10.0,3715.673,18.14744238,18.219722361860928,0.07227998186092677
1,10.0,3716.155,18.1718936,18.217977068499646,0.04608346849964562
1,10.0,3716.637,18.15119184,18.216249030235883,0.06505719023588341
1,10.0,3717.12,18.16716967,18.214534959610567,0.04736528961056763
1,10.0,3717.602,18.16990535,18.212842195170285,0.042936845170284954
1,10.0,3718.084,18.14853718,18.211167407882957,0.06263022788295558
1,10.0,3718.566,18.15438846,18.209510833197267,0.05512237319726765
1,10.0,3719.048,18.14016082,18.207872703975053,0.06771188397505412
1,10.0,3719.53,18.15144134,18.206253250459856,0.05481191045985412
1,10.0,3720.012,18.15567365,18.204652700246005,0.04897905024600391
1,10.0,3720.494,18.16872644,18.203071278248,0.03434483824799983
1,10.0,3720.977,18.15739771,18.201505986125284,0.04410827612528223
1,10.0,3721.459,18.13433865,18.19996352525999,0.06562487525998861
1,10.0,3721.941,18.14756708,18.19844085142134,0.050873771421336755
1,10.0,3722.423,18.15282008,18.19693817850025,0.04411809850024895
1,10.0,3722.905,18.15415788,18.195455717560495,0.041297837560495765
1,10.0,3723.387,18.17193252,18.19399367681043,0.022061156810430305
1,10.0,3723.869,18.16134109,18.192552261575084,0.031211171575083796
1,10.0,3724.351,18.15606676,18.19113167426883,0.03506491426882974
1,10.0,3724.833,18.15245922,18.189732114368212,0.03727289436821124
1,10.0,3725.316,18.15283404,18.188350940964153,0.035516900964154274
1,10.0,3725.798,18.17545939,18.186994067054332,0.011534677054331866
1,10.0,3726.28,18.15485752,18.185658801481196,0.030801281481195986
1,10.0,3726.762,18.15565576,18.184345331701895,0.028689571701896455
1,10.0,3727.244,18.14498082,18.18305384210688,0.038073022106878796
1,10.0,3727.726,18.13122231,18.18178451399547,0.05056220399547229
1,10.0,3728.208,18.13080408,18.180537525551802,0.04973344555180148
1,10.0,3728.69,18.13760308,18.179313051821186,0.04170997182118441
1,10.0,3729.173,18.1100802,18.178108795052953,0.06802859505295444
1,10.0,3729.655,18.10935655,18.176929910804844,0.06757336080484322
1,10.0,3730.137,18.11648949,18.175774047683948,0.05928455768394869
1,10.0,3730.619,18.1213982,18.17464136794685,0.05324316794684947
1,10.0,3731.101,18.1171775,18.173532030600164,0.0563545306001636
1,10.0,3731.583,18.11736144,18.172446191379656,0.05508475137965618
1,10.0,3732.065,18.11275143,18.171384002729873,0.058632572729873544
1,10.0,3732.547,18.1188736,18.170345613784253,0.05147201378425237
1,10.0,3733.03,18.12727863,18.169329090681856,0.042050460681856805
1,10.0,3733.511,18.13618484,18.16834081486729,0.03215597486729038
1,10.0,3733.994,18.11872935,18.16737270729741,0.04864335729741143
1,10.0,3734.476,18.14287901,18.166430992293467,0.023551982293465556
1,10.0,3734.958,18.16277458,18.165513772601198,0.00273919260119726
1,10.0,3735.44,18.15347663,18.16462117708871,0.011144547088708379
1,10.0,3735.922,18.16987674,18.16375333118707,-0.006123408812928943
1,10.0,3736.404,18.17167644,18.162910356874182,-0.008766083125816948
1,10.0,3736.886,18.1650265,18.162092372659256,-0.0029341273407439417
1,10.0,3737.368,18.17598713,18.161299493567775,-0.014687636432224593
1,10.0,3737.851,18.16977842,18.160530264754453,-0.009248155245547451
1,10.0,3738.333,18.17560623,18.159787979629808,-0.015818250370191578
1,10.0,3738.815,18.13054911,18.15907112387289,0.028522013872890994
1,10.0,3739.297,18.13842768,18.158379798426488,0.01995211842648814
1,10.0,3739.779,18.14045347,18.15771410068198,0.01726063068197803
1,10.0,3740.261,18.12699461,18.15707412446727,0.030079514467271196
1,10.0,3740.743,18.12367811,18.15645996003537,0.03278185003537004
1,10.0,3741.225,18.11068579,18.155871694053314,0.04518590405331224
1,10.0,3741.708,18.11559282,18.15530827008994,0.03971545008993971
1,10.0,3742.19,18.10194239,18.154772100761726,0.05282971076172416
1,10.0,3742.672,18.11137279,18.154262068420397,0.04288927842039669
1,10.0,3743.154,18.11774717,18.153778245282215,0.03603107528221372
1,10.0,3743.636,18.11233658,18.153320699930347,0.04098411993034645
1,10.0,3744.118,18.12716841,18.15288949730691,0.02572108730690914
1,10.0,3744.6,18.14394349,18.152484698705685,0.00854120870568309
1,10.0,3745.082,18.15140002,18.15210636176531,0.0007063417653085935
1,10.0,3745.564,18.15514907,18.151754540462907,-0.0033945295370934048
1,10.0,3746.047,18.17391381,18.151428637952936,-0.022485172047062463
1,10.0,3746.529,18.17063617,18.151130050442397,-0.019506119557604507
1,10.0,3747.011,18.15590075,18.150858118562557,-0.005042631437444101
1,10.0,3747.493,18.16877607,18.150612881584482,-0.01816318841551734
1,10.0,3747.975,18.17139304,18.15039437509416,-0.0209986649058429
1,10.0,3748.457,18.19572228,18.150202630989316,-0.04551964901068217
1,10.0,3748.939,18.17618143,18.150037677476835,-0.02614375252316492
1,10.0,3749.421,18.16234396,18.14989953907066,-0.012444420929341504
1,10.0,3749.904,18.19183051,18.149788033580638,-0.04204247641936121
1,10.0,3750.386,18.17722005,18.149703639876932,-0.027516410123066493
1,10.0,3750.868,18.15407702,18.14964611267491,-0.0044309073250907716
1,10.0,3751.35,18.171863,18.14961546169887,-0.02224753830113002
1,10.0,3751.832,18.16349831,18.149611692977697,-0.013886617022304648
1,10.0,3752.314,18.18416207,18.14963480884598,-0.03452726115401816
1,10.0,3752.796,18.1795404,18.14968480794555,-0.02985559205444943
1,10.0,3753.278,18.17833401,18.14976168522771,-0.028572324772291324
1,10.0,3753.76,18.16524851,18.14986543195591,-0.015383078044092002
1,10.0,3754.243,18.16124258,18.149996334578248,-0.011246245421752121
1,10.0,3754.725,18.16267296,18.150153834920957,-0.012519125079041515
1,10.0,3755.207,18.15202886,18.15033815636237,-0.0016907036376316853
1,10.0,3755.689,18.15081287,18.150549275443932,-0.00026359455606694837
1,10.0,3756.171,18.15710753,18.150787165040505,-0.006320364959496061
1,10.0,3756.653,18.18378439,18.151051794366072,-0.032732595633927275
1,10.0,3757.135,18.19111324,18.151343128980116,-0.039770111019883814
1,10.0,3757.617,18.18106793,18.151661130794515,-0.029406799205485612
1,10.0,3758.1,18.20366607,18.152006500721463,-0.05165956927853799
1,10.0,3758.582,18.20130649,18.152377763214687,-0.048928726785312904
1,10.0,3759.064,18.23255677,18.15277555672883,-0.07978121327116838
1,10.0,3759.546,18.23968175,18.153199828656536,-0.08648192134346289
1,10.0,3760.028,18.24045299,18.153650522784826,-0.08680246721517548
1,10.0,3760.51,18.24575407,18.154127579304973,-0.09162649069502748
1,10.0,3760.992,18.24249039,18.154630934823036,-0.08785945517696447
1,10.0,3761.474,18.26151861,18.15516052237079,-0.10635808762921073
1,10.0,3761.957,18.23949625,18.1557174515674,-0.08377879843259706
1,10.0,3762.438,18.26463236,18.156298107879884,-0.10833425212011605
1,10.0,3762.921,18.26356715,18.15690724221198,-0.10665990778802126
1,10.0,3763.403,18.27246443,18.157541070828,-0.1149233591719998
1,10.0,3763.885,18.26057361,18.158200743256703,-0.10237286674329837
1,10.0,3764.367,18.28002547,18.158886171334704,-0.12113929866529816
1,10.0,3764.849,18.27918366,18.15959726341486,-0.11958639658514159
1,10.0,3765.331,18.28146605,18.16033392438128,-0.12113212561871833
1,10.0,3765.813,18.30050325,18.161096055664704,-0.1394071943352948
1,10.0,3766.295,18.28108716,18.161883555258342,-0.11920360474165648
1,10.0,3766.778,18.27754959,18.162698030149244,-0.11485155985075579
1,10.0,3767.26,18.27497227,18.163535998746593,-0.11143627125340672
1,10.0,3767.742,18.29997867,18.16439900893845,-0.13557966106155206
1,10.0,3768.224,18.30500444,18.165286945129328,-0.13971749487067342
1,10.0,3768.706,18.28308834,18.16619968837281,-0.11688865162718898
1,10.0,3769.188,18.29262491,18.16713711639022,-0.12548779360978202
1,10.0,3769.67,18.30934709,18.16809910358976,-0.14124798641023872
1,10.0,3770.152,18.30886773,18.16908552108619,-0.139782208913811
1,10.0,3770.635,18.3238682,18.170098358805664,-0.153769841194336
1,10.0,3771.117,18.3262228,18.171133287154085,-0.15508951284591532
1,10.0,3771.599,18.33993651,18.172192239294734,-0.16774427070526698
1,10.0,3772.081,18.31597379,18.173275073366987,-0.1426987166330136
1,10.0,3772.563,18.31045329,18.17438164432169,-0.1360716456783102
1,10.0,3773.045,18.32444809,18.175511803943287,-0.14893628605671339
1,10.0,3773.527,18.30916005,18.17666540087268,-0.13249464912732023
1,10.0,3774.009,18.31218406,18.177842280630294,-0.1343417793697057
1,10.0,3774.491,18.30960931,18.17904228563972,-0.13056702436027834
1,10.0,3774.974,18.30478466,18.180267816291543,-0.12451684370845584
1,10.0,3775.456,18.30898096,18.18151363394056,-0.12746732605943834
1,10.0,3775.938,18.28350391,18.182782085423703,-0.10072182457629708
1,10.0,3776.42,18.31219072,18.184073001014827,-0.1281177189851732
1,10.0,3776.902,18.3227891,18.185386208015043,-0.1374028919849586
1,10.0,3777.384,18.29835108,18.18672153077868,-0.11162954922131973
1,10.0,3777.866,18.30775598,18.188078790739794,-0.1196771892602051
1,10.0,3778.348,18.28145149,18.18945780643891,-0.09199368356108906
1,10.0,3778.831,18.31182818,18.190861321626677,-0.12096685837332188
1,10.0,3779.313,18.31489086,18.19228333715482,-0.12260752284517906
1,10.0,3779.795,18.31348624,18.193726546558278,-0.11975969344172199
1,10.0,3780.277,18.32248167,18.195190757073537,-0.12729091292646189
1,10.0,3780.759,18.32686553,18.196675773183355,-0.13018975681664458
1,10.0,3781.241,18.33552037,18.198181396645847,-0.13733897335415435
1,10.0,3781.723,18.32096094,18.199707426523904,-0.12125351347609481
1,10.0,3782.205,18.32926864,18.20125365921491,-0.128014980785089
1,10.0,3782.688,18.34598912,18.202823158561124,-0.14316596143887494
1,10.0,3783.17,18.36403843,18.204409216393675,-0.1596292136063262
1,10.0,3783.652,18.35014285,18.206014850100022,-0.14412799989997893
1,10.0,3784.134,18.33720601,18.20763984571495,-0.1295661642850483
1,10.0,3784.616,18.37681159,18.209283986761722,-0.16752760323827687
1,10.0,3785.098,18.38738072,18.210947054283967,-0.1764336657160328
1,10.0,3785.58,18.37417174,18.212628826877637,-0.16154291312236424
1,10.0,3786.062,18.37971057,18.2143290807236,-0.16538148927639895
1,10.0,3786.544,18.40668616,18.21604758962014,-0.19063857037986054
1,10.0,3787.027,18.38802979,18.217787746365406,-0.1702420436345946
1,10.0,3787.509,18.40635743,18.219542114072443,-0.18681531592755718
1,10.0,3787.991,18.38485476,18.22131404377579,-0.16354071622420818
1,10.0,3788.473,18.41469941,18.223103300072363,-0.19159610992763731
1,10.0,3788.955,18.40979316,18.224909645344678,-0.18488351465532205
1,10.0,3789.437,18.40788193,18.226732839795265,-0.1811490902047339
1,10.0,3789.919,18.40574624,18.228572641481417,-0.17717359851858205
1,10.0,3790.401,18.40316528,18.230428806350186,-0.17273647364981315
1,10.0,3790.884,18.40478545,18.23230498925773,-0.17248046074226764
1,10.0,3791.365,18.40558108,18.234189239084127,-0.17139184091587367
1,10.0,3791.848,18.39435145,18.236096974400848,-0.15825447559915062
1,10.0,3792.33,18.39762505,18.238016142121396,-0.15960890787860293
1,10.0,3792.812,18.4064726,18.239950421818953,-0.1665221781810473
1,10.0,3793.294,18.38344058,18.241899557523805,-0.1415410224761935
1,10.0,3793.776,18.38203562,18.243863291407887,-0.1381723285921126
1,10.0,3794.258,18.40013224,18.245841363821665,-0.1542908761783366
1,10.0,3794.74,18.40454853,18.247833513331216,-0.15671501666878385
1,10.0,3795.222,18.40821949,18.249839476755565,-0.15838001324443596
1,10.0,3795.705,18.40836304,18.251863192963615,-0.15649984703638609
1,10.0,3796.187,18.42157651,18.253896015153018,-0.16768049484698366
1,10.0,3796.669,18.42462039,18.255941851050142,-0.16867853894985885
1,10.0,3797.151,18.43715924,18.25800043085966,-0.17915880914033977
1,10.0,3797.633,18.41945198,18.26007148322884,-0.15938049677115984
1,10.0,3798.115,18.43319401,18.262154735285915,-0.17103927471408653
1,10.0,3798.597,18.4396959,18.26424991267875,-0.17544598732125039
1,10.0,3799.079,18.44120622,18.266356739613563,-0.17484948038643822
1,10.0,3799.562,18.44721147,18.268479345126725,-0.1787321248732745
1,10.0,3800.044,18.44716909,18.27060866091821,-0.17656042908178904
1,10.0,3800.526,18.45115786,18.272748790028697,-0.1784090699713019
1,10.0,3801.008,18.46442492,18.274899451286164,-0.18952546871383547
1,10.0,3801.49,18.45508173,18.277060362273115,-0.1780213677268847
1,10.0,3801.972,18.45037896,18.279231239366265,-0.1711477206337335
1,10.0,3802.454,18.46105082,18.28141179777626,-0.17963902222373918
1,10.0,3802.936,18.45134136,18.28360175158761,-0.16773960841238988
1,10.0,3803.418,18.45415198,18.28580081379855,-0.1683511662014503
1,10.0,3803.901,18.43919066,18.28801328599881,-0.1511773740011897
1,10.0,3804.383,18.45461149,18.29022971725799,-0.16438177274201138
1,10.0,3804.865,18.45867938,18.29245438919281,-0.16622499080719066
1,10.0,3805.347,18.45860521,18.29468701085648,-0.16391819914352013
1,10.0,3805.829,18.46970638,18.296927290417415,-0.17277908958258692
1,10.0,3806.311,18.46622585,18.299174935199627,-0.16705091480037382
1,10.0,3806.793,18.46280282,18.301429651723435,-0.16137316827656534
1,10.0,3807.275,18.49879569,18.303691145745983,-0.19510454425401846
1,10.0,3807.758,18.49631112,18.305963834181167,-0.19034728581883442
1,10.0,3808.24,18.5044982,18.308238010151832,-0.19626018984816795
1,10.0,3808.722,18.50885098,18.31051807610585,-0.1983329038941477
1,10.0,3809.204,18.51601711,18.31280373515412,-0.20321337484588042
1,10.0,3809.686,18.52826568,18.315094689848372,-0.2131709901516281
1,10.0,3810.168,18.52364303,18.317390642222183,-0.20625238777781618
1,10.0,3810.65,18.53812261,18.319691293831745,-0.21843131616825318
1,10.0,3811.132,18.51852456,18.321996345796855,-0.1965282142031448
1,10.0,3811.615,18.51491493,18.324310293671118,-0.19060463632888158
1,10.0,3812.097,18.53398037,18.3266232557411,-0.20735711425889747
1,10.0,3812.579,18.53753048,18.32893971869459,-0.20859076130541254
1,10.0,3813.061,18.53713421,18.331259382314713,-0.20587482768528886
1,10.0,3813.543,18.54404147,18.33358194615298,-0.21045952384702105
1,10.0,3814.025,18.54893258,18.335907109570194,-0.21302547042980535
1,10.0,3814.507,18.55918197,18.338234571777324,-0.22094739822267684
1,10.0,3814.989,18.56115646,18.340564031876376,-0.22059242812362356
1,10.0,3815.471,18.57166485,18.34289518890116,-0.22876966109884123
1,10.0,3815.954,18.58548115,18.34523258242189,-0.24024856757811008
1,10.0,3816.436,18.58809956,18.347566232289726,-0.24053332771027414
1,10.0,3816.918,18.59878271,18.349900675559145,-0.24888203444085377
1,10.0,3817.4,18.59052737,18.352235611398946,-0.23829175860105423
1,10.0,3817.882,18.57829353,18.354570739113132,-0.22372279088686753
1,10.0,3818.364,18.60381816,18.35690575818161,-0.24691240181838836
1,10.0,3818.846,18.59469367,18.359240368300465,-0.23545330169953615
1,10.0,3819.328,18.57069839,18.36157426942239,-0.20912412057760932
1,10.0,3819.811,18.59295292,18.363912000566184,-0.22904091943381388
1,10.0,3820.292,18.61324106,18.36623874601048,-0.247002313989519
1,10.0,3820.775,18.5865657,18.36857375703404,-0.2179919429659627
1,10.0,3821.257,18.57599153,18.370906818746374,-0.20508471125362604
1,10.0,3821.739,18.60805861,18.373237591006564,-0.23482101899343633
1,10.0,3822.221,18.59717998,18.375565774254625,-0.22161420574537516
1,10.0,3822.703,18.61933043,18.377891069492215,-0.24143936050778692
1,10.0,3823.185,18.61729172,18.38021317832244,-0.23707854167756182
1,10.0,3823.667,18.62095691,18.382531802989718,-0.23842510701028274
1,10.0,3824.149,18.60674827,18.384846646419412,-0.22190162358058885
1,10.0,3824.632,18.60341176,18.387162201933513,-0.2162495580664867
1,10.0,3825.114,18.58382464,18.38946858520554,-0.19435605479445783
1,10.0,3825.596,18.60349209,18.391770299885323,-0.21172179011467662
1,10.0,3826.078,18.59878013,18.39406705201727,-0.2047130779827313
1,10.0,3826.56,18.58460802,18.396358548522937,-0.1882494714770644
1,10.0,3827.042,18.58835243,18.398644497239573,-0.1897079327604274
1,10.0,3827.524,18.5781514,18.400924606958814,-0.17722679304118572
1,10.0,3828.006,18.56104758,18.40319858746495,-0.15784899253505102
1,10.0,3828.489,18.55748753,18.40547084718693,-0.1520166828130698
1,10.0,3828.971,18.56101357,18.407731688568713,-0.15328188143128685
1,10.0,3829.453,18.55769401,18.4099855358333,-0.14770847416669852
1,10.0,3829.935,18.57314405,18.412232103118324,-0.16091194688167576
1,10.0,3830.417,18.57267438,18.414471105743285,-0.15820327425671366
1,10.0,3830.899,18.56214638,18.4167022602468,-0.1454441197532006
1,10.0,3831.381,18.57387458,18.41892528442364,-0.15494929557635828
1,10.0,3831.863,18.58207464,18.421139897361428,-0.16093474263857033
1,10.0,3832.345,18.59621902,18.423345819477348,-0.17287320052265187
1,10.0,3832.828,18.58341375,18.425547321032823,-0.15786642896717495
1,10.0,3833.31,18.61635121,18.42773500878719,-0.18861620121280964
1,10.0,3833.792,18.61913639,18.429913174741035,-0.18922321525896635
1,10.0,3834.274,18.6008981,18.43208154499407,-0.16881655500592885
1,10.0,3834.756,18.60931635,18.43423984715515,-0.1750765028448491
1,10.0,3835.238,18.63525178,18.436387810377386,-0.19886396962261443
1,10.0,3835.72,18.61009677,18.438525165393212,-0.1715716046067861
1,10.0,3836.202,18.59623329,18.440651644548993,-0.15558164545100794
1,10.0,3836.685,18.60510622,18.442771358740472,-0.16233486125952723
1,10.0,3837.167,18.60922169,18.44487526590514,-0.1643464240948589
1,10.0,3837.649,18.58853467,18.44696750373269,-0.14156716626731125
1,10.0,3838.131,18.59020392,18.449047811370736,-0.1411561086292643
1,10.0,3838.613,18.59286527,18.451115929750554,-0.1417493402494472
1,10.0,3839.095,18.58927457,18.453171601620067,-0.13610296837993374
1,10.0,3839.577,18.6076411,18.455214571576764,-0.15242652842323423
1,10.0,3840.059,18.61234533,18.457244586100185,-0.15510074389981554
1,10.0,3840.542,18.60085192,18.459265563929858,-0.14158635607014247
1,10.0,3841.024,18.59070253,18.461268886537983,-0.12943364346201847
1,10.0,3841.506,18.62579027,18.46325850425321,-0.16253176574678818
1,10.0,3841.988,18.61130324,18.46523417140724,-0.14606906859276236
1,10.0,3842.47,18.61928049,18.46719564437221,-0.15208484562779034
1,10.0,3842.952,18.64725553,18.46914268159159,-0.17811284840841068
1,10.0,3843.434,18.63182662,18.471075043610533,-0.16075157638946536
1,10.0,3843.916,18.63733908,18.4729924931061,-0.16434658689389892
1,10.0,3844.398,18.62860571,18.474894794917063,-0.15371091508293588
1,10.0,3844.881,18.64282039,18.476785614699065,-0.16603477530093613
1,10.0,3845.363,18.63727622,18.478656891824308,-0.1586193281756927
1,10.0,3845.845,18.62931848,18.480512328573596,-0.14880615142640252
1,10.0,3846.327,18.61786942,18.482351698729406,-0.13551772127059536
1,10.0,3846.809,18.63105706,18.48417477838042,-0.14688228161957895
1,10.0,3847.291,18.64022084,18.485981345949323,-0.15423949405067816
1,10.0,3847.773,18.60992298,18.487771182220488,-0.12215179777951235
1,10.0,3848.255,18.60223945,18.489544070367096,-0.11269537963290333
1,10.0,3848.738,18.59990571,18.491303420574432,-0.10860228942556915
1,10.0,3849.219,18.59632684,18.493038147084498,-0.10328869291550191
1,10.0,3849.702,18.58875779,18.494762465819733,-0.09399532418026624
1,10.0,3850.184,18.58429582,18.496465404785955,-0.08783041521404655
1,10.0,3850.666,18.57514622,18.498150347833164,-0.07699587216683668
1,10.0,3851.148,18.5726366,18.49981709302511,-0.07281950697488782
1,10.0,3851.63,18.57931665,18.501465440995336,-0.07785120900466325
1,10.0,3852.112,18.59690893,18.50309519497142,-0.09381373502858281
1,10.0,3852.594,18.57853838,18.50470616079916,-0.07383221920084182
1,10.0,3853.076,18.61529822,18.50629814696615,-0.10900007303385095
1,10.0,3853.559,18.63735238,18.507874207677133,-0.12947817232286596
1,10.0,3854.041,18.65291603,18.509427630322502,-0.14348839967749782
1,10.0,3854.523,18.67044381,18.510961514474552,-0.15948229552544646
1,10.0,3855.005,18.68479073,18.512475679423357,-0.17231505057664265
1,10.0,3855.487,18.67419944,18.513969947213784,-0.16022949278621468
1,10.0,3855.969,18.65633161,18.515444142666837,-0.1408874673331617
1,10.0,3856.451,18.67097439,18.51689809340078,-0.1540762965992215
1,10.0,3856.933,18.68106355,18.518331629851755,-0.16273192014824645
1,10.0,3857.416,18.65311538,18.519747495228966,-0.13336788477103312
1,10.0,3857.898,18.64322302,18.52113966258785,-0.12208335741215137
1,10.0,3858.38,18.63307585,18.52251092374985,-0.11056492625015224
1,10.0,3858.862,18.62396021,18.523861120627856,-0.10009908937214362
1,10.0,3859.344,18.61790308,18.525190098050423,-0.09271298194957822
1,10.0,3859.826,18.61434219,18.52649770377985,-0.08784448622014907
1,10.0,3860.308,18.60681405,18.52778378853034,-0.07903026146966141
1,10.0,3860.79,18.62115639,18.52904820598545,-0.09210818401454901
1,10.0,3861.272,18.59783424,18.530290812815277,-0.06754342718472373
1,10.0,3861.755,18.61143117,18.53151397826049,-0.07991719173950784
1,10.0,3862.237,18.62472444,18.53271249991246,-0.09201194008754143
1,10.0,3862.719,18.6286723,18.533888798758564,-0.0947835012414373
1,10.0,3863.201,18.62613222,18.535042743584718,-0.09108947641528076
1,10.0,3863.683,18.60232334,18.536174206243153,-0.0661491337568485
1,10.0,3864.165,18.59897324,18.537283061667058,-0.06169017833294177
1,10.0,3864.647,18.58340845,18.538369187884868,-0.04503926211513232
1,10.0,3865.129,18.59523967,18.539432466034246,-0.055807203965756
1,10.0,3865.612,18.59094905,18.540474914754594,-0.05047413524540545
1,10.0,3866.094,18.59507618,18.541492104692676,-0.053584075307323786
1,10.0,3866.576,18.58587639,18.54248610853945,-0.04339028146054957
1,10.0,3867.058,18.57696076,18.5434568200067,-0.033503939993298815
1,10.0,3867.54,18.57297478,18.544404135978688,-0.028570644021311153
1,10.0,3868.022,18.56047086,18.54532795652367,-0.015142903476327518
1,10.0,3868.504,18.57097543,18.546228184904788,-0.02474724509521309
1,10.0,3868.986,18.56103561,18.547104727590753,-0.013930882409248113
1,10.0,3869.469,18.57687942,18.54795923871534,-0.02892018128466134
1,10.0,3869.951,18.56500967,18.548788092692725,-0.016221577307273805
1,10.0,3870.433,18.57232802,18.549592999543048,-0.022735020456952526
1,10.0,3870.915,18.57827371,18.55037387866121,-0.027899831338793035
1,10.0,3871.397,18.57274668,18.551130652694255,-0.021616027305746854
1,10.0,3871.879,18.57868407,18.551863247549395,-0.02682082245060613
1,10.0,3872.361,18.58377116,18.55257159240172,-0.03119956759828213
1,10.0,3872.843,18.58274698,18.553255619701208,-0.029491360298791847
1,10.0,3873.325,18.60488802,18.553915265179743,-0.05097275482025765
1,10.0,3873.808,18.61509499,18.554551760256352,-0.06054322974364723
1,10.0,3874.29,18.62641359,18.55516241155843,-0.07125117844156748
1,10.0,3874.772,18.61865452,18.555748507877873,-0.06290601212212721
1,10.0,3875.254,18.62952102,18.556309998139813,-0.07321102186018535
1,10.0,3875.736,18.58862417,18.55684683457881,-0.031777335421189434
1,10.0,3876.218,18.59785057,18.557358972742882,-0.04049159725711604
1,10.0,3876.7,18.61496061,18.557846371497487,-0.05711423850251407
1,10.0,3877.182,18.58424207,18.558308993028692,-0.02593307697130598
1,10.0,3877.665,18.60534185,18.558747685351605,-0.04659416464839339
1,10.0,3878.146,18.59711007,18.559159769786476,-0.03795030021352375
1,10.0,3878.629,18.59357017,18.55954864532161,-0.03402152467839059
1,10.0,3879.111,18.58112106,18.559911794656415,-0.021209265343586026
1,10.0,3879.593,18.57507207,18.56025002755719,-0.014822042442812489
1,10.0,3880.075,18.58192153,18.560563326188284,-0.02135820381171527
1,10.0,3880.557,18.56326694,18.560851676046447,-0.0024152639535515164
1,10.0,3881.039,18.57957225,18.561115065960855,-0.01845718403914276
1,10.0,3881.521,18.56119689,18.56135348809253,0.00015659809252710488
1,10.0,3882.003,18.56951045,18.561566937933517,-0.007943512066482583
1,10.0,3882.486,18.5674066,18.561755779376554,-0.005650820623447572
1,10.0,3882.968,18.56279293,18.561919232626362,-0.0008736973736382936
1,10.0,3883.45,18.54986701,18.562057720047434,0.01219071004743455
1,10.0,3883.932,18.53979305,18.562171250445406,0.022378200445405838
1,10.0,3884.414,18.55524234,18.562259835946264,0.0070174959462647735
1,10.0,3884.896,18.56371853,18.562323491992647,-0.0013950380073524116
1,10.0,3885.378,18.55839662,18.562362237340274,0.003965617340274008
1,10.0,3885.86,18.55445201,18.56237609405347,0.007924084053470892
1,10.0,3886.343,18.56062516,18.562365038839406,0.0017398788394054066
1,10.0,3886.825,18.57660187,18.56232914619563,-0.014272723804371168
1,10.0,3887.307,18.55626727,18.562268450983265,0.006001180983265186
1,10.0,3887.789,18.56413724,18.56218298845712,-0.0019542515428803142
1,10.0,3888.271,18.54416749,18.56207279715307,0.017905307153071703
1,10.0,3888.753,18.54514151,18.561937918881227,0.01679640888122691
1,10.0,3889.235,18.54661014,18.561778398718758,0.015168258718759375
1,10.0,3889.717,18.53424849,18.56159428500238,0.027345795002378992
1,10.0,3890.199,18.53034252,18.561385629320192,0.03104310932019061
1,10.0,3890.682,18.54017287,18.56115197739002,0.02097910739001918
1,10.0,3891.164,18.53931136,18.560894354883793,0.02158299488379356
1,10.0,3891.646,18.54536685,18.56061236472909,0.015245514729087972
1,10.0,3892.128,18.53114791,18.56030607143818,0.029158161438179064
1,10.0,3892.61,18.55903528,18.559975542728502,0.000940262728502006
1,10.0,3893.092,18.54513495,18.55962084951232,0.014485899512319378
1,10.0,3893.574,18.55359114,18.559242065885698,0.005650925885696267
1,10.0,3894.056,18.54313912,18.558839269117335,0.015700149117336082
1,10.0,3894.539,18.54436028,18.55841162948547,0.014051349485470155
1,10.0,3895.021,18.53389845,18.55796100148093,0.02406255148093095
1,10.0,3895.503,18.51275705,18.55748661124083,0.044729561240828275
1,10.0,3895.985,18.52372773,18.556988548610036,0.03326081861003516
1,10.0,3896.467,18.51205476,18.55646690654367,0.04441214654366732
1,10.0,3896.949,18.49808779,18.55592178109343,0.05783399109343179
1,10.0,3897.431,18.50503493,18.555353271393567,0.05031834139356661
1,10.0,3897.913,18.48802969,18.554761479646395,0.06673178964639348
1,10.0,3898.396,18.49911338,18.554145211221645,0.05503183122164401
1,10.0,3898.878,18.49584221,18.553507126439598,0.05766491643959881
1,10.0,3899.36,18.49938939,18.55284608470986,0.053456694709858255
1,10.0,3899.842,18.48358304,18.55216220036135,0.06857916036135236
1,10.0,3900.324,18.49608503,18.55145559071312,0.05537056071311852
1,10.0,3900.806,18.50397263,18.550726376057572,0.04675374605757199
1,10.0,3901.288,18.52478094,18.549974679643473,0.02519373964347338
1,10.0,3901.77,18.50514805,18.54920062765832,0.04405257765832005
1,10.0,3902.252,18.51989319,18.548404349210593,0.02851115921059133
1,10.0,3902.735,18.5250153,18.54758425556838,0.022568955568381455
1,10.0,3903.217,18.52091649,18.54674387769616,0.025827387696157444
1,10.0,3903.699,18.52452075,18.54588167831719,0.02136092831718983
1,10.0,3904.181,18.51195876,18.544997798043696,0.03303903804369668
1,10.0,3904.663,18.5116145,18.54409238031408,0.0324778803140795
1,10.0,3905.145,18.4989636,18.543165571372842,0.04420197137284276
1,10.0,3905.627,18.49479665,18.54221752025018,0.04742087025017838
1,10.0,3906.109,18.49402455,18.541248378741283,0.04722382874128428
1,10.0,3906.592,18.49522227,18.540256225628656,0.045033955628657196
1,10.0,3907.073,18.48598159,18.539247445443312,0.05326585544331053
1,10.0,3907.556,18.45977161,18.538213809568443,0.07844219956844256
1,10.0,3908.038,18.45680267,18.537161836750954,0.08035916675095578
1,10.0,3908.52,18.45791422,18.536089573592665,0.07817535359266614
1,10.0,3909.002,18.46546356,18.534997188028836,0.06953362802883589
1,10.0,3909.484,18.44498945,18.533884850604718,0.08889540060471646
1,10.0,3909.966,18.460378,18.532752734452114,0.07237473445211506
1,10.0,3910.448,18.44338704,18.531601015265508,0.08821397526550712
1,10.0,3910.93,18.44948087,18.53042987127805,0.08094900127805005
1,10.0,3911.413,18.45316187,18.529236993674765,0.07607512367476588
1,10.0,3911.895,18.43724822,18.528027505463474,0.0907792854634728
1,10.0,3912.377,18.44012127,18.526799142523764,0.08667787252376513
1,10.0,3912.859,18.45672902,18.52555209300028,0.0688230730002779
1,10.0,3913.341,18.41986095,18.524286547450778,0.10442559745077773
1,10.0,3913.823,18.42874755,18.523002698820033,0.09425514882003228
1,10.0,3914.305,18.4284067,18.521700742413476,0.09329404241347561
1,10.0,3914.787,18.42501706,18.520380875870625,0.09536381587062692
1,10.0,3915.27,18.40886241,18.519040505812775,0.11017809581277405
1,10.0,3915.752,18.40296653,18.517685385005112,0.11471885500511192
1,10.0,3916.234,18.40177721,18.51631296113952,0.11453575113952041
1,10.0,3916.716,18.39684533,18.514923440923884,0.1180781109238822
1,10.0,3917.198,18.41309889,18.513517033262435,0.10041814326243426
1,10.0,3917.68,18.42391431,18.51209394922737,0.08817963922736993
1,10.0,3918.162,18.40147207,18.510654402030227,0.10918233203022609
1,10.0,3918.644,18.39272142,18.509198606992843,0.11647718699284226
1,10.0,3919.126,18.40210217,18.50772678151822,0.10562461151821978
1,10.0,3919.609,18.38887088,18.50623604239618,0.11736516239617956
1,10.0,3920.091,18.4038884,18.5047327843212,0.10084438432119924
1,10.0,3920.573,18.41561209,18.50321416067438,0.08760207067437875
1,10.0,3921.055,18.38780462,18.50168039688984,0.11387577688983797
1,10.0,3921.537,18.39107541,18.500131720332778,0.10905631033277885
1,10.0,3922.019,18.38490097,18.49856836026864,0.11366739026863826
1,10.0,3922.501,18.40751242,18.496990547832198,0.08947812783219788
1,10.0,3922.983,18.38544583,18.495398515996133,0.10995268599613439
1,10.0,3923.466,18.39556381,18.493789153182163,0.09822534318216469
1,10.0,3923.948,18.41412361,18.492169360383457,0.07804575038345618
1,10.0,3924.43,18.39948145,18.49053605831127,0.09105460831127132
1,10.0,3924.912,18.40071552,18.488889486976497,0.08817396697649826
1,10.0,3925.394,18.38781072,18.48722988806814,0.09941916806813822
1,10.0,3925.876,18.38054294,18.485557504920674,0.10501456492067263
1,10.0,3926.358,18.388175,18.48387258248119,0.09569758248118987
1,10.0,3926.84,18.37606223,18.48217536727634,0.10611313727634197
1,10.0,3927.323,18.37251262,18.48046254884918,0.10794992884918031
1,10.0,3927.805,18.37082348,18.47874146963455,0.10791798963455079
1,10.0,3928.287,18.376079,18.47700884690056,0.10092984690055928
1,10.0,3928.769,18.36333946,18.475264933160343,0.11192547316034407
1,10.0,3929.251,18.35137636,18.473509982338175,0.12213362233817548
1,10.0,3929.733,18.34828937,18.471744249735245,0.12345487973524527
1,10.0,3930.215,18.35237744,18.469967991995198,0.11759055199519608
1,10.0,3930.697,18.33925036,18.46818146706959,0.1289311070695902
1,10.0,3931.179,18.35607298,18.466384934182997,0.11031195418299689
1,10.0,3931.662,18.35518583,18.464574896377332,0.10938906637733226
1,10.0,3932.144,18.33247372,18.462759110752806,0.13028539075280676
1,10.0,3932.626,18.34012942,18.460934102675925,0.12080468267592437
1,10.0,3933.108,18.33586204,18.4591001361149,0.12323809611489978
1,10.0,3933.59,18.35219719,18.457257476134636,0.10506028613463769
1,10.0,3934.072,18.34762067,18.45540638886099,0.10778571886098831
1,10.0,3934.554,18.34350415,18.453547141444954,0.11004299144495278
1,10.0,3935.036,18.35319701,18.45168000202654,0.09848299202653976
1,10.0,3935.519,18.36147484,18.44980134241356,0.08832650241356177
1,10.0,3936.0,18.36056184,18.44792312447138,0.08736128447138114
1,10.0,3936.483,18.35921365,18.446030000564633,0.08681635056463222
1,10.0,3936.965,18.34793931,18.44413397920558,0.0961946692055804
1,10.0,3937.447,18.34808227,18.442231420677928,0.09414915067792862
1,10.0,3937.929,18.34876471,18.440322598294635,0.09155788829463418
1,10.0,3938.411,18.3391316,18.438407786102253,0.09927618610225153
1,10.0,3938.893,18.33031203,18.43648725884385,0.10617522884384911
1,10.0,3939.375,18.32531575,18.434561291922126,0.10924554192212454
1,10.0,3939.857,18.31495723,18.432630161362187,0.11767293136218626
1,10.0,3940.34,18.29934937,18.43069012225255,0.13134075225254804
1,10.0,3940.822,18.30285887,18.428749485519642,0.12589061551964065
1,10.0,3941.304,18.29691847,18.426804517162683,0.1298860471626817
1,10.0,3941.786,18.28281831,18.424855495324636,0.14203718532463583
1,10.0,3942.268,18.29066036,18.42290269858407,0.13224233858407075
1,10.0,3942.75,18.29017084,18.42094640591759,0.13077556591759176
1,10.0,3943.232,18.29102671,18.418986896662116,0.12796018666211495
1,10.0,3943.714,18.26624408,18.417024450477395,0.15078037047739556
1,10.0,3944.197,18.25917923,18.41505526776298,0.15587603776297954
1,10.0,3944.679,18.25970141,18.413087783161423,0.15338637316142112
1,10.0,3945.161,18.26877489,18.411118202750636,0.14234331275063639
1,10.0,3945.643,18.25409905,18.409146807104015,0.15504775710401475
1,10.0,3946.125,18.2473716,18.40717387692868,0.15980227692868
1,10.0,3946.607,18.25361679,18.405199693027566,0.15158290302756683
1,10.0,3947.089,18.26617304,18.403224536261586,0.1370514962615843
1,10.0,3947.571,18.24172749,18.401248687511693,0.1595211975116939
1,10.0,3948.053,18.25515593,18.399272427641012,0.14411649764101142
1,10.0,3948.536,18.25144802,18.39729193712164,0.14584391712163836
1,10.0,3949.018,18.26307198,18.395315697941623,0.13224371794162337
1,10.0,3949.5,18.26100234,18.39333989032608,0.13233755032607775
1,10.0,3949.982,18.26780792,18.391364794687405,0.12355687468740584
1,10.0,3950.464,18.26114392,18.38939069123065,0.12824677123064987
1,10.0,3950.946,18.25310011,18.387417859915704,0.13431774991570578
1,10.0,3951.428,18.27221934,18.385446580419476,0.11322724041947652
1,10.0,3951.91,18.26739117,18.38347713209813,0.11608596209812916
1,10.0,3952.393,18.27448912,18.381505714721854,0.10701659472185554
1,10.0,3952.875,18.29122461,18.379540770592566,0.08831616059256575
1,10.0,3953.357,18.27450526,18.377578493981915,0.10307323398191315
1,10.0,3953.839,18.27166693,18.375619162585345,0.10395223258534614
1,10.0,3954.321,18.26654148,18.373663053589397,0.10712157358939578
1,10.0,3954.803,18.27071728,18.371710443634246,0.10099316363424649
1,10.0,3955.285,18.27016331,18.3697616087763,0.0995982987763
1,10.0,3955.767,18.28767815,18.367816824450973,0.08013867445097134
1,10.0,3956.25,18.25631034,18.365872344273214,0.10956200427321505
1,10.0,3956.732,18.27801445,18.363936494475873,0.08592204447587193
1,10.0,3957.214,18.26539545,18.362005517985743,0.09661006798574334
1,10.0,3957.696,18.25768024,18.36007968738122,0.1023994473812202
1,10.0,3958.178,18.25475717,18.358159274434414,0.10340210443441222
1,10.0,3958.66,18.2680871,18.356244550074493,0.08815745007449394
1,10.0,3959.142,18.2559841,18.354335784351022,0.09835168435102304
1,10.0,3959.624,18.25409349,18.352433246397432,0.09833975639743286
1,10.0,3960.106,18.25564663,18.35053720439474,0.09489057439473925
1,10.0,3960.589,18.25190211,18.34864401308468,0.09674190308468056
1,10.0,3961.071,18.25067636,18.346761778395507,0.0960854183955071
1,10.0,3961.553,18.22795884,18.344886838672604,0.11692799867260462
1,10.0,3962.035,18.22464819,18.34301945792378,0.11837126792378072
1,10.0,3962.517,18.2412811,18.341159899024447,0.09987879902444874
1,10.0,3962.999,18.23411121,18.339308423682123,0.10519721368212487
1,10.0,3963.481,18.23979226,18.337465292401095,0.0976730324010937
1,10.0,3963.963,18.22060907,18.335630764447156,0.11502169444715804
1,10.0,3964.446,18.22553189,18.33380131951214,0.10826942951214136
1,10.0,3964.927,18.20809055,18.331988549181528,0.12389799918152633
1,10.0,3965.41,18.21272924,18.330177634488425,0.1174483944884237
1,10.0,3965.892,18.21097559,18.328380106746124,0.11740451674612373
1,10.0,3966.374,18.21821466,18.326592459385633,0.1083777993856323
1,10.0,3966.856,18.22111052,18.324814943509605,0.10370442350960474
1,10.0,3967.338,18.23304474,18.32304780874071,0.09000306874071029
1,10.0,3967.82,18.22732063,18.32129130318798,0.0939706731879788
1,10.0,3968.302,18.21283774,18.319545673413337,0.10670793341333606
1,10.0,3968.784,18.20271791,18.317811164398236,0.1150932543982357
1,10.0,3969.267,18.21538132,18.31608445650223,0.10070313650223284
1,10.0,3969.749,18.22256582,18.314372941792495,0.0918071217924954
1,10.0,3970.231,18.22297375,18.31267327347083,0.0896995234708271
1,10.0,3970.713,18.19883665,18.310985689864996,0.11214903986499536
1,10.0,3971.195,18.21335344,18.309310427559165,0.09595698755916615
1,10.0,3971.677,18.20037523,18.307647721362024,0.10727249136202488
1,10.0,3972.159,18.20289117,18.305997804275158,0.1031066342751572
1,10.0,3972.641,18.20242992,18.30436090746161,0.10193098746161056
1,10.0,3973.124,18.20554802,18.302733905582915,0.09718588558291685
1,10.0,3973.606,18.21751035,18.301123763490942,0.08361341349094076
1,10.0,3974.088,18.21850882,18.299527324285656,0.08101850428565527
1,10.0,3974.57,18.23076365,18.297944811462955,0.06718116146295472
1,10.0,3975.052,18.21289357,18.296376446526963,0.08348287652696484
1,10.0,3975.534,18.20910489,18.294822448960375,0.08571755896037558
1,10.0,3976.016,18.20531137,18.293283036194758,0.0879716661947576
1,10.0,3976.498,18.21457343,18.291758423581474,0.07718499358147213
1,10.0,3976.98,18.22742209,18.290248824362617,0.06282673436261632
1,10.0,3977.463,18.18950778,18.28875136525112,0.09924358525111998
1,10.0,3977.945,18.20051647,18.287272456202977,0.0867559862029772
1,10.0,3978.427,18.17296377,18.285809187762005,0.1128454177620064
1,10.0,3978.909,18.17695108,18.28436176444535,0.10741068444535173
1,10.0,3979.391,18.19736271,18.282930388520747,0.08556767852074643
1,10.0,3979.873,18.20203811,18.281515259979308,0.07947714997930788
1,10.0,3980.355,18.18145384,18.28011657650881,0.09866273650881041
1,10.0,3980.837,18.20538854,18.27873453346722,0.0733459934672176
1,10.0,3981.32,18.17284527,18.27736650910242,0.1045212391024215
1,10.0,3981.802,18.16298416,18.27601835905905,0.11303419905905088
1,10.0,3982.284,18.18579028,18.27468742166792,0.08889714166792118
1,10.0,3982.766,18.17601416,18.273373882704675,0.09735972270467386
1,10.0,3983.248,18.19674605,18.272077925487853,0.07533187548785136
1,10.0,3983.73,18.19895226,18.27079973085437,0.07184747085437238
1,10.0,3984.212,18.19970609,18.26953947713548,0.06983338713548193
1,10.0,3984.694,18.17287931,18.26829734013306,0.09541803013306094
1,10.0,3985.177,18.19721213,18.267070973125662,0.06985884312566171
1,10.0,3985.659,18.1973799,18.26586562520344,0.06848572520343765
1,10.0,3986.141,18.18982243,18.264678906341047,0.07485647634104708
1,10.0,3986.623,18.20564647,18.263510981987352,0.05786451198735065
1,10.0,3987.105,18.2128856,18.262362014948508,0.04947641494850785
1,10.0,3987.587,18.22807061,18.261232165366607,0.03316155536660759
1,10.0,3988.069,18.2172311,18.26012159069842,0.04289049069842221
1,10.0,3988.551,18.21819855,18.2590304456947,0.04083189569470136
1,10.0,3989.033,18.22809169,18.257958882379757,0.029867192379757768
1,10.0,3989.516,18.20612917,18.25690488841908,0.050775718419078686
1,10.0,3989.998,18.22774683,18.255872974939326,0.02812614493932486
1,10.0,3990.48,18.21764605,18.254861082960073,0.03721503296007356
1,10.0,3990.962,18.22188454,18.25386935339813,0.031984813398128864
1,10.0,3991.444,18.21542282,18.252897924347824,0.03747510434782342
1,10.0,3991.926,18.22966296,18.251946931062996,0.022283971062996955
1,10.0,3992.408,18.23225937,18.251016505939386,0.018757135939384995
1,10.0,3992.89,18.2424541,18.250106778497468,0.007652678497468202
1,10.0,3993.373,18.21440341,18.249216052901396,0.03481264290139663
1,10.0,3993.854,18.24289454,18.248349920263816,0.0054553802638146465
1,10.0,3994.337,18.25410609,18.24750129894535,-0.0066047910546522814
1,10.0,3994.819,18.236726,18.246675643426514,0.009949643426512722
1,10.0,3995.301,18.25300157,18.24587128972468,-0.007130280275319478
1,10.0,3995.783,18.2587661,18.245088349764444,-0.013677750235554953
1,10.0,3996.265,18.26798353,18.24432693248627,-0.023656597513728173
1,10.0,3996.747,18.26208417,18.24358714383279,-0.018497026167210606
1,10.0,3997.229,18.2666164,18.24286908673519,-0.023747313264809833
1,10.0,3997.711,18.26727797,18.242172861100393,-0.02510510889960571
1,10.0,3998.194,18.2706058,18.241497187701327,-0.029108612298671233
1,10.0,3998.676,18.27389486,18.240844958337526,-0.03304990166247279
1,10.0,3999.158,18.25489097,18.240214842072774,-0.014676127927227611
1,10.0,3999.64,18.30216673,18.239606926588944,-0.06255980341105527
1,10.0,4000.122,18.26850504,18.23902129648505,-0.029483743514951755
2,15.0,400.1569,36.33668088,30.507719564182114,-5.828961315817889
2,15.0,400.639,35.75208839,30.404579261571048,-5.34750912842895
2,15.0,401.1211,35.17191157,30.30129297034359,-4.87061859965641
2,15.0,401.6032,34.66914948,30.19789390430657,-4.47125557569343
2,15.0,402.0853,34.16395455,30.094415565699823,-4.069538984300177
2,15.0,402.5674,33.66441452,29.990891736265493,-3.6735227837345086
2,15.0,403.0496,33.18689656,29.88733499316487,-3.2995615668351306
2,15.0,403.5317,32.75816133,29.78382260631234,-2.9743387236876586
2,15.0,404.0138,32.34577842,29.680367662083764,-2.665410757916238
2,15.0,404.4959,31.96162086,29.577004962050903,-2.3846158979490966
2,15.0,404.978,31.63395866,29.473769535917924,-2.160189124082077
2,15.0,405.4601,31.37190437,29.370696629889093,-2.0012077401109067
2,15.0,405.9423,31.1776061,29.26780037865898,-1.9098057213410193
2,15.0,406.4244,31.02114298,29.165159108725017,-1.855983871274983
2,15.0,406.9065,30.92106002,29.062787280803388,-1.858272739196611
2,15.0,407.3886,30.86320223,28.96072088170576,-1.9024813482942378
2,15.0,407.8707,30.84838766,28.85899604976092,-1.9893916102390818
2,15.0,408.3528,30.83783751,28.757649060465646,-2.0801884495343543
2,15.0,408.835,30.80409423,28.656695421125267,-2.1473988088747333
2,15.0,409.3171,30.79647366,28.556213515177422,-2.240260144822578
2,15.0,409.7992,30.75698439,28.45621895885647,-2.300765431143528
2,15.0,410.2813,30.65850876,28.356748424049847,-2.301760335950153
2,15.0,410.7634,30.55157477,28.257838641508656,-2.293736128491343
2,15.0,411.2455,30.40872343,28.159526383919154,-2.2491970460808446
2,15.0,411.7277,30.20916427,28.06182825598825,-2.1473360140117492
2,15.0,412.2098,29.96094156,27.964821590068837,-1.9961199699311614
2,15.0,412.6919,29.69520588,27.868522851107254,-1.8266830288927451
2,15.0,413.174,29.39879051,27.772968802296816,-1.6258217077031851
2,15.0,413.6561,29.1043963,27.678196158255584,-1.4262001417444168
2,15.0,414.1382,28.76449829,27.584241565831334,-1.1802567241686646
2,15.0,414.6204,28.47432944,27.491122364404752,-0.9832070755952493
2,15.0,415.1025,28.18956557,27.39891363530836,-0.7906519346916383
2,15.0,415.5846,27.90935117,27.307632302386317,-0.601718867613684
2,15.0,416.0667,27.62343464,27.21731454295309,-0.40612009704690877
2,15.0,416.5488,27.36989328,27.12799636586138,-0.2418969141386178
2,15.0,417.0309,27.1711068,27.039713590537637,-0.1313932094623631
2,15.0,417.5131,26.97443802,26.95248384936223,-0.02195417063776972
2,15.0,417.9952,26.81378475,26.866378705093677,0.052593955093676925
2,15.0,418.4773,26.73267545,26.78141507855021,0.04873962855021219
2,15.0,418.9594,26.63914367,26.697627817386675,0.05848414738667529
2,15.0,419.4415,26.57157117,26.61505147191337,0.043480301913373154
2,15.0,419.9236,26.56908592,26.53372027304396,-0.03536564695603772
2,15.0,420.4058,26.50835298,26.453651640257732,-0.05470133974226954
2,15.0,420.8879,26.44924819,26.37491231460461,-0.07433587539538777
2,15.0,421.37,26.4191652,26.297518696823204,-0.1216465031767946
2,15.0,421.8521,26.3463497,26.221503517931687,-0.124846182068314
2,15.0,422.3342,26.29414781,26.146899078228397,-0.14724873177160092
2,15.0,422.8163,26.18536545,26.073737224993824,-0.11162822500617509
2,15.0,423.2985,26.12692561,26.00203461536476,-0.12489099463524056
2,15.0,423.7806,26.02288613,25.931851868982957,-0.09103426101704315
2,15.0,424.2627,25.91262838,25.863204316978848,-0.049424063021152875
2,15.0,424.7448,25.81035316,25.79612177287852,-0.014231387121476757
2,15.0,425.2269,25.6943751,25.73063348699697,0.03625838699697326
2,15.0,425.709,25.55993104,25.66676812485646,0.10683708485646193
2,15.0,426.1912,25.44024691,25.60454101412497,0.16429410412496992
2,15.0,426.6733,25.32937529,25.54400540123955,0.214630111239547
2,15.0,427.1554,25.21660414,25.485174993020987,0.2685708530209858
2,15.0,427.6375,25.1313566,25.428075904658346,0.29671930465834606
2,15.0,428.1196,25.02421612,25.372733562483905,0.3485174424839066
2,15.0,428.6017,24.95936679,25.319172684131715,0.35980589413171415
2,15.0,429.0839,24.89151203,25.267406712582275,0.375894682582274
2,15.0,429.566,24.83175571,25.217480364824684,0.3857246548246849
2,15.0,430.0481,24.79512009,25.169405193792766,0.37428510379276503
2,15.0,430.5302,24.72769102,25.123202891973666,0.3955118719736639
2,15.0,431.0123,24.64319181,25.07889435035514,0.43570254035513756
2,15.0,431.4944,24.5509922,25.036499641339148,0.48550744133914847
2,15.0,431.9766,24.43562816,24.996029811230933,0.5604016512309329
2,15.0,432.4587,24.30962328,24.9575200348219,0.6478967548219003
2,15.0,432.9408,24.17020436,24.920979237825584,0.7507748778255845
2,15.0,433.4229,24.0109265,24.886424058678788,0.8754975586787879
2,15.0,433.905,23.86114872,24.853870240580374,0.9927215205803748
2,15.0,434.3871,23.70220512,24.823332618084322,1.1211274980843235
2,15.0,434.8693,23.59898748,24.794819402696255,1.1958319226962537
2,15.0,435.3514,23.49358334,24.768355402697832,1.2747720626978314
2,15.0,435.8335,23.40831544,24.7439465289286,1.3356310889286007
2,15.0,436.3156,23.35668326,24.72160386123911,1.3649206012391097
2,15.0,436.7977,23.39423397,24.701337514572813,1.307103544572815
2,15.0,437.2798,23.39516755,24.683156629995686,1.2879890799956861
2,15.0,437.762,23.43876907,24.667066247302568,1.2282971773025686
2,15.0,438.2441,23.4831627,24.653080210970366,1.1699175109703646
2,15.0,438.7262,23.53730676,24.64120114017221,1.1038943801722105
2,15.0,439.2083,23.58637068,24.63143420669168,1.0450635266916777
2,15.0,439.6904,23.64343885,24.623783575790398,0.980344725790399
2,15.0,440.1725,23.68916134,24.618252402196536,0.9290910621965374
2,15.0,440.6547,23.74019566,24.614842339895546,0.8746466798955446
2,15.0,441.1368,23.80086453,24.613555928417007,0.8126913984170088
2,15.0,441.6189,23.84979255,24.614392347931066,0.7645997979310657
2,15.0,442.101,23.89135934,24.61735068793549,0.7259913479354907
2,15.0,442.5831,23.98459502,24.62242902029067,0.6378340002906704
2,15.0,443.0652,24.06466084,24.629624400406865,0.5649635604068663
2,15.0,443.5474,24.12478778,24.638935018990477,0.5141472389904784
2,15.0,444.0295,24.2488694,24.650352042894475,0.4014826428944751
2,15.0,444.5116,24.33260536,24.66387120562144,0.33126584562144146
2,15.0,444.9937,24.37126273,24.679485525755293,0.30822279575529166
2,15.0,445.4758,24.42586755,24.69718702430607,0.27131947430607184
2,15.0,445.9579,24.49752301,24.716966731030418,0.21944372103041943
2,15.0,446.4401,24.52419781,24.738819437221554,0.21462162722155398
2,15.0,446.9222,24.56594417,24.762725146648556,0.19678097664855443
2,15.0,447.4043,24.60401376,24.78867627898341,0.18466251898340857
2,15.0,447.8864,24.61295718,24.81665997835315,0.2037027983531523
2,15.0,448.3685,24.6493285,24.846662441404526,0.19733394140452631
2,15.0,448.8506,24.65745648,24.878668928393928,0.22121244839392773
2,15.0,449.3328,24.70139262,24.912671031557846,0.21127841155784566
2,15.0,449.8149,24.71832077,24.94863806872001,0.2303172987200135
2,15.0,450.297,24.73327665,24.98655941041915,0.2532827604191503
2,15.0,450.7791,24.76934496,25.026416696585024,0.25707173658502214
2,15.0,451.2612,24.7874821,25.068190696924024,0.2807085969240255
2,15.0,451.7433,24.82450187,25.111861326150297,0.28735945615029834
2,15.0,452.2255,24.86610216,25.157417300402642,0.2913151404026415
2,15.0,452.7076,24.9392561,25.204817973637812,0.2655618736378109
2,15.0,453.1897,25.0134628,25.25405004656036,0.24058724656035935
2,15.0,453.6718,25.06746162,25.305090177972428,0.2376285579724282
2,15.0,454.1539,25.14185455,25.35791425655534,0.21605970655533824
2,15.0,454.636,25.21040597,25.412497419407487,0.20209144940748658
2,15.0,455.1182,25.30625565,25.468825930585595,0.16257028058559442
2,15.0,455.6003,25.38778905,25.52685011369364,0.13906106369364224
2,15.0,456.0824,25.44812726,25.586554469301646,0.13842720930164631
2,15.0,456.5645,25.54524377,25.64791132219196,0.10266755219196
2,15.0,457.0466,25.6236746,25.71089234459511,0.08721774459510812
2,15.0,457.5287,25.71741769,25.77546857706646,0.058050887066457335
2,15.0,458.0109,25.81518477,25.8416243295225,0.0264395595225011
2,15.0,458.493,25.90094682,25.909301998526104,0.008355178526102236
2,15.0,458.9751,26.00121746,25.978484415740308,-0.02273304425969158
2,15.0,459.4572,26.10502443,26.049140309064068,-0.0558841209359322
2,15.0,459.9393,26.22832547,26.121237882900818,-0.10708758709918342
2,15.0,460.4214,26.34434547,26.194744840353128,-0.14960062964687282
2,15.0,460.9036,26.46181102,26.26964407883573,-0.19216694116427036
2,15.0,461.3857,26.56164328,26.345871294467265,-0.2157719855327329
2,15.0,461.8678,26.6582282,26.42340821178553,-0.23481998821446837
2,15.0,462.3499,26.77020335,26.502220752561332,-0.26798259743866737
2,15.0,462.832,26.83810333,26.582274449512518,-0.2558288804874813
2,15.0,463.3141,26.93369213,26.66353446881924,-0.270157661180761
2,15.0,463.7963,26.9950334,26.745982849993965,-0.24905055000603582
2,15.0,464.2784,27.06239873,26.829549890587522,-0.2328488394124797
2,15.0,464.7605,27.11146391,26.914216769838717,-0.1972471401612843
2,15.0,465.2426,27.15799581,26.999947411756004,-0.15804839824399508
2,15.0,465.7247,27.21610773,27.08670548534162,-0.12940224465837957
2,15.0,466.2068,27.24673248,27.17445442652298,-0.07227805347701732
2,15.0,466.689,27.2923984,27.263175955628284,-0.029222444371715284
2,15.0,467.1711,27.32496561,27.352796302453488,0.027830692453488126
2,15.0,467.6532,27.36110011,27.44329663504073,0.08219652504073238
2,15.0,468.1353,27.39461019,27.534639672481187,0.14002948248118585
2,15.0,468.6174,27.43276508,27.62678800741485,0.19402292741484928
2,15.0,469.0995,27.48645385,27.719704126614914,0.23325027661491404
2,15.0,469.5817,27.55240715,27.81336992909045,0.2609627790904483
2,15.0,470.0638,27.63179808,27.907708894597366,0.275910814597367
2,15.0,470.5459,27.7454258,28.002702663114125,0.2572768631141251
2,15.0,471.028,27.9022168,28.098313497825142,0.1960966978251406
2,15.0,471.5101,28.10644568,28.19450365437669,0.08805797437668872
2,15.0,471.9922,28.34386279,28.29123539952611,-0.052627390473890756
2,15.0,472.4744,28.60816232,28.38849124827254,-0.21967107172746125
2,15.0,472.9565,28.89429059,28.48619319917914,-0.40809739082085983
2,15.0,473.4386,29.17414259,28.584323778771786,-0.5898188112282128
2,15.0,473.9207,29.44118192,28.682845477290638,-0.7583364427093606
2,15.0,474.4028,29.67704922,28.78172088365114,-0.8953283363488609
2,15.0,474.8849,29.87779709,28.880912701759712,-0.9968843882402894
2,15.0,475.3671,30.04233932,28.980404425688885,-1.0619348943111149
2,15.0,475.8492,30.17558748,29.080117764477656,-1.095469715522345
2,15.0,476.3313,30.30737925,29.18003646596077,-1.1273427840392287
2,15.0,476.8134,30.4004799,29.28012384884098,-1.1203560511590211
2,15.0,477.2955,30.48307322,29.380343422085787,-1.1027297979142148
2,15.0,477.7776,30.56177744,29.480658898695786,-1.081118541304214
2,15.0,478.2598,30.63384174,29.58105503319762,-1.0527867068023795
2,15.0,478.7419,30.72878393,29.68145433919167,-1.047329590808328
2,15.0,479.224,30.79734259,29.781842035580436,-1.0155005544195639
2,15.0,479.7061,30.92863598,29.882182780571867,-1.0464531994281323
2,15.0,480.1882,31.01907989,29.98244149875708,-1.0366383912429207
2,15.0,480.6703,31.12172173,30.08258339228778,-1.0391383377122203
2,15.0,481.1525,31.2328984,30.18259467418359,-1.0503037258164092
2,15.0,481.6346,31.37676299,30.282399646421876,-1.0943633435781237
2,15.0,482.1167,31.48523812,30.381985164230436,-1.103252955769566
2,15.0,482.5988,31.60717966,30.481317643381992,-1.125862016618008
2,15.0,483.0809,31.70312063,30.580363826789352,-1.122756803210649
2,15.0,483.563,31.8386873,30.6790907931907,-1.1595965068093008
2,15.0,484.0452,31.96588561,30.777486332263056,-1.188399277736945
2,15.0,484.5273,32.04389343,30.875477402246087,-1.16841602775391
2,15.0,485.0094,32.15836436,30.973052580755585,-1.1853117792444152
2,15.0,485.4915,32.29072215,31.07018036892008,-1.2205417810799197
2,15.0,485.9736,32.38836106,31.166829641300644,-1.2215314186993567
2,15.0,486.4557,32.50894505,31.262969652298292,-1.2459753977017094
2,15.0,486.9379,32.61526069,31.358589814143354,-1.2566708758566456
2,15.0,487.42,32.73097823,31.453620493637573,-1.2773577363624256
2,15.0,487.9021,32.85108789,31.548052006733016,-1.3030358832669862
2,15.0,488.3842,33.00345292,31.64185518442311,-1.3615977355768898
2,15.0,488.8663,33.13096306,31.73500126446351,-1.3959617955364898
2,15.0,489.3484,33.25403878,31.827461895796613,-1.4265768842033886
2,15.0,489.8306,33.4013983,31.919228097516,-1.4821702024839958
2,15.0,490.3127,33.51973649,32.01023428684949,-1.509502203150511
2,15.0,490.7948,33.65737659,32.10047247569033,-1.556904114309667
2,15.0,491.2769,33.79674947,32.18991599626081,-1.6068334737391936
2,15.0,491.759,33.8849986,32.2785386098299,-1.6064599901701015
2,15.0,492.2411,33.98524327,32.36631450950306,-1.6189287604969351
2,15.0,492.7233,34.07535402,32.45323625667525,-1.622117763324752
2,15.0,493.2054,34.15813502,32.539242859138994,-1.6188921608610087
2,15.0,493.6875,34.22734436,32.62432793742287,-1.6030164225771273
2,15.0,494.1696,34.29800682,32.70846743539829,-1.5895393846017072
2,15.0,494.6517,34.36851015,32.79163773938674,-1.5768724106132552
2,15.0,495.1339,34.46806024,32.87383262099627,-1.5942276190037319
2,15.0,495.616,34.57590762,32.95499526036672,-1.6209123596332802
2,15.0,496.0981,34.65808161,33.035120529276846,-1.622961080723158
2,15.0,496.5802,34.78456801,33.114186597553044,-1.6703814124469574
2,15.0,497.0623,34.90530002,33.19217208349012,-1.7131279365098777
2,15.0,497.5444,35.00426899,33.26905605461893,-1.735212935381071
2,15.0,498.0266,35.10932926,33.34483362556082,-1.7644956344391858
2,15.0,498.5087,35.22354763,33.41945333079602,-1.8040942992039817
2,15.0,498.9908,35.31011067,33.49291142113301,-1.8171992488669915
2,15.0,499.4729,35.42077268,33.56518876654153,-1.8555839134584673
2,15.0,499.955,35.48801521,33.6362666884476,-1.8517485215524019
2,15.0,500.4371,35.57979474,33.706126959923665,-1.8736677800763317
2,15.0,500.9193,35.62768753,33.77476591102145,-1.8529216189785558
2,15.0,501.4014,35.71376253,33.842137746411254,-1.871624783588743
2,15.0,501.8835,35.72707252,33.90823995804371,-1.8188325619562917
2,15.0,502.3656,35.7980583,33.97305612647436,-1.8250021735256396
2,15.0,502.8477,35.81972083,34.036570284113175,-1.7831505458868264
2,15.0,503.3298,35.88211311,34.0987669151814,-1.7833461948185985
2,15.0,503.812,35.9033149,34.15964344118153,-1.7436714588184685
2,15.0,504.2941,35.96367255,34.219159997833685,-1.744512552166313
2,15.0,504.7762,35.97578,34.27731518805786,-1.698464811942138
2,15.0,505.2583,36.02716898,34.334095302952264,-1.6930736770477353
2,15.0,505.7404,36.05466424,34.38948708525973,-1.6651771547402703
2,15.0,506.2225,36.13301128,34.44347772940092,-1.68953355059908
2,15.0,506.7047,36.17754822,34.49606563994869,-1.6814825800513091
2,15.0,507.1868,36.24913572,34.54721710127555,-1.7019186187244486
2,15.0,507.6689,36.29909417,34.59693171640938,-1.702162453590617
2,15.0,508.151,36.37555208,34.64519848781234,-1.7303535921876616
2,15.0,508.6331,36.45205615,34.69200687053056,-1.7600492794694347
2,15.0,509.1152,36.5317487,34.73734677257111,-1.7944019274288934
2,15.0,509.5974,36.55697841,34.78121749945161,-1.7757609105483922
2,15.0,510.0795,36.61646846,34.82359166894732,-1.7928767910526773
2,15.0,510.5616,36.63924173,34.86446980279656,-1.7747719272034388
2,15.0,511.0437,36.6651834,34.9038436264051,-1.761339773594898
2,15.0,511.5258,36.68123174,34.941705321341274,-1.739526418658727
2,15.0,512.0079,36.71341534,34.97804752627738,-1.7353678137226183
2,15.0,512.4901,36.71145795,35.01287040094894,-1.6985875490510622
2,15.0,512.9722,36.71194397,35.0461530571131,-1.665790912886898
2,15.0,513.4543,36.71560512,35.07789689184126,-1.6377082281587363
2,15.0,513.9364,36.7083075,35.108096384030986,-1.6002111159690102
2,15.0,514.4185,36.71842864,35.136746476151494,-1.5816821638485052
2,15.0,514.9006,36.73388964,35.1638425759159,-1.5700470640841004
2,15.0,515.3828,36.72873702,35.18938569343377,-1.5393513265662264
2,15.0,515.8649,36.75504074,35.21336157747095,-1.54167916252905
2,15.0,516.347,36.77320518,35.235772501893535,-1.5374326781064624
2,15.0,516.8291,36.78351558,35.25661575493164,-1.5268998250683623
2,15.0,517.3112,36.82312733,35.2758891004811,-1.5472382295188964
2,15.0,517.7933,36.86165944,35.29359078061449,-1.56806865938551
2,15.0,518.2755,36.86094241,35.3097227005224,-1.5512197094776
2,15.0,518.7576,36.88658715,35.324277375692375,-1.5623097743076215
2,15.0,519.2397,36.87514343,35.33725800800441,-1.5378854219955898
2,15.0,519.7218,36.8981455,35.34866478036663,-1.5494807196333653
2,15.0,520.2039,36.87539413,35.358498368611514,-1.5168957613884828
2,15.0,520.686,36.86007657,35.36675994488475,-1.4933166251152485
2,15.0,521.1682,36.8542084,35.37345240635764,-1.4807559936423544
2,15.0,521.6503,36.84020354,35.37857515317238,-1.4616283868276199
2,15.0,522.1324,36.84505385,35.38213241899433,-1.4629214310056682
2,15.0,522.6145,36.83851739,35.38412739809196,-1.4543899919080374
2,15.0,523.0966,36.84515911,35.38456380013204,-1.460595309867955
2,15.0,523.5787,36.87033862,35.38344585440915,-1.486892765590845
2,15.0,524.0609,36.86472382,35.38077760049855,-1.4839462195014548
2,15.0,524.543,36.87569668,35.37656542782478,-1.4991312521752178
2,15.0,525.0251,36.87967715,35.370814758527125,-1.5088623914728743
2,15.0,525.5072,36.84629174,35.36353194536468,-1.4827597946353208
2,15.0,525.9893,36.85018061,35.354723883743326,-1.495456726256677
2,15.0,526.4714,36.81960799,35.34439801665943,-1.4752099733405686
2,15.0,526.9536,36.80009892,35.332559728680565,-1.4675391913194389
2,15.0,527.4357,36.75869702,35.319222484859154,-1.439474535140846
2,15.0,527.9178,36.72761653,35.30439310294771,-1.4232234270522923
2,15.0,528.3999,36.69670253,35.288081267748034,-1.4086212622519696
2,15.0,528.882,36.65020821,35.270297237722616,-1.3799109722773863
2,15.0,529.3641,36.61733233,35.25105185042305,-1.3662804795769503
2,15.0,529.8463,36.57166694,35.23035208563677,-1.3413148543632332
2,15.0,530.3284,36.50906905,35.208218543260486,-1.3008505067395149
2,15.0,530.8105,36.45501218,35.18465968845759,-1.270352491542404
2,15.0,531.2926,36.41733299,35.15968873039958,-1.2576442596004185
2,15.0,531.7747,36.36180644,35.133319485035194,-1.2284869549648079
2,15.0,532.2568,36.31360981,35.10556638065672,-1.2080434293432845
2,15.0,532.739,36.28154802,35.07643828188877,-1.2051097381112328
2,15.0,533.2211,36.21568957,35.04596294242668,-1.1697266275733256
2,15.0,533.7032,36.15914311,35.01415076162194,-1.1449923483780609
2,15.0,534.1853,36.10686539,34.98101867233281,-1.1258467176671942
2,15.0,534.6674,36.04470903,34.9465842470119,-1.0981247829881013
2,15.0,535.1495,35.96564565,34.91086570293339,-1.0547799470666064
2,15.0,535.6317,35.90893218,34.873874106000656,-1.0350580739993447
2,15.0,536.1138,35.87042849,34.83564432462984,-1.0347841653701622
2,15.0,536.5959,35.84142802,34.79618899997849,-1.045239020021512
2,15.0,537.078,35.81464903,34.75552897848824,-1.059120051511755
2,15.0,537.5601,35.75319662,34.71368577550034,-1.0395108444996595
2,15.0,538.0422,35.7022078,34.670681579525315,-1.0315262204746816
2,15.0,538.5244,35.6562134,34.62652998357824,-1.0296834164217614
2,15.0,539.0065,35.61335708,34.58127285108443,-1.032084228915572
2,15.0,539.4886,35.57636651,34.53492537437102,-1.041441135628979
2,15.0,539.9707,35.51380584,34.48751247254438,-1.0262933674556223
2,15.0,540.4528,35.43354505,34.439059755341084,-0.9944852946589151
2,15.0,540.9349,35.35052491,34.38959352568129,-0.9609313843187053
2,15.0,541.4171,35.2834676,34.33913021621762,-0.9443373837823827
2,15.0,541.8992,35.18807665,34.287718457702226,-0.900358192297773
2,15.0,542.3813,35.09285812,34.23537628039517,-0.85748183960483
2,15.0,542.8634,34.98330587,34.18213277786011,-0.8011730921398907
2,15.0,543.3455,34.89039173,34.12801774355744,-0.7623739864425545
2,15.0,543.8276,34.80103942,34.073061670792114,-0.7279777492078878
2,15.0,544.3098,34.69447224,34.017284103025155,-0.6771881369748485
2,15.0,544.7919,34.61606467,33.96074007115781,-0.6553245988421921
2,15.0,545.274,34.53538566,33.903450678028186,-0.631934981971817
2,15.0,545.7561,34.44998632,33.84544920495554,-0.6045371150444581
2,15.0,546.2382,34.37655445,33.786769624355486,-0.5897848256445144
2,15.0,546.7203,34.31496076,33.727446596093905,-0.5875141639060928
2,15.0,547.2025,34.26995453,33.66750297127414,-0.6024515587258605
2,15.0,547.6846,34.22775663,33.606999639752466,-0.6207569902475356
2,15.0,548.1667,34.17220845,33.54596092542764,-0.6262475245723564
2,15.0,548.6488,34.14739854,33.48442418722661,-0.6629743527733893
2,15.0,549.1309,34.09583355,33.42242744222986,-0.6734061077701412
2,15.0,549.613,34.01800465,33.36000935739877,-0.6579952926012282
2,15.0,550.0952,33.97309611,33.297196177186315,-0.6758999328136852
2,15.0,550.5773,33.88592366,33.23405389970637,-0.6518697602936356
2,15.0,551.0594,33.80754383,33.170610095088776,-0.6369337349112243
2,15.0,551.5415,33.71242391,33.10690592939897,-0.6055179806010287
2,15.0,552.0236,33.6194308,33.04298316362106,-0.5764476363789441
2,15.0,552.5057,33.53096756,32.978884139763316,-0.5520834202366842
2,15.0,552.9879,33.4110336,32.91463843164815,-0.49639516835185304
2,15.0,553.47,33.33245582,32.85031615200891,-0.48213966799109187
2,15.0,553.9521,33.23625409,32.785947981188464,-0.45030610881153876
2,15.0,554.4342,33.13638764,32.72157842562337,-0.414809214376632
2,15.0,554.9163,33.03020558,32.65725248748996,-0.3729530925100377
2,15.0,555.3984,32.94140324,32.59301564434517,-0.34838759565482746
2,15.0,555.8806,32.8581552,32.52890054845861,-0.32925465154139033
2,15.0,556.3627,32.76283768,32.464980163288466,-0.29785751671153093
2,15.0,556.8448,32.66374423,32.40128794700824,-0.2624562829917565
2,15.0,557.3269,32.5889954,32.33787105215564,-0.25112434784436033
2,15.0,557.809,32.4937353,32.27477698747607,-0.21895831252392384
2,15.0,558.2911,32.44384158,32.2120535905439,-0.23178798945609458
2,15.0,558.7733,32.37436318,32.14973612239506,-0.22462705760494117
2,15.0,559.2554,32.31083924,32.08789884688584,-0.2229403931141576
2,15.0,559.7375,32.26225558,32.02657744322456,-0.2356781367754408
2,15.0,560.2196,32.19796758,31.96582076666053,-0.2321468133394653
2,15.0,560.7017,32.14124796,31.905677846469263,-0.23557011353073776
2,15.0,561.1838,32.11238821,31.84619785144277,-0.2661903585572283
2,15.0,561.666,32.06574541,31.78741794155116,-0.2783274684488397
2,15.0,562.1481,32.01435688,31.729411844887988,-0.2849450351120133
2,15.0,562.6302,31.98635907,31.672216664709506,-0.3141424052904931
2,15.0,563.1123,31.91328315,31.61588175983265,-0.29740139016735156
2,15.0,563.5944,31.86286621,31.560456439005076,-0.30240977099492383
2,15.0,564.0765,31.82331255,31.505989919741875,-0.31732263025812557
2,15.0,564.5587,31.74591896,31.45252030538455,-0.29339865461545145
2,15.0,565.0408,31.68843963,31.40011868926567,-0.2883209407343301
2,15.0,565.5229,31.63683272,31.348822563311202,-0.2880101566887987
2,15.0,566.005,31.58653007,31.298680348696983,-0.2878497213030151
2,15.0,566.4871,31.52245358,31.249740155107624,-0.2727134248923768
2,15.0,566.9692,31.48218766,31.202049734103532,-0.2801379258964687
2,15.0,567.4514,31.45520052,31.155646946382216,-0.2995535736177857
2,15.0,567.9335,31.3753292,31.11059793878,-0.2647312612199997
2,15.0,568.4156,31.36225386,31.066939342138458,-0.2953145178615415
2,15.0,568.8977,31.31182487,31.02471699509419,-0.28710787490580714
2,15.0,569.3798,31.25460513,30.98397613504152,-0.27062899495848214
2,15.0,569.8619,31.23240215,30.94476134797324,-0.28764080202675757
2,15.0,570.3441,31.17315274,30.907108875319828,-0.2660438646801708
2,15.0,570.8262,31.15510367,30.871077472812058,-0.2840261971879414
2,15.0,571.3083,31.1065217,30.83670149523075,-0.2698202047692497
2,15.0,571.7904,31.10707796,30.804022415437583,-0.3030555445624188
2,15.0,572.2725,31.0559743,30.77308080047969,-0.2828934995203092
2,15.0,572.7546,31.04238632,30.743916260568046,-0.2984700594319527
2,15.0,573.2368,31.02794186,30.71656191631737,-0.31137994368262767
2,15.0,573.7189,30.99286201,30.691066663947204,-0.30179534605279557
2,15.0,574.201,30.98090083,30.6674610763962,-0.3134397536037987
2,15.0,574.6831,30.95144099,30.645780430634613,-0.3056605593653856
2,15.0,575.1652,30.93800836,30.62605879592734,-0.3119495640726626
2,15.0,575.6473,30.89589389,30.608328985180627,-0.2875649048193729
2,15.0,576.1295,30.86794404,30.5926194610921,-0.2753245789079024
2,15.0,576.6116,30.84612707,30.57896690176749,-0.2671601682325111
2,15.0,577.0937,30.83298302,30.567396597863965,-0.26558642213603534
2,15.0,577.5758,30.79245345,30.557935866192395,-0.23451758380760523
2,15.0,578.0579,30.77915782,30.550610536931334,-0.22854728306866434
2,15.0,578.54,30.77027333,30.545444910868635,-0.22482841913136298
2,15.0,579.0222,30.77053589,30.542461327060447,-0.22807456293955397
2,15.0,579.5043,30.7757477,30.541682145608366,-0.23406555439163412
2,15.0,579.9864,30.77027249,30.543125990123823,-0.2271464998761772
2,15.0,580.4685,30.76729008,30.546810643848218,-0.22047943615178056
2,15.0,580.9506,30.75448987,30.55275216861567,-0.20173770138433156
2,15.0,581.4327,30.78773768,30.560964871449166,-0.22677280855083382
2,15.0,581.9149,30.79655744,30.571463687919746,-0.22509375208025517
2,15.0,582.397,30.80144499,30.584254969879517,-0.2171900201204835
2,15.0,582.8791,30.81817898,30.59934951820915,-0.2188294617908504
2,15.0,583.3612,30.8396742,30.616754324797125,-0.22291987520287648
2,15.0,583.8433,30.87152809,30.636474489264334,-0.23505360073566806
2,15.0,584.3254,30.90083391,30.658513197895413,-0.24232071210458628
2,15.0,584.8076,30.93513698,30.682876998072327,-0.2522599819276721
2,15.0,585.2897,30.96410407,30.709555089823066,-0.25454898017693495
2,15.0,585.7718,31.02706868,30.73854962779632,-0.2885190522036787
2,15.0,586.2539,31.0584151,30.7698559804095,-0.2885591195905022
2,15.0,586.736,31.10280862,30.80346753274966,-0.29934108725034037
2,15.0,587.2181,31.17015449,30.839375679950685,-0.330778810049317
2,15.0,587.7003,31.21408131,30.877577981856735,-0.3365033281432659
2,15.0,588.1824,31.27416574,30.918045996595925,-0.3561197434040757
2,15.0,588.6645,31.32938308,30.96077282054243,-0.36861025945756865
2,15.0,589.1466,31.37428774,31.005741873324837,-0.36854586667516287
2,15.0,589.6287,31.42067374,31.05293458983222,-0.36773915016778247
2,15.0,590.1108,31.48184934,31.10233042898001,-0.37951891101998925
2,15.0,590.593,31.5468609,31.15391780787792,-0.3929430921220778
2,15.0,591.0751,31.59555311,31.207650868932692,-0.38790224106730875
2,15.0,591.5572,31.64281609,31.263513693885088,-0.37930239611491245
2,15.0,592.0393,31.70770493,31.32147797603231,-0.38622695396768947
2,15.0,592.5214,31.7863133,31.381513514583666,-0.40479978541633344
2,15.0,593.0035,31.82336611,31.44358823844852,-0.3797778715514788
2,15.0,593.4857,31.93734504,31.50768172982301,-0.42966331017699133
2,15.0,593.9678,32.01782102,31.57373166769404,-0.4440893523059586
2,15.0,594.4499,32.10178589,31.641713621058994,-0.4600722689410084
2,15.0,594.932,32.17202692,31.711588321881987,-0.4604385981180137
2,15.0,595.4141,32.28543238,31.78331478532473,-0.5021175946752727
2,15.0,595.8962,32.3596864,31.856850346927477,-0.5028360530725244
2,15.0,596.3784,32.42630123,31.93216650094791,-0.4941347290520888
2,15.0,596.8605,32.53074696,32.009186096480754,-0.5215608635192481
2,15.0,597.3426,32.59905133,32.08787711034194,-0.5111742196580593
2,15.0,597.8247,32.67662386,32.16819056981537,-0.5084332901846267
2,15.0,598.3068,32.75065145,32.25007603680248,-0.5005754131975166
2,15.0,598.7889,32.82477481,32.33348165573874,-0.49129315426126396
2,15.0,599.2711,32.93349944,32.41837195616897,-0.51512748383103
2,15.0,599.7532,33.01255453,32.50465717802246,-0.5078973519775403
2,15.0,600.2353,33.130823,32.5922989694027,-0.5385240305973014
2,15.0,600.7174,33.21401491,32.681240311940186,-0.5327745980598166
2,15.0,601.1995,33.34094334,32.77142302965704,-0.5695203103429591
2,15.0,601.6816,33.47342443,32.862787844310816,-0.6106365856891856
2,15.0,602.1638,33.58244654,32.95529372788471,-0.6271528121152912
2,15.0,602.6459,33.72522855,33.04884098816213,-0.6763875618378705
2,15.0,603.128,33.84409755,33.143386450343016,-0.700711099656985
2,15.0,603.6101,33.95874446,33.23886699683708,-0.7198774631629163
2,15.0,604.0922,34.10161746,33.33521869600882,-0.7663987639911767
2,15.0,604.5743,34.19135036,33.43237686144464,-0.7589734985553633
2,15.0,605.0565,34.30786962,33.53029649070082,-0.7775731292991779
2,15.0,605.5386,34.41597627,33.62887094164977,-0.7871053283502292
2,15.0,606.0207,34.50929252,33.728053854109284,-0.7812386658907187
2,15.0,606.5028,34.61230668,33.827778120317625,-0.7845285596823786
2,15.0,606.9849,34.71435917,33.927976177229546,-0.7863829927704558
2,15.0,607.467,34.84011936,34.028580066460606,-0.811539293539397
2,15.0,607.9492,34.88846081,34.12954246220548,-0.7589183477945198
2,15.0,608.4313,34.99587152,34.23075290690217,-0.7651186130978331
2,15.0,608.9134,35.10390051,34.33216351903371,-0.7717369909662892
2,15.0,609.3955,35.19330406,34.433705354006854,-0.7595987059931488
2,15.0,609.8776,35.29513472,34.535309367859035,-0.7598253521409646
2,15.0,610.3597,35.38748718,34.63690647527018,-0.7505807047298205
2,15.0,610.8419,35.4682299,34.73844865251157,-0.7297812474884253
2,15.0,611.324,35.5941399,34.83982477535886,-0.7543151246411384
2,15.0,611.8061,35.68048348,34.94098704553674,-0.7394964344632626
2,15.0,612.2882,35.77816231,35.04186678154449,-0.736295528455507
2,15.0,612.7703,35.88225246,35.14239554208197,-0.7398569179180257
2,15.0,613.2524,35.98275134,35.2425051804211,-0.740246159578902
2,15.0,613.7346,36.08485391,35.342148507223726,-0.7427054027762736
2,15.0,614.2167,36.20228783,35.44121678496725,-0.7610710450327502
2,15.0,614.6988,36.32176449,35.53966378704438,-0.7821007029556171
2,15.0,615.1809,36.43057725,35.637423074633425,-0.7931541753665741
2,15.0,615.663,36.53559406,35.73442876462293,-0.8011652953770678
2,15.0,616.1451,36.65893089,35.83061557965814,-0.8283153103418641
2,15.0,616.6273,36.8064797,35.92593856976148,-0.8805411302385195
2,15.0,617.1094,36.8817007,36.02029426870972,-0.861406431290284
2,15.0,617.5915,36.97090759,36.11363937198545,-0.8572682180145534
2,15.0,618.0736,37.06087718,36.20591151182682,-0.854965668173179
2,15.0,618.5557,37.15085409,36.297049166082886,-0.8538049239171173
2,15.0,619.0378,37.21150783,36.38699170425886,-0.8245161257411411
2,15.0,619.52,37.29713412,36.4756976948729,-0.8214364251271036
2,15.0,620.0021,37.34840858,36.563071624390616,-0.785336955609381
2,15.0,620.4842,37.42015462,36.64907433654441,-0.7710802834555892
2,15.0,620.9663,37.49416849,36.733649217307175,-0.7605192726928252
2,15.0,621.4484,37.56838829,36.81674076677552,-0.7516475232244844
2,15.0,621.9305,37.626031,36.898294642412736,-0.7277363575872613
2,15.0,622.4127,37.69490644,36.97827411976138,-0.7166323202386167
2,15.0,622.8948,37.76251689,37.05659411801482,-0.705922771985179
2,15.0,623.3769,37.82733278,37.133220776896636,-0.6941120031033634
2,15.0,623.859,37.86964717,37.20810481083653,-0.6615423591634695
2,15.0,624.3411,37.92306133,37.281198304438256,-0.6418630255617472
2,15.0,624.8232,38.00715881,37.352454754757304,-0.6547040552426964
2,15.0,625.3054,38.07961861,37.42184330538258,-0.6577753046174166
2,15.0,625.7875,38.13897471,37.48929161799053,-0.649683092009468
2,15.0,626.2696,38.20553314,37.554772268463786,-0.6507608715362139
2,15.0,626.7517,38.26023873,37.618244828597376,-0.6419939014026212
2,15.0,627.2338,38.3267196,37.679670495936875,-0.6470491040631217
2,15.0,627.7159,38.39823466,37.739012137241545,-0.6592225227584549
2,15.0,628.1981,38.45910457,37.79624597949731,-0.6628585905026938
2,15.0,628.6802,38.51403137,37.85131461569549,-0.6627167543045047
2,15.0,629.1623,38.57225525,37.90419827605933,-0.668056973940665
2,15.0,629.6444,38.64724166,37.95486694817453,-0.6923747118254653
2,15.0,630.1265,38.66847099,38.00329251334527,-0.6651784766547308
2,15.0,630.6086,38.71406455,38.04944879328523,-0.6646157567147739
2,15.0,631.0908,38.75883211,38.093320456307175,-0.6655116536928247
2,15.0,631.5729,38.82287557,38.13486714777792,-0.688008422222083
2,15.0,632.055,38.80862236,38.17407813529,-0.6345442247099982
2,15.0,632.5371,38.86385898,38.21093548405452,-0.6529234959454868
2,15.0,633.0192,38.89226438,38.245423444287326,-0.6468409357126745
2,15.0,633.5013,38.91050848,38.27752850252034,-0.632979977479657
2,15.0,633.9835,38.93124943,38.30724534754175,-0.6240040824582493
2,15.0,634.4656,38.93524361,38.334552768920204,-0.6006908410797962
2,15.0,634.9477,38.94950834,38.35945069011371,-0.5900576498862904
2,15.0,635.4298,38.96382774,38.381935072872,-0.5818926671280025
2,15.0,635.9119,38.95993495,38.40200438393131,-0.5579305660686842
2,15.0,636.394,38.97870212,38.419659650995634,-0.5590424690043676
2,15.0,636.8762,38.99595721,38.43490743188891,-0.5610497781110908
2,15.0,637.3583,39.00787663,38.44774772381133,-0.5601289061886661
2,15.0,637.8404,39.02645874,38.45819299183206,-0.5682657481679456
2,15.0,638.3225,39.02505342,38.46625507962739,-0.5587983403726113
2,15.0,638.8046,39.05296137,38.47194867977205,-0.5810126902279507
2,15.0,639.2867,39.04556052,38.47529139222995,-0.5702691277700538
2,15.0,639.7689,39.07931766,38.47630375268184,-0.6030139073181644
2,15.0,640.251,39.0559924,38.475008935668555,-0.580983464331446
2,15.0,640.7331,39.06697748,38.47143406490572,-0.5955434150942764
2,15.0,641.2152,39.05536276,38.46560895283253,-0.5897538071674688
2,15.0,641.6973,39.07769984,38.45756660811519,-0.6201332318848145
2,15.0,642.1794,39.0425059,38.44734329126048,-0.5951626087395212
2,15.0,642.6616,39.03281648,38.43497578495109,-0.5978406950489088
2,15.0,643.1437,39.0257332,38.420512152164385,-0.605221047835613
2,15.0,643.6258,39.00051434,38.40399638483497,-0.5965179551650337
2,15.0,644.1079,38.98498497,38.38547827746816,-0.5995066925318397
2,15.0,644.59,38.95474756,38.36501112905713,-0.589736430942871
2,15.0,645.0721,38.90595435,38.34265178618247,-0.5633025638175297
2,15.0,645.5543,38.90348259,38.318455479234736,-0.5850271107652674
2,15.0,646.0364,38.87806414,38.29249631261679,-0.5855678273832083
2,15.0,646.5185,38.83378269,38.26483716910942,-0.5689455208905798
2,15.0,647.0006,38.79842664,38.23554944346804,-0.5628771965319643
2,15.0,647.4827,38.78183779,38.204708234076506,-0.5771295559234915
2,15.0,647.9648,38.74430796,38.172392358924284,-0.571915601075716
2,15.0,648.447,38.71876514,38.13867723487338,-0.580087905126625
2,15.0,648.9291,38.72613441,38.103663140495705,-0.6224712695042953
2,15.0,649.4112,38.67610067,38.067433232986545,-0.6086674370134517
2,15.0,649.8933,38.65138756,38.030081234871965,-0.6213063251280388
2,15.0,650.3754,38.62044906,37.99170456223533,-0.6287444977646715
2,15.0,650.8575,38.62335998,37.95240429414898,-0.6709556858510197
2,15.0,651.3397,38.54596218,37.91227673293118,-0.6336854470688138
2,15.0,651.8218,38.51878031,37.87144681429193,-0.6473334957080681
2,15.0,652.3039,38.46930377,37.830018080834286,-0.6392856891657175
2,15.0,652.786,38.42255212,37.78810575096262,-0.6344463690373772
2,15.0,653.2681,38.35755937,37.74582839189846,-0.6117309781015337
2,15.0,653.7502,38.29670765,37.7033078201489,-0.5933998298511014
2,15.0,654.2324,38.23143704,37.660660140440804,-0.5707768995591991
2,15.0,654.7145,38.18587181,37.6180310252105,-0.5678407847895031
2,15.0,655.1966,38.12939158,37.57554246612934,-0.5538491138706547
2,15.0,655.6787,38.07853477,37.53332800014337,-0.5452067698566267
2,15.0,656.1608,38.04538291,37.491523699595916,-0.5538592104040845
2,15.0,656.6429,37.98520509,37.450267982633946,-0.5349371073660549
2,15.0,657.125,37.96543943,37.40970140702055,-0.5557380229794546
2,15.0,657.6072,37.91194205,37.36995830119811,-0.5419837488018899
2,15.0,658.0892,37.88297667,37.331207253291865,-0.5517694167081331
2,15.0,658.5714,37.83822563,37.293561714496235,-0.5446639155037616
2,15.0,659.0535,37.80170686,37.25719218339868,-0.5445146766013238
2,15.0,659.5356,37.74933163,37.222238296551865,-0.5270933334481356
2,15.0,660.0177,37.72745647,37.18884816092959,-0.5386083090704119
2,15.0,660.4999,37.67868462,37.1571637160322,-0.5215209039677973
2,15.0,660.9819,37.65072884,37.12735230567144,-0.5233765343285626
2,15.0,661.4641,37.63002727,37.09953693866544,-0.5304903313345619
2,15.0,661.9462,37.61791505,37.07388240590092,-0.544032644099083
2,15.0,662.4283,37.570408,37.05052831915287,-0.5198796808471329
2,15.0,662.9104,37.55552927,37.029618616055835,-0.525910653944166
2,15.0,663.3926,37.55359713,37.01129163857243,-0.5423054914275696
2,15.0,663.8746,37.53427123,36.995697318066235,-0.5385739119337671
2,15.0,664.3568,37.53307863,36.98295917233846,-0.5501194576615376
2,15.0,664.8389,37.54328359,36.97321906192089,-0.570064528079115
2,15.0,665.321,37.59108502,36.96660322826351,-0.6244817917364927
2,15.0,665.8031,37.61821145,36.96323654723142,-0.6549749027685792
2,15.0,666.2853,37.67100047,36.96323947754976,-0.7077609924502397
2,15.0,666.7673,37.76495538,36.96672580173607,-0.7982295782639355
2,15.0,667.2495,37.85212996,36.97380758664677,-0.8783223733532282
2,15.0,667.7316,37.9548193,36.9845845186734,-0.9702347813265959
2,15.0,668.2137,38.08729594,36.99915401140948,-1.0881419285905167
2,15.0,668.6958,38.17387609,37.01760528831263,-1.15627080168737
2,15.0,669.178,38.23100427,37.04002509401611,-1.190979175983891
2,15.0,669.66,38.2697899,37.06647193014645,-1.2033179698535506
2,15.0,670.1422,38.27908165,37.097033059293636,-1.1820485907063656
2,15.0,670.6243,38.30200531,37.13174724075471,-1.1702580692452855
2,15.0,671.1064,38.31935219,37.17066768320067,-1.1486845067993272
2,15.0,671.5885,38.34589771,37.213832129107246,-1.1320655808927569
2,15.0,672.0707,38.3628472,37.26127870876119,-1.1015684912388082
2,15.0,672.5527,38.39219391,37.31299420598268,-1.07919970401732
2,15.0,673.0349,38.43375354,37.36902867931973,-1.0647248606802648
2,15.0,673.517,38.4963783,37.42934499159813,-1.067033308401875
2,15.0,673.9991,38.55472702,37.49393973283643,-1.0607872871635706
2,15.0,674.4812,38.60355577,37.5627871584073,-1.0407686115926964
2,15.0,674.9634,38.70705189,37.6358658023499,-1.071186087650105
2,15.0,675.4454,38.77086239,37.713080417784596,-1.0577819722154018
2,15.0,675.9276,38.86365841,37.794435089120306,-1.0692233208796935
2,15.0,676.4097,38.94385511,37.87980896326285,-1.064046146737148
2,15.0,676.8918,39.03561059,37.96913545573346,-1.0664751342665397
2,15.0,677.3739,39.12845294,38.06232006118553,-1.0661328788144715
2,15.0,677.8561,39.25671564,38.159277382040855,-1.0974382579591477
2,15.0,678.3381,39.35157807,38.25982882063756,-1.0917492493624437
2,15.0,678.8203,39.45394174,38.363929584847966,-1.0900121551520314
2,15.0,679.3024,39.56106454,38.47137693376263,-1.0896876062373693
2,15.0,679.7845,39.67996513,38.58204245716423,-1.0979226728357716
2,15.0,680.2666,39.81883953,38.6957662296048,-1.1230733003951983
2,15.0,680.7488,39.93951962,38.812402857960606,-1.1271167620393925
2,15.0,681.2308,40.08949088,38.93169948368322,-1.1577913963167816
2,15.0,681.713,40.22758696,39.05356647978863,-1.174020480211368
2,15.0,682.1951,40.3788685,39.17773152452675,-1.2011369754732542
2,15.0,682.6772,40.51721183,39.30401416904222,-1.213197660957782
2,15.0,683.1593,40.65766739,39.43220126658751,-1.2254661234124882
2,15.0,683.6415,40.78839509,39.56209964055563,-1.2262954494443719
2,15.0,684.1235,40.92642026,39.69340117605314,-1.233019083946857
2,15.0,684.6057,41.06088602,39.82598201052073,-1.2349040094792656
2,15.0,685.0878,41.17884525,39.95952194475848,-1.2193233052415238
2,15.0,685.5699,41.3403833,40.0938056302922,-1.246577669707797
2,15.0,686.052,41.43922942,40.228586363611385,-1.2106430563886121
2,15.0,686.5342,41.55114789,40.36364217222189,-1.1875057177781159
2,15.0,687.0162,41.67481436,40.49863644256678,-1.1761779174332219
2,15.0,687.4984,41.8222882,40.633426718196645,-1.1888614818033574
2,15.0,687.9805,41.90245222,40.76767350581116,-1.1347787141888404
2,15.0,688.4626,42.04302897,40.901148906266485,-1.1418800637335167
2,15.0,688.9447,42.14643884,41.03359742999213,-1.1128414100078743
2,15.0,689.4269,42.23567615,41.16479181234217,-1.07088433765783
2,15.0,689.9089,42.31949483,41.294398505378325,-1.0250963246216713
2,15.0,690.3911,42.43909295,41.42227535051199,-1.0168175994880144
2,15.0,690.8732,42.51449181,41.54809608229384,-0.9663957277061641
2,15.0,691.3553,42.59469334,41.67164560374902,-0.9230477362509788
2,15.0,691.8374,42.6909254,41.79268722323799,-0.8982381767620069
2,15.0,692.3196,42.75905066,41.9110144137653,-0.8480362462346989
2,15.0,692.8016,42.81031169,42.02633042813992,-0.7839812618600774
2,15.0,693.2838,42.88016696,42.1385144306871,-0.7416525293128942
2,15.0,693.7659,42.93187353,42.24728751930861,-0.6845860106913904
2,15.0,694.248,43.02503246,42.35247440546487,-0.6725580545351306
2,15.0,694.7301,43.06387833,42.453886237449034,-0.6099920925509679
2,15.0,695.2123,43.13744233,42.551364836059165,-0.5860774939408344
2,15.0,695.6943,43.16597071,42.64468457226639,-0.5212861377336111
2,15.0,696.1765,43.20677299,42.733769178351196,-0.4730038116488018
2,15.0,696.6586,43.25544435,42.818421654898664,-0.4370226951013336
2,15.0,697.1407,43.28657527,42.89853499606966,-0.38804027393034346
2,15.0,697.6228,43.30209044,42.973998446311604,-0.32809199368839614
2,15.0,698.105,43.32926493,43.044731470241885,-0.2845334597581157
2,15.0,698.587,43.37557023,43.110613776982376,-0.26495645301762494
2,15.0,699.0692,43.37898,43.1716400585381,-0.20733994146189616
2,15.0,699.5513,43.37375972,43.2277295510632,-0.14603016893680376
2,15.0,700.0334,43.38185424,43.27887371557921,-0.10298052442079353
2,15.0,700.5155,43.37214987,43.32507128869832,-0.04707858130168319
2,15.0,700.9977,43.40952182,43.3663503570431,-0.043171462956898665
2,15.0,701.4797,43.37603002,43.402728937217546,0.02669891721754425
2,15.0,701.9619,43.40032527,43.434302367310224,0.03397709731022047
2,15.0,702.444,43.37712999,43.46113838440855,0.08400839440854924
2,15.0,702.9261,43.37617541,43.48335738720138,0.10718197720137823
2,15.0,703.4082,43.38579795,43.501097902058966,0.11529995205896881
2,15.0,703.8904,43.3658012,43.514526605297824,0.1487254052978244
2,15.0,704.3724,43.35197983,43.523827122527706,0.17184729252770836
2,15.0,704.8546,43.35266346,43.52922471966768,0.17656125966767888
2,15.0,705.3367,43.36465155,43.530959496998065,0.16630794699806728
2,15.0,705.8188,43.32448184,43.52930500565566,0.20482316565566094
2,15.0,706.3009,43.33918586,43.524560746581265,0.18537488658126478
2,15.0,706.7831,43.31172405,43.51705178444744,0.20532773444743668
2,15.0,707.2651,43.31099147,43.50713757851097,0.19614610851097325
2,15.0,707.7473,43.28866932,43.495190649830796,0.20652132983079952
2,15.0,708.2294,43.26442304,43.48162442346722,0.21720138346721996
2,15.0,708.7115,43.272382,43.466868181975634,0.19448618197563405
2,15.0,709.1936,43.23919184,43.45137724080089,0.212185400800891
2,15.0,709.6758,43.2381192,43.435625885100535,0.19750668510053515
2,15.0,710.1578,43.2257182,43.420121828386314,0.1944036283863113
2,15.0,710.64,43.24956462,43.405368508537364,0.15580388853736338
2,15.0,711.1221,43.24952664,43.391907267057405,0.14238062705740617
2,15.0,711.6042,43.27319531,43.380279659974605,0.10708434997460614
2,15.0,712.0863,43.31488587,43.371040006497566,0.056154136497568174
2,15.0,712.5685,43.30568151,43.364747676639425,0.05906616663942543
2,15.0,713.0505,43.35698114,43.361967938417656,0.00498679841765437
2,15.0,713.5327,43.35042998,43.363258783636574,0.012828803636573127
2,15.0,714.0148,43.41699631,43.3691740066496,-0.04782230335040083
2,15.0,714.4969,43.45128053,43.380254911820856,-0.07102561817914221
2,15.0,714.979,43.49105211,43.3970259962985,-0.09402611370149572
2,15.0,715.4612,43.56607495,43.41999481292833,-0.1460801370716709
2,15.0,715.9432,43.63997645,43.44961921205822,-0.1903572379417824
2,15.0,716.4254,43.7032717,43.48636445421283,-0.21690724578716924
2,15.0,716.9075,43.79592838,43.5306111845108,-0.26531719548919597
2,15.0,717.3896,43.89012992,43.58272258606562,-0.30740733393437836
2,15.0,717.8717,43.99798463,43.64300453639368,-0.354980093606315
2,15.0,718.3539,44.11773231,43.71172234095524,-0.40600996904476006
2,15.0,718.8359,44.24299344,43.78902008738322,-0.45397335261677796
2,15.0,719.3181,44.366598,43.87508624999554,-0.491511750004463
2,15.0,719.8002,44.52528019,43.96992505947032,-0.5553551305296764
2,15.0,720.2823,44.66213632,44.073535835604964,-0.5886004843950374
2,15.0,720.7644,44.81241159,44.18582553860363,-0.626586051396373
2,15.0,721.2466,44.9399154,44.306649641857334,-0.6332657581426631
2,15.0,721.7286,45.0841889,44.435681352349306,-0.648507547650695
2,15.0,722.2108,45.23824911,44.57269977742507,-0.6655493325749262
2,15.0,722.6929,45.38699636,44.71721600755649,-0.6697803524435102
2,15.0,723.175,45.54876214,44.868774955190474,-0.6799871848095265
2,15.0,723.6571,45.7010239,45.026819900558024,-0.6742039994419784
2,15.0,724.1393,45.85234447,45.19075819605449,-0.6615862739455096
2,15.0,724.6213,46.02294162,45.35979296406941,-0.6631486559305841
2,15.0,725.1035,46.18487784,45.53331048483976,-0.651567355160239
2,15.0,725.5856,46.33152967,45.71039601213379,-0.6211336578662099
2,15.0,726.0677,46.52359825,45.89022984344533,-0.6333684065546663
2,15.0,726.5498,46.65624501,46.07191742826181,-0.5843275817381866
2,15.0,727.032,46.80963285,46.2545714035125,-0.5550614464874997
2,15.0,727.514,46.98491449,46.43713123103906,-0.5477832589609406
2,15.0,727.9962,47.12168281,46.61878953808562,-0.502893271914381
2,15.0,728.4783,47.26112784,46.79847268920496,-0.4626551507950438
2,15.0,728.9604,47.41318433,46.975267262599296,-0.43791706740070424
2,15.0,729.4425,47.56276189,47.14824191741913,-0.4145199725808695
2,15.0,729.9247,47.68422415,47.31653070342503,-0.36769344657496816
2,15.0,730.4067,47.80639869,47.47917264129624,-0.32722604870376415
2,15.0,730.8889,47.91218885,47.63549838161203,-0.27669046838796874
2,15.0,731.371,48.00082011,47.78466983288628,-0.21615027711371937
2,15.0,731.8531,48.11963108,47.926058148964415,-0.19357293103558249
2,15.0,732.3352,48.19628525,48.05908959089042,-0.13719565910957954
2,15.0,732.8174,48.27756231,48.18331468748934,-0.09424762251065744
2,15.0,733.2994,48.31939763,48.29829510811378,-0.021102521886220416
2,15.0,733.7816,48.37532935,48.4038833456697,0.02855399566969652
2,15.0,734.2637,48.44552419,48.49989896449376,0.05437477449375905
2,15.0,734.7458,48.50791125,48.58639346052271,0.07848221052270787
2,15.0,735.2279,48.523818,48.66354426765105,0.13972626765104934
2,15.0,735.7101,48.56401381,48.7316980967611,0.16768428676110148
2,15.0,736.1921,48.61213786,48.79131050376617,0.17917264376617226
2,15.0,736.6743,48.63095311,48.843092033488325,0.2121389234883253
2,15.0,737.1564,48.67317521,48.88783621900064,0.21466100900064333
2,15.0,737.6385,48.69511578,48.92654876377479,0.23143298377478771
2,15.0,738.1206,48.72988285,48.9603855489061,0.23050269890610053
2,15.0,738.6028,48.782327,48.9906621072465,0.20833510724649784
2,15.0,739.0848,48.80598739,49.018811339785,0.21282394978500463
2,15.0,739.567,48.8615742,49.0464324957291,0.18485829572910006
2,15.0,740.0491,48.91781012,49.075186508906555,0.15737638890655603
2,15.0,740.5312,48.98906203,49.106832796277104,0.11777076627710414
2,15.0,741.0133,49.04752552,49.14316827058637,0.0956427505863715
2,15.0,741.4955,49.15553314,49.18600530302591,0.030472163025905274
2,15.0,741.9775,49.23272629,49.2370812258787,0.004354935878694732
2,15.0,742.4597,49.37541401,49.29812294237345,-0.0772910676265468
2,15.0,742.9418,49.48593178,49.37064865642132,-0.11528312357868487
2,15.0,743.424,49.6449293,49.45606067941441,-0.18886862058558762
2,15.0,743.906,49.81355897,49.55544207639752,-0.2581168936024838
2,15.0,744.3882,49.97643813,49.66973732817018,-0.3067008018298196
2,15.0,744.8702,50.17040256,49.79939157617635,-0.37101098382365194
2,15.0,745.3524,50.33880095,49.9446946318254,-0.3941063181746003
2,15.0,745.8345,50.52905214,50.10535776527188,-0.42369437472811455
2,15.0,746.3167,50.72218721,50.280842380166305,-0.44134482983369594
2,15.0,746.7987,50.92327412,50.47002414105814,-0.45324997894186225
2,15.0,747.2809,51.11881116,50.67165282109458,-0.44715833890541745
2,15.0,747.7629,51.28696429,50.88378284355536,-0.40318144644464127
2,15.0,748.2451,51.47143235,51.10447735756776,-0.36695499243224106
2,15.0,748.7272,51.64725498,51.33120798438046,-0.3160469956195371
2,15.0,749.2094,51.82362303,51.56145816103928,-0.262164868960717
2,15.0,749.6914,52.00117322,51.79233510465854,-0.20883811534145735
2,15.0,750.1736,52.15299336,52.02122678775344,-0.13176657224656196
2,15.0,750.6556,52.30320541,52.24518028254596,-0.05802512745403732
2,15.0,751.1378,52.46847268,52.461753525327715,-0.006719154672282457
2,15.0,751.6199,52.61273705,52.66841845785762,0.05568140785761955
2,15.0,752.1021,52.7581903,52.8632049717192,0.10501467171919643
2,15.0,752.5841,52.87218634,53.04437293408412,0.17218659408412407
2,15.0,753.0663,53.01410287,53.210971063968735,0.1968681939687329
2,15.0,753.5483,53.10431028,53.362361454928674,0.25805117492867424
2,15.0,754.0305,53.22680413,53.4988372816219,0.2720331516219048
2,15.0,754.5126,53.32217277,53.62119105598966,0.2990182859896606
2,15.0,754.9948,53.42855302,53.73109365170298,0.30254063170297485
2,15.0,755.4768,53.54263304,53.830829504512685,0.2881964645126871
2,15.0,755.959,53.6458225,53.92351775590296,0.2776952559029553
2,15.0,756.441,53.74879593,54.01271583564871,0.2639199056487129
2,15.0,756.9232,53.90739557,54.102600897787646,0.19520532778764732
2,15.0,757.4053,54.02983636,54.197504643558496,0.1676682835584984
2,15.0,757.8875,54.16681528,54.301912291934855,0.13509701193485313
2,15.0,758.3695,54.35368679,54.41998905194171,0.06630226194171485
2,15.0,758.8517,54.52693527,54.55556662951081,0.02863135951080409
2,15.0,759.3337,54.74082608,54.71146750275993,-0.029358577240067518
2,15.0,759.8159,54.94567741,54.889686482711014,-0.055990927288988246
2,15.0,760.298,55.15926974,55.09069081206834,-0.06857892793166087
2,15.0,760.7802,55.38840541,55.31369823657662,-0.07470717342337707
2,15.0,761.2622,55.61446817,55.55622490764136,-0.05824326235864419
2,15.0,761.7444,55.85839439,55.81474441100343,-0.043649978996569416
2,15.0,762.2264,56.09020486,56.084143711743124,-0.006061148256875981
2,15.0,762.7086,56.33641163,56.358908693346095,0.022497063346094137
2,15.0,763.1907,56.5580007,56.63273817547688,0.07473747547687992
2,15.0,763.6729,56.75786624,56.89973240133642,0.1418661613364236
2,15.0,764.1549,56.96129674,57.15439112748518,0.19309438748517493
2,15.0,764.6371,57.14957911,57.39280652103045,0.2432274110304533
2,15.0,765.1191,57.35714144,57.612373777020736,0.2552323370207361
2,15.0,765.6013,57.51830416,57.812961345385844,0.2946571853858444
2,15.0,766.0834,57.67002903,57.99643972778565,0.32641069778564713
2,15.0,766.5656,57.83303426,58.16720361948422,0.3341693594842212
2,15.0,767.0476,58.01379091,58.33151236394676,0.3177214539467599
2,15.0,767.5298,58.17937933,58.497342011851636,0.31796268185163257
2,15.0,768.0118,58.36974978,58.67299522296135,0.30324544296134803
2,15.0,768.494,58.57198406,58.86656102732422,0.29457696732421823
2,15.0,768.9761,58.80988846,59.08415199697349,0.2742635369734856
2,15.0,769.4583,59.03768441,59.32925101119166,0.29156660119166133
2,15.0,769.9403,59.29874297,59.60145902076458,0.3027160507645803
2,15.0,770.4225,59.54549722,59.89689161324672,0.3513943932467214
2,15.0,770.9045,59.82418147,60.20778245786035,0.3836009878603477
2,15.0,771.3867,60.10987082,60.5246219790557,0.4147511590557045
2,15.0,771.8688,60.36116625,60.83695856480862,0.47579231480862205
2,15.0,772.351,60.6511542,61.13622201433093,0.4850678143309324
2,15.0,772.833,60.93174322,61.417057513451795,0.48531429345179333
2,15.0,773.3152,61.24450735,61.67948418458733,0.4349768345873315
2,15.0,773.7972,61.50673144,61.92851308878959,0.42178164878959024
2,15.0,774.2794,61.81454825,62.17423015109619,0.35968190109618803
2,15.0,774.7615,62.11878709,62.42883080278499,0.31004371278498866
2,15.0,775.2437,62.42356265,62.70399350756995,0.28043085756994657
2,15.0,775.7257,62.75224304,63.00679422694517,0.25455118694516443
2,15.0,776.2079,63.0378043,63.33780432443157,0.3000000244315757
2,15.0,776.6899,63.37823896,63.68962014768981,0.31138118768981116
2,15.0,777.1721,63.67094489,64.05016575178135,0.3792208617813486
2,15.0,777.6542,64.04317176,64.40616400867319,0.36299224867318003
2,15.0,778.1364,64.34973924,64.74937106193688,0.39963182193687885
2,15.0,778.6184,64.7213814,65.07981147741378,0.35843007741378585
2,15.0,779.1006,65.06323285,65.40706308079444,0.3438302307944383
2,15.0,779.5826,65.42197573,65.74519488703436,0.3232191570343588
2,15.0,780.0648,65.79365831,66.10661333067797,0.3129550206779754
2,15.0,780.5469,66.16666738,66.49415084802602,0.327483468026017
2,15.0,781.0291,66.5685539,66.90005896009896,0.3315050600989622
2,15.0,781.5111,66.95060458,67.3105543150357,0.3599497350356984
2,15.0,781.9933,67.37353785,67.71665846123955,0.3431206112395415
2,15.0,782.4753,67.79130792,68.12027076700988,0.3289628470098904
2,15.0,782.9575,68.2228284,68.53383335148278,0.3110049514827864
2,15.0,783.4396,68.66828202,68.96849362288908,0.3002116028890782
2,15.0,783.9218,69.1220185,69.42480461452122,0.3027861145212256
2,15.0,784.4038,69.59857182,69.89282115315594,0.29424933315593194
2,15.0,784.886,70.08610622,70.36559752122781,0.2794913012278073
2,15.0,785.368,70.56675744,70.84705225292788,0.2802948129278775
2,15.0,785.8502,71.08539208,71.34727336649566,0.261881286495651
2,15.0,786.3323,71.61954779,71.86775231152446,0.24820452152445682
2,15.0,786.8145,72.14338707,72.40294674194183,0.2595596719418296
2,15.0,787.2965,72.72232833,72.95195160807273,0.22962327807273653
2,15.0,787.7787,73.32811517,73.52118291571217,0.19306774571217034
2,15.0,788.2607,73.93930739,74.11178540485695,0.17247801485694936
2,15.0,788.7429,74.60932778,74.7228202593764,0.11349247937640428
2,15.0,789.225,75.26236351,75.3568381891333,0.09447467913329888
2,15.0,789.7072,75.94776371,76.01662635650396,0.06886264650395901
2,15.0,790.1892,76.69854087,76.70301685897167,0.004475988971663014
2,15.0,790.6714,77.4646389,77.41957095115285,-0.04506794884714793
2,15.0,791.1534,78.24907005,78.16838191463364,-0.08068813536635844
2,15.0,791.6356,79.10197783,78.95343783536445,-0.14853999463554146
2,15.0,792.1177,79.99637855,79.77813604599186,-0.2182425040081455
2,15.0,792.5999,80.95838134,80.64741497131898,-0.31096636868102223
2,15.0,793.0819,81.98291967,81.56617714743595,-0.41674252256405
2,15.0,793.5641,83.07141159,82.5417482018587,-0.5296633881413015
2,15.0,794.0461,84.23734087,83.58126175181779,-0.6560791181822054
2,15.0,794.5283,85.47385806,84.69526170117362,-0.7785963588263769
2,15.0,795.0104,86.76632383,85.89486730484555,-0.871456525154457
2,15.0,795.4926,88.11481113,87.19472356662251,-0.9200875633774928
2,15.0,795.9746,89.48923845,88.61004081473122,-0.8791976352687811
2,15.0,796.4568,90.88530085,90.15709667122849,-0.7282041787715059
2,15.0,796.9388,92.24365575,91.83842415158634,-0.4052315984136641
2,15.0,797.421,93.57302468,93.61919990744424,0.04617522744423752
2,15.0,797.9031,94.79781522,95.37363152016314,0.5758163001631402
2,15.0,798.3853,95.96545372,96.90130116836082,0.9358474483608177
2,15.0,798.8673,97.00733974,98.07918420858331,1.0718444685833077
2,15.0,799.3495,97.89081444,98.93996521930444,1.0491507793044406
2,15.0,799.8315,98.64819247,99.57156213142623,0.9233696614262357
2,15.0,800.3137,99.29109897,100.04880271686605,0.7577037468660563
2,15.0,800.7958,99.81005902,100.42083599144986,0.6107769714498659
2,15.0,801.278,100.2210701,100.71937893482001,0.49830883482000843
2,15.0,801.76,100.5514397,100.96463093585342,0.413191235853418
2,15.0,802.2422,100.8119658,101.17033338074499,0.3583675807449964
2,15.0,802.7242,101.029481,101.34559715213503,0.31611615213502375
2,15.0,803.2064,101.1935566,101.49713260348871,0.3035760034887147
2,15.0,803.6885,101.3311622,101.62960547877256,0.2984432787725666
2,15.0,804.1707,101.4411049,101.74661877041449,0.30551387041448663
2,15.0,804.6527,101.5307995,101.85079871659408,0.31999921659408415
2,15.0,805.1349,101.6155518,101.94431848211232,0.32876668211231674
2,15.0,805.6169,101.6616755,102.02874179730408,0.3670662973040777
2,15.0,806.0991,101.7668845,102.10545013685123,0.33856563685122865
2,15.0,806.5812,101.8131753,102.17545413285973,0.3622788328597295
2,15.0,807.0634,101.8345506,102.23965136227145,0.4051007622714451
2,15.0,807.5454,101.8804942,102.29872161017036,0.4182274101703598
2,15.0,808.0276,101.9382973,102.35331364616806,0.41501634616805916
2,15.0,808.5096,101.9693877,102.40388702369673,0.43449932369672695
2,15.0,808.9918,102.0129645,102.45091247775986,0.43794797775986183
2,15.0,809.4739,102.0827286,102.49472614439702,0.41199754439702474
2,15.0,809.9561,102.1129038,102.53566171118199,0.42275791118198924
2,15.0,810.4381,102.1427075,102.57396759603796,0.4312600960379598
2,15.0,810.9203,102.1892925,102.60991337749162,0.42062087749162913
2,15.0,811.4023,102.235774,102.64367722562669,0.4079032256266828
2,15.0,811.8845,102.2618493,102.67547015940201,0.4136208594020161
2,15.0,812.3666,102.2960981,102.70543339555441,0.4093352955544134
2,15.0,812.8488,102.3126604,102.73372276211322,0.42106236211321857
2,15.0,813.3308,102.336637,102.76044878367775,0.4238117836777491
2,15.0,813.813,102.345406,102.78574773036014,0.4403417303601458
2,15.0,814.295,102.3621051,102.80970086935105,0.4475957693510537
2,15.0,814.7772,102.3795074,102.8324201192572,0.4529127192571991
2,15.0,815.2593,102.3826323,102.85397399562117,0.47134169562117734
2,15.0,815.7415,102.4160634,102.87444660711652,0.45838320711652614
2,15.0,816.2235,102.4260135,102.8938937116586,0.4678802116586098
2,15.0,816.7057,102.4267845,102.9123934767117,0.48560897671170267
2,15.0,817.1877,102.4483204,102.929987084726,0.48166668472599383
2,15.0,817.6699,102.431023,102.94674082661946,0.5157178266194649
2,15.0,818.152,102.4677633,102.96269134914978,0.4949280491497774
2,15.0,818.6342,102.4631796,102.97788872460974,0.5147091246097375
2,15.0,819.1162,102.4828347,102.99236366522034,0.5095289652203405
2,15.0,819.5984,102.4927996,103.00616498742338,0.5133653874233772
2,15.0,820.0804,102.4896563,103.01931518814149,0.5296588881414976
2,15.0,820.5626,102.5051847,103.03185657643992,0.5266718764399201
2,15.0,821.0447,102.5086224,103.04381022151918,0.5351878215191874
2,15.0,821.5269,102.5198431,103.05520804016068,0.5353649401606759
2,15.0,822.0089,102.5384764,103.06606813097073,0.527591730970741
2,15.0,822.4911,102.5730943,103.07642277910033,0.5033284791003325
2,15.0,822.9731,102.566056,103.08628505162926,0.5202290516292578
2,15.0,823.4553,102.5824267,103.09568333321312,0.5132566332131177
2,15.0,823.9374,102.6116388,103.10463048146222,0.4929916814622288
2,15.0,824.4196,102.6251439,103.11314782782992,0.4880039278299222
2,15.0,824.9016,102.6390067,103.12124667814616,0.48223997814616837
2,15.0,825.3838,102.6535604,103.12894918327825,0.4753887832782482
2,15.0,825.8658,102.6519755,103.13626340769106,0.4842879076910549
2,15.0,826.348,102.672697,103.14320898857642,0.47051198857641907
2,15.0,826.8301,102.682131,103.14979422607507,0.46766322607507504
2,15.0,827.3123,102.6984172,103.15603382566506,0.457616625665068
2,15.0,827.7943,102.6904694,103.16193526688095,0.4714658668809477
2,15.0,828.2765,102.7147599,103.16751404398924,0.45275414398923886
2,15.0,828.7585,102.7113124,103.17277550429438,0.4614631042943813
2,15.0,829.2407,102.7079554,103.17773342058894,0.46977802058893303
2,15.0,829.7228,102.7393552,103.18239348245588,0.4430382824558734
2,15.0,830.205,102.7197714,103.18676599505748,0.46699459505748564
2,15.0,830.687,102.7214959,103.19085622661744,0.46936032661744775
2,15.0,831.1692,102.7140446,103.19467503623203,0.4806304362320333
2,15.0,831.6512,102.7229786,103.19822630647677,0.4752477064767646
2,15.0,832.1334,102.7197958,103.20151965371093,0.48172385371093185
2,15.0,832.6155,102.726924,103.2045592547875,0.4776352547875007
2,15.0,833.0977,102.6965123,103.20735233927873,0.5108400392787331
2,15.0,833.5797,102.6926578,103.20990289114779,0.5172450911477853
2,15.0,834.0619,102.6903122,103.21221837307681,0.5219061730768146
2,15.0,834.5439,102.6662576,103.21430192323241,0.5480443232324177
2,15.0,835.0261,102.6676736,103.21616006404807,0.548486464048068
2,15.0,835.5082,102.6404801,103.21779610804796,0.5773160080479585
2,15.0,835.9904,102.6056643,103.21921503456137,0.6135507345613718
2,15.0,836.4724,102.5923301,103.2204200992599,0.628089999259899
2,15.0,836.9546,102.5763119,103.22141615980074,0.6451042598007461
2,15.0,837.4366,102.5511296,103.22220604141556,0.6710764414155648
2,15.0,837.9188,102.5440507,103.22279385936915,0.678743159369148
2,15.0,838.4009,102.5354133,103.22318246006527,0.6877691600652724
2,15.0,838.8831,102.5199808,103.22337510576995,0.7033943057699474
2,15.0,839.3651,102.4931721,103.22337466999177,0.7302025699917749
2,15.0,839.8473,102.4999874,103.22318392732704,0.7231965273270475
2,15.0,840.3293,102.502292,103.22280565802154,0.7205136580215452
2,15.0,840.8115,102.5165465,103.22224202702188,0.7056955270218737
2,15.0,841.2936,102.5054474,103.22149566766619,0.7160482676661957
2,15.0,841.7758,102.529346,103.22056847926895,0.6912224792689443
2,15.0,842.2578,102.5434619,103.21946317595673,0.676001275956736
2,15.0,842.74,102.5508448,103.21818080138766,0.6673360013876675
2,15.0,843.222,102.5648925,103.21672426305201,0.6518317630520158
2,15.0,843.7042,102.5515574,103.21509408543514,0.6635366854351474
2,15.0,844.1863,102.5866837,103.21329285474276,0.6266091547427663
2,15.0,844.6685,102.5829825,103.21132134708452,0.628338847084521
2,15.0,845.1505,102.5963474,103.20918226513656,0.6128348651365627
2,15.0,845.6327,102.6021626,103.20687516216661,0.6047125621666112
2,15.0,846.1147,102.614342,103.20440318765667,0.5900611876566728
2,15.0,846.5969,102.5938066,103.20176543764792,0.6079588376479279
2,15.0,847.079,102.5790456,103.19896456338464,0.6199189633846345
2,15.0,847.5612,102.5826257,103.19600038166104,0.6133746816610426
2,15.0,848.0432,102.576267,103.19287568502257,0.6166086850225696
2,15.0,848.5254,102.5885147,103.18958870069925,0.6010740006992421
2,15.0,849.0074,102.5946132,103.18614289976648,0.5915296997664825
2,15.0,849.4896,102.5599059,103.18253609417047,0.622630194170469
2,15.0,849.9717,102.5912448,103.17877107844072,0.5875262784407198
2,15.0,850.4539,102.5687939,103.17484682177034,0.6060529217703419
2,15.0,850.9359,102.5939628,103.1707662782657,0.5768034782657026
2,15.0,851.4181,102.5736641,103.16652645941821,0.5928623594182056
2,15.0,851.9001,102.5717811,103.16213121581141,0.5903501158114182
2,15.0,852.3823,102.568921,103.15757717102119,0.5886561710211851
2,15.0,852.8644,102.5829972,103.15286731933104,0.5698701193310427
2,15.0,853.3466,102.5649611,103.1479998568297,0.5830387568296942
2,15.0,853.8286,102.5427932,103.14297795174983,0.600184751749822
2,15.0,854.3108,102.5638014,103.13779747027138,0.5739960702713773
2,15.0,854.7928,102.5558235,103.13246268704462,0.5766391870446199
2,15.0,855.275,102.5561616,103.12696909664739,0.5708074966473902
2,15.0,855.7571,102.5415628,103.1213199354328,0.5797571354327999
2,15.0,856.2393,102.5465728,103.11551267329341,0.5689398732934023
2,15.0,856.7213,102.5306449,103.10955073267928,0.5789058326792826
2,15.0,857.2035,102.5617652,103.10342887423475,0.5416636742347549
2,15.0,857.6855,102.5523716,103.09715183316202,0.5447802331620153
2,15.0,858.1677,102.5564143,103.0907140060586,0.5342997060586043
2,15.0,858.6498,102.5585146,103.08411890439683,0.5256043043968361
2,15.0,859.132,102.5688827,103.07736329745963,0.5084805974596236
2,15.0,859.614,102.5571229,103.07045089382824,0.5133279938282413
2,15.0,860.0962,102.5766213,103.06337536374782,0.48675406374782426
2,15.0,860.5782,102.5898906,103.05614193481108,0.4662513348110764
2,15.0,861.0604,102.597592,103.04874391350239,0.45115191350238604
2,15.0,861.5425,102.6024672,103.04118511338002,0.4387179133800174
2,15.0,862.0247,102.5964241,103.03346161144673,0.4370375114467322
2,15.0,862.5067,102.6117072,103.02557742896953,0.41387022896952885
2,15.0,862.9889,102.630978,103.017525140155,0.38654714015500247
2,15.0,863.4709,102.6133761,103.00931049444398,0.3959343944439837
2,15.0,863.9531,102.6252538,103.00092569622782,0.3756718962278285
2,15.0,864.4352,102.6248734,102.9923748841298,0.36750148412980366
2,15.0,864.9174,102.6060746,102.9836534365133,0.37757883651329394
2,15.0,865.3994,102.5921749,102.97476571039034,0.38259081039034015
2,15.0,865.8816,102.5961248,102.96570315987084,0.3695783598708431
2,15.0,866.3636,102.5973379,102.95647208484694,0.35913418484693693
2,15.0,866.8458,102.5926271,102.94706355774422,0.35443645774421384
2,15.0,867.3279,102.576321,102.93748206261816,0.36116106261816583
2,15.0,867.8101,102.5526408,102.9277222596504,0.37508145965038864
2,15.0,868.2921,102.5640502,102.91778886238914,0.35373866238914786
2,15.0,868.7743,102.5392472,102.90767216362278,0.3684249636227719
2,15.0,869.2563,102.5323585,102.89737904248202,0.3650205424820143
2,15.0,869.7385,102.5217576,102.88689939260381,0.36514179260380786
2,15.0,870.2206,102.5219775,102.8762380621158,0.3542605621157975
2,15.0,870.7028,102.5154424,102.86538896099897,0.3499465609989727
2,15.0,871.1848,102.4921585,102.85435717864641,0.36219867864640776
2,15.0,871.667,102.5313363,102.84313178851903,0.3117954885190244
2,15.0,872.149,102.5107604,102.83172027866766,0.32095987866766507
2,15.0,872.6312,102.512454,102.82011130029848,0.30765730029847305
2,15.0,873.1133,102.5276335,102.80831008305539,0.28067658305539567
2,15.0,873.5955,102.5140769,102.79630974228574,0.28223284228573675
2,15.0,874.0775,102.521976,102.7841157615167,0.2621397615167069
2,15.0,874.5597,102.4816837,102.77171591975177,0.2900322197517653
2,15.0,875.0417,102.5127646,102.75911834501031,0.24635374501031038
2,15.0,875.5239,102.505112,102.74631036503743,0.24119836503743386
2,15.0,876.006,102.4930759,102.73329760749901,0.2402217074990176
2,15.0,876.4882,102.4948401,102.72007233576254,0.22523223576253315
2,15.0,876.9702,102.4941274,102.70664044496583,0.21251304496583145
2,15.0,877.4524,102.4790139,102.69298832639136,0.21397442639135988
2,15.0,877.9344,102.4885511,102.67912478073256,0.19057368073256953
2,15.0,878.4166,102.4855374,102.6650357126291,0.1794983126291072
2,15.0,878.8987,102.4927731,102.6507271633579,0.15795406335790574
2,15.0,879.3809,102.4807516,102.63619047301665,0.15543887301664938
2,15.0,879.8629,102.4914104,102.62143196499608,0.13002156499607054
2,15.0,880.3451,102.4657164,102.60643652979496,0.14072012979495696
2,15.0,880.8271,102.4533962,102.5912136752714,0.13781747527140453
2,15.0,881.3093,102.4605341,102.57574776280777,0.11521366280776135
2,15.0,881.7914,102.4661478,102.56004526176372,0.09389746176371716
2,15.0,882.2736,102.4240146,102.54409650214977,0.12008190214976366
2,15.0,882.7556,102.4078119,102.52790825117488,0.1200963511748796
2,15.0,883.2378,102.3887955,102.51146376332434,0.12266826332434277
2,15.0,883.7198,102.3868827,102.49477328986433,0.10789058986432565
2,15.0,884.202,102.3510613,102.47781950564247,0.1267582056424743
2,15.0,884.6841,102.3408021,102.46060932101267,0.11980722101266394
2,15.0,885.1663,102.312238,102.44313195136252,0.13089395136252335
2,15.0,885.6483,102.2961511,102.42539462171706,0.12924352171705777
2,15.0,886.1305,102.2937683,102.40737878999356,0.11361048999356171
2,15.0,886.6125,102.2683062,102.38909548864497,0.1207892886449713
2,15.0,887.0947,102.2594039,102.37052553613027,0.11112163613027803
2,15.0,887.5768,102.2173021,102.3516762944251,0.13437419442510645
2,15.0,888.059,102.21962,102.33253573913672,0.11291573913671016
2,15.0,888.541,102.2184949,102.31311156475067,0.09461666475067432
2,15.0,889.0232,102.1957341,102.29338324264482,0.09764914264482627
2,15.0,889.5052,102.1724474,102.27336262532475,0.10091522532475494
2,15.0,889.9874,102.1632454,102.25302847398522,0.089783073985231
2,15.0,890.4695,102.13893,102.23238860948783,0.09345860948782558
2,15.0,890.9517,102.1173285,102.21142961811387,0.09410111811386912
2,15.0,891.4337,102.1137053,102.19015967193721,0.07645437193720284
2,15.0,891.9159,102.0766276,102.16855603117631,0.09192843117631355
2,15.0,892.3979,102.0730385,102.1466314075863,0.07359290758630266
2,15.0,892.8801,102.0231194,102.12436226752972,0.10124286752972012
2,15.0,893.3622,102.0217729,102.10175689311231,0.07998399311230742
2,15.0,893.8444,102.0024885,102.07880030250811,0.07631180250811553
2,15.0,894.3264,101.9903823,102.05550114833011,0.0651188483301155
2,15.0,894.8086,101.9625754,102.03183421371013,0.0692588137101211
2,15.0,895.2906,101.953099,102.00781310800127,0.05471410800127785
2,15.0,895.7728,101.9218581,101.98341172125764,0.06155362125764441
2,15.0,896.2549,101.9138569,101.9586387921174,0.044781892117399025
2,15.0,896.7371,101.9048203,101.93347755640116,0.02865725640116068
2,15.0,897.2191,101.8738751,101.90793714269925,0.034062042699247286
2,15.0,897.7013,101.850664,101.88198954134496,0.031325541344969565
2,15.0,898.1833,101.8161132,101.85564929501483,0.03953609501482447
2,15.0,898.6655,101.7879421,101.8288873828757,0.040945282875711086
2,15.0,899.1476,101.7771217,101.8017129852991,0.0245912852991097
2,15.0,899.6298,101.7325334,101.77410729801535,0.04157389801535771
2,15.0,900.1118,101.7295593,101.746079910256,0.01652061025599494
2,15.0,900.594,101.6852902,101.71759964322229,0.03230944322228879
2,15.0,901.076,101.6704837,101.6886820034007,0.018198303400694726
2,15.0,901.5582,101.6642556,101.6592946596139,-0.0049609403860984
2,15.0,902.0403,101.6471716,101.62944720488312,-0.01772439511687196
2,15.0,902.5225,101.6258941,101.59911848322372,-0.026775616776276934
2,15.0,903.0045,101.6314966,101.56831851384273,-0.06317808615727927
2,15.0,903.4867,101.6046151,101.53701249791875,-0.06760260208125146
2,15.0,903.9688,101.595971,101.50521027778132,-0.0907607222186897
2,15.0,904.4509,101.5748809,101.47289568056493,-0.10198521943506478
2,15.0,904.933,101.5751221,101.44005871454877,-0.13506338545123242
2,15.0,905.4152,101.545102,101.40668214234054,-0.13841985765945708
2,15.0,905.8972,101.543689,101.37277636075073,-0.17091263924926636
2,15.0,906.3794,101.5266206,101.33830240742334,-0.18831819257665927
2,15.0,906.8615,101.515876,101.30327044019153,-0.2126055598084804
2,15.0,907.3436,101.4808487,101.26766194659578,-0.21318675340421578
2,15.0,907.8257,101.4689774,101.23146519121256,-0.23751220878743595
2,15.0,908.3079,101.4379443,101.1946604179626,-0.24328388203740303
2,15.0,908.7899,101.4280591,101.157258318212,-0.2708007817879974
2,15.0,909.2721,101.4052685,101.11921510629928,-0.28605339370072613
2,15.0,909.7542,101.3744017,101.08054115295377,-0.2938605470462363
2,15.0,910.2363,101.3877146,101.0412151611273,-0.34649943887269785
2,15.0,910.7184,101.3497988,101.00122327421708,-0.3485755257829197
2,15.0,911.2006,101.3369971,100.96054273060227,-0.37645436939773447
2,15.0,911.6826,101.3103572,100.9191843897756,-0.3911728102244041
2,15.0,912.1647,101.3142964,100.87710763799188,-0.4371887620081196
2,15.0,912.6469,101.2743294,100.8342964985386,-0.44003290146139307
2,15.0,913.129,101.2557764,100.7907527391294,-0.46502366087059954
2,15.0,913.6111,101.2286686,100.74645109874437,-0.4822175012556329
2,15.0,914.0932,101.2250418,100.7013746294674,-0.5236671705326046
2,15.0,914.5753,101.2012727,100.65550587616177,-0.5457668238382354
2,15.0,915.0574,101.169686,100.60882685787338,-0.5608591421266169
2,15.0,915.5396,101.1612703,100.56130910677705,-0.5999611932229527
2,15.0,916.0217,101.1158163,100.51295323652093,-0.6028630634790773
2,15.0,916.5038,101.0638971,100.46372980076504,-0.6001672992349683
2,15.0,916.9859,101.0405634,100.41361851202207,-0.6269448879779276
2,15.0,917.468,101.0163334,100.3625984507171,-0.6537349492828923
2,15.0,917.9501,100.9542444,100.31064804093825,-0.6435963590617462
2,15.0,918.4323,100.9300867,100.2577339512144,-0.6723527487855989
2,15.0,918.9144,100.8857702,100.20385515854753,-0.68191504145247
2,15.0,919.3965,100.8799158,100.14897708689648,-0.7309387131035265
2,15.0,919.8786,100.8162322,100.09307526887872,-0.7231569311212809
2,15.0,920.3607,100.7978287,100.03612444134151,-0.761704258658483
2,15.0,920.8428,100.7632353,99.978098513352,-0.7851367866480103
2,15.0,921.325,100.7208821,99.91895815172643,-0.8019239482735685
2,15.0,921.8071,100.6816772,99.85870003209975,-0.8229771679002482
2,15.0,922.2892,100.6511997,99.79728322245113,-0.8539164775488786
2,15.0,922.7713,100.5806148,99.73467796787143,-0.8459368321285723
2,15.0,923.2534,100.5445905,99.67085350035184,-0.873736999648159
2,15.0,923.7355,100.4842071,99.60577799595451,-0.8784291040454946
2,15.0,924.2177,100.4557016,99.5394046295926,-0.9162969704074015
2,15.0,924.6998,100.4008665,99.47172685145212,-0.9291396485478884
2,15.0,925.1819,100.3219458,99.4026957595886,-0.9192500404113986
2,15.0,925.664,100.2504994,99.33227483186111,-0.9182245681388821
2,15.0,926.1461,100.1968985,99.26042624033533,-0.9364722596646686
2,15.0,926.6282,100.1160369,99.18711079310435,-0.9289261068956449
2,15.0,927.1104,100.0619838,99.11227219349493,-0.9497116065050619
2,15.0,927.5925,99.98292282,99.03589936738173,-0.9470234526182679
2,15.0,928.0746,99.93787406,98.95793328660534,-0.9799407733946595
2,15.0,928.5567,99.85574709,98.87832865523988,-0.9774184347601107
2,15.0,929.0388,99.79801165,98.79703847106208,-1.000973178937926
2,15.0,929.5209,99.71251705,98.71401394517586,-0.9985031048241382
2,15.0,930.0031,99.64885058,98.62918663657865,-1.0196639434213495
2,15.0,930.4852,99.54510665,98.5425390973422,-1.0025675526577942
2,15.0,930.9673,99.47367048,98.45399924347505,-1.0196712365249425
2,15.0,931.4494,99.37186621,98.36351023837332,-1.0083559716266706
2,15.0,931.9315,99.31436173,98.27101298126408,-1.043348748735923
2,15.0,932.4136,99.23067241,98.1764459940384,-1.054226415961594
2,15.0,932.8958,99.11015648,98.07972501708191,-1.030431462918088
2,15.0,933.3779,99.01220015,97.98082355483609,-1.0313765951639056
2,15.0,933.86,98.90348981,97.87965241153852,-1.023837398461481
2,15.0,934.3421,98.79014402,97.77613932212539,-1.0140046978746113
2,15.0,934.8242,98.66979539,97.67020896454062,-0.999586425459384
2,15.0,935.3063,98.55840385,97.56178279694778,-0.9966210530522233
2,15.0,935.7885,98.4430045,97.45075558604604,-0.9922489139539579
2,15.0,936.2706,98.29603065,97.33708785411142,-0.9589427958885892
2,15.0,936.7527,98.17207168,97.22066755775703,-0.9514041222429768
2,15.0,937.2348,98.04213181,97.10140142337406,-0.940730386625944
2,15.0,937.7169,97.91526551,96.97919196772884,-0.9360735422711599
2,15.0,938.199,97.7621855,96.85393725802513,-0.9082482419748743
2,15.0,938.6812,97.63733264,96.72550368583536,-0.9118289541646334
2,15.0,939.1633,97.52800442,96.59383288128146,-0.9341715387185445
2,15.0,939.6454,97.44068382,96.45878164393478,-0.9819021760652191
2,15.0,940.1275,97.35934852,96.32022748687015,-1.0391210331298453
2,15.0,940.6096,97.29580094,96.17804199384403,-1.1177589461559734
2,15.0,941.0917,97.24928044,96.03209045567361,-1.2171899843263958
2,15.0,941.5739,97.23115857,95.8821999792618,-1.3489585907382065
2,15.0,942.056,97.20262071,95.72828421024444,-1.474336499755566
2,15.0,942.5381,97.17199381,95.5701564179634,-1.6018373920366002
2,15.0,943.0202,97.16122633,95.40765250067335,-1.7535738293266547
2,15.0,943.5023,97.16902128,95.24059978433702,-1.928421495662974
2,15.0,943.9844,97.13172019,95.0688164536961,-2.0629037363038947
2,15.0,944.4666,97.10404342,94.89207375949088,-2.211969660509112
2,15.0,944.9487,97.06464213,94.71024297883066,-2.354399151169332
2,15.0,945.4308,97.0066034,94.52307483623471,-2.48352856376529
2,15.0,945.9129,96.93887435,94.33034426646543,-2.608530083534575
2,15.0,946.395,96.84937197,94.1318134288783,-2.7175585411217043
2,15.0,946.8771,96.74221151,93.9272307838547,-2.8149807261453077
2,15.0,947.3593,96.61802637,93.71628566669645,-2.9017407033035454
2,15.0,947.8414,96.48312625,93.49878347624619,-2.9843427737538093
2,15.0,948.3235,96.36151052,93.27438208882717,-3.087128431172829
2,15.0,948.8056,96.2141285,93.04276416143097,-3.1713643385690347
2,15.0,949.2877,96.04789632,92.80359262154758,-3.244303698452427
2,15.0,949.7698,95.8785544,92.55650910233939,-3.3220452976606083
2,15.0,950.252,95.7068374,92.30107836639651,-3.4057590336034878
2,15.0,950.7341,95.4973071,92.03700001049182,-3.460307089508177
2,15.0,951.2162,95.27487682,91.7637886855366,-3.5110881344634066
2,15.0,951.6983,95.04501985,91.4809818837202,-3.5640379662797983
2,15.0,952.1804,94.81086064,91.18808531815627,-3.622775321843733
2,15.0,952.6625,94.54573352,90.88457013526781,-3.661163384732191
2,15.0,953.1447,94.26130316,90.56980335014805,-3.6914998098519476
2,15.0,953.6268,93.98646179,90.24330782616565,-3.7431539638343594
2,15.0,954.1089,93.65774789,89.90436699811482,-3.753380891885172
2,15.0,954.591,93.29328846,89.55227928858332,-3.741009171416678
2,15.0,955.0731,92.89010694,89.18628929328847,-3.703817646711528
2,15.0,955.5552,92.45891615,88.80558251069878,-3.6533336393012092
2,15.0,956.0374,91.96053557,88.4091955567075,-3.551340013292503
2,15.0,956.5195,91.39496838,87.99634155428426,-3.3986268257157377
2,15.0,957.0016,90.80148771,87.56590976651881,-3.2355779434811893
2,15.0,957.4837,90.09574601,87.11678257653752,-2.978963433462482
2,15.0,957.9658,89.30939735,86.64774546958125,-2.661651880418745
2,15.0,958.4479,88.39039465,86.15747632134533,-2.2329183286546765
2,15.0,958.9301,87.35651759,85.64442438656269,-1.7120932034373055
2,15.0,959.4122,86.19573129,85.10722669119245,-1.0885045988075461
2,15.0,959.8943,84.8468259,84.54405435428697,-0.30277154571302844
2,15.0,960.3764,83.33510156,83.95301506585285,0.6179135058528544
2,15.0,960.8585,81.6447836,83.33202838287463,1.6872447828746289
2,15.0,961.3406,79.79641424,82.67880189625572,2.882387656255716
2,15.0,961.8228,77.76758162,81.99065721426211,4.223075594262113
2,15.0,962.3049,75.59200915,81.26507601757436,5.673066867574363
2,15.0,962.787,73.32075473,80.49880766768783,7.1780529376878235
2,15.0,963.2691,71.03933609,79.68838909328912,8.649053003289112
2,15.0,963.7512,68.79581894,78.82995545336463,10.03413651336463
2,15.0,964.2333,66.6317801,77.9191812675792,11.287401167579205
2,15.0,964.7155,64.63736418,76.95100442904588,12.313640249045875
2,15.0,965.1976,62.89267363,75.92036037979135,13.02768674979135
2,15.0,965.6797,61.44399412,74.82088540454401,13.376891284544016
2,15.0,966.1618,60.27340859,73.64559881213148,13.37219022213148
2,15.0,966.6439,59.4399343,72.38658664769216,12.946652347692158
2,15.0,967.126,58.87167505,71.0348699397996,12.163194889799605
2,15.0,967.6082,58.55034966,69.57996005462009,11.029610394620086
2,15.0,968.0903,58.3983577,68.01097915085624,9.612621450856246
2,15.0,968.5724,58.32601056,66.31482081783331,7.988810257833308
2,15.0,969.0545,58.24785351,64.4774742906718,6.2296207806717945
2,15.0,969.5366,58.10221746,62.48423449064449,4.382017030644491
2,15.0,970.0187,57.78253019,60.32088771716534,2.5383575271653385
2,15.0,970.5009,57.23888047,57.97559159874455,0.7367111287445525
2,15.0,970.983,56.42885338,55.44510753971462,-0.9837458402853798
2,15.0,971.4651,55.31698054,52.73842866270329,-2.578551877296711
2,15.0,971.9472,53.87153042,49.88658574060378,-3.9849446793962215
2,15.0,972.4293,52.09906101,46.947075715734904,-5.151985294265096
2,15.0,972.9114,49.98273994,43.99697558274319,-5.985764357256812
2,15.0,973.3936,47.59180034,41.10617338052812,-6.48562695947188
2,15.0,973.8757,44.93470762,38.302419581155114,-6.632288038844884
2,15.0,974.3578,42.05914025,35.54787049628799,-6.511269753712007
2,15.0,974.8399,38.98696218,32.76102356924275,-6.225938610757247
2,15.0,975.322,35.79758527,29.860470933080297,-5.937114336919702
2,15.0,975.8041,32.50199892,26.80058968368531,-5.701409236314689
2,15.0,976.2863,29.21845069,23.582385209111177,-5.636065480888824
2,15.0,976.7684,25.96312925,20.250615668615573,-5.712513581384428
2,15.0,977.2505,22.81803559,16.878833543755558,-5.939202046244443
2,15.0,977.7326,19.8198163,13.561715258712137,-6.258101041287862
2,15.0,978.2147,17.04875646,10.405465915813052,-6.643290544186948
2,15.0,978.6968,14.5156584,7.519121280431398,-6.996537119568601
2,15.0,979.179,12.27786998,5.004756095826195,-7.273113884173805
2,15.0,979.6611,10.34685391,2.949698601884046,-7.397155308115954
2,15.0,980.1432,8.776532531,1.4142176207139348,-7.3623149102860665
2,15.0,980.6253,7.543424634,0.42685395496295,-7.11657067903705
2,15.0,981.1074,6.596315345,-0.019138615724548114,-6.6154539607245475
2,15.0,981.5895,5.964169513,0.035879020331882616,-5.9282904926681175
2,15.0,982.0717,5.602974601,0.5240958583684507,-5.078878742631549
2,15.0,982.5538,5.479196262,1.3587635683821642,-4.120432693617836
2,15.0,983.0359,5.559623961,2.4449050440268096,-3.11471891697319
2,15.0,983.518,5.767449744,3.6882588892628565,-2.079190854737144
2,15.0,984.0001,6.093931758,5.002537682608266,-1.091394075391734
2,15.0,984.4822,6.477488602,6.3140174303637036,-0.16347117163629665
2,15.0,984.9644,6.92553197,7.563888622714101,0.6383566527141014
2,15.0,985.4465,7.344768199,8.707366347548701,1.3625981485487015
2,15.0,985.9286,7.751228969,9.714080492852567,1.9628515238525672
2,15.0,986.4107,8.097045755,10.565128104145227,2.4680823491452273
2,15.0,986.8928,8.368806293,11.25121264158786,2.8824063485878604
2,15.0,987.3749,8.572911985,11.77057678797592,3.19766480297592
2,15.0,987.8571,8.748451239,12.127220709865027,3.378769470865027
2,15.0,988.3392,8.820827586,12.329096912827728,3.508269326827728
2,15.0,988.8213,8.795474235,12.387307947126455,3.591833712126455
2,15.0,989.3034,8.710510464,12.314806117721975,3.604295653721975
2,15.0,989.7855,8.576383591,12.125739421804063,3.5493558308040623
2,15.0,990.2676,8.3866899,11.834887995590867,3.4481980955908664
2,15.0,990.7498,8.155056228,11.457152967773268,3.302096739773269
2,15.0,991.2319,7.861346525,11.00756645375891,3.14621992875891
2,15.0,991.714,7.566895561,10.500569833463697,2.933674272463697
2,15.0,992.1961,7.24183109,9.950119290256255,2.7082882002562556
2,15.0,992.6782,6.892338772,9.369461101407792,2.477122329407792
2,15.0,993.1603,6.564878664,8.771005350459596,2.206126686459596
2,15.0,993.6425,6.205599624,8.166096770324456,1.9604971463244558
2,15.0,994.1246,5.867921074,7.5654335828864285,1.6975125088864287
2,15.0,994.6067,5.526773439,6.978245210651511,1.4514717716515104
2,15.0,995.0888,5.175483876,6.412747250298119,1.2372633742981183
2,15.0,995.5709,4.875574771,5.875986882537017,1.0004121115370168
2,15.0,996.053,4.594659538,5.373832864840992,0.7791733268409917
2,15.0,996.5352,4.305160578,4.910893603421059,0.6057330254210589
2,15.0,997.0173,4.047665532,4.49092222889132,0.4432566968913205
2,15.0,997.4994,3.812224284,4.116287258365582,0.30406297436558205
2,15.0,997.9815,3.597626135,3.788430477625522,0.19080434262552215
2,15.0,998.4636,3.413454147,3.5078459748277133,0.09439182782771338
2,15.0,998.9457,3.25894093,3.2741711295285554,0.01523019952855531
2,15.0,999.4279,3.105273484,3.0862518189492745,-0.019021665050725556
2,15.0,999.91,3.008029103,2.9423934351542824,-0.06563566784571773
2,15.0,1000.392,2.896319338,2.8402514093162465,-0.05606792868375354
2,15.0,1000.874,2.850107018,2.7770352112698395,-0.07307180673016056
2,15.0,1001.356,2.797353643,2.749650768755068,-0.047702874244932136
2,15.0,1001.838,2.783883987,2.7547618812509422,-0.029122105749057603
2,15.0,1002.321,2.776328896,2.7889766851482354,0.0126477891482355
2,15.0,1002.803,2.814534331,2.848581894789409,0.0340475637894091
2,15.0,1003.285,2.860047576,2.9300483829826525,0.07000080698265254
2,15.0,1003.767,2.921953457,3.0298587844665597,0.10790532746655979
2,15.0,1004.249,3.001150519,3.144598951952159,0.14344843295215925
2,15.0,1004.731,3.09916446,3.2709979616488014,0.1718335016488015
2,15.0,1005.213,3.208098804,3.4059592840337967,0.19786048003379664
2,15.0,1005.695,3.316283946,3.5465839152449865,0.23029996924498652
2,15.0,1006.177,3.434554408,3.690186359560264,0.2556319515602641
2,15.0,1006.66,3.534222648,3.834602340159689,0.30037969215968907
2,15.0,1007.142,3.68074592,3.976995756512986,0.296249836512986
2,15.0,1007.624,3.810924472,4.1156596976430135,0.3047352256430136
2,15.0,1008.106,3.935963792,4.248812280303882,0.31284848830388245
2,15.0,1008.588,4.073221216,4.374889599777563,0.3016683837775629
2,15.0,1009.07,4.174840629,4.4925372489579605,0.3176966199579603
2,15.0,1009.552,4.299729939,4.600600263284086,0.30087032428408644
2,15.0,1010.034,4.440908358,4.698111984718044,0.2572036267180442
2,15.0,1010.517,4.543130047,4.784448782464948,0.2413187354649482
2,15.0,1010.999,4.673400962,4.858626441639868,0.18522547963986824
2,15.0,1011.481,4.789822387,4.920362399900224,0.13054001290022388
2,15.0,1011.963,4.890384818,4.96932342550673,0.07893860750672932
2,15.0,1012.445,4.99066712,5.005304639562074,0.01463751956207382
2,15.0,1012.927,5.115380311,5.028218204643653,-0.08716210635634702
2,15.0,1013.409,5.169179037,5.038082522328182,-0.13109651467181838
2,15.0,1013.891,5.256399201,5.035011991786677,-0.2213872092133231
2,15.0,1014.373,5.339101268,5.019207358066559,-0.319893909933441
2,15.0,1014.856,5.379049792,4.990875309480687,-0.38817448251931275
2,15.0,1015.338,5.426461733,4.950480705020853,-0.475981027979147
2,15.0,1015.82,5.436349266,4.898385654853983,-0.5379636111460169
2,15.0,1016.302,5.469019527,4.835051744342106,-0.6339677826578942
2,15.0,1016.784,5.473863487,4.7609874007563295,-0.7128760862436705
2,15.0,1017.266,5.460373807,4.676741605111891,-0.7836322018881088
2,15.0,1017.748,5.44948353,4.58289806989025,-0.86658546010975
2,15.0,1018.23,5.396677614,4.480069849293987,-0.9166077647060122
2,15.0,1018.713,5.354991374,4.368655470521163,-0.986335903478837
2,15.0,1019.195,5.284501052,4.249774565953436,-1.0347264860465648
2,15.0,1019.677,5.217121429,4.12387750618897,-1.0932439228110296
2,15.0,1020.159,5.141630643,3.991648362273245,-1.1499822807267552
2,15.0,1020.641,5.080060993,3.8537789782583536,-1.2262820147416464
2,15.0,1021.123,4.99793251,3.7109655419920724,-1.2869669680079276
2,15.0,1021.605,4.873676855,3.5639053954247926,-1.3097714595752077
2,15.0,1022.087,4.779906785,3.4132940657177624,-1.3666127192822373
2,15.0,1022.569,4.699359386,3.259822500702687,-1.4395368852973132
2,15.0,1023.052,4.585314544,3.103849780435189,-1.4814647635648108
2,15.0,1023.534,4.474023785,2.946697152748649,-1.5273266322513508
2,15.0,1024.016,4.35593937,2.7887061513504707,-1.567233218649529
2,15.0,1024.498,4.215945308,2.6305253579697268,-1.5854199500302735
2,15.0,1024.98,4.117536933,2.4727875798737244,-1.6447493531262758
2,15.0,1025.462,4.003372555,2.316108075703682,-1.6872644792963185
2,15.0,1025.944,3.852867448,2.1610829216851584,-1.6917845263148417
2,15.0,1026.426,3.728106776,2.008287514307283,-1.719819261692717
2,15.0,1026.908,3.577543204,1.8582752063428871,-1.7192679976571128
2,15.0,1027.391,3.439518201,1.711275517817211,-1.7282426831827888
2,15.0,1027.873,3.291537885,1.5684036863414228,-1.723134198658577
2,15.0,1028.355,3.151217015,1.4298320304816987,-1.7213849845183011
2,15.0,1028.837,2.993162777,1.2960146206944545,-1.6971481563055457
2,15.0,1029.319,2.872198203,1.1673785877864478,-1.7048196152135522
2,15.0,1029.801,2.708178504,1.0443235178314212,-1.663854986168579
2,15.0,1030.283,2.588853244,0.9272209679370392,-1.661632276062961
2,15.0,1030.765,2.450241945,0.816414101008362,-1.633827843991638
2,15.0,1031.248,2.324036311,0.712008336227948,-1.6120279747720518
2,15.0,1031.73,2.190191628,0.6147222037211847,-1.5754694242788152
2,15.0,1032.212,2.065734475,0.5245894665081892,-1.541145008491811
2,15.0,1032.694,1.927646534,0.44183829737534597,-1.485808236624654
2,15.0,1033.176,1.810127257,0.36666834768363854,-1.4434589093163614
2,15.0,1033.658,1.706450991,0.29925103920394835,-1.4071999517960516
2,15.0,1034.14,1.622530261,0.23972995229612448,-1.3828003087038756
2,15.0,1034.622,1.536096642,0.18822130562537387,-1.347875336374626
2,15.0,1035.104,1.437335522,0.14481452224629676,-1.292520999753703
2,15.0,1035.587,1.364148506,0.10950827931763962,-1.2546402266823604
2,15.0,1036.069,1.270771941,0.08248665983796283,-1.1882852811620372
2,15.0,1036.551,1.207267803,0.06368124041081552,-1.1435865625891843
2,15.0,1037.033,1.142244012,0.053081403124367044,-1.089162608875633
2,15.0,1037.515,1.136036048,0.05065366054242554,-1.0853823874575745
2,15.0,1037.997,1.069652589,0.05634261592540751,-1.0133099730745925
2,15.0,1038.479,1.04146271,0.07007196676308386,-0.9713907432369162
2,15.0,1038.961,1.015449661,0.09174554506053617,-0.9237041159394637
2,15.0,1039.444,1.001697453,0.12131764649592458,-0.8803798065040754
2,15.0,1039.926,1.007375952,0.15853290871332604,-0.848843043286674
2,15.0,1040.408,0.999527135,0.20329519355567416,-0.7962319414443259
2,15.0,1040.89,0.976744442,0.2554397526095643,-0.7213046893904357
2,15.0,1041.372,1.018582286,0.314787503535621,-0.703794782464379
2,15.0,1041.854,1.004189561,0.38114615908295324,-0.6230434019170468
2,15.0,1042.336,1.037992518,0.45431135078926144,-0.5836811672107386
2,15.0,1042.818,1.070146711,0.5340677423678315,-0.5360789686321685
2,15.0,1043.301,1.109627838,0.6203752617803243,-0.48925257621967566
2,15.0,1043.783,1.147058171,0.7126421189196969,-0.4344160520803032
2,15.0,1044.265,1.195035958,0.8107987350265099,-0.38423722297349017
2,15.0,1044.747,1.27021195,0.9145966615588074,-0.3556152884411926
2,15.0,1045.229,1.317741647,1.0237817458119443,-0.2939599011880558
2,15.0,1045.711,1.401900688,1.1380950971301371,-0.2638055908698629
2,15.0,1046.193,1.482043358,1.2572740178542978,-0.22476934014570227
2,15.0,1046.675,1.576017023,1.3810528969277769,-0.19496412607222302
2,15.0,1047.157,1.62973225,1.5091640644375284,-0.12056818556247162
2,15.0,1047.64,1.720029245,1.6416168637417066,-0.07841238125829353
2,15.0,1048.122,1.822836937,1.7775929833296256,-0.04524395367037437
2,15.0,1048.604,1.911287535,1.917093403647752,0.0058058686477520105
2,15.0,1049.086,2.03251065,2.059849944654766,0.027339294654765922
2,15.0,1049.568,2.137768754,2.2055960183687997,0.0678272643687996
2,15.0,1050.05,2.23158808,2.3540672308658546,0.1224791508658547
2,15.0,1050.532,2.345402355,2.505001941833055,0.15959958683305508
2,15.0,1051.014,2.474164314,2.658141782206823,0.18397746820682315
2,15.0,1051.496,2.6029992,2.813232130616464,0.21023293061646386
2,15.0,1051.979,2.72876956,2.970349436680495,0.24157987668049508
2,15.0,1052.461,2.863255934,3.1285968340998815,0.2653409000998814
2,15.0,1052.943,2.986640505,3.2880570333933528,0.30141652839335276
2,15.0,1053.425,3.119542907,3.448494389926412,0.3289514829264122
2,15.0,1053.907,3.26804946,3.609678807634184,0.3416293476341843
2,15.0,1054.389,3.389777595,3.7713859915054586,0.38160839650545864
2,15.0,1054.871,3.541658374,3.933397667591567,0.39173929359156734
2,15.0,1055.353,3.677987705,4.095501772092538,0.4175140670925379
2,15.0,1055.835,3.82116374,4.257492611102917,0.43632887110291696
2,15.0,1056.318,3.988069307,4.419505965391317,0.4314366583913172
2,15.0,1056.8,4.124633015,4.580678061793456,0.4560450467934567
2,15.0,1057.282,4.288629496,4.741158842618526,0.4525293466185252
2,15.0,1057.764,4.425064607,4.900769174210928,0.47570456721092746
2,15.0,1058.246,4.570245872,5.059336707398202,0.4890908353982022
2,15.0,1058.728,4.714312612,5.216695894553605,0.5023832825536054
2,15.0,1059.21,4.854326539,5.372687988284727,0.5183614492847273
2,15.0,1059.692,4.975500571,5.52716102319581,0.5516604521958097
2,15.0,1060.175,5.080198828,5.680284985490793,0.600086157490793
2,15.0,1060.657,5.198038518,5.831287071967797,0.633248553967797
2,15.0,1061.139,5.30980639,5.980354221458193,0.670547831458193
2,15.0,1061.621,5.447690521,6.127361137136633,0.679670616136633
2,15.0,1062.103,5.563602468,6.272189006098315,0.7085865380983147
2,15.0,1062.585,5.711978716,6.414725407085607,0.7027466910856068
2,15.0,1063.067,5.874323763,6.554864209941071,0.6805404469410714
2,15.0,1063.549,6.0386572,6.6925054677885845,0.6538482677885842
2,15.0,1064.031,6.203680034,6.827555302886177,0.6238752688861773
2,15.0,1064.514,6.386249803,6.960197571466121,0.5739477684661205
2,15.0,1064.996,6.5729257,7.089800791262016,0.5168750912620164
2,15.0,1065.478,6.753307158,7.216565998943819,0.4632588409438192
2,15.0,1065.96,6.956359648,7.3404223663842485,0.3840627183842482
2,15.0,1066.442,7.10616081,7.461304497571718,0.35514368757171777
2,15.0,1066.924,7.265664185,7.579152293067704,0.31348810806770366
2,15.0,1067.406,7.407222034,7.693910813159715,0.28668877915971525
2,15.0,1067.888,7.554313369,7.805530140221161,0.25121677122116104
2,15.0,1068.371,7.673240234,7.914186871085897,0.24094663708589703
2,15.0,1068.853,7.788893741,8.019390729297044,0.2304969882970438
2,15.0,1069.335,7.918179346,8.12133432599717,0.20315497999717014
2,15.0,1069.817,8.009614854,8.21998646422913,0.21037161022912976
2,15.0,1070.299,8.128439699,8.315320283620059,0.1868805846200594
2,15.0,1070.781,8.209970697,8.407313126353925,0.19734242935392565
2,15.0,1071.263,8.300498256,8.495946404787885,0.19544814878788586
2,15.0,1071.745,8.376504968,8.581205470922301,0.20470050292230013
2,15.0,1072.228,8.457132215,8.663245826678967,0.20611361167896725
2,15.0,1072.71,8.509135529,8.741720599801596,0.23258507080159596
2,15.0,1073.192,8.575804104,8.81679957678962,0.24099547278962064
2,15.0,1073.674,8.615876097,8.88848261281844,0.2726065158184401
2,15.0,1074.156,8.669342895,8.956772883091654,0.2874299880916542
2,15.0,1074.638,8.72780005,9.021676766395075,0.29387671639507396
2,15.0,1075.12,8.782841723,9.083203731286396,0.30036200828639537
2,15.0,1075.602,8.823427981,9.141366224954806,0.3179382439548064
2,15.0,1076.084,8.845095114,9.19617956477004,0.35108445077004014
2,15.0,1076.567,8.911296205,9.247765193514073,0.33646898851407414
2,15.0,1077.049,8.970086368,9.295930287826355,0.3258439198263545
2,15.0,1077.531,9.080625815,9.340808408310895,0.2601825933108959
2,15.0,1078.013,9.167766978,9.382425327336659,0.21465834933665917
2,15.0,1078.495,9.253473399,9.420809185177813,0.1673357861778122
2,15.0,1078.977,9.356646115,9.45599039746048,0.09934428246048022
2,15.0,1079.459,9.45951998,9.488001565130887,0.028481585130887055
2,15.0,1079.941,9.538923397,9.516877386890366,-0.022046010109633585
2,15.0,1080.423,9.601260625,9.542654574036755,-0.05860605096324534
2,15.0,1080.906,9.659284104,9.565415745679593,-0.09386835832040674
2,15.0,1081.388,9.728204677,9.585107214875483,-0.14309746212451735
2,15.0,1081.87,9.748916193,9.60182153153907,-0.14709466146092964
2,15.0,1082.352,9.812823181,9.61560265502216,-0.19722052597784057
2,15.0,1082.834,9.845518111,9.626496165069007,-0.21902194593099367
2,15.0,1083.316,9.914401705,9.634549189649775,-0.2798525153502247
2,15.0,1083.798,9.985021576,9.639810334696774,-0.34521124130322534
2,15.0,1084.28,10.07098102,9.642329615666345,-0.4286514043336549
2,15.0,1084.762,10.19368027,9.6421583908491,-0.5515218791508989
2,15.0,1085.245,10.31949945,9.639340763451585,-0.680158686548415
2,15.0,1085.727,10.43400258,9.633942345525275,-0.8000602344747243
2,15.0,1086.209,10.53015335,9.62601502667774,-0.9041383233222611
2,15.0,1086.691,10.59756228,9.615614904135493,-0.9819473758645074
2,15.0,1087.173,10.67395625,9.60279910795406,-1.071157142045939
2,15.0,1087.655,10.70650053,9.587625743240638,-1.1188747867593616
2,15.0,1088.137,10.72825076,9.570153833611041,-1.158096926388959
2,15.0,1088.619,10.70931836,9.550443265814001,-1.1588750941859978
2,15.0,1089.102,10.67768217,9.528507102089968,-1.1491750679100328
2,15.0,1089.584,10.65667497,9.504497733688215,-1.1521772363117844
2,15.0,1090.066,10.63434113,9.47843413823216,-1.1559069917678393
2,15.0,1090.548,10.63495594,9.45037912369522,-1.18457681630478
2,15.0,1091.03,10.63469047,9.420396099548023,-1.2142943704519773
2,15.0,1091.512,10.66037742,9.388549027125482,-1.271828392874518
2,15.0,1091.994,10.63450173,9.354902370764568,-1.2795993592354318
2,15.0,1092.476,10.67524268,9.31952104966741,-1.3557216303325905
2,15.0,1092.958,10.69187055,9.282470390446857,-1.4094001595531438
2,15.0,1093.441,10.70919237,9.243734263397867,-1.4654581066021333
2,15.0,1093.923,10.712645,9.203539182619338,-1.5091058173806626
2,15.0,1094.405,10.72261288,9.161872860640633,-1.5607400193593666
2,15.0,1094.887,10.70077961,9.118801791916272,-1.5819778180837272
2,15.0,1095.369,10.65495471,9.074392649901958,-1.5805620600980426
2,15.0,1095.851,10.62063404,9.028712242967998,-1.5919217970320023
2,15.0,1096.333,10.55627384,8.981827470780386,-1.5744463692196131
2,15.0,1096.815,10.47622593,8.933805281130132,-1.542420648869868
2,15.0,1097.298,10.4017534,8.884609708904321,-1.5171436910956793
2,15.0,1097.78,10.31270231,8.83451149439495,-1.4781908156050498
2,15.0,1098.262,10.24576568,8.783476707811696,-1.4622889721883041
2,15.0,1098.744,10.14747877,8.731572065920187,-1.4159067040798128
2,15.0,1099.226,10.09523454,8.678864123940606,-1.4163704160593937
2,15.0,1099.708,10.02239327,8.625419234830076,-1.396974035169924
2,15.0,1100.19,9.963197886,8.57130350895896,-1.391894377041039
2,15.0,1100.672,9.923519952,8.516582774182966,-1.4069371778170332
2,15.0,1101.155,9.891998353,8.461207372966905,-1.4307909800330947
2,15.0,1101.637,9.841858461,8.405471859964472,-1.4363866010355277
2,15.0,1102.119,9.797259433,8.349326867199531,-1.4479325658004694
2,15.0,1102.601,9.774971368,8.292836700378107,-1.4821346676218923
2,15.0,1103.083,9.735068769,8.236065189158749,-1.4990035798412507
2,15.0,1103.565,9.72376312,8.17907564977678,-1.54468747022322
2,15.0,1104.047,9.676014123,8.121930848141323,-1.5540832748586766
2,15.0,1104.529,9.64202455,8.064692963423665,-1.577331586576335
2,15.0,1105.011,9.602694482,8.007423552156348,-1.595270929843652
2,15.0,1105.494,9.537419924,7.950064830017181,-1.5873550939828194
2,15.0,1105.976,9.498771643,7.892914616333646,-1.6058570266663539
2,15.0,1106.458,9.451173596,7.835913581592238,-1.6152600144077622
2,15.0,1106.94,9.413493559,7.7791204421310765,-1.6343731168689244
2,15.0,1107.422,9.339685425,7.722593120521112,-1.6170923044788887
2,15.0,1107.904,9.304042794,7.666388713215189,-1.6376540807848121
2,15.0,1108.386,9.239827799,7.610563458877645,-1.6292643401223552
2,15.0,1108.868,9.179428256,7.555172707422182,-1.6242555485778176
2,15.0,1109.35,9.165029889,7.500270889785339,-1.6647589992146603
2,15.0,1109.833,9.095768107,7.445799310058193,-1.6499687969418062
2,15.0,1110.315,9.058235782,7.392036118599758,-1.666199663400243
2,15.0,1110.797,9.010510134,7.338919455045176,-1.671590678954824
2,15.0,1111.279,8.951804808,7.286499785678149,-1.665305022321851
2,15.0,1111.761,8.919375374,7.2348265186303795,-1.68454885536962
2,15.0,1112.243,8.848782227,7.183947978655887,-1.6648342483441123
2,15.0,1112.725,8.771481528,7.133911382833323,-1.637570145166678
2,15.0,1113.207,8.721983551,7.084762817223751,-1.6372207337762479
2,15.0,1113.689,8.682513105,7.036547214508164,-1.6459658904918362
2,15.0,1114.172,8.612298302,6.989211371684083,-1.6230869303159166
2,15.0,1114.654,8.549713271,6.942993931619568,-1.6067193393804322
2,15.0,1115.136,8.512132156,6.897837208306992,-1.6142949476930077
2,15.0,1115.618,8.452288761,6.853781315146812,-1.5985074458531878
2,15.0,1116.1,8.412801794,6.810865115836745,-1.6019366781632547
2,15.0,1116.582,8.363507311,6.769126208370526,-1.5943811026294732
2,15.0,1117.064,8.315082174,6.728600910164933,-1.5864812638350676
2,15.0,1117.546,8.270881451,6.689324244330983,-1.5815572066690162
2,15.0,1118.029,8.227463154,6.651252456421156,-1.5762106975788441
2,15.0,1118.511,8.180040623,6.614575646211113,-1.5654649767888866
2,15.0,1118.993,8.135104929,6.579244715115088,-1.5558602138849125
2,15.0,1119.475,8.091336314,6.545289392310102,-1.5460469216898973
2,15.0,1119.957,8.06246605,6.512738061622502,-1.549727988377497
2,15.0,1120.439,7.984405858,6.481617754912707,-1.5027881030872923
2,15.0,1120.921,7.937809345,6.451954146669866,-1.4858551983301336
2,15.0,1121.403,7.896072357,6.423771549818254,-1.472300807181746
2,15.0,1121.885,7.848419763,6.397092912736078,-1.4513268502639223
2,15.0,1122.368,7.830762566,6.371889232695503,-1.4588733333044965
2,15.0,1122.85,7.799200633,6.34828512148662,-1.4509155115133803
2,15.0,1123.332,7.775091336,6.326245653915481,-1.448845682084519
2,15.0,1123.814,7.748613353,6.305788311683924,-1.442825041316076
2,15.0,1124.296,7.733121141,6.286929215109926,-1.4461919258900737
2,15.0,1124.778,7.69879753,6.269683127322418,-1.4291144026775822
2,15.0,1125.26,7.683894872,6.254063459617478,-1.429831412382522
2,15.0,1125.742,7.654132275,6.24008227796133,-1.4140499970386706
2,15.0,1126.225,7.650331296,6.227726446731338,-1.4226048492686623
2,15.0,1126.707,7.616926476,6.217056542991877,-1.399869933008123
2,15.0,1127.189,7.584605694,6.208053348495888,-1.3765523455041127
2,15.0,1127.671,7.58017435,6.2007236325434985,-1.3794507174565016
2,15.0,1128.153,7.570458355,6.195072868213914,-1.3753854867860866
2,15.0,1128.635,7.526326283,6.191105245347942,-1.3352210376520581
2,15.0,1129.117,7.511744284,6.188823684527951,-1.3229205994720488
2,15.0,1129.599,7.495030425,6.188229852028021,-1.3068005729719792
2,15.0,1130.082,7.466993316,6.189328200578058,-1.277665115421942
2,15.0,1130.564,7.450348415,6.192113385765016,-1.2582350292349833
2,15.0,1131.046,7.428397473,6.196583930303469,-1.231813542696531
2,15.0,1131.528,7.409649677,6.202736648669971,-1.2069130283300291
2,15.0,1132.01,7.374544185,6.210567189331942,-1.1639769956680581
2,15.0,1132.492,7.39365616,6.220070054878251,-1.1735861051217489
2,15.0,1132.974,7.36868329,6.2312386228963454,-1.1374446671036544
2,15.0,1133.456,7.354648237,6.244065167560484,-1.1105830694395165
2,15.0,1133.938,7.341307506,6.2585408818946915,-1.0827666241053082
2,15.0,1134.421,7.35328867,6.2746910309892545,-1.078597639010746
2,15.0,1134.903,7.319978579,6.292437820638013,-1.0275407583619867
2,15.0,1135.385,7.336720551,6.311801078361259,-1.0249194726387412
2,15.0,1135.867,7.308906865,6.3327679053943156,-0.9761389596056844
2,15.0,1136.349,7.307454581,6.355324442012245,-0.952130138987755
2,15.0,1136.831,7.323926469,6.379455893058056,-0.9444705759419438
2,15.0,1137.313,7.30138544,6.4051465538818055,-0.8962388861181942
2,15.0,1137.795,7.294180622,6.432379836652102,-0.8618007853478975
2,15.0,1138.277,7.318088595,6.461138297002497,-0.8569502979975026
2,15.0,1138.76,7.321940433,6.491468005509357,-0.8304724274906432
2,15.0,1139.242,7.318646565,6.523224263159683,-0.7954223018403166
2,15.0,1139.724,7.322557095,6.556448454794739,-0.7661086402052604
2,15.0,1140.206,7.337562199,6.591119980219147,-0.746442218780853
2,15.0,1140.688,7.333853616,6.627217519694731,-0.7066360963052691
2,15.0,1141.17,7.351322378,6.664719061810855,-0.6866033161891449
2,15.0,1141.652,7.363590073,6.703601931432487,-0.6599881415675135
2,15.0,1142.134,7.37499989,6.7438428176912195,-0.6311570723087803
2,15.0,1142.616,7.396375514,6.7854178019858615,-0.6109577120141383
2,15.0,1143.099,7.418587926,6.828392702164137,-0.5901952238358632
2,15.0,1143.581,7.426903446,6.872564474255703,-0.554338971744297
2,15.0,1144.063,7.480004789,6.917995168055386,-0.5620096209446137
2,15.0,1144.545,7.49348295,6.9646587120833265,-0.5288242379166732
2,15.0,1145.027,7.525498892,7.012528566201106,-0.5129703257988938
2,15.0,1145.509,7.553252108,7.061577749005448,-0.49167435899455203
2,15.0,1145.991,7.573053849,7.111778865018884,-0.46127498398111566
2,15.0,1146.473,7.621368938,7.163104131651427,-0.4582648063485726
2,15.0,1146.956,7.654296615,7.21563528333424,-0.4386613316657595
2,15.0,1147.438,7.679941936,7.269126273215183,-0.41081566278481674
2,15.0,1147.92,7.715976327,7.323655948901221,-0.39232037809877873
2,15.0,1148.402,7.730365095,7.379195242961116,-0.3511698520388835
2,15.0,1148.884,7.769406535,7.435714831424704,-0.33369170357529576
2,15.0,1149.366,7.82383688,7.493185158875081,-0.33065172112491936
2,15.0,1149.848,7.84079151,7.551576463157249,-0.28921504684275057
2,15.0,1150.33,7.877009601,7.610858799686135,-0.2661508013138647
2,15.0,1150.812,7.92811742,7.671002065337235,-0.2571153546627656
2,15.0,1151.295,7.968289233,7.73210336635256,-0.2361858666474399
2,15.0,1151.777,7.996948005,7.793879292405131,-0.20306871259486936
2,15.0,1152.259,8.02776985,7.856425056076955,-0.17134479392304502
2,15.0,1152.741,8.066062801,7.919710150022536,-0.1463526509774633
2,15.0,1153.223,8.095689611,7.983704021102532,-0.11198558989746754
2,15.0,1153.705,8.15705978,8.048376091489088,-0.10868368851091326
2,15.0,1154.187,8.193505271,8.113695779270172,-0.07980949172982754
2,15.0,1154.669,8.263761463,8.17963251854527,-0.08412894445472929
2,15.0,1155.152,8.272900623,8.246294382602985,-0.026606240397015313
2,15.0,1155.634,8.340099702,8.313374810581907,-0.026724891418092867
2,15.0,1156.116,8.371002579,8.3809808186308,0.009978239630799024
2,15.0,1156.598,8.425567999,8.449082095674862,0.023514096674862373
2,15.0,1157.08,8.468620471,8.517648439336002,0.0490279683360022
2,15.0,1157.562,8.528773207,8.586649772868709,0.057876565868708596
2,15.0,1158.044,8.553596915,8.65605616156004,0.10245924656003957
2,15.0,1158.526,8.627791513,8.725837828593324,0.098046315593324
2,15.0,1159.009,8.681562843,8.796111001674294,0.11454815867429424
2,15.0,1159.491,8.7313552,8.866555228332127,0.13520002833212708
2,15.0,1159.973,8.765162113,8.937286440479367,0.17212432747936646
2,15.0,1160.455,8.84087082,9.008275641288867,0.16740482128886747
2,15.0,1160.937,8.865455579,9.079494063170893,0.21403848417089222
2,15.0,1161.419,8.932263157,9.150913180451383,0.2186500234513833
2,15.0,1161.901,9.011741377,9.222504721531369,0.2107633445313688
2,15.0,1162.383,9.064690807,9.294240680532393,0.22954987353239353
2,15.0,1162.865,9.105453491,9.36609332843334,0.26063983743333985
2,15.0,1163.348,9.15486484,9.438184554638756,0.2833197146387558
2,15.0,1163.83,9.206016211,9.510188654222837,0.30417244322283743
2,15.0,1164.312,9.293207658,9.582227965306869,0.2890203073068687
2,15.0,1164.794,9.327749097,9.654275968383363,0.3265268713833631
2,15.0,1165.276,9.399148698,9.726306469102065,0.32715777110206545
2,15.0,1165.758,9.451090409,9.79829360649586,0.34720319749586004
2,15.0,1166.24,9.512619314,9.870211860748904,0.3575925467489043
2,15.0,1166.722,9.57133539,9.942036060515182,0.3707006705151823
2,15.0,1167.204,9.638073273,10.013741389797026,0.3756681167970264
2,15.0,1167.687,9.717286735,10.085451697522409,0.3681649625224086
2,15.0,1168.169,9.770439217,10.156845918943363,0.386406701943363
2,15.0,1168.651,9.833345544,10.228048967541461,0.39470342354146126
2,15.0,1169.133,9.896323116,10.299037509801112,0.4027143938011122
2,15.0,1169.615,9.94505293,10.369788595675523,0.4247356656755237
2,15.0,1170.097,10.00442783,10.44027966301927,0.4358518330192709
2,15.0,1170.579,10.07314891,10.510488541647936,0.43733963164793543
2,15.0,1171.061,10.13512275,10.58039345703415,0.4452707070341493
2,15.0,1171.543,10.20499545,10.649973033651053,0.44497758365105256
2,15.0,1172.026,10.26425836,10.719349561120664,0.4550912011206645
2,15.0,1172.508,10.30012184,10.788215162025272,0.4880933220252732
2,15.0,1172.99,10.39263572,10.85669367852691,0.4640579585269098
2,15.0,1173.472,10.47487273,10.924765358676952,0.44989262867695246
2,15.0,1173.954,10.5164571,10.992410861305661,0.4759537613056608
2,15.0,1174.436,10.58542941,11.059611257458782,0.474181847458782
2,15.0,1174.918,10.63372797,11.126348031552086,0.4926200615520848
2,15.0,1175.4,10.70431109,11.192603082253113,0.4882919922531137
2,15.0,1175.883,10.77805863,11.258494614403396,0.4804359844033961
2,15.0,1176.365,10.83014989,11.323732484553346,0.49358259455334696
2,15.0,1176.847,10.92308329,11.388436783218424,0.4653534932184247
2,15.0,1177.329,10.97725833,11.452591070640109,0.4753327406401091
2,15.0,1177.811,11.03021149,11.516179321968767,0.48596783196876814
2,15.0,1178.293,11.09648054,11.579185926710945,0.4827053867109452
2,15.0,1178.775,11.15022607,11.641595687969579,0.49136961796957834
2,15.0,1179.257,11.2090472,11.703393821486456,0.49434662148645536
2,15.0,1179.74,11.27863795,11.764692207152592,0.4860542571525919
2,15.0,1180.222,11.34984621,11.825223035099338,0.4753768250993371
2,15.0,1180.704,11.40218704,11.885100318306511,0.482913278306512
2,15.0,1181.186,11.47625693,11.94431091068367,0.46805398068367055
2,15.0,1181.668,11.50617864,12.002842071318659,0.49666343131865887
2,15.0,1182.15,11.58181859,12.060681462509141,0.4788628725091417
2,15.0,1182.632,11.64411338,12.117817147653327,0.4737037676533262
2,15.0,1183.114,11.69934823,12.17423758900763,0.47488935900762996
2,15.0,1183.596,11.76026485,12.22993164531774,0.4696667953177389
2,15.0,1184.079,11.81089385,12.285001814347574,0.4741079643475743
2,15.0,1184.561,11.88437007,12.33920968891284,0.45483961891284075
2,15.0,1185.043,11.96147376,12.392660087898038,0.4311863278980379
2,15.0,1185.525,11.97881082,12.445343430836022,0.4665326108360226
2,15.0,1186.007,12.07815557,12.49725052024595,0.41909495024595067
2,15.0,1186.489,12.12738191,12.548372538648225,0.4209906286482248
2,15.0,1186.971,12.15310757,12.598701045497672,0.44559347549767203
2,15.0,1187.453,12.21979208,12.648227974041605,0.42843589404160554
2,15.0,1187.936,12.27965215,12.697045855693236,0.417393705693236
2,15.0,1188.418,12.33231386,12.744945204848609,0.4126313448486094
2,15.0,1188.9,12.39297915,12.792020971678953,0.39904182167895286
2,15.0,1189.382,12.44118468,12.83826655259897,0.3970818725989709
2,15.0,1189.864,12.4929578,12.883675701147641,0.39071790114764227
2,15.0,1190.346,12.54937985,12.928242524499716,0.37886267449971633
2,15.0,1190.828,12.6013387,12.9719614799355,0.3706227799355002
2,15.0,1191.31,12.64281786,13.014827371273537,0.37200951127353754
2,15.0,1191.792,12.6820255,13.056835345269366,0.37480984526936645
2,15.0,1192.275,12.72438723,13.098065352730552,0.3736781227305528
2,15.0,1192.757,12.77379613,13.138342483818406,0.3645463538184064
2,15.0,1193.239,12.82302529,13.177749151378675,0.35472386137867495
2,15.0,1193.721,12.87721572,13.216281838037881,0.33906611803788067
2,15.0,1194.203,12.90353427,13.253937350968352,0.35040308096835204
2,15.0,1194.685,12.96808353,13.290712818158758,0.32262928815875824
2,15.0,1195.167,13.01213149,13.326605684673714,0.3144741946737142
2,15.0,1195.649,13.06428481,13.361613708905475,0.29732889890547476
2,15.0,1196.131,13.09961237,13.395734958819597,0.29612258881959796
2,15.0,1196.614,13.14872907,13.42903583155805,0.2803067615580499
2,15.0,1197.096,13.18948296,13.461377109167834,0.27189414916783505
2,15.0,1197.578,13.23785989,13.492827634397493,0.2549677443974936
2,15.0,1198.06,13.29020347,13.523386676536921,0.23318320653692126
2,15.0,1198.542,13.32163541,13.553053795662386,0.23141838566238526
2,15.0,1199.024,13.37861306,13.581828838892466,0.2032157788924671
2,15.0,1199.506,13.4133859,13.609711936651662,0.19632603665166215
2,15.0,1199.988,13.45820193,13.63670349894348,0.17850156894347968
2,15.0,1200.47,13.49108216,13.662804211633775,0.1717220516337754
2,15.0,1200.953,13.50627755,13.688066413119683,0.18178886311968334
2,15.0,1201.435,13.5697679,13.712386726898837,0.1426188268988362
2,15.0,1201.917,13.59040595,13.735819870232378,0.14541392023237876
2,15.0,1202.399,13.62843966,13.758367596059035,0.12992793605903508
2,15.0,1202.881,13.64012374,13.780031914785994,0.13990817478599382
2,15.0,1203.363,13.68704705,13.80081509065739,0.11376804065738888
2,15.0,1203.845,13.70736745,13.820719638139272,0.11335218813927206
2,15.0,1204.327,13.72788854,13.839748318322219,0.11185977832221816
2,15.0,1204.81,13.77493461,13.857940897882388,0.0830062878823874
2,15.0,1205.292,13.78912811,13.875225294702307,0.08609718470230732
2,15.0,1205.774,13.81968888,13.891643558996906,0.07195467899690655
2,15.0,1206.256,13.84869307,13.907199403218538,0.05850633321853849
2,15.0,1206.738,13.88118829,13.921896768722153,0.04070847872215211
2,15.0,1207.22,13.89781647,13.935739822278627,0.037923352278626865
2,15.0,1207.702,13.92480464,13.948732952607006,0.023928312607006674
2,15.0,1208.184,13.9539934,13.960880766925742,0.0068873669257421
2,15.0,1208.667,14.00372863,13.97221067645948,-0.03151795354052034
2,15.0,1209.149,14.00663189,13.982680809339096,-0.02395108066090401
2,15.0,1209.631,14.04526428,13.99232073574371,-0.05294354425628889
2,15.0,1210.113,14.06538891,14.001135903196465,-0.06425300680353452
2,15.0,1210.595,14.08665857,14.009131960747522,-0.07752660925247845
2,15.0,1211.077,14.11183043,14.01631475563508,-0.09551567436492014
2,15.0,1211.559,14.12930647,14.02269032996368,-0.10661614003631925
2,15.0,1212.041,14.15718143,14.028264917399492,-0.12891651260050807
2,15.0,1212.523,14.16881944,14.033044939881828,-0.13577450011817227
2,15.0,1213.006,14.19724214,14.037044472241085,-0.16019766775891497
2,15.0,1213.488,14.20357147,14.040253753879218,-0.1633177161207815
2,15.0,1213.97,14.21387593,14.042688848012686,-0.17118708198731447
2,15.0,1214.452,14.22594118,14.044356897462743,-0.18158428253725667
2,15.0,1214.934,14.25207042,14.045265217104951,-0.20680520289504933
2,15.0,1215.416,14.26861555,14.045421290668969,-0.22319425933103076
2,15.0,1215.898,14.27283358,14.044832767550927,-0.2280008124490731
2,15.0,1216.38,14.26985277,14.043507459637924,-0.22634531036207584
2,15.0,1216.863,14.27830482,14.041448324493333,-0.2368564955066681
2,15.0,1217.345,14.29876293,14.038672030161639,-0.260090899838362
2,15.0,1217.827,14.29981504,14.035183347391072,-0.26463169260892805
2,15.0,1218.309,14.29561203,14.030990706804603,-0.2646213231953958
2,15.0,1218.791,14.29190262,14.026102685791052,-0.2657999342089479
2,15.0,1219.273,14.28938141,14.020528005388591,-0.2688534046114093
2,15.0,1219.755,14.31706823,14.014275527175846,-0.3027927028241546
2,15.0,1220.237,14.30061721,14.007354250169914,-0.293262959830086
2,15.0,1220.719,14.30178304,13.999773307730505,-0.3020097322694948
2,15.0,1221.202,14.27588148,13.991524217398757,-0.28435726260124383
2,15.0,1221.684,14.32032457,13.982650546054888,-0.33767402394511237
2,15.0,1222.166,14.31932463,13.973145404409147,-0.3461792255908538
2,15.0,1222.648,14.29351055,13.963018432586018,-0.3304921174139821
2,15.0,1223.13,14.30436716,13.952279389638466,-0.3520877703615337
2,15.0,1223.612,14.30202015,13.9409381504761,-0.3610819995239005
2,15.0,1224.094,14.28645019,13.929004702795329,-0.3574454872046715
2,15.0,1224.576,14.29545114,13.916489144010916,-0.3789619959890853
2,15.0,1225.058,14.31114052,13.903401678188,-0.4077388418119998
2,15.0,1225.541,14.30402615,13.889723718834457,-0.41430243116554344
2,15.0,1226.023,14.30106347,13.875522329730401,-0.42554114026959944
2,15.0,1226.505,14.29434125,13.86078027690259,-0.4335609730974106
2,15.0,1226.987,14.28211178,13.84550816052849,-0.4366036194715086
2,15.0,1227.469,14.26751445,13.829716672083354,-0.4377977779166464
2,15.0,1227.951,14.26974171,13.813416591266058,-0.45632511873394144
2,15.0,1228.433,14.24594911,13.796618782922456,-0.4493303270775435
2,15.0,1228.915,14.24351509,13.779334193965672,-0.4641808960343283
2,15.0,1229.397,14.23946339,13.761573850293033,-0.47788953970696646
2,15.0,1229.88,14.22295561,13.743310567237682,-0.4796450427623178
2,15.0,1230.362,14.1998749,13.724631163162819,-0.47524373683718046
2,15.0,1230.844,14.18942759,13.705509548480231,-0.48391804151976814
2,15.0,1231.326,14.17881745,13.68595703425005,-0.4928604157499503
2,15.0,1231.808,14.18126336,13.665984995033787,-0.515278364966214
2,15.0,1232.29,14.15315596,13.645604865785025,-0.5075510942149748
2,15.0,1232.772,14.14462678,13.624828138735129,-0.5197986412648703
2,15.0,1233.254,14.11595524,13.6036663602737,-0.5122888797263006
2,15.0,1233.737,14.10539845,13.582086068784719,-0.5233123812152805
2,15.0,1234.219,14.10267861,13.560188289169128,-0.542490320830872
2,15.0,1234.701,14.08497381,13.537940415283039,-0.5470333947169603
2,15.0,1235.183,14.06780588,13.515354178930481,-0.5524517010695185
2,15.0,1235.665,14.05443413,13.49244135038956,-0.5619927796104403
2,15.0,1236.147,14.04448582,13.469213735261013,-0.5752720847389874
2,15.0,1236.629,14.03034144,13.445683171311781,-0.5846582686882194
2,15.0,1237.111,14.00914745,13.421861525313274,-0.5872859246867268
2,15.0,1237.594,14.00525329,13.397710406187793,-0.6075428838122079
2,15.0,1238.076,13.96935371,13.37334175447671,-0.5960119555232897
2,15.0,1238.558,13.95574861,13.348717788151722,-0.6070308218482783
2,15.0,1239.04,13.94989246,13.323850458325847,-0.6260420016741524
2,15.0,1239.522,13.94582314,13.298751729235716,-0.6470714107642834
2,15.0,1240.004,13.91440412,13.273433575055476,-0.6409705449445244
2,15.0,1240.486,13.88308381,13.247907976707522,-0.6351758332924788
2,15.0,1240.968,13.85312941,13.222186918671131,-0.6309424913288684
2,15.0,1241.45,13.85940051,13.196282385788706,-0.6631181242112945
2,15.0,1241.933,13.83411255,13.170152090475455,-0.6639604595245459
2,15.0,1242.415,13.80047976,13.143916229399824,-0.6565635306001756
2,15.0,1242.897,13.76121989,13.117532843044788,-0.6436870469552112
2,15.0,1243.379,13.73676833,13.091013885718612,-0.6457544442813887
2,15.0,1243.861,13.69654855,13.064371296106893,-0.6321772538931061
2,15.0,1244.343,13.69349477,13.037616994078576,-0.6558777759214234
2,15.0,1244.825,13.66811279,13.010762877494344,-0.6573499125056568
2,15.0,1245.307,13.64642493,12.983820819017922,-0.6626041109820786
2,15.0,1245.79,13.60743259,12.956746537762733,-0.6506860522372673
2,15.0,1246.272,13.59215597,12.929663975669802,-0.6624919943301979
2,15.0,1246.754,13.57206389,12.90252893106564,-0.66953495893436
2,15.0,1247.236,13.54845866,12.87535314394431,-0.6731055160556902
2,15.0,1247.718,13.52829818,12.848148313225495,-0.6801498667745047
2,15.0,1248.2,13.52001774,12.820926093600738,-0.6990916463992622
2,15.0,1248.682,13.46442559,12.79369809238879,-0.6707274976112085
2,15.0,1249.164,13.45536187,12.766475866400853,-0.6888860035991478
2,15.0,1249.646,13.43904812,12.739270918816672,-0.6997772011833288
2,15.0,1250.129,13.41167147,12.712038351637055,-0.6996331183629447
2,15.0,1250.611,13.37580911,12.68490233533968,-0.6909067746603199
2,15.0,1251.093,13.37002559,12.657817777569676,-0.7122078124303233
2,15.0,1251.575,13.33543777,12.6307959358574,-0.7046418341426008
2,15.0,1252.057,13.31469028,12.603847998676628,-0.710842281323373
2,15.0,1252.539,13.28682682,12.576985082408372,-0.7098417375916277
2,15.0,1253.021,13.26879357,12.550218228323338,-0.7185753416766616
2,15.0,1253.503,13.24320259,12.52355839958391,-0.7196441904160888
2,15.0,1253.985,13.22885736,12.497016478266994,-0.7318408817330049
2,15.0,1254.468,13.20318337,12.470548604440477,-0.7326347655595224
2,15.0,1254.95,13.18318005,12.444275105422847,-0.738904944577154
2,15.0,1255.432,13.15678484,12.418151666051257,-0.7386331739487435
2,15.0,1255.914,13.13810315,12.392188814551515,-0.7459143354484841
2,15.0,1256.396,13.094682,12.366396983526258,-0.7282850164737429
2,15.0,1256.878,13.06696254,12.340786507127984,-0.7261760328720168
2,15.0,1257.36,13.06021011,12.31536761826127,-0.74484249173873
2,15.0,1257.842,13.02949787,12.290150445815772,-0.7393474241842277
2,15.0,1258.324,13.03196748,12.265145011930809,-0.7668224680691917
2,15.0,1258.807,13.01192532,12.240310047881081,-0.7716152721189182
2,15.0,1259.289,12.98420185,12.215758207355567,-0.7684436426444332
2,15.0,1259.771,12.96877347,12.191447524430288,-0.7773259455697126
2,15.0,1260.253,12.94655793,12.167387567323257,-0.7791703626767443
2,15.0,1260.735,12.91475264,12.143587784340802,-0.7711648556591975
2,15.0,1261.217,12.88798861,12.120057501359064,-0.767931108640937
2,15.0,1261.699,12.88145093,12.096805919346238,-0.7846450106537617
2,15.0,1262.181,12.84760103,12.073842111926188,-0.7737589180738116
2,15.0,1262.664,12.852241,12.051128310403563,-0.8011126895964367
2,15.0,1263.146,12.83131189,12.028767394688344,-0.8025444953116558
2,15.0,1263.628,12.80885664,12.006720704521777,-0.8021359354782227
2,15.0,1264.11,12.77780137,11.98499678037816,-0.7928045896218414
2,15.0,1264.592,12.7734391,11.96360402386864,-0.8098350761313586
2,15.0,1265.074,12.73368859,11.942550695580122,-0.7911378944198777
2,15.0,1265.556,12.73113661,11.921844912963802,-0.8092916970361976
2,15.0,1266.038,12.70146759,11.901494648274607,-0.7999729417253931
2,15.0,1266.521,12.69577437,11.881466642964794,-0.8143077270352066
2,15.0,1267.003,12.68017746,11.861851517743156,-0.818325942256843
2,15.0,1267.485,12.65365504,11.842614951669868,-0.8110400883301327
2,15.0,1267.967,12.62697196,11.823764316345352,-0.8032076436546483
2,15.0,1268.449,12.63379521,11.805306828667655,-0.8284883813323454
2,15.0,1268.931,12.6095634,11.787249549098865,-0.8223138509011356
2,15.0,1269.413,12.60906558,11.76959937998968,-0.8394662000103192
2,15.0,1269.895,12.60482917,11.752363063962468,-0.8524661060375323
2,15.0,1270.377,12.58052796,11.735547182354113,-0.8449807776458869
2,15.0,1270.86,12.56044775,11.719124599664513,-0.8413231503354872
2,15.0,1271.342,12.56468442,11.703169583288947,-0.8615148367110539
2,15.0,1271.824,12.54064871,11.687653775427162,-0.8529949345728376
2,15.0,1272.306,12.52570401,11.672583097573385,-0.8531209124266148
2,15.0,1272.788,12.51495046,11.657963303068765,-0.8569871569312344
2,15.0,1273.27,12.51209935,11.643799975917588,-0.8682993740824116
2,15.0,1273.752,12.50336828,11.630098529668123,-0.8732697503318771
2,15.0,1274.234,12.47167199,11.616864206358619,-0.8548077836413821
2,15.0,1274.717,12.45730046,11.60407609234818,-0.853224367651821
2,15.0,1275.199,12.45961477,11.591792044896597,-0.8678227251034034
2,15.0,1275.681,12.42434477,11.579989817501268,-0.8443549524987315
2,15.0,1276.163,12.42697827,11.56867395657559,-0.8583043134244086
2,15.0,1276.645,12.42714583,11.55784883274476,-0.8692969972552405
2,15.0,1277.127,12.41351956,11.547518640191896,-0.8660009198081031
2,15.0,1277.609,12.40281906,11.537687396072235,-0.865131663927766
2,15.0,1278.091,12.39718122,11.528358939995204,-0.868822280004796
2,15.0,1278.573,12.39218572,11.51953693357489,-0.8726487864251098
2,15.0,1279.056,12.36924884,11.5112081474799,-0.858040692520099
2,15.0,1279.538,12.37869161,11.503410379515447,-0.8752812304845534
2,15.0,1280.02,12.35384282,11.496128980907109,-0.8577138390928916
2,15.0,1280.502,12.34638619,11.489366897789052,-0.8570192922109481
2,15.0,1280.984,12.35731082,11.483126897079075,-0.8741839229209258
2,15.0,1281.466,12.36013324,11.47741156643993,-0.88272167356007
2,15.0,1281.948,12.34996071,11.472223314309002,-0.877737395690998
2,15.0,1282.43,12.34544427,11.46756436999587,-0.87787990000413
2,15.0,1282.912,12.35850826,11.463436783847845,-0.8950714761521557
2,15.0,1283.395,12.35372302,11.4598355258081,-0.893887494191901
2,15.0,1283.877,12.35171575,11.456777203850784,-0.8949385461492163
2,15.0,1284.359,12.34419961,11.454255322951903,-0.8899442870480971
2,15.0,1284.841,12.35193716,11.452271220242825,-0.8996659397571758
2,15.0,1285.323,12.36339806,11.450826055727687,-0.9125720042723131
2,15.0,1285.805,12.34999218,11.449920812848772,-0.9000713671512273
2,15.0,1286.287,12.34985031,11.449556299116933,-0.9002940108830675
2,15.0,1286.769,12.35215025,11.44973314680646,-0.9024171031935388
2,15.0,1287.251,12.35761832,11.450451813713721,-0.9071665062862788
2,15.0,1287.734,12.36915462,11.451715763306595,-0.9174388566934049
2,15.0,1288.216,12.35142224,11.453519873221735,-0.8979023667782648
2,15.0,1288.698,12.36034404,11.45586613710312,-0.904477902896879
2,15.0,1289.18,12.33996456,11.45875432332181,-0.8812102366781911
2,15.0,1289.662,12.33240454,11.462184030499824,-0.8702205095001769
2,15.0,1290.144,12.34736028,11.466154688636728,-0.8812055913632726
2,15.0,1290.626,12.34938546,11.470665560294869,-0.878719899705132
2,15.0,1291.108,12.32064056,11.475715741841936,-0.8449248181580629
2,15.0,1291.591,12.35266128,11.481316317662161,-0.8713449623378384
2,15.0,1292.073,12.3411462,11.487442862597279,-0.8537033374027221
2,15.0,1292.555,12.35022659,11.494105019566133,-0.8561215704338672
2,15.0,1293.037,12.34331763,11.501301233369576,-0.8420163966304237
2,15.0,1293.519,12.35524739,11.509029789659113,-0.8462176003408874
2,15.0,1294.001,12.36873846,11.517288816503813,-0.8514496434961867
2,15.0,1294.483,12.38670954,11.526076286007616,-0.8606332539923844
2,15.0,1294.965,12.37357243,11.53539001597569,-0.8381824140243097
2,15.0,1295.448,12.38821028,11.545248624623227,-0.8429616553767723
2,15.0,1295.93,12.3886284,11.555608799496868,-0.8330196005031318
2,15.0,1296.412,12.38148904,11.56648777421348,-0.8150012657865204
2,15.0,1296.894,12.38974963,11.577882766684121,-0.8118668633158794
2,15.0,1297.376,12.40428716,11.589790849551783,-0.8144963104482184
2,15.0,1297.858,12.40937001,11.602208952126997,-0.8071610578730031
2,15.0,1298.34,12.41643886,11.61513386236414,-0.8013049976358602
2,15.0,1298.822,12.41192386,11.628562228876678,-0.7833616311233218
2,15.0,1299.304,12.41566494,11.642490562990394,-0.7731743770096049
2,15.0,1299.787,12.4226278,11.656945680914607,-0.765682119085394
2,15.0,1300.269,12.42040512,11.671863963508105,-0.7485411564918945
2,15.0,1300.751,12.44081444,11.687270936823731,-0.7535435031762692
2,15.0,1301.233,12.44659784,11.703162584012516,-0.7434352559874853
2,15.0,1301.715,12.43611651,11.71953476172839,-0.7165817482716097
2,15.0,1302.197,12.45598463,11.736383202379887,-0.7196014276201126
2,15.0,1302.679,12.47913192,11.753703516410086,-0.7254284035899143
2,15.0,1303.161,12.47907449,11.771491194603568,-0.7075832953964323
2,15.0,1303.644,12.48639192,11.789779952096529,-0.6966119679034719
2,15.0,1304.126,12.47030653,11.80848930921419,-0.6618172207858102
2,15.0,1304.608,12.49074246,11.82765179815428,-0.66309066184572
2,15.0,1305.09,12.51214152,11.847262454398727,-0.6648790656012729
2,15.0,1305.572,12.52201583,11.867316205664839,-0.6546996243351622
2,15.0,1306.054,12.52099144,11.88780787434415,-0.63318356565585
2,15.0,1306.536,12.5071772,11.908732179958557,-0.5984450200414422
2,15.0,1307.018,12.51645973,11.930083741632167,-0.5863759883678323
2,15.0,1307.5,12.53075743,11.951857080577515,-0.5789003494224847
2,15.0,1307.983,12.51541863,11.9740930877152,-0.5413255422847989
2,15.0,1308.465,12.52676514,11.996694011483772,-0.5300711285162283
2,15.0,1308.947,12.53252299,12.019699701704996,-0.5128232882950048
2,15.0,1309.429,12.54983929,12.043104312868419,-0.5067349771315808
2,15.0,1309.911,12.5474622,12.066901914157096,-0.48056028584290367
2,15.0,1310.393,12.58254111,12.091086491991993,-0.4914546180080066
2,15.0,1310.875,12.58090947,12.11565195258142,-0.46525751741858024
2,15.0,1311.357,12.6036013,12.140592124474296,-0.46300917552570375
2,15.0,1311.839,12.60232405,12.165900761115985,-0.43642328888401494
2,15.0,1312.322,12.63375524,12.191625174318519,-0.4421300656814804
2,15.0,1312.804,12.64132848,12.217652444560539,-0.42367603543946153
2,15.0,1313.286,12.64793399,12.244029001372375,-0.4039049886276249
2,15.0,1313.768,12.68850607,12.270748323218701,-0.41775774678129984
2,15.0,1314.25,12.69597609,12.297803826240036,-0.39817226375996384
2,15.0,1314.732,12.70647258,12.32518886679827,-0.3812837132017304
2,15.0,1315.214,12.70786771,12.35289674401638,-0.35497096598362
2,15.0,1315.696,12.73561652,12.380920702311228,-0.3546958176887731
2,15.0,1316.178,12.77187376,12.409253933918441,-0.3626198260815592
2,15.0,1316.661,12.77637097,12.437949301043492,-0.33842166895650827
2,15.0,1317.143,12.79223636,12.466881065711098,-0.32535529428890264
2,15.0,1317.625,12.79487667,12.496101377954176,-0.29877529204582487
2,15.0,1318.107,12.81352055,12.52560324624999,-0.28791730375001023
2,15.0,1318.589,12.81962605,12.555379639367422,-0.2642464106325786
2,15.0,1319.071,12.83084237,12.585423488822357,-0.24541888117764188
2,15.0,1319.553,12.85025004,12.615727691318009,-0.23452234868199184
2,15.0,1320.035,12.84917925,12.646285111169474,-0.20289413883052632
2,15.0,1320.518,12.87381615,12.677152741113133,-0.19666340888686662
2,15.0,1321.0,12.88091423,12.708195559152085,-0.1727186708479156
2,15.0,1321.482,12.90162617,12.739470002152087,-0.16215616784791287
2,15.0,1321.964,12.90855131,12.770968828729195,-0.13758248127080464
2,15.0,1322.446,12.93204804,12.802684776971477,-0.12936326302852308
2,15.0,1322.928,12.94110094,12.834610566751307,-0.10649037324869326
2,15.0,1323.41,12.94844895,12.866738902015785,-0.081710047984215
2,15.0,1323.892,12.9779377,12.899062473055649,-0.07887522694435134
2,15.0,1324.375,13.0068433,12.931641600218894,-0.0752016997811058
2,15.0,1324.857,13.03748614,12.964334037292792,-0.0731521027072084
2,15.0,1325.339,13.03688146,12.997199706188095,-0.039681753811905196
2,15.0,1325.821,13.09085916,13.030231264783982,-0.06062789521601886
2,15.0,1326.303,13.10277885,13.063421368297432,-0.039357481702568364
2,15.0,1326.785,13.12538534,13.096762671406491,-0.02862266859350804
2,15.0,1327.267,13.16194039,13.130247830347404,-0.031692559652595875
2,15.0,1327.749,13.17909669,13.163869504985133,-0.015227185014866862
2,15.0,1328.231,13.22143658,13.197620360856739,-0.02381621914326182
2,15.0,1328.714,13.22289741,13.231563468109524,0.008666058109524144
2,15.0,1329.196,13.23884662,13.265550945831876,0.026704325831875764
2,15.0,1329.678,13.2709305,13.299645640309382,0.028715140309381937
2,15.0,1330.16,13.27615485,13.333840259677164,0.0576854096771644
2,15.0,1330.642,13.32649097,13.368127527544157,0.04163655754415707
2,15.0,1331.124,13.35274429,13.402500184865964,0.04975589486596377
2,15.0,1331.606,13.3653094,13.436950991788702,0.071641591788703
2,15.0,1332.088,13.39155244,13.471472729462663,0.07992028946266316
2,15.0,1332.571,13.413817,13.506130017191005,0.09231301719100493
2,15.0,1333.053,13.45130519,13.540772162638973,0.08946697263897363
2,15.0,1333.535,13.48042659,13.575463711206968,0.09503712120696761
2,15.0,1334.017,13.48863888,13.610197545658469,0.12155866565846907
2,15.0,1334.499,13.51802545,13.64496657838063,0.12694112838063099
2,15.0,1334.981,13.50731243,13.679763753015719,0.17245132301571786
2,15.0,1335.463,13.55428164,13.714582046061524,0.16030040606152518
2,15.0,1335.945,13.55206818,13.74941446844091,0.19734628844091162
2,15.0,1336.427,13.57503817,13.784254067040473,0.20921589704047427
2,15.0,1336.91,13.6015086,13.819166203576872,0.21765760357687114
2,15.0,1337.392,13.61532806,13.853999425790386,0.2386713657903865
2,15.0,1337.874,13.64164203,13.888819181444935,0.24717715144493546
2,15.0,1338.356,13.66516523,13.923618676134208,0.25845344613420806
2,15.0,1338.838,13.66295029,13.958391158645435,0.29544086864543573
2,15.0,1339.32,13.69525776,13.993129922311612,0.2978721623116112
2,15.0,1339.802,13.74577162,14.027828306333108,0.28205668633310843
2,15.0,1340.284,13.74408498,14.062479697068197,0.31839471706819644
2,15.0,1340.766,13.7559921,14.09707752929304,0.34108542929303987
2,15.0,1341.249,13.78967254,14.131686875590745,0.34201433559074523
2,15.0,1341.731,13.80850684,14.166157950180706,0.35765111018070606
2,15.0,1342.213,13.84042456,14.200556059989328,0.36013149998932725
2,15.0,1342.695,13.87066108,14.234874845566495,0.364213765566495
2,15.0,1343.177,13.89471879,14.269108001726485,0.3743892117264842
2,15.0,1343.659,13.93215862,14.303249278626764,0.3710906586267644
2,15.0,1344.141,13.9463969,14.337292482817162,0.3908955828171621
2,15.0,1344.623,13.96428686,14.371231478259563,0.40694461825956374
2,15.0,1345.105,14.00348047,14.405060187318734,0.4015797173187341
2,15.0,1345.588,14.04866994,14.438842409429785,0.39017246942978545
2,15.0,1346.07,14.0704979,14.472432291400272,0.4019343914002729
2,15.0,1346.552,14.0962086,14.505894001803387,0.40968540180338664
2,15.0,1347.034,14.13811171,14.539221706076905,0.40110999607690445
2,15.0,1347.516,14.17964908,14.572409632587716,0.39276055258771514
2,15.0,1347.998,14.19404517,14.60545207345293,0.41140690345292974
2,15.0,1348.48,14.23102791,14.638343385333187,0.4073154753331867
2,15.0,1348.962,14.27457892,14.67107799019951,0.3964990701995106
2,15.0,1349.445,14.31483098,14.703717781222004,0.3888868012220037
2,15.0,1349.927,14.33227873,14.736122149422888,0.4038434194228877
2,15.0,1350.409,14.40002678,14.768353464564777,0.3683266845647779
2,15.0,1350.891,14.40349665,14.80040641713754,0.3969097671375401
2,15.0,1351.373,14.43900907,14.832275766380945,0.39326669638094636
2,15.0,1351.855,14.49801904,14.863956340895198,0.3659373008951974
2,15.0,1352.337,14.51109784,14.89544303922719,0.3843451992271909
2,15.0,1352.819,14.5654959,14.926730830431978,0.3612349304319782
2,15.0,1353.302,14.57193965,14.957879028756796,0.38593937875679707
2,15.0,1353.784,14.59694744,14.988753759434395,0.39180631943439614
2,15.0,1354.266,14.63042277,15.019414908537511,0.38899213853751213
2,15.0,1354.748,14.67069712,15.049857732443012,0.37916061244301247
2,15.0,1355.23,14.67176712,15.080077560489487,0.40831044048948684
2,15.0,1355.712,14.71193333,15.11006979539926,0.3981364653992596
2,15.0,1356.194,14.73467869,15.139829913678282,0.40515122367828127
2,15.0,1356.676,14.75972344,15.16935346599437,0.40963002599436926
2,15.0,1357.158,14.80378277,15.198636077533989,0.39485330753398884
2,15.0,1357.641,14.82839494,15.227733433975482,0.39933849397548116
2,15.0,1358.123,14.86444538,15.256520817352875,0.39207543735287587
2,15.0,1358.605,14.88700458,15.285054577352229,0.39804999735222957
2,15.0,1359.087,14.92389762,15.31333064054712,0.3894330205471199
2,15.0,1359.569,14.94736236,15.34134500950746,0.39398264950746054
2,15.0,1360.051,14.97548767,15.369093763035805,0.39360609303580496
2,15.0,1360.533,15.01584131,15.396573056384893,0.3807317463848925
2,15.0,1361.015,15.06446803,15.42377912145678,0.35931109145677986
2,15.0,1361.498,15.08009026,15.450763846202612,0.3706735862026118
2,15.0,1361.98,15.10135361,15.477411872186066,0.3760582621860653
2,15.0,1362.462,15.14011822,15.503775819956495,0.36365759995649505
2,15.0,1362.944,15.16885763,15.529852229806588,0.3609945998065882
2,15.0,1363.426,15.20439993,15.555637719408761,0.3512377894087617
2,15.0,1363.908,15.24125031,15.581128983910604,0.33987867391060433
2,15.0,1364.39,15.25737849,15.606322796014133,0.3489443060141326
2,15.0,1364.872,15.2840454,15.631216006039356,0.3471706060393558
2,15.0,1365.354,15.3273798,15.655805541972477,0.3284257419724774
2,15.0,1365.837,15.33454612,15.680138468074603,0.34559234807460193
2,15.0,1366.319,15.36870925,15.704111105326845,0.33540185532684497
2,15.0,1366.801,15.37899705,15.727771312890429,0.34877426289042823
2,15.0,1367.283,15.41508606,15.751116329761697,0.3360302697616966
2,15.0,1367.765,15.43510223,15.77414347262367,0.3390412426236704
2,15.0,1368.247,15.45017938,15.796850135808242,0.34667075580824225
2,15.0,1368.729,15.49112175,15.819233791245388,0.3281120412453884
2,15.0,1369.211,15.49788995,15.841291988399032,0.3434020383990326
2,15.0,1369.693,15.52242183,15.863022354190612,0.34060052419061115
2,15.0,1370.176,15.56168454,15.884466647027335,0.3227821070273347
2,15.0,1370.658,15.5801079,15.90553384846627,0.32542594846627004
2,15.0,1371.14,15.58440458,15.92626655874049,0.34186197874049107
2,15.0,1371.622,15.60200602,15.94666271375226,0.3446566937522615
2,15.0,1372.104,15.63394667,15.966720326298315,0.3327736562983148
2,15.0,1372.586,15.65631756,15.98643748592318,0.33011992592317974
2,15.0,1373.068,15.69597645,16.005812358761816,0.30983590876181566
2,15.0,1373.55,15.72004713,16.024843187371665,0.30479605737166615
2,15.0,1374.032,15.72960535,16.043528290554608,0.31392294055460823
2,15.0,1374.515,15.76274799,16.06190374621708,0.2991557562170808
2,15.0,1374.997,15.77265444,16.079891933665717,0.30723749366571695
2,15.0,1375.479,15.8068779,16.09752980469147,0.29065190469146884
2,15.0,1375.961,15.83929039,16.114815981251716,0.27552559125171605
2,15.0,1376.443,15.87755747,16.131749160511326,0.25419169051132684
2,15.0,1376.925,15.89184742,16.148328114607924,0.2564806946079248
2,15.0,1377.407,15.900019,16.16455169040838,0.26453269040838023
2,15.0,1377.889,15.91271124,16.18041880925672,0.26770756925672146
2,15.0,1378.372,15.93679629,16.195960272188383,0.2591639821883831
2,15.0,1378.854,15.97696321,16.211110793296402,0.23414758329640328
2,15.0,1379.336,15.9750913,16.225902064003424,0.2508107640034236
2,15.0,1379.818,16.00864681,16.24033330103147,0.23168649103147132
2,15.0,1380.3,16.03781748,16.25440379419857,0.21658631419856889
2,15.0,1380.782,16.0300431,16.26811290611983,0.2380698061198281
2,15.0,1381.264,16.06341445,16.281460071901243,0.21804562190124344
2,15.0,1381.746,16.06814803,16.294444798826476,0.22629676882647587
2,15.0,1382.229,16.08739522,16.307092475036914,0.2196972550369125
2,15.0,1382.711,16.10117138,16.31935037934395,0.21817899934394802
2,15.0,1383.193,16.1150556,16.331244795972733,0.21618919597273134
2,15.0,1383.675,16.13492598,16.342775517795392,0.2078495377953935
2,15.0,1384.157,16.14326411,16.35394240819401,0.21067829819400785
2,15.0,1384.639,16.14626879,16.36474540070791,0.2184766107079099
2,15.0,1385.121,16.17078333,16.375184498674997,0.20440116867499825
2,15.0,1385.603,16.1841189,16.385259774867052,0.20114087486705046
2,15.0,1386.085,16.1802394,16.394971371119297,0.21473197111929565
2,15.0,1386.568,16.21814734,16.40433851476441,0.18619117476441005
2,15.0,1387.05,16.19919158,16.41332269783851,0.2141311178385088
2,15.0,1387.532,16.23126812,16.421944037857212,0.19067591785721305
2,15.0,1388.014,16.2197988,16.430202949229955,0.2104041492299551
2,15.0,1388.496,16.25182568,16.43809991349158,0.1862742334915808
2,15.0,1388.978,16.25401293,16.445635478898957,0.1916225488989589
2,15.0,1389.46,16.27117134,16.45281026002187,0.18163892002187154
2,15.0,1389.942,16.26896116,16.459624937329306,0.19066377732930562
2,15.0,1390.425,16.28278682,16.46609327654925,0.18330645654924993
2,15.0,1390.907,16.29807552,16.472189306143505,0.17411378614350426
2,15.0,1391.389,16.28682159,16.477927666391977,0.19110607639197852
2,15.0,1391.871,16.30653005,16.483309297252895,0.1767792472528953
2,15.0,1392.353,16.30196267,16.488335202438314,0.18637253243831253
2,15.0,1392.835,16.31560528,16.493006448970558,0.17740116897055813
2,15.0,1393.317,16.31734398,16.497324166734437,0.1799801867344364
2,15.0,1393.799,16.32616037,16.501289548024236,0.17512917802423544
2,15.0,1394.281,16.33680085,16.504903847086524,0.16810299708652465
2,15.0,1394.764,16.34701098,16.50817478991071,0.1611638099107111
2,15.0,1395.246,16.34938931,16.511090211425007,0.16170090142500726
2,15.0,1395.728,16.35924389,16.513658683566966,0.15441479356696775
2,15.0,1396.21,16.35439852,16.515881703851264,0.1614831838512636
2,15.0,1396.692,16.37738453,16.517760829388802,0.14037629938880158
2,15.0,1397.174,16.36745602,16.519297676402324,0.1518416564023255
2,15.0,1397.656,16.36620617,16.520493919737607,0.1542877497376054
2,15.0,1398.138,16.36424034,16.521351292370174,0.15711095237017503
2,15.0,1398.62,16.36927429,16.521871584907675,0.15259729490767526
2,15.0,1399.103,16.370179,16.522056681868662,0.1518776818686618
2,15.0,1399.585,16.36180327,16.521907724519966,0.16010445451996702
2,15.0,1400.067,16.37146471,16.52142740377555,0.14996269377554938
2,15.0,1400.549,16.37526125,16.52061773582284,0.14535648582283756
2,15.0,1401.031,16.37771031,16.519480791926714,0.14177048192671293
2,15.0,1401.513,16.37675952,16.518018697905774,0.14125917790577347
2,15.0,1401.995,16.38434354,16.51623363360413,0.13189009360413095
2,15.0,1402.477,16.3941496,16.51412783235907,0.11997823235907035
2,15.0,1402.959,16.40368034,16.511703580464125,0.10802324046412437
2,15.0,1403.442,16.39458959,16.508957204278026,0.11436761427802722
2,15.0,1403.924,16.397658,16.50590247072547,0.10824447072547017
2,15.0,1404.406,16.39948217,16.502536462826985,0.10305429282698597
2,15.0,1404.888,16.41484075,16.498861673350707,0.08402092335070677
2,15.0,1405.37,16.40305051,16.494880645270264,0.09183013527026418
2,15.0,1405.852,16.3922307,16.490595971201802,0.0983652712018035
2,15.0,1406.334,16.39286663,16.486010292836514,0.0931436628365141
2,15.0,1406.816,16.39794313,16.48112630036874,0.08318317036873779
2,15.0,1407.299,16.41577128,16.47593568060092,0.0601644006009181
2,15.0,1407.781,16.41422678,16.47046271711639,0.056235937116390744
2,15.0,1408.263,16.40004897,16.464699801269877,0.06465083126987636
2,15.0,1408.745,16.40829325,16.458649811555688,0.05035656155568802
2,15.0,1409.227,16.40995362,16.452315672043866,0.04236205204386678
2,15.0,1409.709,16.39859061,16.44570035178152,0.047109741781522274
2,15.0,1410.191,16.41688377,16.438806864189598,0.021923094189599368
2,15.0,1410.673,16.40783558,16.431638266455195,0.023802686455194788
2,15.0,1411.156,16.41580009,16.424181941393964,0.008381851393963302
2,15.0,1411.638,16.38766355,16.416471912415854,0.02880836241585527
2,15.0,1412.12,16.40644505,16.40849620795898,0.0020511579589808093
2,15.0,1412.602,16.40278165,16.40025805419222,-0.0025235958077800547
2,15.0,1413.084,16.39829592,16.391760717942486,-0.006535202057513345
2,15.0,1413.566,16.40072928,16.38300750605964,-0.017721773940358787
2,15.0,1414.048,16.41737708,16.374001764776946,-0.04337531522305582
2,15.0,1414.53,16.36071833,16.3647468790666,0.004028549066600107
2,15.0,1415.012,16.39720303,16.355246271991025,-0.04195675800897547
2,15.0,1415.495,16.41028328,16.34548294122071,-0.06480033877929259
2,15.0,1415.977,16.38925752,16.335500817990603,-0.05375670200939808
2,15.0,1416.459,16.42434508,16.32528347193284,-0.09906160806716002
2,15.0,1416.941,16.38640745,16.314834471961927,-0.07157297803807339
2,15.0,1417.423,16.37742972,16.304157421767446,-0.07327229823255266
2,15.0,1417.905,16.36229526,16.29325595913742,-0.06903930086258114
2,15.0,1418.387,16.35204947,16.282133755277048,-0.06991571472295277
2,15.0,1418.869,16.3439559,16.27079451412295,-0.07316138587705012
2,15.0,1419.352,16.3391598,16.259217784604434,-0.07994201539556656
2,15.0,1419.834,16.31968753,16.247455277361446,-0.07223225263855326
2,15.0,1420.316,16.27467533,16.235487042007048,-0.039188287992953263
2,15.0,1420.798,16.29794908,16.223316906515016,-0.07463217348498219
2,15.0,1421.28,16.28901352,16.210948728091385,-0.07806479190861637
2,15.0,1421.762,16.27463076,16.198386392461227,-0.07624436753877362
2,15.0,1422.244,16.27132104,16.185633813150883,-0.08568722684911734
2,15.0,1422.726,16.2845209,16.172694930766063,-0.11182596923393717
2,15.0,1423.208,16.25508544,16.159573712265033,-0.09551172773496575
2,15.0,1423.69,16.26112744,16.1462741502278,-0.11485328977219922
2,15.0,1424.173,16.23575382,16.132772129584215,-0.10298169041578475
2,15.0,1424.655,16.22231526,16.11912760795039,-0.10318765204960911
2,15.0,1425.137,16.23584753,16.10531687533254,-0.13053065466746006
2,15.0,1425.619,16.22978071,16.091344019446773,-0.1384366905532275
2,15.0,1426.101,16.21829561,16.077213149909557,-0.14108246009044123
2,15.0,1426.583,16.2143927,16.062928397481055,-0.15146430251894571
2,15.0,1427.065,16.19758012,16.048493913304398,-0.14908620669560335
2,15.0,1427.547,16.17254844,16.033913868140896,-0.13863457185910377
2,15.0,1428.03,16.17576332,16.01916176520405,-0.15660155479595161
2,15.0,1428.512,16.17666374,16.004302904789434,-0.172360835210565
2,15.0,1428.994,16.14289835,15.989311114456164,-0.15358723554383502
2,15.0,1429.476,16.12474405,15.974190635744616,-0.15055341425538415
2,15.0,1429.958,16.12631247,15.958945725929041,-0.1673667440709572
2,15.0,1430.44,16.1035324,15.943580657229734,-0.15995174277026436
2,15.0,1430.922,16.09232719,15.928099716021688,-0.16422747397831117
2,15.0,1431.404,16.09876296,15.912507202039677,-0.18625575796032123
2,15.0,1431.886,16.07835004,15.896807427580061,-0.18154261241993908
2,15.0,1432.369,16.07797447,15.880971826995363,-0.19700264300463743
2,15.0,1432.851,16.07069325,15.865070314650783,-0.2056229353492185
2,15.0,1433.333,16.05968564,15.84907455507987,-0.21061108492013147
2,15.0,1433.815,16.04853509,15.832988902796032,-0.21554618720396945
2,15.0,1434.297,16.02142751,15.816817720833335,-0.20460978916666406
2,15.0,1434.779,16.02330356,15.800565379929772,-0.22273818007022683
2,15.0,1435.261,16.01319639,15.78423625770795,-0.2289601322920518
2,15.0,1435.743,15.98244022,15.76783473785289,-0.2146054821471104
2,15.0,1436.226,15.93956492,15.751330972493609,-0.18823394750639189
2,15.0,1436.708,15.9399924,15.734797701140238,-0.20519469885976171
2,15.0,1437.19,15.9279349,15.718205220453225,-0.20972967954677557
2,15.0,1437.672,15.88863043,15.701557930105153,-0.1870724998948461
2,15.0,1438.154,15.87836045,15.684860231684887,-0.19350021831511377
2,15.0,1438.636,15.86769142,15.6681165278627,-0.1995748921372993
2,15.0,1439.118,15.86975143,15.65133122155369,-0.21842020844631094
2,15.0,1439.6,15.86542937,15.634508715079615,-0.23092065492038394
2,15.0,1440.083,15.84577858,15.617618408772682,-0.22816017122731758
2,15.0,1440.565,15.83011608,15.600734648009897,-0.2293814319901024
2,15.0,1441.047,15.81356266,15.583826891202271,-0.22973576879772928
2,15.0,1441.529,15.80681432,15.566899529882877,-0.23991479011712435
2,15.0,1442.011,15.79789162,15.549956950781503,-0.2479346692184965
2,15.0,1442.493,15.78377622,15.533003534980597,-0.25077268501940253
2,15.0,1442.975,15.78661772,15.516043657070737,-0.27057406292926345
2,15.0,1443.457,15.78415418,15.499081684305924,-0.28507249569407556
2,15.0,1443.939,15.75820935,15.482121975758691,-0.2760873742413086
2,15.0,1444.422,15.75476896,15.465133718968799,-0.28963524103120086
2,15.0,1444.904,15.75648169,15.448191606356577,-0.30829008364342236
2,15.0,1445.386,15.74197796,15.43126478661573,-0.3107131733842703
2,15.0,1445.868,15.69402326,15.414357577624614,-0.279665682375386
2,15.0,1446.35,15.70324381,15.39747428485933,-0.30576952514067024
2,15.0,1446.832,15.68752265,15.380619200552424,-0.3069034494475762
2,15.0,1447.314,15.66445,15.363796602852538,-0.3006533971474621
2,15.0,1447.796,15.64147112,15.347010754985646,-0.2944603650143538
2,15.0,1448.279,15.62949269,15.33023120961856,-0.29926148038143907
2,15.0,1448.76,15.61575667,15.313566282020304,-0.3021903879796959
2,15.0,1449.243,15.58640079,15.296881611599739,-0.289519178400262
2,15.0,1449.725,15.5861402,15.280285183237893,-0.3058550167621057
2,15.0,1450.207,15.57734174,15.263746576410282,-0.3135951635897172
2,15.0,1450.689,15.56622824,15.247269947255571,-0.3189582927444281
2,15.0,1451.171,15.54707463,15.230859431173561,-0.31621519882643767
2,15.0,1451.653,15.52474046,15.214519142005283,-0.3102213179947171
2,15.0,1452.135,15.53361257,15.198253171216377,-0.3353593987836234
2,15.0,1452.617,15.51856763,15.182065587083919,-0.33650204291608077
2,15.0,1453.1,15.52607866,15.165927109185592,-0.36015155081440753
2,15.0,1453.582,15.50506596,15.149908589918539,-0.35515737008146075
2,15.0,1454.064,15.51121778,15.133980523193229,-0.37723725680677234
2,15.0,1454.546,15.49254817,15.11814687642417,-0.3744012935758292
2,15.0,1455.028,15.46908805,15.102411589830805,-0.3666764601691952
2,15.0,1455.51,15.45134189,15.086778575650357,-0.3645633143496436
2,15.0,1455.992,15.41679621,15.071251717355459,-0.34554449264454057
2,15.0,1456.474,15.38874533,15.055834868877596,-0.3329104611224043
2,15.0,1456.957,15.34572195,15.040500225807603,-0.30522172419239624
2,15.0,1457.439,15.29818092,15.025315084699974,-0.27286583530002595
2,15.0,1457.921,15.27097553,15.010251338040922,-0.2607241919590777
2,15.0,1458.403,15.22324881,14.995312713874487,-0.22793609612551258
2,15.0,1458.885,15.20468894,14.980502906905585,-0.22418603309441565
2,15.0,1459.367,15.17718444,14.965825577759897,-0.21135886224010214
2,15.0,1459.849,15.18847987,14.951284352250674,-0.2371955177493259
2,15.0,1460.331,15.19467785,14.936882820652865,-0.2577950293471343
2,15.0,1460.813,15.17280182,14.922624536984342,-0.2501772830156579
2,15.0,1461.296,15.19291634,14.908483896267168,-0.2844324437328325
2,15.0,1461.778,15.19910713,14.894522937235982,-0.30458419276401827
2,15.0,1462.26,15.19686083,14.880715670673272,-0.3161451593267284
2,15.0,1462.742,15.19243259,14.867065498456146,-0.32536709154385335
2,15.0,1463.224,15.18596835,14.85357578272863,-0.3323925672713699
2,15.0,1463.706,15.1656604,14.840249845231991,-0.32541055476800906
2,15.0,1464.188,15.13204598,14.827090966644095,-0.30495501335590447
2,15.0,1464.67,15.10618939,14.814102385927765,-0.2920870040722363
2,15.0,1465.153,15.12655952,14.801260894914849,-0.3252986250851517
2,15.0,1465.635,15.10223073,14.788622826506383,-0.313607903493617
2,15.0,1466.117,15.07019806,14.776164522600409,-0.2940335373995904
2,15.0,1466.599,15.08716283,14.763889048882032,-0.3232737811179689
2,15.0,1467.081,15.04592557,14.75179942620703,-0.294126143792969
2,15.0,1467.563,15.05265491,14.739898630009495,-0.3127562799905039
2,15.0,1468.045,15.06446008,14.728189589720365,-0.3362704902796345
2,15.0,1468.527,15.0396361,14.716675188196493,-0.3229609118035057
2,15.0,1469.01,15.02600345,14.705334989275652,-0.32066846072434707
2,15.0,1469.492,15.03437782,14.694218743116156,-0.34015907688384317
2,15.0,1469.974,15.03910162,14.683305504940192,-0.35579611505980857
2,15.0,1470.456,15.02535107,14.672597965721536,-0.35275310427846307
2,15.0,1470.938,15.01900826,14.662098767173617,-0.3569094928263823
2,15.0,1471.42,15.01656052,14.651810501247436,-0.36475001875256474
2,15.0,1471.902,14.97721032,14.64173570964169,-0.3354746103583093
2,15.0,1472.384,14.96780737,14.63187688332505,-0.3359304866749486
2,15.0,1472.866,14.92890179,14.622236462071067,-0.30666532792893264
2,15.0,1473.349,14.92917599,14.612797522351922,-0.316378467648077
2,15.0,1473.831,14.9195796,14.603601488828005,-0.3159781111719955
2,15.0,1474.313,14.9122359,14.594630872736042,-0.31760502726395856
2,15.0,1474.795,14.8885909,14.585887904560115,-0.3027029954398852
2,15.0,1475.277,14.85251581,14.57737476145394,-0.27514104854605925
2,15.0,1475.759,14.85924742,14.569093566853368,-0.29015385314663256
2,15.0,1476.241,14.84912487,14.561046390102517,-0.28807847989748403
2,15.0,1476.723,14.84742803,14.553235246093209,-0.2941927839067908
2,15.0,1477.206,14.83975121,14.545646631710293,-0.2941045782897067
2,15.0,1477.688,14.82156436,14.538313877986067,-0.28325048201393344
2,15.0,1478.17,14.83711133,14.531222875347066,-0.30588845465293524
2,15.0,1478.652,14.82904691,14.524375417431969,-0.3046714925680316
2,15.0,1479.134,14.82323504,14.517773241832446,-0.3054617981675545
2,15.0,1479.616,14.80720549,14.511418029816657,-0.2957874601833428
2,15.0,1480.098,14.81097087,14.505311406067102,-0.3056594639328978
2,15.0,1480.58,14.81649863,14.49945493843283,-0.3170436915671697
2,15.0,1481.062,14.82685809,14.493850137696294,-0.3330079523037064
2,15.0,1481.544,14.80182865,14.488498457354538,-0.313330192645461
2,15.0,1482.027,14.80462948,14.483390983893663,-0.3212384961063357
2,15.0,1482.509,14.79917655,14.478550206855823,-0.32062634314417693
2,15.0,1482.991,14.7980793,14.473966567621362,-0.32411273237863725
2,15.0,1483.473,14.8043262,14.469641288532301,-0.33468491146769885
2,15.0,1483.955,14.79611179,14.46557553377233,-0.3305362562276688
2,15.0,1484.437,14.78592335,14.461770409236806,-0.32415294076319334
2,15.0,1484.919,14.79587878,14.458226962417632,-0.33765181758236906
2,15.0,1485.401,14.79534275,14.454946182303127,-0.34039656769687276
2,15.0,1485.884,14.80903044,14.45192301420018,-0.35710742579982124
2,15.0,1486.366,14.8006956,14.449170849590526,-0.35152475040947273
2,15.0,1486.848,14.78852136,14.446683968477561,-0.3418373915224393
2,15.0,1487.33,14.79968431,14.44446312501115,-0.35522118498884936
2,15.0,1487.812,14.79154033,14.442509014561404,-0.3490313154385962
2,15.0,1488.294,14.78104334,14.440822273708362,-0.3402210662916385
2,15.0,1488.776,14.79915517,14.439403480246714,-0.35975168975328664
2,15.0,1489.258,14.78093645,14.438253153205407,-0.3426832967945934
2,15.0,1489.74,14.79506484,14.437371752882182,-0.3576930871178181
2,15.0,1490.223,14.77390718,14.436758691247983,-0.33714848875201753
2,15.0,1490.705,14.8113184,14.436416850390925,-0.3749015496090742
2,15.0,1491.187,14.77454866,14.436344965854973,-0.3382036941450277
2,15.0,1491.669,14.7946888,14.43654326353356,-0.35814553646643965
2,15.0,1492.151,14.81793991,14.437011910983685,-0.3809279990163148
2,15.0,1492.633,14.83195857,14.437751017548912,-0.3942075524510873
2,15.0,1493.115,14.81825934,14.4387606344969,-0.3794987055030994
2,15.0,1493.597,14.84764426,14.440040755171243,-0.4076035048287565
2,15.0,1494.08,14.84625917,14.441594813133365,-0.4046643568666344
2,15.0,1494.562,14.857539,14.443416251098693,-0.4141227489013062
2,15.0,1495.044,14.86351766,14.44550782657973,-0.4180098334202693
2,15.0,1495.526,14.88429415,14.447869302910819,-0.4364248470891816
2,15.0,1496.008,14.88496509,14.450500386475944,-0.4344647035240552
2,15.0,1496.49,14.91272642,14.453400726945357,-0.45932569305464277
2,15.0,1496.972,14.93012811,14.456569917526052,-0.4735581924739485
2,15.0,1497.454,14.94036332,14.460007495225726,-0.4803558247742732
2,15.0,1497.937,14.95343531,14.463720906836516,-0.48971440316348414
2,15.0,1498.419,14.96177643,14.467694200316481,-0.494082229683519
2,15.0,1498.901,14.99902893,14.471934156220405,-0.527094773779595
2,15.0,1499.383,15.00254183,14.476440089552923,-0.5261017404470767
2,15.0,1499.865,15.01338216,14.481211260639771,-0.5321708993602297
2,15.0,1500.347,15.04108176,14.486246875470584,-0.5548348845294164
2,15.0,1500.829,15.04691627,14.491546086054473,-0.5553701839455272
2,15.0,1501.311,15.04914636,14.497107990787892,-0.5520383692121076
2,15.0,1501.793,15.04933797,14.50293163483487,-0.5464063351651305
2,15.0,1502.276,15.07849448,14.50902890400873,-0.5694655759912699
2,15.0,1502.758,15.10563608,14.515373488818542,-0.5902625911814585
2,15.0,1503.24,15.0937209,14.52197663066154,-0.5717442693384598
2,15.0,1503.722,15.10250131,14.528837165707584,-0.5736641442924153
2,15.0,1504.204,15.12569117,14.535953878974338,-0.5897372910256617
2,15.0,1504.686,15.13802249,14.54332550477762,-0.5946969852223809
2,15.0,1505.168,15.15909479,14.550950727192552,-0.6081440628074475
2,15.0,1505.65,15.19678177,14.558828180525731,-0.6379535894742681
2,15.0,1506.133,15.21975853,14.56697357314226,-0.6527849568577402
2,15.0,1506.615,15.25016038,14.575351710354077,-0.6748086696459232
2,15.0,1507.097,15.30329425,14.583977684484024,-0.7193165655159763
2,15.0,1507.579,15.34065122,14.592849935595538,-0.7478012844044617
2,15.0,1508.061,15.34598645,14.601966856499878,-0.7440195935001217
2,15.0,1508.543,15.37924244,14.611326793288768,-0.7679156467112325
2,15.0,1509.025,15.37162031,14.620928045876298,-0.7506922641237033
2,15.0,1509.507,15.35812062,14.63076886855007,-0.7273517514499286
2,15.0,1509.99,15.36211584,14.640868626398968,-0.721247213601032
2,15.0,1510.471,15.37072552,14.65116201654244,-0.7195635034575609
2,15.0,1510.954,15.38256684,14.661732754454368,-0.7208340855456328
2,15.0,1511.436,15.36755091,14.672513987192207,-0.6950369228077928
2,15.0,1511.918,15.39992113,14.683525392832143,-0.716395737167856
2,15.0,1512.4,15.40352216,14.694764963870423,-0.7087571961295769
2,15.0,1512.882,15.41722966,14.706230651271714,-0.7109990087282867
2,15.0,1513.364,15.41577371,14.717920365085059,-0.6978533449149413
2,15.0,1513.846,15.39954714,14.729831975066691,-0.669715164933308
2,15.0,1514.328,15.43647807,14.741963311309728,-0.6945147586902713
2,15.0,1514.811,15.41984482,14.7543380094646,-0.6655068105353994
2,15.0,1515.293,15.44678265,14.766902577300586,-0.6798800726994134
2,15.0,1515.775,15.45481957,14.779680125312684,-0.675139444687316
2,15.0,1516.257,15.45611322,14.792668331289699,-0.6634448887103019
2,15.0,1516.739,15.49317748,14.805864836600747,-0.6873126433992525
2,15.0,1517.221,15.49224433,14.819267246860743,-0.6729770831392567
2,15.0,1517.703,15.49130323,14.83287313260105,-0.6584300973989503
2,15.0,1518.185,15.53436664,14.84668002994497,-0.6876866100550298
2,15.0,1518.667,15.5461028,14.860685441287812,-0.6854173587121881
2,15.0,1519.15,15.56915056,14.874916501407618,-0.6942340585923823
2,15.0,1519.632,15.59257803,14.889311715050308,-0.7032663149496923
2,15.0,1520.114,15.6061188,14.903897748960897,-0.7022210510391034
2,15.0,1520.596,15.62960354,14.918671977445412,-0.7109315625545882
2,15.0,1521.078,15.66324321,14.933631744545368,-0.7296114654546315
2,15.0,1521.56,15.68324356,14.948774364740778,-0.734469195259221
2,15.0,1522.042,15.71081909,14.964097123656087,-0.7467219663439124
2,15.0,1522.524,15.72759308,14.979597278768942,-0.7479958012310579
2,15.0,1523.007,15.74588746,14.995304760002393,-0.750582699997608
2,15.0,1523.489,15.7327106,15.011151724481596,-0.7215588755184044
2,15.0,1523.971,15.74516745,15.027167689950538,-0.7179997600494623
2,15.0,1524.453,15.73529377,15.043349808381416,-0.6919439616185841
2,15.0,1524.935,15.72235088,15.059695207177468,-0.6626556728225328
2,15.0,1525.417,15.71246602,15.076200989893424,-0.6362650301065766
2,15.0,1525.899,15.70774654,15.092864236956803,-0.6148823030431974
2,15.0,1526.381,15.69860328,15.109682006390338,-0.5889212736096621
2,15.0,1526.864,15.68722327,15.12668669608787,-0.5605365739121311
2,15.0,1527.346,15.67234232,15.1438049034548,-0.5285374165452001
2,15.0,1527.828,15.7007313,15.161068673809254,-0.5396626261907453
2,15.0,1528.31,15.69271222,15.178474982749156,-0.5142372372508444
2,15.0,1528.792,15.69824898,15.196020787087061,-0.5022281929129395
2,15.0,1529.274,15.71635267,15.21370302557333,-0.5026496444266684
2,15.0,1529.756,15.73226989,15.231518619619035,-0.5007512703809649
2,15.0,1530.238,15.75671477,15.249464474017765,-0.5072502959822351
2,15.0,1530.72,15.75882103,15.267537477666776,-0.49128355233322374
2,15.0,1531.203,15.76448347,15.285772384198971,-0.47871108580102906
2,15.0,1531.685,15.7592903,15.304090540570765,-0.4551997594292345
2,15.0,1532.167,15.82105999,15.322526418138821,-0.49853357186117897
2,15.0,1532.649,15.84755299,15.341076849372051,-0.5064761406279494
2,15.0,1533.131,15.84461304,15.359738654428002,-0.4848743855719988
2,15.0,1533.613,15.88176763,15.37850864186391,-0.5032589881360909
2,15.0,1534.095,15.89215819,15.397383609345615,-0.4947745806543846
2,15.0,1534.577,15.91126911,15.416360344353892,-0.4949087656461071
2,15.0,1535.06,15.92316625,15.43547530035681,-0.4876909496431896
2,15.0,1535.542,15.9294923,15.454646090020132,-0.4748462099798676
2,15.0,1536.024,15.95464604,15.473908948837078,-0.48073709116292207
2,15.0,1536.506,15.95182803,15.493260630541707,-0.4585673994582926
2,15.0,1536.988,15.94965192,15.512697882173198,-0.4369540378268031
2,15.0,1537.47,15.95194657,15.532217444763972,-0.419729125236028
2,15.0,1537.952,15.98812982,15.551816054024181,-0.43631376597581806
2,15.0,1538.434,15.98498145,15.571490441022268,-0.41349100897773106
2,15.0,1538.917,16.01177971,15.591278374613374,-0.42050133538662493
2,15.0,1539.398,16.0239656,15.61105345335438,-0.4129121466456205
2,15.0,1539.881,16.03162161,15.630976839075405,-0.4006447709245933
2,15.0,1540.363,16.02039302,15.6509217050859,-0.3694713149141009
2,15.0,1540.845,16.031482,15.670925951285046,-0.3605560487149546
2,15.0,1541.327,16.03959437,15.690986294957082,-0.34860807504291813
2,15.0,1541.809,16.03535869,15.711099453394063,-0.32425923660593625
2,15.0,1542.291,16.01526291,15.73126214454135,-0.28400076545865005
2,15.0,1542.773,16.02606821,15.751471087638496,-0.27459712236150224
2,15.0,1543.255,16.02956593,15.771723003855016,-0.25784292614498483
2,15.0,1543.738,16.00991066,15.792056754696777,-0.21785390530322246
2,15.0,1544.22,16.03594092,15.812384863696181,-0.22355605630382058
2,15.0,1544.702,16.04400333,15.832746120404241,-0.21125720959575744
2,15.0,1545.184,16.02906452,15.853137259972865,-0.17592726002713377
2,15.0,1545.666,16.03744327,15.873555022584469,-0.16388824741553165
2,15.0,1546.148,16.03632983,15.893996154055273,-0.14233367594472668
2,15.0,1546.63,16.03821122,15.914457406432962,-0.1237538135670384
2,15.0,1547.112,16.04010976,15.934935538588245,-0.10517422141175459
2,15.0,1547.594,16.02206033,15.95542731680083,-0.06663301319916926
2,15.0,1548.077,16.02885302,15.975972059619355,-0.05288096038064438
2,15.0,1548.559,16.01885742,15.996481472920845,-0.022375947079154912
2,15.0,1549.041,16.03540131,16.01699487469458,-0.01840643530542252
2,15.0,1549.523,16.02941608,16.037509066614255,0.008092986614254727
2,15.0,1550.005,16.02508664,16.058020860601495,0.032934220601493536
2,15.0,1550.487,16.01305575,16.078527079374886,0.06547132937488698
2,15.0,1550.969,16.01141866,16.099024556992365,0.08760589699236476
2,15.0,1551.451,15.99437209,16.119510139387373,0.12513804938737216
2,15.0,1551.934,16.0090477,16.14002313710621,0.1309754371062084
2,15.0,1552.416,15.99767897,16.160475476068523,0.16279650606852236
2,15.0,1552.898,16.00424257,16.18090652767534,0.17666395767534127
2,15.0,1553.38,16.01061501,16.201313190621455,0.19069818062145671
2,15.0,1553.862,16.01066874,16.221692378060254,0.21102363806025437
2,15.0,1554.344,16.01740689,16.242041018100117,0.22463412810011718
2,15.0,1554.826,16.02391993,16.262356054294262,0.2384361242942603
2,15.0,1555.308,16.02569725,16.282634446123588,0.25693719612358734
2,15.0,1555.791,16.03186189,16.302915115201085,0.27105322520108643
2,15.0,1556.273,16.03975368,16.323111071175685,0.28335739117568437
2,15.0,1556.755,16.02859061,16.343261355337624,0.31467074533762585
2,15.0,1557.237,16.03014376,16.363362995609936,0.3332192356099348
2,15.0,1557.719,16.01876695,16.38341303815685,0.3646460881568494
2,15.0,1558.201,16.02614393,16.403408547825823,0.37726461782582277
2,15.0,1558.683,16.00598727,16.423346608582605,0.41735933858260665
2,15.0,1559.165,15.98832993,16.44322432393934,0.4548943939393393
2,15.0,1559.647,16.00364042,16.463038817375708,0.45939839737570765
2,15.0,1560.13,16.00826058,16.482828133911116,0.4745675539111147
2,15.0,1560.612,16.038532,16.50250748997458,0.4639754899745796
2,15.0,1561.094,16.05070576,16.522115112654937,0.47140935265493766
2,15.0,1561.576,16.07443541,16.54164820942149,0.46721279942148897
2,15.0,1562.058,16.07909767,16.56110400971439,0.4820063397143919
2,15.0,1562.54,16.09326273,16.58047976532434,0.4872170353243419
2,15.0,1563.022,16.12363972,16.59977275076545,0.47613303076544966
2,15.0,1563.504,16.14779699,16.618980263641305,0.4711832736413051
2,15.0,1563.987,16.12742977,16.63813919824949,0.5107094282494913
2,15.0,1564.469,16.15171164,16.65716756181291,0.50545592181291
2,15.0,1564.951,16.17158801,16.6761024822819,0.504514472281901
2,15.0,1565.433,16.15661231,16.694941353191634,0.5383290431916343
2,15.0,1565.915,16.20234407,16.713681592894563,0.5113375228945642
2,15.0,1566.397,16.20040394,16.732320644885576,0.5319167048855746
2,15.0,1566.879,16.23485442,16.750855978120246,0.5160015581202444
2,15.0,1567.361,16.25472658,16.769285087326494,0.5145585073264947
2,15.0,1567.844,16.26397129,16.787643387747647,0.5236720977476459
2,15.0,1568.325,16.2780084,16.805814743249368,0.5278063432493667
2,15.0,1568.808,16.30915894,16.823947834135655,0.5147888941356555
2,15.0,1569.29,16.33279103,16.84192727738364,0.5091362473836405
2,15.0,1569.772,16.34515862,16.85978836237268,0.51462974237268
2,15.0,1570.254,16.37675385,16.877528744692082,0.500774894692082
2,15.0,1570.736,16.39990144,16.895146107699286,0.49524466769928566
2,15.0,1571.218,16.43534528,16.91263816277872,0.47729288277871973
2,15.0,1571.7,16.45383137,16.930002649594375,0.4761712795943751
2,15.0,1572.182,16.47326624,16.947237336335668,0.47397109633566714
2,15.0,1572.665,16.51139417,16.96437536397346,0.4529811939734607
2,15.0,1573.147,16.5023523,16.981343589813413,0.47899128981341477
2,15.0,1573.629,16.53385692,16.998175489246943,0.4643185692469416
2,15.0,1574.111,16.5496372,17.014868946961297,0.46523174696129743
2,15.0,1574.593,16.56915342,17.031421877305398,0.4622684573053988
2,15.0,1575.075,16.58571074,17.04783222449857,0.4621214844985708
2,15.0,1575.557,16.61906437,17.06409796283308,0.44503359283308086
2,15.0,1576.039,16.64061642,17.08021709687031,0.43960067687030957
2,15.0,1576.521,16.69046062,17.096187661631365,0.40572704163136564
2,15.0,1577.004,16.73093812,17.1120403867112,0.3811022667111992
2,15.0,1577.486,16.73285,17.127707722583384,0.39485772258338514
2,15.0,1577.968,16.78026727,17.143220774962654,0.362953504962654
2,15.0,1578.45,16.78670514,17.158577702558816,0.37187256255881707
2,15.0,1578.932,16.8143056,17.173776695405135,0.35947109540513367
2,15.0,1579.414,16.83205442,17.188815975013537,0.3567615550135379
2,15.0,1579.896,16.83668554,17.203693794524373,0.3670082545243716
2,15.0,1580.378,16.87508663,17.21840843885025,0.3433218088502521
2,15.0,1580.861,16.87331249,17.23298823857188,0.3596757485718811
2,15.0,1581.343,16.88193334,17.247371167892297,0.36543782789229695
2,15.0,1581.825,16.90268383,17.261585965430964,0.35890213543096294
2,15.0,1582.307,16.91494207,17.275631044586103,0.36068897458610394
2,15.0,1582.789,16.94957756,17.289504851165677,0.3399272911656759
2,15.0,1583.271,16.96173538,17.303205863498686,0.3414704834986857
2,15.0,1583.753,16.97648723,17.316732592541122,0.3402453625411219
2,15.0,1584.235,16.99511335,17.33008358197662,0.33497023197661946
2,15.0,1584.718,17.02331407,17.34328455477107,0.31997048477106915
2,15.0,1585.2,17.03380628,17.356279455560625,0.32247317556062427
2,15.0,1585.682,17.06702515,17.36909444230729,0.30206929230729074
2,15.0,1586.164,17.07501535,17.38172819057788,0.3067128405778803
2,15.0,1586.646,17.11219788,17.394179409093674,0.2819815290936738
2,15.0,1587.128,17.13249743,17.40644683980061,0.27394940980060767
2,15.0,1587.61,17.1459089,17.41852925793468,0.27262035793468087
2,15.0,1588.092,17.15977784,17.430425472082437,0.2706476320824365
2,15.0,1588.574,17.17595229,17.442134324236733,0.26618203423673137
2,15.0,1589.057,17.20360147,17.453678394327287,0.25007692432728845
2,15.0,1589.539,17.20631305,17.465008787922923,0.258695737922924
2,15.0,1590.021,17.22084259,17.476148544268213,0.2553059542682128
2,15.0,1590.503,17.25305954,17.487096639513428,0.23403709951342933
2,15.0,1590.985,17.27271807,17.497852083423286,0.2251340134232862
2,15.0,1591.467,17.27121981,17.508413919404838,0.23719410940483598
2,15.0,1591.949,17.27640562,17.518781224530645,0.24237560453064688
2,15.0,1592.431,17.29773995,17.528953109557897,0.23121315955789612
2,15.0,1592.914,17.28567112,17.538949210623944,0.2532780906239438
2,15.0,1593.396,17.29885191,17.548727312784916,0.24987540278491593
2,15.0,1593.878,17.31119424,17.558307527749115,0.24711328774911578
2,15.0,1594.36,17.30472186,17.567689101183472,0.26296724118347115
2,15.0,1594.842,17.31508722,17.576871312468747,0.2617840924687478
2,15.0,1595.324,17.30977702,17.585853474692716,0.276076454692717
2,15.0,1595.806,17.32626898,17.59463493463913,0.26836595463913326
2,15.0,1596.288,17.31318328,17.60321507277262,0.2900317927726199
2,15.0,1596.771,17.32089789,17.61161047516901,0.29071258516900755
2,15.0,1597.252,17.34610141,17.61976907374419,0.2736676637441917
2,15.0,1597.735,17.33908713,17.627758195447054,0.2886710654470548
2,15.0,1598.217,17.34492508,17.63552710123033,0.2906020212303311
2,15.0,1598.699,17.35082057,17.643092091021597,0.2922715210215969
2,15.0,1599.181,17.3638112,17.65045274689656,0.28664154689655774
2,15.0,1599.663,17.3608285,17.657608684393654,0.29678018439365417
2,15.0,1600.145,17.35566353,17.664559552467427,0.308896022467426
2,15.0,1600.627,17.37336685,17.671305033437985,0.29793818343798506
2,15.0,1601.109,17.37177894,17.67784484293671,0.3060659029367123
2,15.0,1601.592,17.39148879,17.684191656479758,0.2927028664797575
2,15.0,1602.074,17.38854521,17.69031897499959,0.3017737649995915
2,15.0,1602.556,17.42497789,17.696239967862216,0.27126207786221457
2,15.0,1603.038,17.40745719,17.701954483396094,0.29449729339609476
2,15.0,1603.52,17.40773072,17.707462402914246,0.29973168291424557
2,15.0,1604.002,17.41100423,17.71276364063814,0.30175941063814093
2,15.0,1604.484,17.41044019,17.71785814361792,0.30741795361792157
2,15.0,1604.966,17.42406947,17.722745891649296,0.2986764216492972
2,15.0,1605.448,17.41356857,17.72742689718666,0.3138583271866615
2,15.0,1605.931,17.42235865,17.731910273236622,0.3095516232366222
2,15.0,1606.413,17.42845624,17.736177532760767,0.30772129276076754
2,15.0,1606.895,17.42525689,17.740238282449187,0.3149813924491873
2,15.0,1607.377,17.45505224,17.744092664522025,0.2890404245220246
2,15.0,1607.859,17.43169882,17.7477408533728,0.3160420333727991
2,15.0,1608.341,17.43219692,17.751183055461286,0.3189861354612873
2,15.0,1608.823,17.43462535,17.754419509202915,0.3197941592029139
2,15.0,1609.305,17.41952758,17.757450484855063,0.3379229048550627
2,15.0,1609.788,17.3961734,17.76028193400073,0.3641085340007315
2,15.0,1610.27,17.40585458,17.76290246640914,0.3570478864091413
2,15.0,1610.752,17.41804333,17.765318522154416,0.3472751921544166
2,15.0,1611.234,17.41310712,17.76753049772294,0.3544233777229415
2,15.0,1611.716,17.41469718,17.76953882082477,0.35484164082476966
2,15.0,1612.198,17.39998095,17.771343950260324,0.37136300026032387
2,15.0,1612.68,17.40413739,17.772946375784066,0.3688089857840673
2,15.0,1613.162,17.40007287,17.774346617964817,0.3742737479648177
2,15.0,1613.645,17.40398023,17.77554750558839,0.3715672755883901
2,15.0,1614.127,17.40595132,17.776544648839394,0.37059332883939433
2,15.0,1614.609,17.39198693,17.777341355198764,0.38535442519876284
2,15.0,1615.091,17.39199267,17.777938267096847,0.38594559709684617
2,15.0,1615.573,17.39539999,17.778336057033314,0.38293606703331307
2,15.0,1616.055,17.39951063,17.77853542741878,0.37902479741877926
2,15.0,1616.537,17.39946973,17.77853711041352,0.3790673804135203
2,15.0,1617.019,17.35292068,17.778341867763224,0.4254211877632237
2,15.0,1617.501,17.36450933,17.77795049063146,0.41344116063146075
2,15.0,1617.984,17.35653852,17.777362379783646,0.42082385978364556
2,15.0,1618.466,17.33257567,17.77658082144596,0.4440051514459604
2,15.0,1618.948,17.35436369,17.77560567875824,0.4212419887582399
2,15.0,1619.43,17.34973579,17.77443785888092,0.42470206888091866
2,15.0,1619.912,17.34089339,17.773078297509908,0.4321849075099067
2,15.0,1620.394,17.31371601,17.771527958691102,0.4578119486911021
2,15.0,1620.876,17.32615315,17.769787834632076,0.44363468463207667
2,15.0,1621.358,17.3411207,17.76785894551082,0.42673824551081907
2,15.0,1621.841,17.33552634,17.765737753592216,0.4302114135922146
2,15.0,1622.323,17.32632408,17.763434119701373,0.4371100397013734
2,15.0,1622.805,17.32199645,17.760944949463546,0.43894849946354597
2,15.0,1623.287,17.31478435,17.758271373022392,0.4434870230223922
2,15.0,1623.769,17.30802497,17.755414547490872,0.4473895774908705
2,15.0,1624.251,17.30763383,17.752375656742483,0.44474182674248297
2,15.0,1624.733,17.31445633,17.749155911199352,0.4346995811993537
2,15.0,1625.215,17.3143179,17.745756547617667,0.4314386476176679
2,15.0,1625.698,17.30181185,17.742171221707114,0.4403593717071139
2,15.0,1626.179,17.2919062,17.73842404372547,0.44651784372547
2,15.0,1626.662,17.30981509,17.734485170215578,0.4246700802155772
2,15.0,1627.144,17.29946749,17.730379860607645,0.4309123706076434
2,15.0,1627.626,17.29800184,17.72610150689646,0.4280996668964576
2,15.0,1628.108,17.30188753,17.72165149922525,0.41976396922525083
2,15.0,1628.59,17.2918463,17.717031252487853,0.4251849524878537
2,15.0,1629.072,17.28054325,17.71224220609124,0.431698956091239
2,15.0,1629.554,17.29827318,17.707285823715086,0.40901264371508717
2,15.0,1630.036,17.30041538,17.7021635930687,0.4017482130687
2,15.0,1630.519,17.3025553,17.69686588789605,0.39431058789604734
2,15.0,1631.001,17.32033327,17.69141618257154,0.37108291257154136
2,15.0,1631.483,17.30027689,17.685805237065427,0.3855283470654278
2,15.0,1631.965,17.3136694,17.680034632765096,0.3663652327650979
2,15.0,1632.447,17.33693342,17.674105973829228,0.33717255382922673
2,15.0,1632.929,17.3373247,17.668020886927845,0.3306961869278453
2,15.0,1633.411,17.3446203,17.66178102097965,0.31716072097965053
2,15.0,1633.893,17.34910303,17.655388046886582,0.3062850168865836
2,15.0,1634.375,17.35845042,17.64884365726573,0.29039323726572874
2,15.0,1634.858,17.37228958,17.64213552360862,0.2698459436086189
2,15.0,1635.34,17.35594685,17.63529316112127,0.27934631112127306
2,15.0,1635.822,17.34803168,17.628304592190684,0.28027291219068573
2,15.0,1636.304,17.36388256,17.62117159360094,0.2572890336009408
2,15.0,1636.786,17.35429639,17.613895962469144,0.25959957246914556
2,15.0,1637.268,17.33063259,17.606479515961063,0.2758469259610621
2,15.0,1637.75,17.33279179,17.598924091004044,0.26613230100404195
2,15.0,1638.232,17.32803391,17.591231543997374,0.2631976339973754
2,15.0,1638.715,17.33314985,17.58338737100726,0.25023752100725716
2,15.0,1639.197,17.33177899,17.575425950840827,0.24364696084082738
2,15.0,1639.679,17.31813414,17.56733309570573,0.24919895570572947
2,15.0,1640.161,17.33495034,17.55911073697706,0.22416039697706225
2,15.0,1640.643,17.34396979,17.55076082401344,0.2067910340134418
2,15.0,1641.125,17.33722284,17.542285323851676,0.2050624838516768
2,15.0,1641.607,17.32101737,17.533686220899032,0.21266885089903198
2,15.0,1642.089,17.33927926,17.524965516622704,0.18568625662270222
2,15.0,1642.572,17.32407077,17.51610676549425,0.1920359954942512
2,15.0,1643.054,17.31285548,17.507148687895054,0.1942932078950541
2,15.0,1643.536,17.32953048,17.49807511686368,0.16854463686368248
2,15.0,1644.018,17.30458777,17.48888811898609,0.18430034898608838
2,15.0,1644.5,17.31430631,17.4795897763183,0.16528346631830004
2,15.0,1644.982,17.30474439,17.47018218606143,0.16543779606142905
2,15.0,1645.464,17.30281463,17.460667460233932,0.15785283023393148
2,15.0,1645.946,17.28550545,17.451047725341912,0.16554227534191313
2,15.0,1646.428,17.26737507,17.441325122046702,0.17395005204670255
2,15.0,1646.911,17.25311898,17.43148132131413,0.17836234131413065
2,15.0,1647.393,17.22952061,17.42155925595334,0.19203864595333897
2,15.0,1647.875,17.21539634,17.411540830286782,0.19614449028678038
2,15.0,1648.357,17.21692376,17.401428238254855,0.18450447825485483
2,15.0,1648.839,17.21985759,17.391223686257096,0.17136609625709553
2,15.0,1649.321,17.20270308,17.38092939280648,0.17822631280647983
2,15.0,1649.803,17.20138558,17.370547588181484,0.16916200818148397
2,15.0,1650.285,17.194474,17.36008051407616,0.16560651407615978
2,15.0,1650.768,17.19917195,17.34950845036546,0.15033650036545865
2,15.0,1651.25,17.18851979,17.338877441103268,0.15035765110326693
2,15.0,1651.732,17.1920881,17.328167957132777,0.1360798571327777
2,15.0,1652.214,17.16815826,17.31738228228921,0.14922402228921072
2,15.0,1652.696,17.14845911,17.306522710041957,0.15806360004195597
2,15.0,1653.178,17.12479745,17.295591543132538,0.1707940931325389
2,15.0,1653.66,17.08102666,17.284591093210796,0.2035644332107971
2,15.0,1654.142,17.07132192,17.27352368046912,0.2022017604691193
2,15.0,1654.625,17.06659356,17.262368472173403,0.19577491217340182
2,15.0,1655.106,17.06976758,17.251197287801567,0.1814297078015663
2,15.0,1655.589,17.09629878,17.239919577793522,0.14362079779352044
2,15.0,1656.071,17.08481827,17.22860755658607,0.14378928658607038
2,15.0,1656.553,17.07855511,17.21724029363359,0.13868518363359073
2,15.0,1657.035,17.10886957,17.205820152619182,0.09695058261918277
2,15.0,1657.517,17.09327486,17.194349503159888,0.10107464315988679
2,15.0,1657.999,17.09828805,17.182830720427845,0.0845426704278438
2,15.0,1658.481,17.108125,17.17126618477003,0.0631411847700285
2,15.0,1658.963,17.08711429,17.159658281326532,0.07254399132653333
2,15.0,1659.446,17.07599755,17.147985190906283,0.07198764090628273
2,15.0,1659.928,17.08214145,17.136297647007254,0.05415619700725216
2,15.0,1660.41,17.08429418,17.12457392064189,0.040279740641889106
2,15.0,1660.892,17.06255704,17.112816412286243,0.050259372286241444
2,15.0,1661.374,17.05455218,17.10102752528127,0.0464753452812694
2,15.0,1661.856,17.03665338,17.089209665443818,0.052556285443817075
2,15.0,1662.338,17.03512536,17.077365240676738,0.042239880676739006
2,15.0,1662.82,17.03365833,17.06549666057798,0.03183833057797969
2,15.0,1663.302,16.99631801,17.053606336048794,0.05728832604879486
2,15.0,1663.785,17.01124208,17.04167195164606,0.030429871646060036
2,15.0,1664.267,17.00137302,17.029745341612422,0.02837232161242298
2,15.0,1664.749,16.99347893,17.01780422874662,0.02432529874662137
2,15.0,1665.231,17.0077993,17.005851025228257,-0.0019482747717418647
2,15.0,1665.713,16.98968382,16.99388814256911,0.004204322569108854
2,15.0,1666.195,17.02562614,16.98191799121714,-0.04370814878285856
2,15.0,1666.677,17.0046612,16.96994298016016,-0.034718219839842135
2,15.0,1667.159,16.9999644,16.957965516529086,-0.04199888347091374
2,15.0,1667.642,16.99979652,16.945963157209693,-0.05383336279030715
2,15.0,1668.124,16.99869615,16.933988007789893,-0.06470814221010812
2,15.0,1668.606,16.98507013,16.922017617049278,-0.06305251295072267
2,15.0,1669.088,16.97152271,16.910054380710523,-0.06146832928947532
2,15.0,1669.57,16.95452597,16.898100690651084,-0.056425279348914614
2,15.0,1670.052,16.94457019,16.886158934505772,-0.05841125549422799
2,15.0,1670.534,16.92998329,16.874231495268972,-0.05575179473102665
2,15.0,1671.016,16.9284619,16.86232075089734,-0.06614114910265911
2,15.0,1671.499,16.90306051,16.850404423846896,-0.05265608615310313
2,15.0,1671.981,16.91485681,16.8385342278638,-0.07632258213619991
2,15.0,1672.463,16.90123629,16.82668783130949,-0.07454845869051141
2,15.0,1672.945,16.86178795,16.814867588007118,-0.046920361992881965
2,15.0,1673.427,16.84540956,16.803075844759274,-0.04233371524072638
2,15.0,1673.909,16.82641965,16.79131494095317,-0.035104709046827054
2,15.0,1674.391,16.80678395,16.7795872081665,-0.027196741833499516
2,15.0,1674.873,16.77954396,16.767894969774115,-0.01164899022588628
2,15.0,1675.355,16.78899945,16.756240540555527,-0.03275890944447113
2,15.0,1675.838,16.76149168,16.744602173509797,-0.01688950649020171
2,15.0,1676.32,16.75274469,16.733030361010126,-0.01971432898987402
2,15.0,1676.802,16.73479633,16.72150325127423,-0.013293078725773455
2,15.0,1677.284,16.70621383,16.710023120774068,0.00380929077406833
2,15.0,1677.766,16.72694298,16.698592235438795,-0.028350744561205232
2,15.0,1678.248,16.71289759,16.6872128502692,-0.025684739730799322
2,15.0,1678.73,16.71188257,16.675887208953483,-0.035995361046516905
2,15.0,1679.212,16.69417203,16.66461754348463,-0.029554486515369405
2,15.0,1679.695,16.72257526,16.653382875496675,-0.06919238450332443
2,15.0,1680.177,16.69801537,16.642231936619904,-0.05578343338009617
2,15.0,1680.659,16.68094067,16.63114360013535,-0.049797069864649046
2,15.0,1681.141,16.68648896,16.620120047434177,-0.06636891256582089
2,15.0,1681.623,16.68430049,16.609163446324025,-0.07513704367597285
2,15.0,1682.105,16.64095885,16.598275950657246,-0.042682899342754155
2,15.0,1682.587,16.65925556,16.58745969996125,-0.0717958600387476
2,15.0,1683.069,16.63336858,16.576716819071024,-0.05665176092897539
2,15.0,1683.552,16.62086644,16.56602736614237,-0.05483907385762876
2,15.0,1684.033,16.61374539,16.555459590397188,-0.05828579960281033
2,15.0,1684.516,16.57049201,16.544927694437003,-0.025564315562995432
2,15.0,1684.998,16.54906327,16.53449940620658,-0.014563863793419785
2,15.0,1685.48,16.55083476,16.524154883101644,-0.02667987689835627
2,15.0,1685.962,16.52959015,16.513896154184632,-0.015693995815368567
2,15.0,1686.444,16.51064488,16.503725231321248,-0.006919648678753276
2,15.0,1686.926,16.51896388,16.493644108833784,-0.025319771166216753
2,15.0,1687.408,16.50227849,16.48365476315721,-0.01862372684278668
2,15.0,1687.89,16.49757625,16.473759152498435,-0.02381709750156702
2,15.0,1688.373,16.50643008,16.463938985470392,-0.042491094529609086
2,15.0,1688.855,16.49487926,16.454236849333785,-0.04064241066621577
2,15.0,1689.337,16.47489788,16.444634214031446,-0.030263665968554676
2,15.0,1689.819,16.45846717,16.435132961473006,-0.023334208526993194
2,15.0,1690.301,16.46391779,16.425734953684028,-0.03818283631597197
2,15.0,1690.783,16.45413106,16.41644203248525,-0.03768902751475167
2,15.0,1691.265,16.44472985,16.407256019175612,-0.037473830824389154
2,15.0,1691.747,16.44180888,16.398178714218705,-0.04363016578129475
2,15.0,1692.229,16.4391582,16.38921189693331,-0.049946303066690234
2,15.0,1692.712,16.4124664,16.380339072593785,-0.032127327406215045
2,15.0,1693.194,16.42760877,16.371598720769395,-0.05601004923060415
2,15.0,1693.676,16.40912034,16.362974068199108,-0.046146271800893146
2,15.0,1694.158,16.39799697,16.354466806558218,-0.04353016344178329
2,15.0,1694.64,16.39880221,16.346078604888124,-0.05272360511187557
2,15.0,1695.122,16.40821517,16.33781110931131,-0.07040406068868776
2,15.0,1695.604,16.38258392,16.329665942750335,-0.052917977249663295
2,15.0,1696.086,16.38998304,16.321644704651558,-0.06833833534844302
2,15.0,1696.569,16.37449827,16.31373272106405,-0.060765548935950875
2,15.0,1697.051,16.37898515,16.305964308165695,-0.07302084183430324
2,15.0,1697.533,16.39479707,16.29832448165751,-0.09647258834248973
2,15.0,1698.015,16.37568877,16.29081474435581,-0.08487402564419
2,15.0,1698.497,16.36367165,16.28343657428665,-0.08023507571335031
2,15.0,1698.979,16.34305616,16.276191424437194,-0.06686473556280603
2,15.0,1699.461,16.33793723,16.269080722512257,-0.06885650748774452
2,15.0,1699.943,16.29661642,16.262105870695706,-0.03451054930429365
2,15.0,1700.426,16.27557403,16.25525420306015,-0.02031982693985057
2,15.0,1700.908,16.25451215,16.248555443655,-0.005956706344999674
2,15.0,1701.39,16.2803441,16.241996588193718,-0.0383475118062826
2,15.0,1701.872,16.25075083,16.235578934436713,-0.015171895563288018
2,15.0,1702.354,16.25427087,16.229303753506645,-0.024967116493353814
2,15.0,1702.836,16.25142235,16.223172289680974,-0.028250060319024328
2,15.0,1703.318,16.2427574,16.21718576018981,-0.025571639810188174
2,15.0,1703.8,16.23231241,16.211345355019304,-0.0209670549806944
2,15.0,1704.282,16.22021421,16.20565223672039,-0.014561973279612062
2,15.0,1704.765,16.21018697,16.200096191760466,-0.010090778239533194
2,15.0,1705.247,16.20232404,16.194701335552164,-0.007622704447836526
2,15.0,1705.729,16.21908375,16.189457089639102,-0.029626660360897006
2,15.0,1706.211,16.17188695,16.18436450497318,0.012477554973177263
2,15.0,1706.693,16.1748702,16.179424604199184,0.004554404199183182
2,15.0,1707.175,16.17722676,16.174638381497616,-0.0025883785023843586
2,15.0,1707.657,16.17171078,16.170006802433427,-0.0017039775665743662
2,15.0,1708.139,16.18283923,16.165530803810572,-0.01730842618942674
2,15.0,1708.622,16.17187785,16.161202495176635,-0.010675354823366234
2,15.0,1709.104,16.15928141,16.15704067949367,-0.002240730506329669
2,15.0,1709.586,16.16345716,16.153037082464348,-0.010420077535652439
2,15.0,1710.068,16.162009,16.149192524451678,-0.012816475548323325
2,15.0,1710.55,16.16408291,16.145507796419356,-0.018575113580645564
2,15.0,1711.032,16.15394145,16.141983659822305,-0.011957790177696381
2,15.0,1711.514,16.15831516,16.13862084650323,-0.019694313496771088
2,15.0,1711.996,16.15452527,16.135420058595336,-0.019105211404664146
2,15.0,1712.479,16.14384165,16.132375834914157,-0.011465815085841768
2,15.0,1712.96,16.13746342,16.1295072184577,-0.007956201542299368
2,15.0,1713.443,16.1553648,16.126790967934127,-0.028573832065873717
2,15.0,1713.925,16.15524226,16.124245047696302,-0.03099721230369923
2,15.0,1714.407,16.15444582,16.121864216033966,-0.03258160396603316
2,15.0,1714.889,16.15251524,16.119648995063198,-0.03286624493680179
2,15.0,1715.371,16.14224763,16.11759987668256,-0.024647753317438514
2,15.0,1715.853,16.13967391,16.11571732252562,-0.023956587474380342
2,15.0,1716.335,16.1163448,16.114001763919532,-0.0023430360804681527
2,15.0,1716.817,16.12492679,16.112453601849992,-0.01247318815000753
2,15.0,1717.3,16.08206677,16.111070517677295,0.029003747677293745
2,15.0,1717.782,16.05535913,16.109858579237677,0.05449944923767802
2,15.0,1718.264,16.03045474,16.108815058597884,0.07836031859788406
2,15.0,1718.746,16.00989025,16.10794023508976,0.0980499850897587
2,15.0,1719.228,16.00406574,16.107234357622684,0.10316861762268204
2,15.0,1719.71,15.97399975,16.106697644686115,0.13269789468611393
2,15.0,1720.192,16.01437003,16.106330284358542,0.09196025435854338
2,15.0,1720.674,16.00011911,16.10613243432264,0.10601332432263888
2,15.0,1721.156,15.99693511,16.10610422188665,0.1091691118866489
2,15.0,1721.639,16.003456,16.106246214116336,0.10279021411633593
2,15.0,1722.121,16.01080513,16.10655788978449,0.09575275978448872
2,15.0,1722.603,15.99792873,16.107039403082094,0.10911067308209432
2,15.0,1723.085,16.00148789,16.107690760095423,0.10620287009542295
2,15.0,1723.567,16.00754608,16.108511936736576,0.10096585673657543
2,15.0,1724.049,16.00811295,16.109502878802033,0.1013899288020319
2,15.0,1724.531,15.99211584,16.110663502037223,0.11854766203722278
2,15.0,1725.013,15.99020244,16.11199369220742,0.12179125220742115
2,15.0,1725.496,15.98682702,16.113496592403497,0.12666957240349674
2,15.0,1725.978,15.98336964,16.115165805145566,0.13179616514556614
2,15.0,1726.46,15.98150527,16.117004062581433,0.1354987925814335
2,15.0,1726.942,15.98307397,16.119011131321972,0.13593716132197287
2,15.0,1727.424,15.98136075,16.12118674844192,0.13982599844192123
2,15.0,1727.906,15.98682473,16.12353062158648,0.1367058915864785
2,15.0,1728.388,15.98982622,16.12604242908376,0.1362162090837611
2,15.0,1728.87,15.9961834,16.128721820062996,0.1325384200629962
2,15.0,1729.353,15.99420757,16.131574493905212,0.137366923905212
2,15.0,1729.835,15.98954712,16.134588228668488,0.1450411086684884
2,15.0,1730.317,15.99521881,16.137768319439108,0.14254950943910671
2,15.0,1730.799,15.98555314,16.141114299788725,0.15556115978872498
2,15.0,1731.281,15.98918078,16.144625674767216,0.155444894767216
2,15.0,1731.763,15.98612302,16.14830192105478,0.16217890105478006
2,15.0,1732.245,15.98262379,16.15214248711968,0.16951869711967937
2,15.0,1732.727,15.96096648,16.156146793381172,0.19518031338117225
2,15.0,1733.209,15.96039434,16.16031423237791,0.19991989237790975
2,15.0,1733.692,15.97860414,16.164653320673207,0.18604918067320675
2,15.0,1734.174,15.95420861,16.16914542715685,0.21493681715684865
2,15.0,1734.656,15.92829664,16.17379867701131,0.24550203701130968
2,15.0,1735.138,15.95606163,16.178612352985777,0.22255072298577616
2,15.0,1735.62,15.95709072,16.183585710869558,0.2264949908695577
2,15.0,1736.102,15.98103407,16.188717979691344,0.20768390969134387
2,15.0,1736.584,15.98266615,16.19400836192351,0.21134221192350822
2,15.0,1737.066,16.00679971,16.199456033691167,0.19265632369116759
2,15.0,1737.549,16.01677224,16.20507193378814,0.1882996937881387
2,15.0,1738.031,15.99977078,16.21083193050496,0.21106115050495866
2,15.0,1738.513,16.00885541,16.21674658731447,0.2078911773144725
2,15.0,1738.995,16.02676697,16.22281497708604,0.19604800708603776
2,15.0,1739.477,16.02215982,16.229036147458277,0.20687632745827855
2,15.0,1739.959,16.02409046,16.23540912107585,0.2113186610758504
2,15.0,1740.441,16.02695624,16.241932895830686,0.21497665583068581
2,15.0,1740.923,16.01720422,16.248606445107402,0.23140222510740216
2,15.0,1741.406,16.03435511,16.25544302598238,0.22108791598238042
2,15.0,1741.887,16.027827,16.262398639730566,0.23457163973056794
2,15.0,1742.37,16.03692494,16.269530027605718,0.23260508760571952
2,15.0,1742.852,16.02546891,16.276792228030025,0.2513233180300247
2,15.0,1743.334,16.05524835,16.284198708770898,0.22895035877089853
2,15.0,1743.816,16.04726152,16.291748301506733,0.2444867815067333
2,15.0,1744.298,16.05141855,16.299439815240717,0.2480212652407161
2,15.0,1744.78,16.05766263,16.307272036577913,0.24960940657791397
2,15.0,1745.262,16.06774678,16.315243730005722,0.24749695000572203
2,15.0,1745.744,16.07436915,16.323353638177736,0.24898448817773655
2,15.0,1746.227,16.10098059,16.33161773328217,0.2306371432821699
2,15.0,1746.709,16.0876973,16.340000493044403,0.25230319304440485
2,15.0,1747.191,16.10525176,16.348517564636776,0.24326580463677416
2,15.0,1747.673,16.12177719,16.357167606241624,0.23539041624162493
2,15.0,1748.155,16.10580475,16.365949255677158,0.2601445056771574
2,15.0,1748.637,16.12283148,16.374861130700534,0.2520296507005355
2,15.0,1749.119,16.11848629,16.38390182931377,0.2654155393137714
2,15.0,1749.601,16.11831689,16.393069930072595,0.2747530400725964
2,15.0,1750.083,16.08669241,16.40236399239773,0.3156715823977301
2,15.0,1750.566,16.10275068,16.411802225876716,0.30905154587671646
2,15.0,1751.048,16.10235393,16.421344068317783,0.31899013831778333
2,15.0,1751.53,16.12233693,16.43100743580812,0.30867050580812005
2,15.0,1752.012,16.10932741,16.440790814357417,0.33146340435741806
2,15.0,1752.494,16.13207188,16.450692672435622,0.31862079243562036
2,15.0,1752.976,16.14371275,16.46071146129897,0.3169987112989716
2,15.0,1753.458,16.14259383,16.47084561531787,0.328251785317871
2,15.0,1753.94,16.16200898,16.481093552306728,0.3190845723067284
2,15.0,1754.423,16.17676613,16.491475283382286,0.3147091533822852
2,15.0,1754.905,16.18462785,16.501946202901443,0.31731835290144517
2,15.0,1755.387,16.18796872,16.512526059428073,0.32455733942807186
2,15.0,1755.869,16.19921208,16.523213207857577,0.32400112785757784
2,15.0,1756.351,16.21332259,16.534005988206683,0.32068339820668257
2,15.0,1756.833,16.22448961,16.544902725953307,0.3204131159533077
2,15.0,1757.315,16.25042953,16.55590173237827,0.3054722023782688
2,15.0,1757.797,16.23743336,16.56700130490776,0.3295679449077582
2,15.0,1758.28,16.24848122,16.578223062256246,0.32974184225624725
2,15.0,1758.762,16.28144525,16.589518805265524,0.3080735552655227
2,15.0,1759.244,16.28436671,16.600909923349032,0.316543213349032
2,15.0,1759.726,16.28002892,16.612394661940108,0.3323657419401087
2,15.0,1760.208,16.27512609,16.623971254348508,0.3488451643485071
2,15.0,1760.69,16.30487312,16.635637922109204,0.3307648021092042
2,15.0,1761.172,16.30008849,16.64739287533187,0.3473043853318707
2,15.0,1761.654,16.33266439,16.659234313050938,0.32656992305093624
2,15.0,1762.136,16.34180239,16.67116042357615,0.329358033576149
2,15.0,1762.619,16.33035906,16.68319438455496,0.3528353245549596
2,15.0,1763.101,16.34342005,16.69528453065622,0.35186448065622145
2,15.0,1763.583,16.365219,16.707453849826653,0.342234849826653
2,15.0,1764.065,16.37871534,16.719700490972418,0.34098515097241844
2,15.0,1764.547,16.39805497,16.73202259403402,0.33396762403402036
2,15.0,1765.029,16.4157591,16.744418290338498,0.3286591903384988
2,15.0,1765.511,16.41631734,16.756885702951312,0.34056836295131276
2,15.0,1765.993,16.42689134,16.76942294702859,0.3425316070285902
2,15.0,1766.476,16.44850973,16.782054351306932,0.3335446213069311
2,15.0,1766.958,16.46333801,16.79472570893445,0.3313876989344493
2,15.0,1767.44,16.46752697,16.80746119559287,0.3399342255928701
2,15.0,1767.922,16.49591291,16.820258898302775,0.32434598830277395
2,15.0,1768.404,16.48818906,16.83311689793187,0.3449278379318699
2,15.0,1768.886,16.51055074,16.846033269544925,0.33548252954492597
2,15.0,1769.368,16.52837669,16.85900608275281,0.3306293927528081
2,15.0,1769.85,16.52253079,16.872033402061078,0.3495026120610767
2,15.0,1770.333,16.54692096,16.885140477202743,0.33821951720274157
2,15.0,1770.814,16.54605778,16.898243793560447,0.3521860135604449
2,15.0,1771.297,16.5668869,16.9114503642974,0.34456346429740137
2,15.0,1771.779,16.57016949,16.9246763580083,0.354506868008297
2,15.0,1772.261,16.5883192,16.93794711184815,0.3496279118481489
2,15.0,1772.743,16.58391402,16.95126066695639,0.3673466469563884
2,15.0,1773.225,16.59451264,16.964615061782556,0.3701024217825548
2,15.0,1773.707,16.61974474,16.978008332426764,0.35826359242676276
2,15.0,1774.189,16.60920698,16.991438512979038,0.3822315329790378
2,15.0,1774.671,16.65500395,17.0049036358574,0.34989968585739817
2,15.0,1775.154,16.65888806,17.01842976940274,0.3595417094027411
2,15.0,1775.636,16.66203428,17.031958931454547,0.36992465145454645
2,15.0,1776.118,16.677584,17.04551712232346,0.36793312232346054
2,15.0,1776.6,16.71392541,17.05910237108965,0.3451769610896491
2,15.0,1777.082,16.7013569,17.072712706829737,0.3713558068297367
2,15.0,1777.564,16.72798474,17.086346158945425,0.3583614189454245
2,15.0,1778.046,16.73481455,17.100000757490495,0.36518620749049546
2,15.0,1778.528,16.74211233,17.11367453349612,0.37156220349611857
2,15.0,1779.01,16.77279176,17.127365519294205,0.35457375929420465
2,15.0,1779.493,16.79175062,17.141100199482693,0.34934957948269485
2,15.0,1779.975,16.79867345,17.154819734180894,0.35614628418089467
2,15.0,1780.457,16.801164,17.168550582609438,0.3673865826094378
2,15.0,1780.939,16.80856646,17.182290785504364,0.3737243255043623
2,15.0,1781.421,16.83406474,17.196038386490955,0.36197364649095576
2,15.0,1781.903,16.83910078,17.209791432394997,0.3706906523949982
2,15.0,1782.385,16.8749351,17.223547973552126,0.34861287355212767
2,15.0,1782.867,16.89315306,17.237306064114776,0.34415300411477645
2,15.0,1783.35,16.89212036,17.25109230354685,0.3589719435468517
2,15.0,1783.832,16.89499103,17.264847665323064,0.3698566353230639
2,15.0,1784.314,16.92689207,17.278598760895314,0.3517066908953126
2,15.0,1784.796,16.91152917,17.29234366271917,0.3808144927191677
2,15.0,1785.278,16.94208355,17.30608044856837,0.36399689856837014
2,15.0,1785.76,16.96713323,17.319807201828077,0.35267397182807514
2,15.0,1786.242,16.97310958,17.33352201178535,0.36041243178535254
2,15.0,1786.724,16.99297261,17.3472229739171,0.3542503639170995
2,15.0,1787.207,17.01203552,17.360936565059724,0.34890104505972275
2,15.0,1787.689,17.0497528,17.37460410560369,0.3248513056036906
2,15.0,1788.171,17.07114924,17.38825212083386,0.3171028808338612
2,15.0,1788.653,17.0683942,17.401878733832376,0.333484533832376
2,15.0,1789.135,17.09130733,17.415482075273765,0.32417474527376555
2,15.0,1789.617,17.1149505,17.429060283697524,0.31410978369752485
2,15.0,1790.099,17.12944432,17.4426115057779,0.3131671857778997
2,15.0,1790.581,17.13794138,17.456133896590842,0.318192516590841
2,15.0,1791.063,17.17127079,17.469625619878453,0.29835482987845197
2,15.0,1791.546,17.19379752,17.48311273697972,0.28931521697971974
2,15.0,1792.028,17.20668362,17.49653757934009,0.28985395934008906
2,15.0,1792.51,17.20900844,17.509926296257124,0.3009178562571222
2,15.0,1792.992,17.21016483,17.523277088745324,0.3131122587453241
2,15.0,1793.474,17.234925,17.53658816776542,0.3016631677654189
2,15.0,1793.956,17.26968649,17.54985775447202,0.2801712644720169
2,15.0,1794.438,17.26648888,17.5630840804579,0.2965952004579009
2,15.0,1794.92,17.28464146,17.57626538799573,0.29162392799572956
2,15.0,1795.403,17.292572,17.589427130546277,0.29685513054627677
2,15.0,1795.885,17.30587011,17.602513069495807,0.29664295949580577
2,15.0,1796.367,17.3157869,17.615548779702046,0.2997618797020465
2,15.0,1796.849,17.32210486,17.628532548539468,0.30642768853946833
2,15.0,1797.331,17.3302822,17.64146267522709,0.3111804752270899
2,15.0,1797.813,17.34556764,17.654337471052425,0.3087698310524267
2,15.0,1798.295,17.36109524,17.66715525959244,0.3060600195924401
2,15.0,1798.777,17.38613533,17.679914376931514,0.29377904693151535
2,15.0,1799.26,17.36969765,17.692639454080282,0.3229418040802834
2,15.0,1799.741,17.40719372,17.70525000616796,0.298056286167963
2,15.0,1800.224,17.42038885,17.717849273050874,0.2974604230508753
2,15.0,1800.706,17.43457343,17.730357187107273,0.295783757107273
2,15.0,1801.188,17.45765852,17.74279830211187,0.2851397821118695
2,15.0,1801.67,17.44352468,17.755171033630468,0.31164635363046855
2,15.0,1802.152,17.47753313,17.76747381117801,0.28994068117800964
2,15.0,1802.634,17.50512391,17.779705078412064,0.27458116841206603
2,15.0,1803.116,17.50479965,17.791863293323612,0.2870636433236129
2,15.0,1803.598,17.52188527,17.80394692842475,0.2820616584247517
2,15.0,1804.081,17.5301588,17.815979302707373,0.2858205027073737
2,15.0,1804.563,17.53797527,17.827909092205143,0.28993382220514263
2,15.0,1805.045,17.54426857,17.839759805324867,0.2954912353248673
2,15.0,1805.527,17.57278368,17.851529974510004,0.2787462945100039
2,15.0,1806.009,17.57243936,17.863218147617662,0.2907787876176613
2,15.0,1806.491,17.58591543,17.874822888088215,0.2889074580882145
2,15.0,1806.973,17.60213702,17.886342775111363,0.2842057551113619
2,15.0,1807.455,17.61717468,17.897776403789514,0.28060172378951265
2,15.0,1807.938,17.63474882,17.909145832614584,0.2743970126145854
2,15.0,1808.42,17.63478287,17.92040260825447,0.2856197382544714
2,15.0,1808.902,17.653644,17.93156900512237,0.27792500512236984
2,15.0,1809.384,17.64214715,17.942643683577174,0.3004965335771743
2,15.0,1809.866,17.69149822,17.95362532066139,0.26212710066139167
2,15.0,1810.348,17.67960638,17.964512610245983,0.2849062302459835
2,15.0,1810.83,17.6883619,17.975304263172557,0.2869423631725567
2,15.0,1811.312,17.7025755,17.98599900739242,0.2834235073924205
2,15.0,1811.794,17.72651706,17.99659558810233,0.27007852810233146
2,15.0,1812.277,17.73308388,18.00711444208289,0.274030562082892
2,15.0,1812.759,17.74521779,18.017510790995374,0.2722930009953721
2,15.0,1813.241,17.75648305,18.02780531430159,0.2713222643015918
2,15.0,1813.723,17.78520713,18.037996827518256,0.2527896975182564
2,15.0,1814.205,17.78797155,18.048084164043278,0.2601126140432761
2,15.0,1814.687,17.79059496,18.058066175273893,0.2674712152738934
2,15.0,1815.169,17.80177335,18.067941730721877,0.26616838072187576
2,15.0,1815.651,17.82818641,18.077709718125945,0.24952330812594425
2,15.0,1816.134,17.83191241,18.08738896995211,0.2554765599521076
2,15.0,1816.616,17.85276145,18.096938329159286,0.2441768791592871
2,15.0,1817.098,17.85802492,18.10637689180511,0.2483519718051106
2,15.0,1817.58,17.85413104,18.115703619638833,0.26157257963883396
2,15.0,1818.062,17.87839173,18.124917493154527,0.24652576315452635
2,15.0,1818.544,17.90544654,18.134017511685965,0.22857097168596496
2,15.0,1819.026,17.90736469,18.14300269349847,0.23563800349846886
2,15.0,1819.508,17.89765152,18.15187207587829,0.25422055587829107
2,15.0,1819.99,17.93982759,18.160624715218763,0.2207971252187626
2,15.0,1820.473,17.93483255,18.169277479037017,0.23444492903701786
2,15.0,1820.955,17.94525098,18.177793631393133,0.2325426513931319
2,15.0,1821.437,17.93614023,18.1861903235359,0.2500500935359007
2,15.0,1821.919,17.95257759,18.194466689134355,0.24188909913435452
2,15.0,1822.401,17.97781721,18.2026218813541,0.2248046713541001
2,15.0,1822.883,17.95042485,18.210655072926986,0.2602302229269853
2,15.0,1823.365,17.98694064,18.218565456217753,0.231624816217753
2,15.0,1823.847,17.98467246,18.226352243288044,0.2416797832880455
2,15.0,1824.33,18.0009356,18.2340304333012,0.23309483330120173
2,15.0,1824.812,18.02211084,18.241567482872608,0.2194566428726077
2,15.0,1825.294,18.0204618,18.248978689698372,0.2285168896983727
2,15.0,1825.776,18.01768563,18.256263345254773,0.2385777152547739
2,15.0,1826.258,18.02924647,18.263420760994276,0.23417429099427522
2,15.0,1826.74,18.0388368,18.270450268393414,0.2316134683934159
2,15.0,1827.222,18.06417792,18.277351218997943,0.21317329899794402
2,15.0,1827.704,18.06555591,18.28412298446514,0.21856707446513823
2,15.0,1828.187,18.07585495,18.29077860129785,0.2149236512978483
2,15.0,1828.668,18.09078224,18.297276547411357,0.20649430741135788
2,15.0,1829.151,18.09800104,18.3036702904499,0.20566925044990114
2,15.0,1829.633,18.09228417,18.30991916214303,0.2176349921430294
2,15.0,1830.115,18.10420629,18.31603600888969,0.21182971888968893
2,15.0,1830.597,18.13155104,18.32202032380426,0.19046928380425854
2,15.0,1831.079,18.12246807,18.32787162033695,0.2054035503369498
2,15.0,1831.561,18.13793453,18.33358943229564,0.1956549022956402
2,15.0,1832.043,18.15369473,18.339173313864862,0.18547858386486027
2,15.0,1832.525,18.1685807,18.344622839622694,0.17604213962269455
2,15.0,1833.008,18.16615877,18.349948490684294,0.18378972068429533
2,15.0,1833.49,18.17051416,18.35512782942524,0.18461366942523938
2,15.0,1833.972,18.162372,18.360171657844365,0.1977996578443637
2,15.0,1834.454,18.18101164,18.36507963225251,0.18406799225250836
2,15.0,1834.936,18.18835231,18.36985142939985,0.1814991193998523
2,15.0,1835.418,18.2019363,18.37448674647768,0.17255044647767903
2,15.0,1835.9,18.19763278,18.378985301117662,0.1813525211176632
2,15.0,1836.382,18.20829387,18.38334683138886,0.17505296138886095
2,15.0,1836.865,18.21286451,18.38757971698176,0.17471520698176235
2,15.0,1837.347,18.20414822,18.39166620898337,0.18751798898336958
2,15.0,1837.829,18.21598484,18.3956150129847,0.17963017298469808
2,15.0,1838.311,18.21735432,18.3994259487671,0.18207162876710115
2,15.0,1838.793,18.23031469,18.403098856497568,0.17278416649756778
2,15.0,1839.275,18.24371493,18.406633596711256,0.16291866671125632
2,15.0,1839.757,18.21524056,18.41003005029182,0.1947894902918179
2,15.0,1840.239,18.23428859,18.413288118449053,0.17899952844905442
2,15.0,1840.721,18.23926453,18.41640772269456,0.1771431926945617
2,15.0,1841.204,18.26232135,18.419394845609425,0.15707349560942419
2,15.0,1841.686,18.25505834,18.42223708014233,0.16717874014232947
2,15.0,1842.168,18.2472268,18.424940736813237,0.17771393681323744
2,15.0,1842.65,18.25614954,18.427505818091348,0.17135627809134846
2,15.0,1843.132,18.26097287,18.429932346590405,0.16895947659040544
2,15.0,1843.614,18.2715376,18.43222036503052,0.16068276503052203
2,15.0,1844.096,18.27344824,18.434369936197484,0.16092169619748375
2,15.0,1844.578,18.27793471,18.436381142900068,0.15844643290006744
2,15.0,1845.061,18.28069091,18.438257830062195,0.15756692006219453
2,15.0,1845.543,18.28038427,18.43999234967276,0.15960807967276125
2,15.0,1846.025,18.30456201,18.441588873237883,0.1370268632378817
2,15.0,1846.507,18.30996235,18.443047563226493,0.1330852132264937
2,15.0,1846.989,18.30751053,18.444368601882886,0.13685807188288734
2,15.0,1847.471,18.2928714,18.445552191170574,0.15268079117057454
2,15.0,1847.953,18.30474302,18.446598552713976,0.14185553271397566
2,15.0,1848.435,18.30748575,18.447507927737913,0.1400221777379116
2,15.0,1848.917,18.31162725,18.448280577004873,0.13665332700487198
2,15.0,1849.4,18.30982058,18.448917959044923,0.13909737904492303
2,15.0,1849.882,18.33443237,18.44941773477452,0.11498536477452248
2,15.0,1850.364,18.31554678,18.449781684283547,0.13423490428354867
2,15.0,1850.846,18.30740572,18.450010145855206,0.1426044258552075
2,15.0,1851.328,18.29470803,18.450103476964543,0.155395446964544
2,15.0,1851.81,18.32893737,18.45006205420285,0.12112468420285083
2,15.0,1852.292,18.30689403,18.44988627320002,0.1429922432000197
2,15.0,1852.774,18.29014174,18.449576548544663,0.1594348085446633
2,15.0,1853.257,18.30536176,18.44913225565511,0.14377049565510802
2,15.0,1853.739,18.29639793,18.448555687313632,0.15215775731363124
2,15.0,1854.221,18.29312552,18.447846533005396,0.1547210130053962
2,15.0,1854.703,18.31458161,18.447005282352947,0.13242367235294594
2,15.0,1855.185,18.32210284,18.446032443506997,0.12392960350699767
2,15.0,1855.667,18.3118114,18.444928543054274,0.13311714305427458
2,15.0,1856.149,18.31699375,18.443694125923066,0.1267003759230647
2,15.0,1856.631,18.31335703,18.442329755286924,0.12897272528692483
2,15.0,1857.114,18.31174125,18.44083277934531,0.12909152934530965
2,15.0,1857.595,18.30927281,18.439213496827026,0.12994068682702675
2,15.0,1858.078,18.31837091,18.437459060802542,0.11908815080254342
2,15.0,1858.56,18.30679491,18.43558060540455,0.12878569540454876
2,15.0,1859.042,18.320856,18.43357528390304,0.11271928390303998
2,15.0,1859.524,18.31682496,18.43144376684066,0.11461880684065662
2,15.0,1860.006,18.30802944,18.4291867422733,0.1211573022732999
2,15.0,1860.488,18.31499316,18.426804915657613,0.11181175565761237
2,15.0,1860.97,18.3254301,18.42429900973642,0.09886890973642082
2,15.0,1861.452,18.3072174,18.421669764422223,0.11445236442222395
2,15.0,1861.935,18.31771415,18.418912100602395,0.10119795060239412
2,15.0,1862.417,18.30992474,18.4160382124251,0.1061134724251005
2,15.0,1862.899,18.32880511,18.41304330807318,0.08423819807318011
2,15.0,1863.381,18.3274061,18.40992819496767,0.08252209496766838
2,15.0,1863.863,18.32868935,18.406693697086848,0.07800434708684634
2,15.0,1864.345,18.33257378,18.403340654838086,0.07076687483808541
2,15.0,1864.827,18.32349177,18.399869924927717,0.07637815492771693
2,15.0,1865.309,18.33737016,18.39628238022876,0.058912220228762635
2,15.0,1865.792,18.32917133,18.392571106218583,0.0633997762185814
2,15.0,1866.274,18.34231216,18.38875237687558,0.046440216875581086
2,15.0,1866.756,18.34494004,18.384819548940566,0.039879508940565245
2,15.0,1867.238,18.32921974,18.380773558627034,0.051553818627034786
2,15.0,1867.72,18.33944702,18.376615357625873,0.03716833762587157
2,15.0,1868.202,18.31386816,18.37234591296209,0.05847775296209079
2,15.0,1868.684,18.3296538,18.367966206849374,0.03831240684937498
2,15.0,1869.166,18.30926391,18.363477236542973,0.05421332654297473
2,15.0,1869.648,18.26813767,18.358880014190703,0.09074234419070137
2,15.0,1870.131,18.28267297,18.35416569567736,0.0714927256773592
2,15.0,1870.613,18.28256241,18.349354845285486,0.0667924352854854
2,15.0,1871.095,18.29846383,18.34443886933442,0.04597503933442226
2,15.0,1871.577,18.29094861,18.33941883804492,0.04847022804491985
2,15.0,1872.059,18.27984045,18.334295835757505,0.05445538575750675
2,15.0,1872.541,18.26537644,18.32907096077262,0.06369452077261784
2,15.0,1873.023,18.24211725,18.323745325188913,0.08162807518891313
2,15.0,1873.505,18.25656283,18.31832005473982,0.06175722473982148
2,15.0,1873.988,18.25290301,18.312784726944095,0.059881716944094165
2,15.0,1874.47,18.26063288,18.307163416926475,0.04653053692647546
2,15.0,1874.952,18.24078969,18.301445931823736,0.06065624182373597
2,15.0,1875.434,18.23339716,18.295633450265857,0.062236290265857974
2,15.0,1875.916,18.25116048,18.289727163673845,0.03856668367384586
2,15.0,1876.398,18.23717291,18.28372827608598,0.04655536608597899
2,15.0,1876.88,18.23237144,18.27763800398232,0.04526656398232021
2,15.0,1877.362,18.22509143,18.271457576107487,0.04636614610748779
2,15.0,1877.844,18.21908243,18.265188233291816,0.04610580329181602
2,15.0,1878.327,18.19659021,18.258817949214347,0.062227739214346656
2,15.0,1878.809,18.19895068,18.252374368520734,0.0534236885207342
2,15.0,1879.291,18.18899455,18.245845668737545,0.056851118737544226
2,15.0,1879.773,18.20185105,18.23923313724003,0.037382087240033
2,15.0,1880.255,18.19135618,18.232538072570026,0.04118189257002669
2,15.0,1880.737,18.17283643,18.225761784247325,0.05292535424732492
2,15.0,1881.219,18.17455413,18.21890559257972,0.044351462579719225
2,15.0,1881.701,18.16126239,18.211970828471145,0.050708438471144035
2,15.0,1882.184,18.16751045,18.204944206174915,0.03743375617491296
2,15.0,1882.666,18.13401209,18.19785617529889,0.06384408529889285
2,15.0,1883.148,18.1402196,18.190693629166486,0.0504740291664838
2,15.0,1883.63,18.15166039,18.18345793913948,0.03179754913947974
2,15.0,1884.112,18.12079175,18.176150486194437,0.05535873619443876
2,15.0,1884.594,18.11912104,18.16877266072195,0.049651620721949286
2,15.0,1885.076,18.0968274,18.161325862324617,0.06449846232461809
2,15.0,1885.558,18.10358337,18.153811499613553,0.05022812961355427
2,15.0,1886.041,18.1039204,18.146215195033427,0.04229479503342759
2,15.0,1886.522,18.08856591,18.13858575950641,0.05001984950640903
2,15.0,1887.005,18.08444209,18.130861184963514,0.046419094963514596
2,15.0,1887.487,18.07157758,18.12309069727661,0.05151311727660968
2,15.0,1887.969,18.08295733,18.11525981925732,0.032302489257322264
2,15.0,1888.451,18.07442791,18.107370009233158,0.03294209923315705
2,15.0,1888.933,18.06815688,18.099422733077166,0.03126585307716567
2,15.0,1889.415,18.03341817,18.091419463993773,0.05800129399377241
2,15.0,1889.897,18.02854634,18.08336168230338,0.0548153423033817
2,15.0,1890.379,18.03064118,18.0752508752258,0.044609695225801715
2,15.0,1890.862,18.01397754,18.06707154982304,0.05309400982304169
2,15.0,1891.344,18.01041679,18.05885907790316,0.04844228790316052
2,15.0,1891.826,18.0049559,18.050598084600587,0.04564218460058811
2,15.0,1892.308,18.01442708,18.042290082555773,0.027863002555772454
2,15.0,1892.79,17.99472941,18.03393659020786,0.03920718020785685
2,15.0,1893.272,17.98774359,18.02553913157124,0.037795541571238545
2,15.0,1893.754,17.96949429,18.017099236011227,0.047604946011226446
2,15.0,1894.236,17.97321666,18.008618438018576,0.0354017780185778
2,15.0,1894.719,17.95033145,18.00008056045299,0.04974911045298924
2,15.0,1895.201,17.94338067,17.991522503581503,0.04814183358150359
2,15.0,1895.683,17.94443261,17.98292817945041,0.03849556945041144
2,15.0,1896.165,17.90730832,17.974299140786947,0.06699082078694829
2,15.0,1896.647,17.90245872,17.96563694430189,0.06317822430189324
2,15.0,1897.129,17.90133329,17.95694315045854,0.05560986045853866
2,15.0,1897.611,17.89138659,17.948219323240828,0.05683273324082805
2,15.0,1898.093,17.87504235,17.93946702992084,0.06442467992084033
2,15.0,1898.575,17.87433185,17.930687840825406,0.056355990825405655
2,15.0,1899.058,17.87034499,17.921865037250065,0.051520047250065204
2,15.0,1899.54,17.85991963,17.913036731004212,0.05311710100421152
2,15.0,1900.022,17.83126034,17.90418625922374,0.07292591922373859
2,15.0,1900.504,17.82132946,17.895315202110726,0.07398574211072528
2,15.0,1900.986,17.82039677,17.88642514174439,0.06602837174439102
2,15.0,1901.468,17.82142118,17.87751766184366,0.05609648184366023
2,15.0,1901.95,17.80978839,17.868594347529374,0.05880595752937268
2,15.0,1902.432,17.80209722,17.85965678508597,0.05755956508597038
2,15.0,1902.915,17.79486286,17.850687980734964,0.055825120734965594
2,15.0,1903.397,17.80236081,17.841726663024172,0.03936585302417228
2,15.0,1903.879,17.77446344,17.83275586392411,0.05829242392410805
2,15.0,1904.361,17.74374147,17.82377717198116,0.08003570198115995
2,15.0,1904.843,17.76007962,17.814792175706565,0.054712555706565524
2,15.0,1905.325,17.74665625,17.805802463335763,0.059146213335761644
2,15.0,1905.807,17.74998379,17.79680962258745,0.04682583258744799
2,15.0,1906.289,17.71860656,17.787815240422386,0.06920868042238482
2,15.0,1906.771,17.6974842,17.778820902802078,0.08133670280207639
2,15.0,1907.254,17.69862208,17.769809540168133,0.07118746016813304
2,15.0,1907.736,17.71504004,17.760820052626535,0.045780012626533306
2,15.0,1908.218,17.68550135,17.751835362382028,0.06633401238202907
2,15.0,1908.7,17.66343917,17.74285704897856,0.07941787897856045
2,15.0,1909.182,17.64394617,17.73388668975204,0.08994051975204087
2,15.0,1909.664,17.64855429,17.72492585958857,0.07637156958857005
2,15.0,1910.146,17.63705352,17.715976130682865,0.07892261068286643
2,15.0,1910.628,17.62106756,17.70703907229672,0.08597151229671951
2,15.0,1911.111,17.62443393,17.69809775432299,0.0736638243229919
2,15.0,1911.593,17.59317106,17.68919076622404,0.0960197062240411
2,15.0,1912.075,17.60098064,17.680301139651156,0.07932049965115695
2,15.0,1912.557,17.59238914,17.67143042971526,0.07904128971525992
2,15.0,1913.039,17.57453337,17.662580187389725,0.0880468173897242
2,15.0,1913.521,17.56619516,17.6537519592704,0.08755679927040205
2,15.0,1914.003,17.56618603,17.644947287336212,0.07876125733621109
2,15.0,1914.485,17.54404745,17.636167708710065,0.09212025871006446
2,15.0,1914.968,17.52332532,17.627396624503206,0.10407130450320423
2,15.0,1915.449,17.556065,17.618689954162885,0.06262495416288516
2,15.0,1915.932,17.51329915,17.6099768182761,0.09667766827609725
2,15.0,1916.414,17.50778511,17.601312944931465,0.09352783493146433
2,15.0,1916.896,17.51576149,17.592681772465188,0.07692028246518845
2,15.0,1917.378,17.49818012,17.584084803861955,0.08590468386195482
2,15.0,1917.86,17.48474472,17.575523535593028,0.0907788155930298
2,15.0,1918.342,17.4773998,17.566999457382384,0.08959965738238296
2,15.0,1918.824,17.45491747,17.558514051973678,0.10359658197367594
2,15.0,1919.306,17.46018499,17.550068794898134,0.08988380489813608
2,15.0,1919.789,17.43316355,17.541647763578876,0.10848421357887617
2,15.0,1920.271,17.42615083,17.533287290642406,0.10713646064240478
2,15.0,1920.753,17.43352866,17.524971350056408,0.09144269005640737
2,15.0,1921.235,17.4440974,17.516701386183442,0.07260398618344155
2,15.0,1921.717,17.41489016,17.508478835027347,0.09358867502734824
2,15.0,1922.199,17.39731932,17.50030512400753,0.10298580400752755
2,15.0,1922.681,17.40489881,17.492181671734233,0.08728286173423427
2,15.0,1923.163,17.35385357,17.48410988778517,0.13025631778517166
2,15.0,1923.646,17.355597,17.47607459227577,0.12047759227576904
2,15.0,1924.128,17.3428711,17.468110450894354,0.12523935089435412
2,15.0,1924.61,17.32960387,17.460202153015697,0.1305982830156971
2,15.0,1925.092,17.30594121,17.452351069858846,0.1464098598588457
2,15.0,1925.574,17.32777473,17.444558562513095,0.11678383251309299
2,15.0,1926.056,17.2830943,17.43682598172289,0.15373168172289198
2,15.0,1926.538,17.28923335,17.4291546676745,0.13992131767449933
2,15.0,1927.02,17.2793145,17.42154594978409,0.14223144978408797
2,15.0,1927.502,17.26597369,17.41400114648761,0.14802745648761118
2,15.0,1927.985,17.25469207,17.406506115927233,0.1518140459272317
2,15.0,1928.467,17.25700627,17.399093191507237,0.14208692150723579
2,15.0,1928.949,17.233633910000002,17.391748071683512,0.15811416168351045
2,15.0,1929.431,17.22631316,17.384472028878946,0.15815886887894592
2,15.0,1929.913,17.23721322,17.377266323511076,0.14005310351107525
2,15.0,1930.395,17.21988223,17.37013220379272,0.15024997379272165
2,15.0,1930.877,17.19347595,17.36307090553458,0.16959495553458126
2,15.0,1931.359,17.18475647,17.356083651949767,0.17132718194976704
2,15.0,1931.842,17.18234062,17.349157392274936,0.16681677227493452
2,15.0,1932.324,17.17748484,17.342322006171734,0.16483716617173272
2,15.0,1932.806,17.19567792,17.33556425931541,0.13988633931541017
2,15.0,1933.288,17.16346254,17.328885322587958,0.16542278258795662
2,15.0,1933.77,17.1567965,17.322286353327605,0.1654898533276068
2,15.0,1934.252,17.13619992,17.315768495146422,0.17956857514642266
2,15.0,1934.734,17.13210034,17.309332877749778,0.1772325377497772
2,15.0,1935.216,17.12076752,17.302980616758607,0.18221309675860553
2,15.0,1935.698,17.11521802,17.29671281353369,0.18149479353369102
2,15.0,1936.181,17.10484822,17.290517818409796,0.18566959840979536
2,15.0,1936.663,17.0902566,17.284422357703466,0.1941657577034661
2,15.0,1937.145,17.09457571,17.278414573743895,0.1838388637438939
2,15.0,1937.627,17.10024431,17.272495509112876,0.1722511991128748
2,15.0,1938.109,17.06606685,17.266666191290646,0.20059934129064771
2,15.0,1938.591,17.07907241,17.260927632495175,0.1818552224951766
2,15.0,1939.073,17.05196823,17.25528082952433,0.203312599524331
2,15.0,1939.555,17.05471092,17.24972676360052,0.19501584360051893
2,15.0,1940.038,17.04014671,17.24425516972839,0.20410845972839198
2,15.0,1940.52,17.0300938,17.238889655853683,0.20879585585368332
2,15.0,1941.002,17.04974425,17.233619729648556,0.183875479648556
2,15.0,1941.484,17.04491187,17.228446308501578,0.18353443850157802
2,15.0,1941.966,17.02043944,17.223370293490373,0.202930853490372
2,15.0,1942.448,17.02556174,17.218392569243044,0.19283082924304296
2,15.0,1942.93,17.00825849,17.21351400380245,0.20525551380245233
2,15.0,1943.412,16.98637788,17.20873544849361,0.2223575684936101
2,15.0,1943.895,16.99785407,17.204048138397525,0.20619406839752585
2,15.0,1944.376,16.99522516,17.199481689205967,0.20425652920596704
2,15.0,1944.859,16.97598443,17.194998928891557,0.219014498891557
2,15.0,1945.341,16.96067751,17.190628803527616,0.22995129352761623
2,15.0,1945.823,16.96211653,17.186362691286263,0.2242461612862634
2,15.0,1946.305,16.95904794,17.182201340529524,0.22315340052952237
2,15.0,1946.787,16.93975149,17.17814548205689,0.23839399205689205
2,15.0,1947.269,16.94588446,17.174195828997,0.22831136899700155
2,15.0,1947.751,16.92309673,17.170353076702707,0.2472563467027058
2,15.0,1948.233,16.92900136,17.16661790264921,0.23761654264921006
2,15.0,1948.716,16.91991043,17.162983554532243,0.24307312453224128
2,15.0,1949.198,16.93179566,17.1594657239304,0.22767006393040035
2,15.0,1949.68,16.92357111,17.156057397033823,0.23248628703382224
2,15.0,1950.162,16.91396437,17.152759178816044,0.23879480881604565
2,15.0,1950.644,16.90323558,17.149571655912638,0.2463360759126374
2,15.0,1951.126,16.89561236,17.146495396539088,0.2508830365390864
2,15.0,1951.608,16.9016159,17.14353095041204,0.24191505041203953
2,15.0,1952.09,16.90977658,17.140678848673947,0.23090226867394748
2,15.0,1952.573,16.88704823,17.13793403840059,0.2508858084005894
2,15.0,1953.055,16.88298658,17.13530837988201,0.252321799882008
2,15.0,1953.537,16.88193021,17.132796547997568,0.25086633799756797
2,15.0,1954.019,16.87830701,17.130398998867943,0.25209198886794226
2,15.0,1954.501,16.86529018,17.128116169713753,0.2628259897137539
2,15.0,1954.983,16.86621282,17.125948478800694,0.25973565880069316
2,15.0,1955.465,16.88501116,17.123896325388223,0.23888516538822202
2,15.0,1955.947,16.87329058,17.121960089681632,0.24866950968163337
2,15.0,1956.429,16.84395386,17.120140132787746,0.2761862727877471
2,15.0,1956.912,16.84427108,17.11843338423576,0.2741623042357624
2,15.0,1957.394,16.84480132,17.116847234636452,0.272045914636454
2,15.0,1957.876,16.81914706,17.11537833279773,0.29623127279772987
2,15.0,1958.358,16.83675147,17.114026963018684,0.2772754930186849
2,15.0,1958.84,16.84162251,17.112793390330545,0.27117088033054415
2,15.0,1959.322,16.84028147,17.11167786047343,0.27139639047343067
2,15.0,1959.804,16.84113691,17.11068059987656,0.26954368987655997
2,15.0,1960.286,16.82858308,17.109801815642065,0.2812187356420637
2,15.0,1960.769,16.83392584,17.109040241990808,0.27511440199080894
2,15.0,1961.251,16.81999846,17.10839920112145,0.28840074112144976
2,15.0,1961.733,16.81507802,17.107877142138364,0.2927991221383621
2,15.0,1962.215,16.8335872,17.107474194703688,0.2738869947036875
2,15.0,1962.697,16.82188582,17.107190469124482,0.28530464912448394
2,15.0,1963.179,16.80335639,17.107026056357626,0.3036696663576244
2,15.0,1963.661,16.81678382,17.106981028018375,0.29019720801837323
2,15.0,1964.143,16.80895349,17.107055436392404,0.2981019463924035
2,15.0,1964.625,16.82719586,17.107249314451366,0.280053454451366
2,15.0,1965.108,16.82779823,17.107563450201344,0.27976522020134453
2,15.0,1965.59,16.80590647,17.107996537247715,0.3020900672477147
2,15.0,1966.072,16.80750408,17.10854907714622,0.30104499714621724
2,15.0,1966.554,16.80847589,17.109221025798,0.30074513579799955
2,15.0,1967.036,16.79792009,17.110012319920394,0.3120922299203919
2,15.0,1967.518,16.80405858,17.110922877083425,0.30686429708342544
2,15.0,1968.0,16.81301601,17.111952595749628,0.29893658574962956
2,15.0,1968.482,16.79775983,17.113101355317447,0.3153415253174465
2,15.0,1968.965,16.78998776,17.114371769660504,0.3243840096605055
2,15.0,1969.447,16.80025803,17.115758419383813,0.3155003893838142
2,15.0,1969.929,16.82374563,17.117263633916032,0.2935180039160308
2,15.0,1970.411,16.79449583,17.11888721686154,0.32439138686154223
2,15.0,1970.893,16.81262866,17.12062895302836,0.30800029302835696
2,15.0,1971.375,16.80271021,17.122488608491697,0.319778398491696
2,15.0,1971.857,16.81988818,17.124465930660925,0.3045777506609255
2,15.0,1972.339,16.80747815,17.126560648349717,0.31908249834971514
2,15.0,1972.822,16.80534829,17.128777182215543,0.32342889221554216
2,15.0,1973.303,16.83022836,17.131101093006638,0.3008727330066385
2,15.0,1973.786,16.82059135,17.133551378942283,0.3129600289422818
2,15.0,1974.268,16.78394209,17.136112838127882,0.3521707481278824
2,15.0,1974.75,16.8300827,17.138790059879675,0.30870735987967635
2,15.0,1975.232,16.81991263,17.141582663055896,0.32167003305589503
2,15.0,1975.714,16.81722602,17.1444902485011,0.32726422850110026
2,15.0,1976.196,16.81748239,17.1475123991419,0.3300300091419004
2,15.0,1976.678,16.85021381,17.150648680085773,0.3004348700857733
2,15.0,1977.16,16.81500812,17.153898638722875,0.3388905187228737
2,15.0,1977.643,16.83861224,17.157268899697495,0.31865665969749557
2,15.0,1978.125,16.83298426,17.160745018889152,0.327760758889152
2,15.0,1978.607,16.85187312,17.16433335163855,0.31246023163854986
2,15.0,1979.089,16.84512337,17.168033375509435,0.32291000550943494
2,15.0,1979.571,16.84222575,17.17184455090251,0.3296188009025087
2,15.0,1980.053,16.84962745,17.175766321174866,0.32613887117486584
2,15.0,1980.535,16.85187694,17.179798112762377,0.32792117276237676
2,15.0,1981.017,16.82892879,17.18393933530484,0.35501054530483955
2,15.0,1981.5,16.86228848,17.18819831199,0.3259098319899998
2,15.0,1981.982,16.84638549,17.19255678264211,0.34617129264211144
2,15.0,1982.464,16.84722873,17.197022812340006,0.3497940823400043
2,15.0,1982.946,16.86325166,17.20159574481175,0.3383440848117516
2,15.0,1983.428,16.87360818,17.206274907656045,0.33266672765604355
2,15.0,1983.91,16.87731128,17.211059612483513,0.33374833248351266
2,15.0,1984.392,16.86385557,17.215949155060375,0.352093585060377
2,15.0,1984.874,16.88564232,17.220942815454762,0.3353004954547636
2,15.0,1985.356,16.89395617,17.22603985818545,0.33208368818545253
2,15.0,1985.839,16.88632766,17.23125042623495,0.34492276623495144
2,15.0,1986.321,16.89501009,17.23655217628715,0.3415420862871521
2,15.0,1986.803,16.88673858,17.241955008822814,0.3552164288228141
2,15.0,1987.285,16.92175406,17.247458127667734,0.32570406766773274
2,15.0,1987.767,16.91158849,17.253060721877944,0.34147223187794395
2,15.0,1988.249,16.94213846,17.258761965902544,0.3166235059025446
2,15.0,1988.731,16.92420946,17.264561019748545,0.3403515597485445
2,15.0,1989.213,16.94409088,17.270457029147973,0.32636614914797235
2,15.0,1989.696,16.92401152,17.27646165673525,0.35245013673524994
2,15.0,1990.178,16.93895701,17.282549154779193,0.3435921447791941
2,15.0,1990.66,16.94184986,17.288730959751337,0.34688109975133585
2,15.0,1991.142,16.95709383,17.295006161967763,0.33791233196776105
2,15.0,1991.624,16.95959988,17.301373838336037,0.34177395833603796
2,15.0,1992.106,16.99978653,17.307833052534182,0.3080465225341804
2,15.0,1992.588,16.96053893,17.314382855191585,0.3538439251915868
2,15.0,1993.07,16.98695745,17.321022284071738,0.33406483407173937
2,15.0,1993.552,16.98644712,17.32775036425672,0.3413032442567179
2,15.0,1994.035,16.98087923,17.334580339316016,0.3537011093160167
2,15.0,1994.517,16.99857634,17.341482926316974,0.3429065863169747
2,15.0,1994.999,16.99290484,17.348471163538512,0.35556632353851114
2,15.0,1995.481,16.99337685,17.355544027190525,0.3621671771905248
2,15.0,1995.963,17.00000762,17.362700481749027,0.36269286174902504
2,15.0,1996.445,17.02529581,17.369939480150133,0.3446436701501341
2,15.0,1996.927,17.02888419,17.377259963985622,0.348375773985623
2,15.0,1997.409,17.0232413,17.384660863699864,0.36141956369986517
2,15.0,1997.892,17.02992247,17.392156699661605,0.3622342296616061
2,15.0,1998.374,17.03551899,17.399715340059686,0.36419635005968587
2,15.0,1998.856,17.06265966,17.407351120477255,0.34469146047725374
2,15.0,1999.338,17.06672171,17.41506292874314,0.3483412187431405
2,15.0,1999.82,17.08385372,17.422849642542943,0.3389959225429422
2,15.0,2000.302,17.07884414,17.430710129623574,0.3518659896235725
2,15.0,2000.784,17.08388117,17.43864324799855,0.3547620779985472
2,15.0,2001.266,17.08656604,17.446647846154487,0.3600818061544864
2,15.0,2001.749,17.10209854,17.454739588484774,0.35264104848477373
2,15.0,2002.23,17.11394037,17.462866829366497,0.3489264593664956
2,15.0,2002.713,17.13078006,17.471095972884736,0.34031591288473706
2,15.0,2003.195,17.13895853,17.479374929084248,0.3404163990842477
2,15.0,2003.677,17.13013846,17.487719469395806,0.3575810093958047
2,15.0,2004.159,17.13220282,17.496128389514908,0.3639255695149082
2,15.0,2004.641,17.14668605,17.5046004770806,0.35791442708060117
2,15.0,2005.123,17.18067712,17.513134511888858,0.3324573918888589
2,15.0,2005.605,17.17733653,17.52172926610595,0.34439273610594867
2,15.0,2006.087,17.18059998,17.530383504482863,0.3497835244828629
2,15.0,2006.57,17.1943481,17.539114119931494,0.3447660199314946
2,15.0,2007.052,17.19048835,17.547883709232128,0.35739535923212884
2,15.0,2007.534,17.21073747,17.556709031991133,0.34597156199113144
2,15.0,2008.016,17.2163739,17.565588825437608,0.34921492543760735
2,15.0,2008.498,17.22237255,17.574521820464327,0.3521492704643272
2,15.0,2008.98,17.23732967,17.58350674184453,0.3461770718445294
2,15.0,2009.462,17.22189492,17.59254230844901,0.370647388449008
2,15.0,2009.944,17.26725373,17.601627233463418,0.3343735034634179
2,15.0,2010.427,17.2628049,17.61077922178558,0.34797432178558196
2,15.0,2010.909,17.28372004,17.61995907720218,0.33623903720217996
2,15.0,2011.391,17.27504647,17.629184395943486,0.3541379259434869
2,15.0,2011.873,17.29964464,17.638453870621458,0.3388092306214574
2,15.0,2012.355,17.29220425,17.647766189252042,0.35556193925204127
2,15.0,2012.837,17.28802226,17.65712003547305,0.36909777547304756
2,15.0,2013.319,17.31696722,17.66651408876191,0.3495468687619123
2,15.0,2013.801,17.3306003,17.675947024653397,0.3453467246533961
2,15.0,2014.283,17.33993155,17.685417514957123,0.345485964957124
2,15.0,2014.766,17.34324827,17.69494398817385,0.3516957181738505
2,15.0,2015.248,17.36582948,17.704485659908457,0.3386561799084582
2,15.0,2015.73,17.37473995,17.71406087852698,0.3393209285269805
2,15.0,2016.212,17.37952871,17.723668303104237,0.3441395931042379
2,15.0,2016.694,17.38540643,17.733306590074683,0.3479001600746834
2,15.0,2017.176,17.41040498,17.742974393448318,0.3325694134483186
2,15.0,2017.658,17.41137633,17.75267036502621,0.34129403502620903
2,15.0,2018.14,17.41929403,17.76239315461556,0.34309912461555925
2,15.0,2018.623,17.4587967,17.772161660374103,0.313364960374102
2,15.0,2019.105,17.4457405,17.781934077122777,0.33619357712277775
2,15.0,2019.587,17.45351635,17.791729248672237,0.3382128986722357
2,15.0,2020.069,17.44975158,17.80154581899257,0.3517942389925679
2,15.0,2020.551,17.47804151,17.811382431127875,0.33334092112787417
2,15.0,2021.033,17.48494717,17.821237727407933,0.33629055740793135
2,15.0,2021.515,17.50597793,17.831110349659237,0.3251324196592371
2,15.0,2021.997,17.50513683,17.840998939415115,0.33586210941511396
2,15.0,2022.479,17.52664222,17.850902138125466,0.32425991812546684
2,15.0,2022.962,17.53076729,17.86083917374313,0.33007188374313046
2,15.0,2023.444,17.53495519,17.870767538682365,0.33581234868236365
2,15.0,2023.926,17.56191591,17.880706435691806,0.31879052569180644
2,15.0,2024.408,17.56707054,17.890654507967962,0.32358396796796285
2,15.0,2024.89,17.58949522,17.900610399659485,0.31111517965948465
2,15.0,2025.372,17.59637412,17.91057275607144,0.3141986360714384
2,15.0,2025.854,17.60528451,17.920540223868816,0.31525571386881523
2,15.0,2026.336,17.61219384,17.9305114512789,0.3183176112788999
2,15.0,2026.819,17.62407271,17.94050578205482,0.31643307205482074
2,15.0,2027.301,17.64371336,17.950480481429633,0.30676712142963325
2,15.0,2027.783,17.64492984,17.9604548936913,0.31552505369129946
2,15.0,2028.265,17.64180184,17.97042767532452,0.3286258353245195
2,15.0,2028.747,17.67120381,17.9803974853729,0.30919367537289943
2,15.0,2029.229,17.66238911,17.990362985634704,0.32797387563470437
2,15.0,2029.711,17.67443885,18.00032284085773,0.32588399085772934
2,15.0,2030.193,17.70341002,18.01027571893262,0.3068656989326186
2,15.0,2030.676,17.71007707,18.02024091342376,0.3101638434237586
2,15.0,2031.157,17.70318267,18.03015523206784,0.32697256206784076
2,15.0,2031.64,17.72149345,18.040099797235523,0.31860634723552295
2,15.0,2032.122,17.725147,18.05001148836234,0.3248644883623406
2,15.0,2032.604,17.74432739,18.05990959290272,0.3155822029027213
2,15.0,2033.086,17.74932043,18.069792801607004,0.3204723716070035
2,15.0,2033.568,17.78023824,18.079659809687765,0.299421569687766
2,15.0,2034.05,17.78485195,18.089509317002623,0.3046573670026227
2,15.0,2034.532,17.79458869,18.0993400282361,0.30475133823609823
2,15.0,2035.014,17.80976706,18.109150653079755,0.2993835930797566
2,15.0,2035.497,17.84513503,18.11896019296079,0.2738251629607902
2,15.0,2035.979,17.83507302,18.128726746699183,0.29365372669918344
2,15.0,2036.461,17.83320006,18.138469372307377,0.3052693123073773
2,15.0,2036.943,17.87109057,18.148186801290247,0.27709623129024763
2,15.0,2037.425,17.84776565,18.15787777103916,0.3101121210391611
2,15.0,2037.907,17.87370854,18.167541025003416,0.2938324850034171
2,15.0,2038.389,17.91042935,18.17717531285982,0.2667459628598188
2,15.0,2038.871,17.89624768,18.18677939068106,0.2905317106810621
2,15.0,2039.354,17.90796743,18.196371847786924,0.28840441778692494
2,15.0,2039.836,17.9396621,18.205911731099256,0.2662496310992566
2,15.0,2040.318,17.94391201,18.21541771009593,0.27150570009593267
2,15.0,2040.8,17.95670158,18.224888568097793,0.26818698809779207
2,15.0,2041.282,17.97107082,18.234323095639095,0.26325227563909337
2,15.0,2041.764,17.98550185,18.243720090625747,0.25821824062574805
2,15.0,2042.246,17.98993815,18.25307835849231,0.26314020849230957
2,15.0,2042.728,18.02225744,18.26239671235715,0.2401392723571476
2,15.0,2043.21,18.01187735,18.271673973175915,0.2597966231759159
2,15.0,2043.693,18.03855779,18.28092808489622,0.2423702948962223
2,15.0,2044.175,18.0498244,18.29011956329615,0.2402951632961532
2,15.0,2044.657,18.06177229,18.299266457664164,0.2374941676641633
2,15.0,2045.139,18.05764993,18.30836762182412,0.2507176918241214
2,15.0,2045.621,18.07893705,18.317421918179537,0.23848486817953685
2,15.0,2046.103,18.07068343,18.326428217856723,0.25574478785672383
2,15.0,2046.585,18.0946436,18.335385400846288,0.24074180084628694
2,15.0,2047.067,18.10401634,18.344292356142763,0.2402760161427615
2,15.0,2047.55,18.11547108,18.353166300433614,0.2376952204336149
2,15.0,2048.032,18.1295289,18.361969394142317,0.23244049414231682
2,15.0,2048.514,18.13883805,18.370718980298236,0.2318809302982352
2,15.0,2048.996,18.16771197,18.37941398529302,0.2117020152930209
2,15.0,2049.478,18.1705524,18.388053345194294,0.21750094519429553
2,15.0,2049.96,18.17089214,18.39663600587461,0.22574386587460893
2,15.0,2050.442,18.17260359,18.4051609231386,0.2325573331385975
2,15.0,2050.924,18.20376505,18.413627062848292,0.20986201284829065
2,15.0,2051.406,18.20875937,18.422033401046598,0.21327403104659837
2,15.0,2051.889,18.21988723,18.43039617452729,0.2105089445272874
2,15.0,2052.371,18.23055798,18.438679749872367,0.20812176987236697
2,15.0,2052.853,18.24215388,18.44690051207953,0.20474663207953014
2,15.0,2053.335,18.2675368,18.45505747913605,0.1875206791360533
2,15.0,2053.817,18.27396261,18.463149679800498,0.1891870698004965
2,15.0,2054.299,18.28734618,18.471176153715003,0.1838299737150031
2,15.0,2054.781,18.27585253,18.479135951516195,0.20328342151619339
2,15.0,2055.263,18.30108127,18.4870281349437,0.1859468649436984
2,15.0,2055.746,18.31556327,18.494867936683836,0.17930466668383716
2,15.0,2056.228,18.3217172,18.50262197648223,0.18090477648223313
2,15.0,2056.71,18.3199937,18.510305652940414,0.19031195294041225
2,15.0,2057.192,18.34712351,18.517918073285255,0.17079456328525566
2,15.0,2057.674,18.33120862,18.525458356362957,0.19424973636295562
2,15.0,2058.156,18.34624561,18.532925632736795,0.18668002273679463
2,15.0,2058.638,18.35149469,18.54031904478273,0.18882435478273152
2,15.0,2059.12,18.36542779,18.547637746783472,0.18220995678347407
2,15.0,2059.603,18.39152149,18.55489585322,0.16337436322000087
2,15.0,2060.084,18.36865398,18.56204769786349,0.1933937178634899
2,15.0,2060.567,18.38799057,18.569151943833198,0.18116137383319852
2,15.0,2061.049,18.39241496,18.576163427206748,0.18374846720674753
2,15.0,2061.531,18.40073971,18.583096152088505,0.18235644208850488
2,15.0,2062.013,18.4352902,18.58994934609422,0.15465914609421816
2,15.0,2062.495,18.41679101,18.596722249351487,0.17993123935148603
2,15.0,2062.977,18.42679837,18.603414114578744,0.17661574457874352
2,15.0,2063.459,18.45131115,18.61002420716228,0.1587130571622808
2,15.0,2063.941,18.45102168,18.616551805231637,0.16553012523163702
2,15.0,2064.424,18.44518887,18.62300948287083,0.17782061287083195
2,15.0,2064.906,18.4709843,18.629369802857354,0.1583855028573531
2,15.0,2065.388,18.48948066,18.635645538497684,0.14616487849768234
2,15.0,2065.87,18.47533997,18.64183601963638,0.16649604963637898
2,15.0,2066.352,18.49779695,18.64794058920955,0.1501436392095492
2,15.0,2066.834,18.5019676,18.65395860330917,0.15199100330917048
2,15.0,2067.316,18.5189518,18.659889431245162,0.140937631245162
2,15.0,2067.798,18.50815691,18.665732455606047,0.15757554560604703
2,15.0,2068.281,18.52591942,18.671498919044502,0.1455794990445014
2,15.0,2068.763,18.5292111,18.67716435217673,0.1479532521767304
2,15.0,2069.245,18.49421283,18.6827402085629,0.18852737856290247
2,15.0,2069.727,18.54471228,18.68822592450073,0.14351364450073234
2,15.0,2070.209,18.5347841,18.69362094984106,0.15883684984105884
2,15.0,2070.691,18.54685424,18.698924748037193,0.15207050803719468
2,15.0,2071.173,18.54300483,18.70413679619253,0.1611319661925279
2,15.0,2071.655,18.55453534,18.709256585106306,0.15472124510630536
2,15.0,2072.137,18.573151,18.71428361931752,0.14113261931752064
2,15.0,2072.62,18.55658096,18.719227555996305,0.1626465959963035
2,15.0,2073.102,18.55869019,18.724067454703572,0.16537726470357228
2,15.0,2073.584,18.56306213,18.728813194248843,0.16575106424884467
2,15.0,2074.066,18.58861189,18.733464334562374,0.14485244456237467
2,15.0,2074.548,18.57786063,18.738020449506894,0.1601598195068945
2,15.0,2075.03,18.59449453,18.742481126910697,0.14798659691069815
2,15.0,2075.512,18.59571581,18.746845968598997,0.15113015859899548
2,15.0,2075.994,18.61068302,18.751114590423473,0.14043157042347332
2,15.0,2076.477,18.607146,18.75529517730336,0.14814917730335964
2,15.0,2076.959,18.62571351,18.759370061704917,0.13365655170491664
2,15.0,2077.441,18.62256682,18.763347657530357,0.14078083753035742
2,15.0,2077.923,18.61812726,18.767227637026338,0.14910037702633616
2,15.0,2078.405,18.63331826,18.771009686587092,0.137691426587093
2,15.0,2078.887,18.64255973,18.774693506773314,0.1321337767733155
2,15.0,2079.369,18.65852848,18.77827881232938,0.11975033232937804
2,15.0,2079.851,18.63305955,18.78176533219869,0.14870578219869302
2,15.0,2080.333,18.66477327,18.78515280953739,0.12037953953738878
2,15.0,2080.816,18.6527429,18.788447720334215,0.13570482033421527
2,15.0,2081.298,18.6731314,18.791636192301635,0.11850479230163558
2,15.0,2081.78,18.67951594,18.794724936164137,0.11520899616413516
2,15.0,2082.262,18.66948217,18.797713752060208,0.12823158206020935
2,15.0,2082.744,18.70032637,18.8006024543832,0.10027608438320001
2,15.0,2083.226,18.69075566,18.803390871784863,0.11263521178486258
2,15.0,2083.708,18.69061779,18.80607884717672,0.11546105717672006
2,15.0,2084.19,18.69105839,18.80866623773007,0.1176078477300706
2,15.0,2084.673,18.68903982,18.811157969182158,0.1221181491821568
2,15.0,2085.155,18.6943283,18.81354360930498,0.11921530930498037
2,15.0,2085.637,18.69665236,18.81582832144148,0.1191759614414778
2,15.0,2086.119,18.68841368,18.818012019795816,0.12959833979581603
2,15.0,2086.601,18.70309315,18.820094632805652,0.11700148280565159
2,15.0,2087.083,18.73061978,18.82207610313188,0.09145632313187946
2,15.0,2087.565,18.68987939,18.823956387646586,0.13407699764658432
2,15.0,2088.047,18.73027181,18.825735457419437,0.09546364741943592
2,15.0,2088.53,18.72263263,18.827416673468257,0.10478404346825698
2,15.0,2089.011,18.71379948,18.828989907912707,0.11519042791270806
2,15.0,2089.494,18.72824219,18.83046825739971,0.10222606739970885
2,15.0,2089.976,18.75242229,18.831842252386288,0.07941996238628946
2,15.0,2090.458,18.71348153,18.833115100450776,0.11963357045077672
2,15.0,2090.94,18.71234651,18.834286857498114,0.12194034749811422
2,15.0,2091.422,18.73407959,18.835357593488954,0.10127800348895377
2,15.0,2091.904,18.7350517,18.83632739241279,0.10127569241279133
2,15.0,2092.386,18.73385585,18.83719635225953,0.10334050225952751
2,15.0,2092.868,18.71140469,18.83796458498938,0.1265598949893807
2,15.0,2093.351,18.74762077,18.838633497148766,0.0910127271487653
2,15.0,2093.833,18.7241348,18.839200458975522,0.11506565897552079
2,15.0,2094.315,18.71642332,18.839667113396224,0.12324379339622382
2,15.0,2094.797,18.73218822,18.840033627948113,0.10784540794811193
2,15.0,2095.279,18.73967813,18.840300183964086,0.1006220539640843
2,15.0,2095.761,18.71227923,18.8404669765331,0.12818774653310072
2,15.0,2096.243,18.71837259,18.84053421445891,0.12216162445890788
2,15.0,2096.725,18.73469138,18.840502120217124,0.10581074021712311
2,15.0,2097.208,18.7326109,18.84037055489264,0.10775965489263939
2,15.0,2097.69,18.73936936,18.84014031339993,0.10077095339993036
2,15.0,2098.172,18.74750619,18.83981148930588,0.09230529930588105
2,15.0,2098.654,18.74046915,18.839384359341683,0.09891520934168341
2,15.0,2099.136,18.73587011,18.838859213672436,0.10298910367243508
2,15.0,2099.618,18.7348731,18.838236355845083,0.10336325584508188
2,15.0,2100.1,18.73573374,18.837516102734426,0.10178236273442565
2,15.0,2100.582,18.71734221,18.836698784488014,0.11935657448801251
2,15.0,2101.064,18.7218878,18.835784744469183,0.11389694446918242
2,15.0,2101.547,18.74792252,18.834772143004987,0.08684962300498711
2,15.0,2102.029,18.74690169,18.83366554333334,0.08676385333333769
2,15.0,2102.511,18.72460723,18.832463331490178,0.10785610149017799
2,15.0,2102.993,18.72556701,18.83116590312999,0.10559889312999005
2,15.0,2103.475,18.7432277,18.829773666815907,0.08654596681590832
2,15.0,2103.957,18.73426174,18.828287043953768,0.09402530395376729
2,15.0,2104.439,18.74181222,18.826706468724748,0.08489424872474771
2,15.0,2104.921,18.7309638,18.825032388016268,0.09406858801626683
2,15.0,2105.404,18.72153302,18.823261498718367,0.10172847871836765
2,15.0,2105.886,18.74439805,18.821401606623095,0.07700355662309377
2,15.0,2106.368,18.72254263,18.819449626256105,0.09690699625610577
2,15.0,2106.85,18.70737501,18.81740605463738,0.11003104463738111
2,15.0,2107.332,18.71032554,18.81527140112644,0.104945861126442
2,15.0,2107.814,18.71997052,18.813046187344558,0.09307566734455719
2,15.0,2108.296,18.71229573,18.810730947095724,0.098435217095723
2,15.0,2108.778,18.7057137,18.808326226285857,0.10261252628585638
2,15.0,2109.26,18.68848289,18.805832582840935,0.11734969284093566
2,15.0,2109.743,18.69251695,18.803245138343872,0.11072818834387022
2,15.0,2110.225,18.69234363,18.800575189583014,0.10823155958301456
2,15.0,2110.707,18.69304571,18.79781806448645,0.10477235448644961
2,15.0,2111.189,18.67158483,18.794974368235234,0.12338953823523369
2,15.0,2111.671,18.6930242,18.79204471759879,0.09902051759879171
2,15.0,2112.153,18.68245344,18.789029740844253,0.10657630084425307
2,15.0,2112.635,18.68999492,18.785930077644643,0.095935157644643
2,15.0,2113.117,18.69235228,18.782746378985607,0.09039409898560535
2,15.0,2113.6,18.70303154,18.77947244271211,0.07644090271210757
2,15.0,2114.082,18.69668465,18.77612249999765,0.07943784999764958
2,15.0,2114.564,18.68833799,18.77269054313393,0.08435255313392886
2,15.0,2115.046,18.70704963,18.76917726741927,0.06212763741926963
2,15.0,2115.528,18.66680191,18.765583378977535,0.09878146897753481
2,15.0,2116.01,18.69999716,18.76190959465663,0.06191243465663021
2,15.0,2116.492,18.65782385,18.758156641925872,0.1003327919258723
2,15.0,2116.974,18.67030945,18.754325258771846,0.084015808771845
2,15.0,2117.457,18.67650351,18.75040800327368,0.07390449327368032
2,15.0,2117.938,18.6465725,18.746430205093212,0.09985770509321057
2,15.0,2118.421,18.64707985,18.742359555867314,0.09527970586731271
2,15.0,2118.903,18.64380792,18.738221881952494,0.09441396195249396
2,15.0,2119.385,18.64726526,18.73400962322021,0.08674436322020895
2,15.0,2119.867,18.63632331,18.729723578522922,0.09340026852292027
2,15.0,2120.349,18.64734309,18.725364556465422,0.0780214664654224
2,15.0,2120.831,18.63806982,18.72093337529056,0.08286355529056166
2,15.0,2121.313,18.60418397,18.716430862763605,0.11224689276360422
2,15.0,2121.795,18.62785291,18.711857856055513,0.08400494605551145
2,15.0,2122.278,18.61965265,18.70720549775517,0.0875528477551697
2,15.0,2122.76,18.59930818,18.70249390940251,0.10318572940250803
2,15.0,2123.242,18.57880237,18.697714395432552,0.11891202543255375
2,15.0,2123.724,18.58903692,18.692867829465047,0.1038309094650458
2,15.0,2124.206,18.59026335,18.687955093922938,0.09769174392293678
2,15.0,2124.688,18.59280824,18.682977079908596,0.09016883990859625
2,15.0,2125.17,18.5780158,18.677934687078444,0.0999188870784451
2,15.0,2125.652,18.54643366,18.67282882351681,0.12639516351680768
2,15.0,2126.135,18.59651729,18.667649618364642,0.07113232836464078
2,15.0,2126.617,18.58584612,18.662419443770155,0.07657332377015535
2,15.0,2127.099,18.56710467,18.657128573927423,0.09002390392742399
2,15.0,2127.581,18.57094962,18.651777949362884,0.08082832936288398
2,15.0,2128.063,18.5522644,18.64636851838225,0.0941041183822513
2,15.0,2128.545,18.5605175,18.640901236937495,0.08038373693749534
2,15.0,2129.027,18.56125506,18.63537706849287,0.07412200849286776
2,15.0,2129.509,18.52240431,18.62979698388978,0.10739267388978035
2,15.0,2129.991,18.54092993,18.624161961210696,0.08323203121069511
2,15.0,2130.474,18.52613426,18.618461127391356,0.09232686739135687
2,15.0,2130.956,18.53076324,18.612719082244137,0.08195584224413821
2,15.0,2131.438,18.50603942,18.606925077417554,0.10088565741755318
2,15.0,2131.92,18.52535593,18.60108011859035,0.07572418859034968
2,15.0,2132.402,18.52463105,18.59518521798615,0.070554167986149
2,15.0,2132.884,18.49901494,18.589241394231504,0.09022645423150522
2,15.0,2133.366,18.51180148,18.58324967221267,0.07144819221267085
2,15.0,2133.848,18.50076469,18.57721108293172,0.07644639293171807
2,15.0,2134.331,18.48041963,18.571113993166502,0.09069436316650226
2,15.0,2134.813,18.46841573,18.56498469427317,0.09656896427317108
2,15.0,2135.295,18.4648099,18.558811658546215,0.09400175854621651
2,15.0,2135.777,18.46914492,18.552595940004267,0.08345102000426508
2,15.0,2136.259,18.47465513,18.546338598047917,0.07168346804791881
2,15.0,2136.741,18.46954357,18.540040697310673,0.07049712731067359
2,15.0,2137.223,18.44968982,18.533703307508688,0.0840134875086882
2,15.0,2137.705,18.44509338,18.52732750329002,0.08223412329002144
2,15.0,2138.188,18.43394148,18.52090102075634,0.08695954075633949
2,15.0,2138.67,18.43242335,18.51445155653694,0.08202820653693976
2,15.0,2139.152,18.41637873,18.507966932177908,0.0915882021779062
2,15.0,2139.634,18.40779305,18.50144824053876,0.0936551905387617
2,15.0,2140.116,18.40633644,18.494896578644536,0.08856013864453516
2,15.0,2140.598,18.41127703,18.488313047530248,0.07703601753024714
2,15.0,2141.08,18.39156767,18.481698752084974,0.090131082084973
2,15.0,2141.562,18.38494672,18.475054800895055,0.09010808089505673
2,15.0,2142.044,18.37566736,18.468382306086664,0.09271494608666231
2,15.0,2142.527,18.37587897,18.461668455176873,0.08578948517687479
2,15.0,2143.009,18.3488032,18.45494216946005,0.10613896946005141
2,15.0,2143.491,18.36320587,18.448190698489586,0.08498482848958488
2,15.0,2143.973,18.34446954,18.441415166970717,0.09694562697071873
2,15.0,2144.455,18.32570016,18.434616702352162,0.10891654235216208
2,15.0,2144.937,18.31916159,18.42779643466521,0.108634844665211
2,15.0,2145.419,18.29661737,18.420955496362424,0.12433812636242436
2,15.0,2145.901,18.30580316,18.41409502215562,0.10829186215562103
2,15.0,2146.384,18.29116977,18.40720185899611,0.11603208899611062
2,15.0,2146.865,18.28176178,18.400320015199437,0.11855823519943698
2,15.0,2147.348,18.2781045,18.393393404967604,0.11528890496760269
2,15.0,2147.83,18.27266784,18.38646614387219,0.11379830387219059
2,15.0,2148.312,18.276486,18.37952505099809,0.10303905099809185
2,15.0,2148.794,18.25035968,18.372571271191152,0.12221159119115299
2,15.0,2149.276,18.23322566,18.365605950411037,0.13238029041103871
2,15.0,2149.758,18.23395614,18.358630235566153,0.12467409556615294
2,15.0,2150.24,18.2489254,18.351645274348385,0.10271987434838437
2,15.0,2150.722,18.24272606,18.344652215067416,0.10192615506741731
2,15.0,2151.205,18.20744454,18.33763767721884,0.13019313721883918
2,15.0,2151.687,18.19044917,18.330631857543164,0.1401826875431631
2,15.0,2152.169,18.19297439,18.323621389164817,0.13064699916481715
2,15.0,2152.651,18.20446459,18.316607421203788,0.1121428312037871
2,15.0,2153.133,18.18255241,18.309591102566245,0.127038692566245
2,15.0,2153.615,18.17937092,18.302573581777793,0.1232026617777926
2,15.0,2154.097,18.16608073,18.295556006816604,0.12947527681660276
2,15.0,2154.579,18.14974949,18.28853952494647,0.13879003494646724
2,15.0,2155.062,18.13877581,18.281510733302376,0.14273492330237758
2,15.0,2155.544,18.11713995,18.274499883925515,0.15735993392551606
2,15.0,2156.026,18.1292407,18.267493565847207,0.13825286584720686
2,15.0,2156.508,18.12965637,18.26049292180068,0.1308365518006802
2,15.0,2156.99,18.11498487,18.253499092969474,0.1385142229694729
2,15.0,2157.472,18.09713802,18.24651321882044,0.14937519882044015
2,15.0,2157.954,18.09618782,18.2395364369371,0.1433486169371001
2,15.0,2158.436,18.08198709,18.232569882852896,0.150582792852898
2,15.0,2158.918,18.09348473,18.225614689884626,0.13212995988462595
2,15.0,2159.401,18.08397441,18.218657598791026,0.13468318879102625
2,15.0,2159.883,18.04351468,18.21172854773642,0.16821386773641933
2,15.0,2160.365,18.04629015,18.204814245118655,0.15852409511865417
2,15.0,2160.847,18.02754098,18.19791581372063,0.17037483372062923
2,15.0,2161.329,18.04066412,18.191034373278942,0.15037025327894327
2,15.0,2161.811,18.03080702,18.184171040318592,0.1533640203185911
2,15.0,2162.293,18.00704524,18.17732692798843,0.17028168798843168
2,15.0,2162.775,18.01288613,18.170503145896717,0.15761701589671873
2,15.0,2163.258,17.98825964,18.163686710244118,0.17542707024411897
2,15.0,2163.74,17.98027338,18.156906950374562,0.1766335703745625
2,15.0,2164.222,17.96764012,18.150150828960545,0.182510708960546
2,15.0,2164.704,17.96796218,18.143419439803537,0.17545725980353666
2,15.0,2165.186,17.97844961,18.13671387234854,0.15826426234854196
2,15.0,2165.668,17.94385777,18.130035211522593,0.18617744152259164
2,15.0,2166.15,17.93836145,18.12338453757357,0.18502308757357255
2,15.0,2166.632,17.91703563,18.11676292590982,0.1997272959098204
2,15.0,2167.115,17.91435579,18.110157803735383,0.19580201373538486
2,15.0,2167.597,17.90198346,18.10359758853979,0.20161412853979144
2,15.0,2168.079,17.88078447,18.09706963341489,0.21628516341489146
2,15.0,2168.561,17.86577904,18.090574992806967,0.22479595280696785
2,15.0,2169.043,17.8766113,18.084114715529733,0.2075034155297324
2,15.0,2169.525,17.85921774,18.0776898446079,0.21847210460790123
2,15.0,2170.007,17.86636969,18.07130141712163,0.20493172712163243
2,15.0,2170.489,17.86869231,18.064950464051602,0.19625815405160196
2,15.0,2170.971,17.8408947,18.058638010125165,0.21774331012516512
2,15.0,2171.454,17.83610846,18.052352101053504,0.2162436410535058
2,15.0,2171.936,17.84167077,18.04611977895074,0.20444900895073914
2,15.0,2172.418,17.85116859,18.039928993204832,0.18876040320483156
2,15.0,2172.9,17.82737736,18.033780741993134,0.2064033819931339
2,15.0,2173.382,17.79842045,18.027676016482996,0.2292555664829976
2,15.0,2173.864,17.79236101,18.02161580068333,0.22925479068332777
2,15.0,2174.346,17.80966065,18.01560107129733,0.2059404212973277
2,15.0,2174.828,17.79478995,18.009632797576074,0.21484284757607597
2,15.0,2175.311,17.78313895,18.003699707192254,0.22056075719225277
2,15.0,2175.792,17.76301323,17.997839456002016,0.23482622600201708
2,15.0,2176.275,17.74274488,17.99200425874597,0.24925937874596826
2,15.0,2176.757,17.75690718,17.98623145132895,0.22932427132895228
2,15.0,2177.239,17.7503855,17.980509830929577,0.23012433092957707
2,15.0,2177.721,17.7264264,17.974840319059982,0.24841391905998123
2,15.0,2178.203,17.73607298,17.969223828787886,0.2331508487878864
2,15.0,2178.685,17.7136698,17.96366126459973,0.2499914645997272
2,15.0,2179.167,17.71277524,17.958153522265178,0.24537828226517888
2,15.0,2179.649,17.71049296,17.952701488702857,0.24220852870285725
2,15.0,2180.132,17.70433878,17.94729490740038,0.24295612740037953
2,15.0,2180.614,17.70035748,17.941957036170535,0.2415995561705344
2,15.0,2181.096,17.69786475,17.93667748181477,0.23881273181476814
2,15.0,2181.578,17.67414819,17.931457094513362,0.2573089045133621
2,15.0,2182.06,17.66589824,17.926296714945167,0.2603984749451662
2,15.0,2182.542,17.66736514,17.921197174161783,0.2538320341617819
2,15.0,2183.024,17.65383606,17.91615929346339,0.26232323346339115
2,15.0,2183.506,17.66271678,17.911183884276117,0.2484671042761164
2,15.0,2183.989,17.66416057,17.906261623199544,0.24210105319954422
2,15.0,2184.471,17.64755205,17.901413684941417,0.25386163494141556
2,15.0,2184.953,17.63849391,17.896630593634846,0.2581366836348451
2,15.0,2185.435,17.63267041,17.891913119992903,0.259242709992904
2,15.0,2185.917,17.61938028,17.887262024264746,0.267881744264745
2,15.0,2186.399,17.61617273,17.882678056122817,0.2665053261228181
2,15.0,2186.881,17.60830862,17.87816195455144,0.269853334551442
2,15.0,2187.363,17.5966634,17.87371444773734,0.2770510477373378
2,15.0,2187.845,17.60903151,17.86933625296182,0.26030474296181794
2,15.0,2188.328,17.58961258,17.865019211637176,0.2754066316371748
2,15.0,2188.81,17.58786909,17.86078189605571,0.27291280605570734
2,15.0,2189.292,17.56425995,17.85661597927975,0.29235602927974824
2,15.0,2189.774,17.55521603,17.852522133902724,0.2973061039027236
2,15.0,2190.256,17.55004783,17.84850102110027,0.29845319110026836
2,15.0,2190.738,17.54299494,17.844553290533252,0.3015583505332522
2,15.0,2191.22,17.55742777,17.8406795802528,0.2832518102527999
2,15.0,2191.702,17.52962729,17.83688051660717,0.3072532266071697
2,15.0,2192.185,17.5169364,17.83314906707323,0.3162126670732306
2,15.0,2192.667,17.5281366,17.82950128648864,0.3013646864886397
2,15.0,2193.149,17.51331459,17.825929961677293,0.3126153716772926
2,15.0,2193.631,17.49244218,17.822435671258514,0.32999349125851296
2,15.0,2194.113,17.50117367,17.81901898171225,0.31784531171225083
2,15.0,2194.595,17.4837515,17.815680447297837,0.3319289472978362
2,15.0,2195.077,17.49752837,17.812420609974705,0.3148922399747036
2,15.0,2195.559,17.48411426,17.80923999932517,0.3251257393251734
2,15.0,2196.042,17.48727994,17.80613278239128,0.31885284239128
2,15.0,2196.524,17.48575791,17.803112330960293,0.3173544209602923
2,15.0,2197.006,17.47752651,17.80017262095402,0.3226461109540182
2,15.0,2197.488,17.50358924,17.79731413168964,0.29372489168963867
2,15.0,2197.97,17.48216499,17.794537329752266,0.3123723397522653
2,15.0,2198.452,17.48586537,17.79184266893053,0.30597729893053227
2,15.0,2198.934,17.44685307,17.78923059015407,0.34237752015406997
2,15.0,2199.416,17.43828587,17.786701521433212,0.3484156514332106
2,15.0,2199.898,17.44950035,17.784255877800945,0.33475552780094375
2,15.0,2200.381,17.43176772,17.7818892486327,0.35012152863270174
2,15.0,2200.863,17.44530638,17.779611823206896,0.3343054432068939
2,15.0,2201.345,17.45169411,17.777418990322218,0.3257248803222197
2,15.0,2201.827,17.44241445,17.775311112537615,0.33289666253761396
2,15.0,2202.309,17.42391296,17.773288539177116,0.34937557917711715
2,15.0,2202.791,17.43772035,17.771351606285005,0.3336312562850061
2,15.0,2203.273,17.42906358,17.769500636583142,0.3404370565831414
2,15.0,2203.755,17.43164745,17.767735939430757,0.3360884894307574
2,15.0,2204.238,17.43512026,17.766054419377618,0.33093415937761606
2,15.0,2204.719,17.40476425,17.764466533171824,0.3597022831718242
2,15.0,2205.202,17.40638015,17.762959345721026,0.35657919572102514
2,15.0,2205.684,17.38418008,17.761542745354387,0.37736266535438645
2,15.0,2206.166,17.40658893,17.760213763128714,0.3536248331287126
2,15.0,2206.648,17.38745427,17.758972627479466,0.3715183574794665
2,15.0,2207.13,17.41237832,17.75781955326076,0.34544123326076104
2,15.0,2207.612,17.39540965,17.756754741723448,0.36134509172344664
2,15.0,2208.094,17.39338211,17.755778380495265,0.3623962704952639
2,15.0,2208.576,17.37241252,17.754890643563478,0.38247812356347666
2,15.0,2209.059,17.37502522,17.754090126077738,0.3790649060777369
2,15.0,2209.541,17.36986074,17.753380289712855,0.3835195497128545
2,15.0,2210.023,17.37394332,17.75275951788503,0.37881619788502974
2,15.0,2210.505,17.37160085,17.752227929862904,0.38062707986290434
2,15.0,2210.987,17.36276363,17.751785631222102,0.3890220012221022
2,15.0,2211.469,17.36009337,17.75143271384163,0.3913393438416293
2,15.0,2211.951,17.37671402,17.751169255902678,0.37445523590267626
2,15.0,2212.433,17.36655814,17.75099532188964,0.38443718188964127
2,15.0,2212.916,17.34893317,17.750910880714937,0.40197771071493804
2,15.0,2213.398,17.37080628,17.750916319184743,0.38011003918474273
2,15.0,2213.88,17.36900463,17.75101139293268,0.3820067629326793
2,15.0,2214.362,17.37101323,17.751196111684525,0.38018288168452585
2,15.0,2214.844,17.34753587,17.751470471509208,0.40393460150920646
2,15.0,2215.326,17.36207945,17.75183445483372,0.38975500483372016
2,15.0,2215.808,17.37068191,17.752288030460235,0.381606120460237
2,15.0,2216.29,17.3813297,17.75283115358566,0.3715014535856618
2,15.0,2216.772,17.35894119,17.753463765823255,0.394522575823256
2,15.0,2217.255,17.33900189,17.75418738610486,0.41518549610486133
2,15.0,2217.737,17.35974092,17.754998932431576,0.3952580124315759
2,15.0,2218.219,17.35713351,17.755899711240488,0.39876620124048756
2,15.0,2218.701,17.35844941,17.756889610044983,0.39844020004498404
2,15.0,2219.183,17.37204842,17.75796850291748,0.3859200829174796
2,15.0,2219.665,17.36493857,17.75913625052457,0.39419768052457016
2,15.0,2220.147,17.37027531,17.76039270016445,0.39011739016444835
2,15.0,2220.629,17.36239825,17.761737685806647,0.3993394358066489
2,15.0,2221.112,17.36122263,17.763174093588216,0.4019514635882153
2,15.0,2221.594,17.38798069,17.764695782743846,0.3767150927438472
2,15.0,2222.076,17.37718387,17.766305429826772,0.38912155982677277
2,15.0,2222.558,17.3715345,17.76800281590465,0.39646831590465226
2,15.0,2223.04,17.36087642,17.769787708947494,0.4089112889474933
2,15.0,2223.522,17.38489537,17.771659863880302,0.3867644938803032
2,15.0,2224.004,17.37248152,17.7736190226379,0.4011375026378978
2,15.0,2224.486,17.37414069,17.77566491422175,0.40152422422174894
2,15.0,2224.969,17.39294956,17.77780176836183,0.38485220836182776
2,15.0,2225.451,17.39733574,17.780020439588238,0.38268469958823914
2,15.0,2225.933,17.39274083,17.78232495299043,0.3895841229904278
2,15.0,2226.415,17.37943118,17.784714986420834,0.40528380642083306
2,15.0,2226.897,17.39468214,17.78719020511427,0.3925080651142707
2,15.0,2227.379,17.40046704,17.78975026175711,0.38928322175711116
2,15.0,2227.861,17.38828732,17.79239479655855,0.4041074765585506
2,15.0,2228.343,17.38998869,17.795123437323696,0.4051347473236966
2,15.0,2228.825,17.38552446,17.797935799528844,0.4124113395288447
2,15.0,2229.308,17.39866916,17.800837580381753,0.40216842038175216
2,15.0,2229.79,17.40203571,17.803816354558585,0.40178064455858475
2,15.0,2230.272,17.4019684,17.806877622525658,0.40490922252565653
2,15.0,2230.754,17.41138738,17.81002095120916,0.3986335712091602
2,15.0,2231.236,17.41169652,17.813245895611097,0.40154937561109705
2,15.0,2231.718,17.40907596,17.81655199889592,0.407476038895922
2,15.0,2232.2,17.41140991,17.819938792478737,0.40852888247873764
2,15.0,2232.682,17.41299002,17.823405796115676,0.41041577611567703
2,15.0,2233.165,17.41353707,17.826959958859444,0.41342288885944356
2,15.0,2233.646,17.41680503,17.830578454833997,0.41377342483399815
2,15.0,2234.129,17.41752923,17.834290859383202,0.4167616293832026
2,15.0,2234.611,17.43202188,17.83807383250289,0.4060519525028887
2,15.0,2235.093,17.42722246,17.84193444172362,0.4147119817236202
2,15.0,2235.575,17.42574364,17.845872138815576,0.42012849881557557
2,15.0,2236.057,17.42565559,17.849886364569763,0.4242307745697609
2,15.0,2236.539,17.43724122,17.853976548901844,0.4167353289018436
2,15.0,2237.021,17.44672785,17.858142110957566,0.4114142609575673
2,15.0,2237.503,17.43403433,17.86238245921967,0.42834812921967114
2,15.0,2237.986,17.43604657,17.866706019619475,0.4306594496194762
2,15.0,2238.468,17.44142107,17.87109427562902,0.4296732056290189
2,15.0,2238.95,17.45715586,17.87555547910513,0.4183996191051307
2,15.0,2239.432,17.45436411,17.880088996957813,0.42572488695781274
2,15.0,2239.914,17.43625462,17.884694185991897,0.4484395659918974
2,15.0,2240.396,17.46439322,17.889370393022958,0.4249771730229561
2,15.0,2240.878,17.48186789,17.89411695499462,0.41224906499461866
2,15.0,2241.36,17.47390507,17.898933199097197,0.42502812909719623
2,15.0,2241.843,17.49188711,17.903828649494827,0.41194153949482626
2,15.0,2242.325,17.48103249,17.908782342009857,0.4277498520098568
2,15.0,2242.807,17.49367186,17.91380363944896,0.42013177944896185
2,15.0,2243.289,17.48983048,17.91889183118344,0.42906135118344224
2,15.0,2243.771,17.51154717,17.92404619744455,0.41249902744455014
2,15.0,2244.253,17.50564795,17.929266009449893,0.4236180594498933
2,15.0,2244.735,17.50187293,17.934550529530977,0.43267759953097595
2,15.0,2245.217,17.50672814,17.939899011261893,0.43317087126189335
2,15.0,2245.699,17.51888952,17.94531069958916,0.4264211795891626
2,15.0,2246.182,17.5047478,17.9507962524569,0.4460484524568997
2,15.0,2246.664,17.52068428,17.95633218210201,0.43564790210200854
2,15.0,2247.146,17.53391541,17.961929001105137,0.42801359110513815
2,15.0,2247.628,17.50957844,17.96758592120576,0.45800748120576174
2,15.0,2248.11,17.5169816,17.973302146181243,0.4563205461812423
2,15.0,2248.592,17.53575828,17.97907687198279,0.44331859198279133
2,15.0,2249.074,17.55689925,17.984909286872536,0.4280100368725357
2,15.0,2249.556,17.54215868,17.9907985715613,0.44863989156129946
2,15.0,2250.039,17.5556714,17.996756291731757,0.44108489173175514
2,15.0,2250.521,17.55312193,18.002756942310747,0.4496350123107469
2,15.0,2251.003,17.57492777,18.008811959153356,0.4338841891533569
2,15.0,2251.485,17.56673387,18.01492049414714,0.44818662414714083
2,15.0,2251.967,17.57654362,18.021081692330714,0.4445380723307153
2,15.0,2252.449,17.57482271,18.027294692036516,0.45247198203651706
2,15.0,2252.931,17.59008864,18.033558625034313,0.44346998503431223
2,15.0,2253.413,17.58526758,18.03987261667524,0.45460503667523966
2,15.0,2253.896,17.59400572,18.046249038138626,0.4522433181386276
2,15.0,2254.378,17.61150753,18.052660597431455,0.4411530674314541
2,15.0,2254.86,17.63012104,18.059119552501507,0.4289985125015079
2,15.0,2255.342,17.64535918,18.065625004467698,0.4202658244676982
2,15.0,2255.824,17.6265208,18.07217604876046,0.4456552487604597
2,15.0,2256.306,17.62458422,18.0787717752696,0.454187555269602
2,15.0,2256.788,17.64590215,18.08541126849224,0.4395091184922393
2,15.0,2257.27,17.65387503,18.092093607681445,0.4382185776814467
2,15.0,2257.752,17.66604965,18.09881786699526,0.43276821699526025
2,15.0,2258.235,17.66520078,18.105597193391734,0.44039641339173485
2,15.0,2258.717,17.68504591,18.11240257791938,0.4273566679193799
2,15.0,2259.199,17.66800083,18.119247074015945,0.4512462440159446
2,15.0,2259.681,17.68109075,18.1261297369477,0.4450389869477007
2,15.0,2260.163,17.68200749,18.133049617636768,0.451042127636768
2,15.0,2260.645,17.66552281,18.140005762811885,0.47448295281188635
2,15.0,2261.127,17.68824735,18.146997215159868,0.4587498651598665
2,15.0,2261.609,17.72547097,18.154023013476856,0.4285520434768557
2,15.0,2262.092,17.69381412,18.161096872448628,0.4672827524486287
2,15.0,2262.573,17.70788973,18.168173784659785,0.46028405465978395
2,15.0,2263.056,17.70339789,18.17531162711234,0.4719137371123381
2,15.0,2263.538,17.70842187,18.182465186955813,0.4740433169558145
2,15.0,2264.02,17.71509528,18.189648231669405,0.4745529516694056
2,15.0,2264.502,17.73638311,18.1968597798885,0.4604766698885001
2,15.0,2264.984,17.75013221,18.204098847421907,0.4539666374219067
2,15.0,2265.466,17.76590609,18.21136444740411,0.4454583574041102
2,15.0,2265.948,17.73683439,18.21865559044743,0.48182120044743115
2,15.0,2266.43,17.78547992,18.225971284793964,0.44049136479396367
2,15.0,2266.913,17.78766602,18.2333257869281,0.44565976692809883
2,15.0,2267.395,17.79464012,18.240687645657854,0.4460475256578533
2,15.0,2267.877,17.77466835,18.248071065643753,0.47340271564375414
2,15.0,2268.359,17.79685529,18.2554750471629,0.45861975716290004
2,15.0,2268.841,17.81972287,18.262898588881416,0.4431757188814167
2,15.0,2269.323,17.82014196,18.270340688005668,0.45019872800566674
2,15.0,2269.805,17.82931944,18.27780034043327,0.44848090043327105
2,15.0,2270.287,17.84556207,18.28527654090395,0.4397144709039509
2,15.0,2270.77,17.83113025,18.29278384164082,0.4616535916408182
2,15.0,2271.252,17.8497497,18.30029014764486,0.45054044764485823
2,15.0,2271.734,17.85214502,18.307809978375662,0.4556649583756638
2,15.0,2272.216,17.85688432,18.31534232544239,0.4584580054423917
2,15.0,2272.698,17.86705779,18.322886180045984,0.4558283900459834
2,15.0,2273.18,17.86510356,18.33044053312801,0.46533697312800726
2,15.0,2273.662,17.89250886,18.338004375519112,0.44549551551911293
2,15.0,2274.144,17.88757436,18.345576698086965,0.4580023380869669
2,15.0,2274.626,17.87893009,18.353156491883805,0.47422640188380427
2,15.0,2275.109,17.90665903,18.36075849343308,0.4540994634330815
2,15.0,2275.591,17.89444721,18.368350214586567,0.47390300458656753
2,15.0,2276.073,17.92003012,18.37594638061189,0.4559162606118896
2,15.0,2276.555,17.92929415,18.38354598476707,0.45425183476707076
2,15.0,2277.037,17.92105346,18.391148021225135,0.47009456122513527
2,15.0,2277.519,17.93801892,18.39875148521871,0.4607325652187093
2,15.0,2278.001,17.93823162,18.406355373183644,0.46812375318364374
2,15.0,2278.483,17.96148602,18.41395868290239,0.45247266290239097
2,15.0,2278.966,17.98345994,18.4215761825373,0.4381162425373013
2,15.0,2279.448,18.00275935,18.42917532882314,0.42641597882313675
2,15.0,2279.93,17.99759153,18.436770897644383,0.4391793676443818
2,15.0,2280.412,17.99484415,18.44436189359279,0.44951774359279284
2,15.0,2280.894,18.00229107,18.45194732331306,0.44965625331306214
2,15.0,2281.376,18.03172919,18.45952619564202,0.42779700564202017
2,15.0,2281.858,18.03973157,18.467097521747036,0.42736595174703496
2,15.0,2282.34,18.03303157,18.474660315263584,0.44162874526358564
2,15.0,2282.823,18.04957074,18.482229252558437,0.43265851255843657
2,15.0,2283.305,18.04742496,18.48977200956414,0.4423470495641375
2,15.0,2283.787,18.06628113,18.49730328903523,0.4310221590352299
2,15.0,2284.269,18.06270049,18.50482211584686,0.442121625846859
2,15.0,2284.751,18.07736906,18.512327518018935,0.4349584580189365
2,15.0,2285.233,18.0793393,18.519818526848727,0.4404792268487263
2,15.0,2285.715,18.08623407,18.52729417704285,0.44106010704285126
2,15.0,2286.197,18.09733402,18.534753506848286,0.4374194868482846
2,15.0,2286.679,18.11513733,18.54219555818237,0.4270582281823714
2,15.0,2287.162,18.09693521,18.549634759262442,0.4526995492624408
2,15.0,2287.644,18.1289745,18.557039353948475,0.4280648539484737
2,15.0,2288.126,18.11907926,18.564423817265954,0.4453445572659547
2,15.0,2288.608,18.1051134,18.571787207105146,0.4666738071051455
2,15.0,2289.09,18.13675794,18.579128585663604,0.44237064566360473
2,15.0,2289.572,18.12583344,18.586447019570354,0.460613579570353
2,15.0,2290.054,18.11766266,18.59374158000949,0.47607892000948837
2,15.0,2290.536,18.11737758,18.601011342842448,0.4836337628424481
2,15.0,2291.019,18.1375723,18.608270390502497,0.47069809050249845
2,15.0,2291.5,18.11561305,18.615472803250135,0.499859753250135
2,15.0,2291.983,18.11941936,18.622677564515982,0.5032582045159835
2,15.0,2292.465,18.1283515,18.629838933363125,0.5014874333631241
2,15.0,2292.947,18.12796214,18.636970956425248,0.5090088164252471
2,15.0,2293.429,18.1297028,18.644072740152165,0.5143699401521644
2,15.0,2293.911,18.12545463,18.651143396498984,0.525688766498984
2,15.0,2294.393,18.10819152,18.658182043040124,0.5499905230401261
2,15.0,2294.875,18.1129471,18.66518780308195,0.5522407030819494
2,15.0,2295.357,18.13454447,18.67215980577466,0.5376153357746567
2,15.0,2295.84,18.13130573,18.679111542541772,0.5478058125417711
2,15.0,2296.322,18.13356452,18.686013367413057,0.5524488474130571
2,15.0,2296.804,18.12797806,18.69287885678608,0.5649007967860804
2,15.0,2297.286,18.11593206,18.69970716429362,0.5837751042936219
2,15.0,2297.768,18.13681051,18.70649744995402,0.5696869399540212
2,15.0,2298.25,18.13228677,18.713248880275817,0.5809621102758165
2,15.0,2298.732,18.14975754,18.719960628361466,0.5702030883614668
2,15.0,2299.214,18.14691448,18.726631874009744,0.5797173940097444
2,15.0,2299.697,18.16532252,18.733275515349813,0.5679529953498132
2,15.0,2300.179,18.15771346,18.73986323458597,0.5821497745859716
2,15.0,2300.661,18.17014007,18.746408030314388,0.5762679603143894
2,15.0,2301.143,18.16137255,18.752909110134528,0.5915365601345286
2,15.0,2301.625,18.19784894,18.759365688836645,0.5615167488366453
2,15.0,2302.107,18.18559095,18.765776988496782,0.5801860384967803
2,15.0,2302.589,18.21705656,18.77214223857089,0.5550856785708902
2,15.0,2303.071,18.20136407,18.77846067598745,0.5770966059874496
2,15.0,2303.553,18.18507083,18.784731545238852,0.5996607152388513
2,15.0,2304.036,18.1801839,18.790966957594062,0.6107830575940625
2,15.0,2304.518,18.20638683,18.797140352157907,0.5907535221579074
2,15.0,2305.0,18.20753431,18.803263956802276,0.5957296468022761
2,15.0,2305.482,18.17683915,18.809337047181348,0.6324978971813486
2,15.0,2305.964,18.18921822,18.81535890695172,0.6261406869517181
2,15.0,2306.446,18.17339496,18.821328827856373,0.6479338678563735
2,15.0,2306.928,18.19495019,18.82724610980711,0.6322959198071096
2,15.0,2307.41,18.17153426,18.83311006096596,0.6615758009659594
2,15.0,2307.893,18.17293526,18.83893199501857,0.6659967350185703
2,15.0,2308.375,18.1777256,18.844687128319638,0.6669615283196393
2,15.0,2308.857,18.18390362,18.850386904235123,0.6664832842351238
2,15.0,2309.339,18.20254621,18.856030664732426,0.6534844547324248
2,15.0,2309.821,18.19875219,18.861617760416248,0.6628655704162476
2,15.0,2310.303,18.2126667,18.86714755060205,0.6544808506020487
2,15.0,2310.785,18.23222102,18.872619403388118,0.640398383388117
2,15.0,2311.267,18.23466428,18.878032695726578,0.6433684157265773
2,15.0,2311.75,18.24345761,18.883397859687765,0.6399402496877649
2,15.0,2312.232,18.2535371,18.888692073101456,0.6351549731014572
2,15.0,2312.714,18.27877839,18.893925909507722,0.6151475195077225
2,15.0,2313.196,18.31221523,18.899098781974725,0.5868835519747257
2,15.0,2313.678,18.31901273,18.90421011275886,0.5851973827588601
2,15.0,2314.16,18.3238781,18.909259333367803,0.5853812333678015
2,15.0,2314.642,18.35946777,18.914245884621998,0.5547781146219997
2,15.0,2315.124,18.3368571,18.919169216714835,0.5823121167148351
2,15.0,2315.606,18.36293041,18.924028789271716,0.5610983792717157
2,15.0,2316.089,18.38713777,18.928833952932617,0.5416961829326183
2,15.0,2316.571,18.38288083,18.933564288308357,0.550683458308356
2,15.0,2317.053,18.37938654,18.938229299133116,0.5588427591331175
2,15.0,2317.535,18.39253175,18.942828483342428,0.550296733342428
2,15.0,2318.017,18.40481389,18.94736134857831,0.5425474585783086
2,15.0,2318.499,18.38935041,18.951827412240196,0.5624770022401968
2,15.0,2318.981,18.41901363,18.9562262015345,0.5372125715345
2,15.0,2319.463,18.40215829,18.960557253522694,0.5583989635226949
2,15.0,2319.946,18.40553071,18.964828888086917,0.559298178086916
2,15.0,2320.427,18.41560264,18.96901434338249,0.5534117033824906
2,15.0,2320.91,18.41767889,18.97314799140495,0.5554691014049489
2,15.0,2321.392,18.43385286,18.977203518896737,0.5433506588967383
2,15.0,2321.874,18.40375696,18.98118914296401,0.5774321829640101
2,15.0,2322.356,18.40173545,18.985104460757213,0.5833690107572131
2,15.0,2322.838,18.42012398,18.988949079581918,0.5688250995819182
2,15.0,2323.32,18.4098496,18.99272261693618,0.5828730169361798
2,15.0,2323.802,18.37886018,18.99642470054675,0.6175645205467504
2,15.0,2324.284,18.37602446,19.00005496840379,0.6240305084037914
2,15.0,2324.767,18.36668264,19.003620375488946,0.6369377354889458
2,15.0,2325.249,18.37750446,19.00710581624815,0.6296013562481484
2,15.0,2325.731,18.36545535,19.010518416456822,0.6450630664568209
2,15.0,2326.213,18.37083369,19.013857855501637,0.643024165501636
2,15.0,2326.695,18.36375841,19.01712382318659,0.6533654131865916
2,15.0,2327.177,18.35747541,19.0203160197599,0.6628406097599004
2,15.0,2327.659,18.35082607,19.023434155939224,0.672608085939224
2,15.0,2328.141,18.35402299,19.02647795293605,0.672454962936051
2,15.0,2328.624,18.36461489,19.029453224887714,0.6648383348877154
2,15.0,2329.106,18.36710949,19.032347393658483,0.6652379036584826
2,15.0,2329.588,18.3503781,19.03516644956232,0.6847883495623179
2,15.0,2330.07,18.38002867,19.037910156021784,0.6578814860217825
2,15.0,2330.552,18.37903399,19.040578287053666,0.6615442970536662
2,15.0,2331.034,18.37482831,19.043170627285267,0.6683423172852656
2,15.0,2331.516,18.36217869,19.04568697196915,0.68350828196915
2,15.0,2331.998,18.35744531,19.048127126996572,0.6906818169965732
2,15.0,2332.48,18.36839976,19.050490908909783,0.6820911489097838
2,15.0,2332.963,18.359006,19.052782810532246,0.6937768105322455
2,15.0,2333.445,18.3317741,19.054993179194216,0.7232190791942159
2,15.0,2333.927,18.33933211,19.05712668807337,0.7177945780733701
2,15.0,2334.409,18.34511892,19.05918319643361,0.7140642764336107
2,15.0,2334.891,18.35677412,19.06116257423083,0.7043884542308305
2,15.0,2335.373,18.34111281,19.063064702117604,0.7219518921176054
2,15.0,2335.855,18.37697601,19.064889471445966,0.6879134614459659
2,15.0,2336.337,18.37982676,19.06663678426923,0.6868100242692314
2,15.0,2336.82,18.40768651,19.06830993693219,0.6606234269321902
2,15.0,2337.302,18.42047976,19.069901924601062,0.649422164601063
2,15.0,2337.784,18.45305681,19.071416226004725,0.6183594160047257
2,15.0,2338.266,18.48008512,19.07285278601507,0.5927676660150709
2,15.0,2338.748,18.48121111,19.07421156019451,0.5930004501945092
2,15.0,2339.23,18.48982559,19.07549251478985,0.5856669247898516
2,15.0,2339.712,18.51721,19.076695626725055,0.5594856267250563
2,15.0,2340.194,18.50340121,19.077820883592697,0.574419673592697
2,15.0,2340.677,18.50593474,19.078870375745527,0.5729356357455266
2,15.0,2341.159,18.49837992,19.07983976638563,0.5814598463856271
2,15.0,2341.641,18.48800989,19.08073132869368,0.5927214386936797
2,15.0,2342.123,18.49079867,19.081545092847165,0.5907464228471646
2,15.0,2342.605,18.47563373,19.08228109963013,0.6066473696301315
2,15.0,2343.087,18.47821151,19.0829394004169,0.6047278904168998
2,15.0,2343.569,18.46425481,19.083520057154736,0.6192652471547362
2,15.0,2344.051,18.45226527,19.084023142345107,0.6317578723451049
2,15.0,2344.533,18.48151021,19.08444873902362,0.6029385290236213
2,15.0,2345.016,18.45939612,19.084797582767774,0.6254014627677726
2,15.0,2345.498,18.48197873,19.08506833332007,0.6030896033200683
2,15.0,2345.98,18.47659736,19.085261907703014,0.6086645477030146
2,15.0,2346.462,18.47943416,19.085378430886372,0.605944270886372
2,15.0,2346.944,18.49187981,19.085418038255582,0.5935382282555821
2,15.0,2347.426,18.48168246,19.085380875584455,0.6036984155844571
2,15.0,2347.908,18.47479368,19.0852670990065,0.6104734190064995
2,15.0,2348.39,18.47223466,19.08507687498515,0.6128422149851467
2,15.0,2348.873,18.47763709,19.08480974823385,0.6071726582338499
2,15.0,2349.354,18.46682526,19.08446780192755,0.6176425419275482
2,15.0,2349.837,18.48694458,19.08404839025622,0.5971038102562218
2,15.0,2350.319,18.46553055,19.08355408979241,0.6180235397924108
2,15.0,2350.801,18.45300836,19.082984328482596,0.6299759684825972
2,15.0,2351.283,18.47884108,19.08233933409565,0.6034982540956513
2,15.0,2351.765,18.44087483,19.081619344487372,0.6407445144873734
2,15.0,2352.247,18.47484202,19.080824607561006,0.6059825875610052
2,15.0,2352.729,18.45476716,19.07995538122658,0.6251882212265798
2,15.0,2353.211,18.44057797,19.079011933359002,0.6384339633590024
2,15.0,2353.694,18.44780963,19.077992354317715,0.6301827243177165
2,15.0,2354.176,18.46056304,19.07690115414434,0.6163381141443409
2,15.0,2354.658,18.46587462,19.075736596043157,0.6098619760431561
2,15.0,2355.14,18.46800544,19.07449898732678,0.6064935473267816
2,15.0,2355.622,18.47742578,19.073188645045697,0.5957628650456961
2,15.0,2356.104,18.47288875,19.071805895939406,0.5989171459394065
2,15.0,2356.586,18.47220414,19.070351076386338,0.598146936386339
2,15.0,2357.068,18.48881358,19.068824532352753,0.5800109523527546
2,15.0,2357.551,18.50633628,19.067223230231882,0.5608869502318825
2,15.0,2358.033,18.48741445,19.065554166299123,0.5781397162991233
2,15.0,2358.515,18.49893731,19.063814473568883,0.5648771635688838
2,15.0,2358.997,18.47337905,19.06200453584339,0.5886254858433908
2,15.0,2359.479,18.46640322,19.060124746239588,0.5937215262395874
2,15.0,2359.961,18.44861651,19.058175507131132,0.6095589971311313
2,15.0,2360.443,18.45782686,19.056157230089426,0.5983303700894247
2,15.0,2360.925,18.47057424,19.054070335823358,0.5834960958233566
2,15.0,2361.407,18.46043689,19.051915254118086,0.5914783641180854
2,15.0,2361.89,18.50072619,19.049687741975905,0.5489615519759035
2,15.0,2362.372,18.50687701,19.047397471582656,0.5405204615826555
2,15.0,2362.854,18.53565889,19.045040357890247,0.5093814678902469
2,15.0,2363.336,18.56287989,19.042616866372207,0.47973697637220525
2,15.0,2363.818,18.58027343,19.04012747125546,0.45985404125546125
2,15.0,2364.3,18.58887503,19.03757265545253,0.4486976254525281
2,15.0,2364.782,18.57981798,19.03495291049253,0.4551349304925303
2,15.0,2365.264,18.55695981,19.032268736451517,0.47530892645151823
2,15.0,2365.747,18.53513989,19.029514874352355,0.49437498435235483
2,15.0,2366.229,18.53752513,19.026703245209326,0.4891781152093273
2,15.0,2366.711,18.53325158,19.023828738877963,0.4905771588779615
2,15.0,2367.193,18.49062124,19.020891888918847,0.5302706489188473
2,15.0,2367.675,18.48779003,19.017893237073988,0.5301032070739886
2,15.0,2368.157,18.48943325,19.01483333319101,0.5254000831910091
2,15.0,2368.639,18.48466379,19.011712735145853,0.5270489451458538
2,15.0,2369.121,18.46575114,19.00853200876474,0.5427808687647406
2,15.0,2369.604,18.46738952,19.005284943665547,0.537895423665546
2,15.0,2370.086,18.47474634,19.001985567754677,0.5272392277546771
2,15.0,2370.568,18.49061512,18.998627809122524,0.5080126891225234
2,15.0,2371.05,18.4963322,18.995212264611258,0.49888006461125656
2,15.0,2371.532,18.48770939,18.991739538607813,0.5040301486078143
2,15.0,2372.014,18.50125191,18.988210242959898,0.48695833295989743
2,15.0,2372.496,18.54543614,18.984624996891085,0.4391888568910858
2,15.0,2372.978,18.52293119,18.980984426914947,0.4580532369149459
2,15.0,2373.46,18.53600677,18.977289166748218,0.44128239674821756
2,15.0,2373.943,18.54332935,18.97353202283673,0.4302026728367281
2,15.0,2374.425,18.55202766,18.96972920169903,0.4177015416990315
2,15.0,2374.907,18.54859086,18.965873635223833,0.41728277522383195
2,15.0,2375.389,18.5521893,18.961965985068247,0.40977668506824827
2,15.0,2375.871,18.54531038,18.95800691964464,0.4126965396446387
2,15.0,2376.353,18.56739109,18.953997114028272,0.3866060240282714
2,15.0,2376.835,18.55585741,18.94993724986433,0.3940798398643288
2,15.0,2377.317,18.56793893,18.945828015273833,0.37788908527383214
2,15.0,2377.799,18.55456013,18.941670104758796,0.38710997475879694
2,15.0,2378.281,18.56424797,18.937464219106552,0.3732162491065516
2,15.0,2378.764,18.56461763,18.933202192681183,0.3685845626811819
2,15.0,2379.246,18.55636701,18.928902387932347,0.3725353779323477
2,15.0,2379.728,18.57007062,18.92455674864867,0.35448612864867
2,15.0,2380.21,18.58005127,18.92016599979723,0.34011472979723223
2,15.0,2380.692,18.5823333,18.915730872139324,0.33339757213932586
2,15.0,2381.174,18.57039039,18.911252102129872,0.3408617121298718
2,15.0,2381.656,18.59905214,18.90673043181604,0.307678291816039
2,15.0,2382.138,18.59193905,18.902166608735094,0.3102275587350931
2,15.0,2382.621,18.59870898,18.89755178889719,0.29884280889718795
2,15.0,2383.103,18.58539807,18.892905840812052,0.3075077708120517
2,15.0,2383.585,18.62313503,18.88822001606864,0.26508498606863995
2,15.0,2384.067,18.60568401,18.88349508313863,0.2778110731386292
2,15.0,2384.549,18.63425018,18.87873181546166,0.24448163546166057
2,15.0,2385.031,18.63384959,18.87393099133891,0.24008140133890876
2,15.0,2385.513,18.6611036,18.86909339382574,0.2079897938257389
2,15.0,2385.995,18.66506876,18.864219810623837,0.1991510506238363
2,15.0,2386.478,18.68035747,18.859300813757127,0.17894334375712617
2,15.0,2386.96,18.6803395,18.854357569793063,0.174018069793064
2,15.0,2387.442,18.67744133,18.84938073170033,0.17193940170032818
2,15.0,2387.924,18.67844507,18.844371104682203,0.16592603468220446
2,15.0,2388.406,18.69463914,18.839329498038595,0.14469035803859498
2,15.0,2388.888,18.67753451,18.834256725054416,0.15672221505441541
2,15.0,2389.37,18.69910723,18.8291536028872,0.13004637288720033
2,15.0,2389.852,18.68940218,18.824020952454116,0.13461877245411813
2,15.0,2390.334,18.67273646,18.81885959831855,0.14612313831855062
2,15.0,2390.817,18.69084995,18.81365957413883,0.1228096241388279
2,15.0,2391.299,18.68033689,18.808443245060804,0.1281063550608046
2,15.0,2391.781,18.65571446,18.80320070843942,0.14748624843942082
2,15.0,2392.263,18.67101723,18.797932802283224,0.1269155722832238
2,15.0,2392.745,18.67041374,18.79264036767108,0.12222662767107906
2,15.0,2393.227,18.64221337,18.787324248635485,0.1451108786354851
2,15.0,2393.709,18.65177179,18.7819852920455,0.13021350204549975
2,15.0,2394.191,18.65881645,18.776624347489093,0.1178078974890937
2,15.0,2394.674,18.66200791,18.771231079635303,0.10922316963530321
2,15.0,2395.156,18.65026543,18.765828677008265,0.11556324700826437
2,15.0,2395.638,18.63631062,18.760406852090405,0.12409623209040532
2,15.0,2396.12,18.61862411,18.754966464165356,0.13634235416535745
2,15.0,2396.602,18.6303201,18.749508374641128,0.1191882746411288
2,15.0,2397.084,18.62741325,18.744033446930004,0.11662019693000403
2,15.0,2397.566,18.60802114,18.73854254632812,0.1305214063281177
2,15.0,2398.048,18.60940742,18.73303653989471,0.1236291198947086
2,15.0,2398.531,18.60716164,18.727504829347584,0.12034318934758303
2,15.0,2399.012,18.60741094,18.72198268585908,0.11457174585907737
2,15.0,2399.495,18.5962771,18.716425061272577,0.1201479612725791
2,15.0,2399.977,18.59094473,18.710867309918658,0.11992257991865785
2,15.0,2400.459,18.58261171,18.705298812041985,0.1226871020419864
2,15.0,2400.941,18.5859259,18.69972044272931,0.113794542729309
2,15.0,2401.423,18.57533007,18.69413307797666,0.1188030079766591
2,15.0,2401.905,18.54994018,18.688537594566377,0.13859741456637664
2,15.0,2402.387,18.57555673,18.682934869944006,0.10737813994400724
2,15.0,2402.869,18.53617133,18.677325782094957,0.14115445209495903
2,15.0,2403.352,18.55679483,18.671699555838142,0.11490472583814082
2,15.0,2403.834,18.54702317,18.66608036839128,0.11905719839128182
2,15.0,2404.316,18.52269413,18.66045745550128,0.1377633255012789
2,15.0,2404.798,18.53771376,18.654831696076844,0.11711793607684484
2,15.0,2405.28,18.52621553,18.64920396894763,0.12298843894762967
2,15.0,2405.762,18.51143773,18.643575152740166,0.13213742274016482
2,15.0,2406.244,18.52766872,18.637946125753707,0.11027740575370615
2,15.0,2406.726,18.50619624,18.632317765836127,0.12612152583612612
2,15.0,2407.208,18.481579,18.626690950259736,0.14511195025973578
2,15.0,2407.691,18.48965879,18.621054889852676,0.13139609985267597
2,15.0,2408.173,18.46719111,18.615433799601544,0.14824268960154185
2,15.0,2408.655,18.47110266,18.60981688262706,0.1387142226270619
2,15.0,2409.137,18.46028772,18.60420501265517,0.14391729265517128
2,15.0,2409.619,18.44712814,18.59859906221531,0.1514709222153101
2,15.0,2410.101,18.44885199,18.59299990251646,0.1441479125164591
2,15.0,2410.583,18.44586836,18.587408403323277,0.1415400433232783
2,15.0,2411.065,18.42776462,18.581825432832353,0.15406081283235196
2,15.0,2411.548,18.41710015,18.57624030448098,0.15914015448097985
2,15.0,2412.03,18.41405224,18.570677011278047,0.15662477127804664
2,15.0,2412.512,18.41260096,18.565124842511604,0.15252388251160554
2,15.0,2412.994,18.40395202,18.55958465886731,0.15563263886730994
2,15.0,2413.476,18.3874125,18.55405731884631,0.16664481884631144
2,15.0,2413.958,18.37064395,18.5485436786426,0.17789972864259695
2,15.0,2414.44,18.36806589,18.543044592020614,0.1749787020206135
2,15.0,2414.922,18.35303812,18.537560910193147,0.18452279019314588
2,15.0,2415.405,18.34841169,18.532082155969412,0.1836704659694135
2,15.0,2415.887,18.34084911,18.526631862906545,0.1857827529065439
2,15.0,2416.369,18.33957698,18.521199513495702,0.1816225334957018
2,15.0,2416.851,18.33812753,18.515785947521827,0.1776584175218261
2,15.0,2417.333,18.33312808,18.510392001612118,0.17726392161211635
2,15.0,2417.815,18.31699194,18.50501850911607,0.18802656911606874
2,15.0,2418.297,18.32859892,18.499666299985783,0.17106737998578225
2,15.0,2418.779,18.3170201,18.494336200656726,0.17731610065672498
2,15.0,2419.261,18.29753854,18.489029033928844,0.19149049392884265
2,15.0,2419.744,18.2882151,18.483734682662256,0.1955195826622571
2,15.0,2420.226,18.27657508,18.47847588621699,0.20190080621699025
2,15.0,2420.708,18.28638596,18.47324246945813,0.18685650945812782
2,15.0,2421.19,18.28891048,18.468035239456835,0.1791247594568368
2,15.0,2421.672,18.26562333,18.46285499906199,0.1972316690619884
2,15.0,2422.154,18.25191475,18.45770254678439,0.20578779678438863
2,15.0,2422.636,18.26620484,18.452578676681675,0.18637383668167473
2,15.0,2423.118,18.26396172,18.447484178243784,0.18352245824378244
2,15.0,2423.601,18.2428073,18.442409361234894,0.199602061234895
2,15.0,2424.083,18.23597404,18.437376020747458,0.20140198074745896
2,15.0,2424.565,18.23467531,18.43237439345507,0.19769908345507048
2,15.0,2425.047,18.23610461,18.427405249433512,0.1913006394335106
2,15.0,2425.529,18.20653462,18.42246935362748,0.21593473362748128
2,15.0,2426.011,18.20284066,18.417567465740227,0.21472680574022718
2,15.0,2426.493,18.1980941,18.41270034012363,0.21460624012363283
2,15.0,2426.975,18.1796493,18.407868725669243,0.22821942566924136
2,15.0,2427.458,18.20375918,18.403063455019446,0.19930427501944692
2,15.0,2427.939,18.18800093,18.398314997862453,0.210314067862452
2,15.0,2428.422,18.16405247,18.393584599872476,0.2295321298724744
2,15.0,2428.904,18.15196817,18.38890248652412,0.23693431652412045
2,15.0,2429.386,18.15077624,18.384259544615993,0.2334833046159943
2,15.0,2429.868,18.15338119,18.37965648801923,0.2262752980192282
2,15.0,2430.35,18.14013085,18.37509402440378,0.23496317440378078
2,15.0,2430.832,18.1397582,18.37057285513598,0.23081465513597976
2,15.0,2431.314,18.12231224,18.366093675177233,0.24378143517723316
2,15.0,2431.796,18.12346817,18.361657172983463,0.23818900298346435
2,15.0,2432.279,18.12275021,18.35725496154364,0.23450475154363914
2,15.0,2432.761,18.12976146,18.352905945784673,0.2231444857846725
2,15.0,2433.243,18.12053171,18.348601634514914,0.22806992451491226
2,15.0,2433.725,18.11638716,18.34434268916864,0.2279555291686428
2,15.0,2434.207,18.09793783,18.340129764186862,0.24219193418686302
2,15.0,2434.689,18.07724332,18.335963506922813,0.25872018692281173
2,15.0,2435.171,18.0919501,18.331844557548514,0.23989445754851602
2,15.0,2435.653,18.08215663,18.32777354896249,0.24561691896249016
2,15.0,2436.135,18.07599323,18.323751106698538,0.247757876698536
2,15.0,2436.618,18.06758146,18.319769657113913,0.25218819711391305
2,15.0,2437.1,18.05456927,18.315846298125535,0.2612770281255372
2,15.0,2437.582,18.05951063,18.311973338219655,0.25246270821965666
2,15.0,2438.064,18.03470484,18.308151372565366,0.2734465325653659
2,15.0,2438.546,18.03987138,18.30438098852776,0.26450960852776007
2,15.0,2439.028,18.02349724,18.30066276558366,0.2771655255836585
2,15.0,2439.51,18.03858853,18.29699727523852,0.25840874523852264
2,15.0,2439.992,18.01859498,18.29338508094463,0.27479010094463163
2,15.0,2440.475,18.01507167,18.289819411925478,0.27474774192547713
2,15.0,2440.957,18.00757583,18.286315580899068,0.2787397508990672
2,15.0,2441.439,18.00807033,18.28286668827078,0.2747963582707804
2,15.0,2441.921,17.97902458,18.27947326446911,0.3004486844691101
2,15.0,2442.403,17.99829317,18.27613583147882,0.2778426614788181
2,15.0,2442.885,17.97798268,18.27285490276678,0.2948722227667808
2,15.0,2443.367,17.99853733,18.269630983209076,0.27109365320907486
2,15.0,2443.849,17.97368322,18.266464569019572,0.2927813490195703
2,15.0,2444.332,17.96438352,18.2633497592897,0.298966239289701
2,15.0,2444.814,17.95410869,18.260299931281253,0.3061912412812511
2,15.0,2445.296,17.96914801,18.257309045579593,0.2881610355795914
2,15.0,2445.778,17.95105598,18.25437756304308,0.3033215830430791
2,15.0,2446.26,17.95025412,18.251505935530606,0.3012518155306054
2,15.0,2446.742,17.95233482,18.2486946058386,0.29635978583860023
2,15.0,2447.224,17.94374868,18.24594400763912,0.30219532763912227
2,15.0,2447.706,17.94007752,18.243254565419615,0.3031770454196163
2,15.0,2448.188,17.93529871,18.24062669442402,0.305327984424018
2,15.0,2448.671,17.94023384,18.238055541866046,0.2978217018660452
2,15.0,2449.153,17.91747695,18.235552151602548,0.31807520160254654
2,15.0,2449.635,17.91479383,18.23311152306084,0.31831769306083757
2,15.0,2450.117,17.92008946,18.230734033932084,0.310644573932084
2,15.0,2450.599,17.91480024,18.228420052391737,0.3136198123917353
2,15.0,2451.081,17.92760447,18.226169937049697,0.29856546704969844
2,15.0,2451.563,17.90716586,18.223984036901815,0.31681817690181546
2,15.0,2452.045,17.90499016,18.221862691283125,0.3168725312831242
2,15.0,2452.528,17.89550916,18.21980203097536,0.3242928709753592
2,15.0,2453.01,17.8805514,18.21781090915545,0.337259509155448
2,15.0,2453.492,17.90827748,18.215885302092413,0.30760782209241455
2,15.0,2453.974,17.90296445,18.214025510019873,0.311061060019874
2,15.0,2454.456,17.89818193,18.212231823299533,0.3140498932995328
2,15.0,2454.938,17.88236623,18.2105045223837,0.3281382923837022
2,15.0,2455.42,17.89225425,18.208843877779486,0.31658962777948574
2,15.0,2455.902,17.88383895,18.207250150014435,0.3234112000144336
2,15.0,2456.385,17.88551166,18.205720492454848,0.3202088324548491
2,15.0,2456.867,17.89379497,18.204261479963932,0.3104665099639341
2,15.0,2457.349,17.89275204,18.202870106166138,0.3101180661661367
2,15.0,2457.831,17.89716711,18.201546591339046,0.30437948133904413
2,15.0,2458.313,17.8872891,18.20029114563325,0.31300204563325096
2,15.0,2458.795,17.87131369,18.199103969047858,0.32779027904785707
2,15.0,2459.277,17.86567191,18.19798525140744,0.33231334140744195
2,15.0,2459.759,17.8838442,18.196935172340744,0.31309097234074557
2,15.0,2460.241,17.88413266,18.195953901260943,0.3118212412609438
2,15.0,2460.724,17.87050828,18.19503977639713,0.32453149639713175
2,15.0,2461.206,17.87300159,18.194196732121927,0.3211951421219261
2,15.0,2461.688,17.87222721,18.19342294288458,0.3211957328845827
2,15.0,2462.17,17.85739577,18.192718537050553,0.33532276705055253
2,15.0,2462.652,17.85253376,18.192083632696043,0.3395498726960433
2,15.0,2463.134,17.86451012,18.191518337597916,0.32700821759791765
2,15.0,2463.616,17.8448596,18.191022749225727,0.34616314922572755
2,15.0,2464.098,17.839135,18.19059695473509,0.3514619547350897
2,15.0,2464.581,17.86056192,18.190240365210137,0.32967844521013845
2,15.0,2465.062,17.86309306,18.189955044424078,0.32686198442407743
2,15.0,2465.545,17.85594993,18.18973867598311,0.33378874598311015
2,15.0,2466.027,17.85388312,18.189592867512154,0.3357097475121549
2,15.0,2466.509,17.85505912,18.189517133943394,0.3344580139433937
2,15.0,2466.991,17.85354715,18.189511500483547,0.3359643504835468
2,15.0,2467.473,17.84281947,18.189575982026092,0.3467565120260936
2,15.0,2467.955,17.85062355,18.189710583158107,0.33908703315810484
2,15.0,2468.438,17.82628482,18.189915795762193,0.3636309757621916
2,15.0,2468.919,17.84181193,18.19019011105779,0.34837818105779306
2,15.0,2469.402,17.84304309,18.190535783893942,0.347492693893944
2,15.0,2469.884,17.82990756,18.190950848706393,0.36104328870639435
2,15.0,2470.366,17.81385441,18.191435901687623,0.37758149168762145
2,15.0,2470.848,17.83492698,18.191990885796994,0.3570639057969949
2,15.0,2471.33,17.82184407,18.192615733780123,0.37077166378012194
2,15.0,2471.812,17.82112033,18.193310368188627,0.37219003818862717
2,15.0,2472.294,17.83492129,18.194074701401533,0.35915341140153245
2,15.0,2472.776,17.84483095,18.194908635648186,0.35007768564818775
2,15.0,2473.259,17.82908952,18.19581400952135,0.3667244895213493
2,15.0,2473.741,17.82996821,18.196786955851664,0.3668187458516634
2,15.0,2474.223,17.83267476,18.197829148983438,0.3651543889834379
2,15.0,2474.705,17.84583852,18.19894045078822,0.3531019307882204
2,15.0,2475.187,17.84240075,18.20012071312668,0.3577199631266801
2,15.0,2475.669,17.81681256,18.201369777881098,0.384557217881099
2,15.0,2476.151,17.85375149,18.20268747698933,0.3489359869893285
2,15.0,2476.633,17.83841919,18.204073632480494,0.36565444248049417
2,15.0,2477.115,17.83464063,18.205528056511977,0.3708874265119775
2,15.0,2477.598,17.83243788,18.2070537807285,0.37461590072850015
2,15.0,2478.08,17.83960263,18.20864427959398,0.3690416495939779
2,15.0,2478.562,17.82735032,18.210302424175318,0.3829521041753168
2,15.0,2479.044,17.83357728,18.212027987524838,0.3784507075248378
2,15.0,2479.526,17.83376227,18.21382073303165,0.3800584630316486
2,15.0,2480.008,17.81766122,18.215680414467887,0.39801919446788503
2,15.0,2480.49,17.84338919,18.217606776036302,0.37421758603630195
2,15.0,2480.972,17.84369415,18.21959955241939,0.37590540241938797
2,15.0,2481.455,17.84675128,18.22166280899759,0.3749115289975897
2,15.0,2481.937,17.85127399,18.223787717559237,0.3725137275592374
2,15.0,2482.419,17.86193295,18.225978187755643,0.36404523775564357
2,15.0,2482.901,17.84339358,18.228233916689035,0.3848403366890345
2,15.0,2483.383,17.85329158,18.230554592208644,0.377263012208644
2,15.0,2483.865,17.87651248,18.232939892968243,0.35642741296824454
2,15.0,2484.347,17.86595021,18.235389488485332,0.36943927848533065
2,15.0,2484.829,17.84740025,18.237903039201388,0.39050278920138837
2,15.0,2485.312,17.86823369,18.240485609215526,0.37225191921552536
2,15.0,2485.794,17.86578085,18.24312614650459,0.3773452965045898
2,15.0,2486.276,17.85407852,18.24582956571607,0.39175104571606667
2,15.0,2486.758,17.86701049,18.248595491600163,0.38158500160016473
2,15.0,2487.24,17.85982564,18.251423540153198,0.3915979001531973
2,15.0,2487.722,17.85157167,18.254313318685973,0.40274164868597495
2,15.0,2488.204,17.87543153,18.25726442589336,0.38183289589336056
2,15.0,2488.686,17.87011311,18.260276451925012,0.3901633419250139
2,15.0,2489.168,17.87903266,18.26334897845757,0.3843163184575715
2,15.0,2489.651,17.87150082,18.266488140084757,0.39498732008475557
2,15.0,2490.133,17.87268726,18.269680502398156,0.3969932423981568
2,15.0,2490.615,17.87271844,18.272932059214533,0.4002136192145329
2,15.0,2491.097,17.87674692,18.276242359046186,0.3994954390461878
2,15.0,2491.579,17.90504494,18.27961094231082,0.3745660023108215
2,15.0,2492.061,17.88671937,18.28303734141083,0.39631797141082714
2,15.0,2492.543,17.89684019,18.286521080813404,0.3896808908134055
2,15.0,2493.025,17.90791359,18.29006167713208,0.38214808713208015
2,15.0,2493.508,17.9145154,18.293666160033396,0.3791507600333972
2,15.0,2493.99,17.89113668,18.29731910440624,0.40618242440624286
2,15.0,2494.472,17.91394046,18.30102740818532,0.3870869481853205
2,15.0,2494.954,17.92548844,18.304790557389467,0.37930211738946795
2,15.0,2495.436,17.89368362,18.30860803060708,0.4149244106070782
2,15.0,2495.918,17.90791609,18.312479299083797,0.40456320908379695
2,15.0,2496.4,17.91604711,18.316403826811193,0.4003567168111921
2,15.0,2496.882,17.91149985,18.320381070616488,0.40888122061648957
2,15.0,2497.365,17.91118781,18.32441889386499,0.4132310838649893
2,15.0,2497.846,17.9261824,18.328491498492266,0.4023090984922675
2,15.0,2498.329,17.906813,18.33263218662535,0.42581918662535045
2,15.0,2498.811,17.90807011,18.336814827036427,0.4287447170364267
2,15.0,2499.293,17.91932845,18.3410473621943,0.4217189121943008
2,15.0,2499.775,17.93219217,18.345329207861276,0.41313703786127576
2,15.0,2500.257,17.93117304,18.34965977328882,0.4184867332888196
2,15.0,2500.739,17.9306109,18.35403846131431,0.42342756131430903
2,15.0,2501.221,17.93735849,18.35846466845861,0.42110617845860787
2,15.0,2501.703,17.94256284,18.362937785024428,0.4203749450244274
2,15.0,2502.186,17.93893048,18.367466619256838,0.4285361392568383
2,15.0,2502.668,17.94720652,18.372031795301893,0.42482527530189174
2,15.0,2503.15,17.94859814,18.37664201405437,0.4280438740543673
2,15.0,2503.632,17.94829503,18.381296641931165,0.4330016119311644
2,15.0,2504.114,17.95356744,18.38599503963422,0.43242759963422017
2,15.0,2504.596,17.9629861,18.390736562253263,0.42775046225326463
2,15.0,2505.078,17.96715025,18.395520559368936,0.42837030936893683
2,15.0,2505.56,17.97085,18.400346375157056,0.42949637515705774
2,15.0,2506.042,17.96663717,18.405213348492918,0.4385761784929194
2,15.0,2506.525,17.98046907,18.410131036143998,0.4296619661439962
2,15.0,2507.007,17.97449992,18.415078402438592,0.44057848243859254
2,15.0,2507.489,17.98892632,18.42006491075077,0.4311385907507699
2,15.0,2507.971,18.00197928,18.4250898798017,0.4231105998016993
2,15.0,2508.453,18.00817346,18.430152623543755,0.42197916354375664
2,15.0,2508.935,18.0151709,18.435252451268425,0.4200815512684244
2,15.0,2509.417,18.04380973,18.440388667714636,0.3965789377146365
2,15.0,2509.899,18.04800529,18.44556057317749,0.39755528317749267
2,15.0,2510.382,18.05310263,18.450778302170974,0.39767567217097266
2,15.0,2510.864,18.05933629,18.456019539698293,0.3966832496982917
2,15.0,2511.346,18.07229978,18.461294340077046,0.3889945600770446
2,15.0,2511.828,18.07051177,18.466601986915347,0.39609021691534707
2,15.0,2512.31,18.08763796,18.4719417599278,0.38430379992780317
2,15.0,2512.792,18.0889355,18.477312935046747,0.3883774350467455
2,15.0,2513.274,18.07858537,18.4827147845336,0.40412941453359963
2,15.0,2513.756,18.08645555,18.488146577090596,0.401691027090596
2,15.0,2514.239,18.10960816,18.493618937700788,0.3840107777007873
2,15.0,2514.721,18.10072683,18.499108467126185,0.39838163712618524
2,15.0,2515.203,18.11495363,18.50462572395401,0.3896720939540117
2,15.0,2515.685,18.10252615,18.5101699637664,0.407643813766402
2,15.0,2516.167,18.12495277,18.515740439149262,0.3907876691492618
2,15.0,2516.649,18.14214109,18.521336399805207,0.3791953098052083
2,15.0,2517.131,18.11926068,18.52695709266707,0.4076964126670717
2,15.0,2517.613,18.10677072,18.5326017620113,0.42583104201129984
2,15.0,2518.095,18.12759528,18.538269649571564,0.4106743695715629
2,15.0,2518.578,18.12306802,18.543971823163325,0.42090380316332343
2,15.0,2519.06,18.15420741,18.549683906969033,0.39547649696903164
2,15.0,2519.542,18.16116737,18.555416918483125,0.3942495484831241
2,15.0,2520.024,18.15371216,18.56117009040205,0.4074579304020496
2,15.0,2520.506,18.15641727,18.566942653449104,0.41052538344910516
2,15.0,2520.988,18.17175512,18.5727338364884,0.40097871648839956
2,15.0,2521.47,18.17802295,18.57854286663894,0.4005199166389417
2,15.0,2521.952,18.17123054,18.584368969388553,0.41313842938855316
2,15.0,2522.435,18.17523396,18.59022350626943,0.41498954626943174
2,15.0,2522.917,18.19231437,18.596081456114163,0.4037670861141649
2,15.0,2523.399,18.19955012,18.60195414475708,0.4024040247570788
2,15.0,2523.881,18.20453861,18.60784079229814,0.4033021822981411
2,15.0,2524.363,18.19438724,18.613740617775566,0.4193533777755647
2,15.0,2524.845,18.22216186,18.619652839279347,0.39749097927934685
2,15.0,2525.327,18.22709,18.625576674064618,0.3984866740646176
2,15.0,2525.809,18.2286738,18.631511338665035,0.402837538665036
2,15.0,2526.292,18.24530966,18.63746839232794,0.39215873232793896
2,15.0,2526.773,18.24286494,18.643410020516093,0.4005450805160926
2,15.0,2527.256,18.26494217,18.649384846732712,0.3844426767327107
2,15.0,2527.738,18.2622464,18.655355000592174,0.3931086005921749
2,15.0,2528.22,18.26845617,18.661332058432734,0.3928758884327337
2,15.0,2528.702,18.28768446,18.66731523482623,0.37963077482622865
2,15.0,2529.184,18.28743765,18.673303744410184,0.3858660944101828
2,15.0,2529.666,18.28597884,18.679296801999396,0.39331796199939717
2,15.0,2530.148,18.29525843,18.685293622696843,0.3900351926968426
2,15.0,2530.63,18.31715053,18.691293422004723,0.3741428920047234
2,15.0,2531.113,18.3180329,18.697307869942097,0.37927496994209875
2,15.0,2531.595,18.30408781,18.703311277240015,0.39922346724001656
2,15.0,2532.077,18.3007522,18.70931531152982,0.40856311152981917
2,15.0,2532.559,18.33640322,18.71531919101342,0.37891597101342
2,15.0,2533.041,18.32799036,18.721322134840854,0.3933317748408527
2,15.0,2533.523,18.32619303,18.727323363219007,0.40113033321900815
2,15.0,2534.005,18.3554561,18.733322097519785,0.377865997519784
2,15.0,2534.487,18.34972658,18.739317560387786,0.38959098038778706
2,15.0,2534.969,18.3738104,18.745308975847802,0.3714985758478022
2,15.0,2535.452,18.36613986,18.751307984181256,0.3851681241812557
2,15.0,2535.934,18.343518,18.757288970543872,0.41377097054387235
2,15.0,2536.416,18.3848771,18.763263589321237,0.37838648932123675
2,15.0,2536.898,18.39956778,18.76923107112606,0.36966329112605933
2,15.0,2537.38,18.36233997,18.775190648480713,0.4128506784807122
2,15.0,2537.862,18.41286803,18.78114155592174,0.36827352592174023
2,15.0,2538.344,18.40789787,18.787083030103464,0.37918516010346437
2,15.0,2538.826,18.41492899,18.793014309901455,0.3780853199014551
2,15.0,2539.309,18.45868447,18.798946907439394,0.34026243743939233
2,15.0,2539.791,18.41699398,18.804855499415712,0.38786151941571134
2,15.0,2540.273,18.4392758,18.8107516264245,0.3714758264245006
2,15.0,2540.755,18.46078897,18.816634537252607,0.35584556725260796
2,15.0,2541.237,18.47953734,18.822503483415776,0.3429661434157758
2,15.0,2541.719,18.47657823,18.828357719258452,0.35177948925845115
2,15.0,2542.201,18.47997034,18.834196502052762,0.35422616205276114
2,15.0,2542.683,18.48978201,18.84001909209698,0.35023708209698157
2,15.0,2543.166,18.49894037,18.845836779645147,0.34689640964514723
2,15.0,2543.648,18.50515923,18.851624740271856,0.34646551027185524
2,15.0,2544.13,18.51454607,18.857394306663036,0.3428482366630341
2,15.0,2544.612,18.51973439,18.86314475219938,0.3434103621993785
2,15.0,2545.094,18.53592053,18.868875353769905,0.3329548237699065
2,15.0,2545.576,18.54462994,18.874585391866212,0.329955451866212
2,15.0,2546.058,18.55557335,18.88027415067609,0.32470080067609075
2,15.0,2546.54,18.55746568,18.885940918176328,0.3284752381763276
2,15.0,2547.022,18.55055339,18.89158498622494,0.3410315962249406
2,15.0,2547.505,18.57270819,18.89721728696753,0.32450909696752817
2,15.0,2547.987,18.59316152,18.90281379693481,0.3096522769348127
2,15.0,2548.469,18.58974753,18.908385505781624,0.31863797578162334
2,15.0,2548.951,18.60038513,18.91393172180549,0.3135465918054905
2,15.0,2549.433,18.58013263,18.919451757634413,0.3393191276344112
2,15.0,2549.915,18.63702627,18.9249449303144,0.28791866031439994
2,15.0,2550.397,18.60594573,18.930410561396027,0.32446483139602833
2,15.0,2550.879,18.61404409,18.935847977020536,0.3218038870205362
2,15.0,2551.362,18.62687604,18.941267698536063,0.31439165853606355
2,15.0,2551.844,18.64295163,18.94664661846399,0.3036949884639917
2,15.0,2552.326,18.63710046,18.951995328384573,0.3148948683845738
2,15.0,2552.808,18.6745633,18.957313173653723,0.2827498736537244
2,15.0,2553.29,18.6670478,18.96259950463488,0.2955517046348817
2,15.0,2553.772,18.65995586,18.967853676780038,0.3078978167800379
2,15.0,2554.254,18.67920172,18.973075050709667,0.29387333070966903
2,15.0,2554.736,18.68083444,18.978262992291764,0.29742855229176257
2,15.0,2555.219,18.67777663,18.983427529578297,0.3056508995782963
2,15.0,2555.7,18.69259879,18.98853606859188,0.2959372785918788
2,15.0,2556.183,18.70297355,18.993630472357577,0.29065692235757723
2,15.0,2556.665,18.71372484,18.99867837575615,0.28495353575614857
2,15.0,2557.147,18.71159247,19.003689756315254,0.2920972863152542
2,15.0,2557.629,18.74341691,19.00866401301206,0.265247103012058
2,15.0,2558.111,18.74756361,19.01360055060041,0.2660369406004115
2,15.0,2558.593,18.75412665,19.01849877968262,0.26437212968262
2,15.0,2559.075,18.74861586,19.02335811678051,0.27474225678050956
2,15.0,2559.557,18.73905119,19.028177984405524,0.28912679440552225
2,15.0,2560.04,18.75982597,19.03296768576514,0.27314171576513857
2,15.0,2560.522,18.77702916,19.03770682145314,0.260677661453137
2,15.0,2561.004,18.78007047,19.04240479067312,0.2623343206731228
2,15.0,2561.486,18.77215255,19.04706104058973,0.274908490589727
2,15.0,2561.968,18.77850578,19.051675024693548,0.2731692446935483
2,15.0,2562.45,18.79691975,19.05624620286537,0.2593264528653698
2,15.0,2562.932,18.78348626,19.06077404143972,0.2772877814397212
2,15.0,2563.414,18.80330376,19.065258013267215,0.26195425326721633
2,15.0,2563.896,18.81821263,19.06969759777607,0.25148496777606866
2,15.0,2564.379,18.80325832,19.0741013516049,0.27084303160489753
2,15.0,2564.861,18.82440185,19.078450531641817,0.25404868164181593
2,15.0,2565.343,18.81430343,19.082753801678894,0.2684503716788953
2,15.0,2565.825,18.81064796,19.087010668063982,0.27636270806398144
2,15.0,2566.307,18.8358607,19.091220644015216,0.2553599440152148
2,15.0,2566.789,18.81359502,19.095383249676583,0.28178822967658235
2,15.0,2567.271,18.84198595,19.09949801217249,0.2575120621724878
2,15.0,2567.753,18.83907044,19.10356446566127,0.26449402566127134
2,15.0,2568.236,18.83802591,19.10759043582697,0.2695645258269721
2,15.0,2568.718,18.84899048,19.11155879959487,0.2625683195948696
2,15.0,2569.2,18.8591979,19.115477498640438,0.25627959864043603
2,15.0,2569.682,18.87841227,19.119346095788362,0.24093382578836398
2,15.0,2570.164,18.88429356,19.123164161149994,0.23887060114999414
2,15.0,2570.646,18.8822138,19.12693127217095,0.24471747217095086
2,15.0,2571.128,18.89808237,19.130647013677418,0.23256464367741714
2,15.0,2571.61,18.87777301,19.134310977921736,0.2565379679217372
2,15.0,2572.093,18.90045884,19.137930203448033,0.23747136344803366
2,15.0,2572.575,18.91640764,19.14148931038048,0.22508167038047944
2,15.0,2573.057,18.91379089,19.144995461012115,0.231204571012114
2,15.0,2573.539,18.93990673,19.148448277749466,0.20854154774946565
2,15.0,2574.021,18.9297654,19.151847390636984,0.2220819906369833
2,15.0,2574.503,18.93881026,19.15519243739649,0.2163821773964898
2,15.0,2574.985,18.94362513,19.15848306346527,0.21485793346526805
2,15.0,2575.467,18.95261182,19.16171892203338,0.20910710203337857
2,15.0,2575.949,18.9457346,19.16489967407978,0.21916507407977903
2,15.0,2576.432,18.9484874,19.168031414609093,0.21954401460909168
2,15.0,2576.914,18.95563797,19.171100851861684,0.21546288186168283
2,15.0,2577.396,18.97783239,19.174114211962756,0.19628182196275645
2,15.0,2577.878,18.96543969,19.177071187404298,0.21163149740429787
2,15.0,2578.36,18.97454019,19.179971478632496,0.2054312886324965
2,15.0,2578.842,18.9894246,19.18281479407775,0.19339019407775027
2,15.0,2579.324,18.96911451,19.185600850183484,0.2164863401834829
2,15.0,2579.806,18.95796524,19.188329371434058,0.2303641314340581
2,15.0,2580.289,18.98166923,19.191005571025503,0.20933634102550158
2,15.0,2580.771,19.00399462,19.1936181075914,0.18962348759140113
2,15.0,2581.253,18.9905484,19.19617233075049,0.20562393075048746
2,15.0,2581.735,19.02222609,19.19866799742516,0.1764419074251613
2,15.0,2582.217,18.99033112,19.201104872702327,0.2107737527023268
2,15.0,2582.699,19.00471819,19.203482729855015,0.1987645398550164
2,15.0,2583.181,19.00340129,19.205801350362837,0.2024000603628373
2,15.0,2583.663,19.02321769,19.208060523931533,0.18484283393153333
2,15.0,2584.146,19.01799781,19.210264549699595,0.19226673969959407
2,15.0,2584.627,19.01433323,19.212399730314647,0.19806650031464912
2,15.0,2585.11,19.03016925,19.214483635942248,0.18431438594224758
2,15.0,2585.592,19.01201753,19.21650295887167,0.2044854288716671
2,15.0,2586.074,19.03452606,19.21846190704971,0.18393584704971033
2,15.0,2586.556,19.02802165,19.220360319906952,0.19233866990695248
2,15.0,2587.038,19.01928875,19.222198045207346,0.2029092952073448
2,15.0,2587.52,19.03848155,19.223974939059392,0.18549338905939194
2,15.0,2588.002,19.03849917,19.22569086592619,0.18719169592618812
2,15.0,2588.484,19.03402853,19.227345698634583,0.19331716863458226
2,15.0,2588.967,19.05306072,19.228942560939405,0.17588184093940384
2,15.0,2589.449,19.04457573,19.230474729969476,0.18589899996947779
2,15.0,2589.931,19.05741134,19.23194547337604,0.17453413337603862
2,15.0,2590.413,19.04674498,19.233354697528153,0.18660971752815314
2,15.0,2590.895,19.06166496,19.23470231718843,0.17303735718842717
2,15.0,2591.377,19.07263068,19.235988255515863,0.16335757551586383
2,15.0,2591.859,19.06399986,19.237212444067694,0.17321258406769502
2,15.0,2592.341,19.05713965,19.23837482280015,0.18123517280015022
2,15.0,2592.823,19.06900508,19.239475340068367,0.17047026006836674
2,15.0,2593.306,19.05722882,19.240516043047407,0.18328722304740808
2,15.0,2593.788,19.05900653,19.241492587504492,0.18248605750449087
2,15.0,2594.27,19.06773164,19.242407165891585,0.1746755258915833
2,15.0,2594.752,19.07129079,19.243259760153563,0.17196897015356427
2,15.0,2595.234,19.07791875,19.244050360617717,0.1661316106177182
2,15.0,2595.716,19.08962422,19.244778965987216,0.15515474598721468
2,15.0,2596.198,19.10000561,19.245445583333815,0.14543997333381498
2,15.0,2596.68,19.10396563,19.24605022808945,0.1420845980894505
2,15.0,2597.163,19.10212729,19.246593985587303,0.14446669558730463
2,15.0,2597.645,19.10709992,19.247074636430796,0.13997471643079606
2,15.0,2598.127,19.10273042,19.247493411133686,0.1447629911336854
2,15.0,2598.609,19.08896903,19.24785035848172,0.1588813284817192
2,15.0,2599.091,19.09328047,19.248145535563737,0.1548650655637367
2,15.0,2599.573,19.11623631,19.248379007757162,0.13214269775716048
2,15.0,2600.055,19.10994485,19.248550848712654,0.13860599871265222
2,15.0,2600.537,19.08609799,19.248661140337603,0.16256315033760416
2,15.0,2601.02,19.10499216,19.248710010271104,0.14371785027110562
2,15.0,2601.502,19.09248993,19.248697354699544,0.15620742469954507
2,15.0,2601.984,19.09687875,19.24862344511073,0.1517446951107324
2,15.0,2602.466,19.10527311,19.24848839627198,0.14321528627198177
2,15.0,2602.948,19.10685076,19.248292331110353,0.14144157111035227
2,15.0,2603.43,19.10959538,19.248035380690325,0.13844000069032703
2,15.0,2603.912,19.09112737,19.247717684190324,0.15659031419032488
2,15.0,2604.394,19.1106927,19.24733938887864,0.1366466888786384
2,15.0,2604.876,19.11686625,19.246900650087948,0.13003440008794698
2,15.0,2605.359,19.1078055,19.246400533336864,0.13859503333686263
2,15.0,2605.841,19.12609324,19.245841281188824,0.11974804118882432
2,15.0,2606.323,19.12456599,19.24522210005992,0.12065611005991883
2,15.0,2606.805,19.11862341,19.244543177285106,0.12591976728510446
2,15.0,2607.287,19.12254835,19.24380470812299,0.12125635812299151
2,15.0,2607.769,19.11722525,19.24300689572459,0.12578164572459016
2,15.0,2608.251,19.12726082,19.242149951101563,0.11488913110156318
2,15.0,2608.733,19.11317674,19.24123409309309,0.12805735309309085
2,15.0,2609.216,19.14604345,19.24025746561159,0.09421401561159115
2,15.0,2609.698,19.12275813,19.239224347468483,0.1164662174684814
2,15.0,2610.18,19.13679658,19.238133019590013,0.10133643959001404
2,15.0,2610.662,19.1273989,19.23698373179351,0.1095848317935122
2,15.0,2611.144,19.12392944,19.23577674154512,0.11184730154511868
2,15.0,2611.626,19.11691289,19.234512313921243,0.117599423921245
2,15.0,2612.108,19.12398117,19.233190721569073,0.10920955156907297
2,15.0,2612.59,19.12197483,19.231812244666195,0.10983741466619534
2,15.0,2613.073,19.11310185,19.230374134919025,0.11727228491902508
2,15.0,2613.554,19.10005511,19.228885795322295,0.12883068532229558
2,15.0,2614.037,19.12692604,19.22733515219403,0.10040911219402915
2,15.0,2614.519,19.12166708,19.22573197279815,0.10406489279814934
2,15.0,2615.001,19.11441633,19.224073421885144,0.10965709188514339
2,15.0,2615.483,19.11081879,19.222359823931747,0.11154103393174708
2,15.0,2615.965,19.1195964,19.220591510637096,0.10099511063709699
2,15.0,2616.447,19.13040083,19.218768820875333,0.08836799087533365
2,15.0,2616.929,19.11090375,19.216892100647073,0.10598835064707401
2,15.0,2617.411,19.14687244,19.214961703030156,0.06808926303015639
2,15.0,2617.894,19.12957318,19.212973817368738,0.0834006373687366
2,15.0,2618.376,19.12271029,19.210937042796527,0.08822675279652614
2,15.0,2618.858,19.11776527,19.20884769280984,0.09108242280984058
2,15.0,2619.34,19.14272894,19.206706148299542,0.06397720829954068
2,15.0,2619.822,19.12380535,19.204512796974228,0.08070744697422683
2,15.0,2620.304,19.12542233,19.20226803330592,0.07684570330592067
2,15.0,2620.786,19.13016325,19.199972258474773,0.069809008474774
2,15.0,2621.268,19.09747676,19.197625880312955,0.10014912031295609
2,15.0,2621.75,19.0964469,19.19522931324784,0.09878241324783943
2,15.0,2622.233,19.09467349,19.19277785142216,0.09810436142215906
2,15.0,2622.715,19.10825344,19.190282074006287,0.08202863400628857
2,15.0,2623.197,19.08818424,19.18773739086555,0.09955315086554961
2,15.0,2623.679,19.11059856,19.185144242235783,0.07454568223578306
2,15.0,2624.161,19.09512929,19.18250307465108,0.08737378465108137
2,15.0,2624.643,19.10260985,19.179814340882196,0.07720449088219539
2,15.0,2625.125,19.0987536,19.177078499873996,0.07832489987399782
2,15.0,2625.607,19.0808894,19.174296016682128,0.09340661668212746
2,15.0,2626.09,19.08899031,19.17146144616692,0.08247113616691948
2,15.0,2626.572,19.09121377,19.168587003596084,0.07737323359608439
2,15.0,2627.054,19.07667622,19.16566735103711,0.08899113103711187
2,15.0,2627.536,19.06410529,19.16270297735275,0.09859768735275054
2,15.0,2628.018,19.06721681,19.159694377188412,0.0924775671884106
2,15.0,2628.5,19.06187962,19.1566420509045,0.09476243090450254
2,15.0,2628.982,19.05968397,19.153546504507812,0.09386253450781368
2,15.0,2629.464,19.07810791,19.15040824958215,0.07230033958214932
2,15.0,2629.947,19.07303642,19.147221161285735,0.07418474128573394
2,15.0,2630.429,19.05719107,19.143998960108263,0.08680789010826473
2,15.0,2630.911,19.05045957,19.14073561901313,0.09027604901313069
2,15.0,2631.393,19.06179543,19.137431671196378,0.0756362411963778
2,15.0,2631.875,19.06523206,19.134087655073927,0.06885559507392713
2,15.0,2632.357,19.05181312,19.13070411420814,0.07889099420814105
2,15.0,2632.839,19.05206403,19.12728159723359,0.07521756723359019
2,15.0,2633.321,19.02297103,19.123820657782307,0.10084962778230633
2,15.0,2633.803,19.04346488,19.120321854408285,0.07685697440828676
2,15.0,2634.286,19.04381913,19.116778375815727,0.07295924581572777
2,15.0,2634.768,19.03866368,19.11320546395024,0.07454178395024158
2,15.0,2635.25,19.0157487,19.109596393784408,0.09384769378440794
2,15.0,2635.732,19.04174387,19.105951742801725,0.06420787280172391
2,15.0,2636.214,19.01991031,19.102272093020517,0.08236178302051655
2,15.0,2636.696,19.0470178,19.098558030914596,0.05154023091459692
2,15.0,2637.178,19.04040985,19.094810147333398,0.05440029733339813
2,15.0,2637.66,19.01124792,19.09102903742163,0.07978111742163208
2,15.0,2638.143,19.01347487,19.087207354723184,0.07373248472318394
2,15.0,2638.625,19.01147113,19.083361528550533,0.07189039855053281
2,15.0,2639.107,19.0073569,19.079484287703718,0.0721273877037163
2,15.0,2639.589,19.01096885,19.075576243700187,0.06460739370018587
2,15.0,2640.071,19.00352483,19.071638011941562,0.06811318194156257
2,15.0,2640.553,19.01456442,19.067670211629757,0.053105791629757704
2,15.0,2641.035,19.00697048,19.063673465682758,0.05670298568275811
2,15.0,2641.517,18.98967186,19.05964840064956,0.06997654064955938
2,15.0,2642.0,19.00382823,19.0555872100779,0.05175898007789925
2,15.0,2642.481,18.97557546,19.05151583716359,0.0759403771635867
2,15.0,2642.964,18.96613573,19.04740106303002,0.08126533303001793
2,15.0,2643.446,18.99031132,19.043269003951842,0.05295768395184197
2,15.0,2643.928,18.98261239,19.039111811331985,0.056499421331984934
2,15.0,2644.41,18.9787204,19.034930131702332,0.05620973170233157
2,15.0,2644.892,18.95497398,19.03072461461798,0.07575063461798237
2,15.0,2645.374,18.94217254,19.02649591256842,0.08432337256842004
2,15.0,2645.856,18.93909585,19.022244680888505,0.08314883088850422
2,15.0,2646.338,18.95602244,19.01797157766892,0.0619491376689183
2,15.0,2646.821,18.93358604,19.013668332712268,0.08008229271226597
2,15.0,2647.303,18.93818871,19.00935342932032,0.07116471932032198
2,15.0,2647.785,18.92515129,19.00501864567832,0.0798673556783207
2,15.0,2648.267,18.91409809,19.00066465000195,0.08656656000195184
2,15.0,2648.749,18.90499434,18.996292112809,0.09129777280900342
2,15.0,2649.231,18.90382151,18.99190170682764,0.08808019682764012
2,15.0,2649.713,18.90188388,18.98749410690423,0.08561022690422959
2,15.0,2650.195,18.89316063,18.983069989910835,0.08990935991083404
2,15.0,2650.677,18.88625001,18.978630034652436,0.09238002465243511
2,15.0,2651.16,18.90714594,18.974165663517915,0.06701972351791596
2,15.0,2651.642,18.88062817,18.96969604608936,0.08906787608935929
2,15.0,2652.124,18.900292,18.965212638896745,0.06492063889674426
2,15.0,2652.606,18.88464838,18.960716127545997,0.07606774754599499
2,15.0,2653.088,18.91134962,18.956207199107446,0.04485757910744681
2,15.0,2653.57,18.86055036,18.95168654202135,0.09113618202134788
2,15.0,2654.052,18.87774545,18.947154846003187,0.06940939600318785
2,15.0,2654.534,18.87506855,18.942612801948755,0.06754425194875324
2,15.0,2655.017,18.87982935,18.93805164892094,0.05822229892093844
2,15.0,2655.499,18.86082056,18.93349096785212,0.07267040785211876
2,15.0,2655.981,18.85543503,18.92892201900438,0.07348698900437967
2,15.0,2656.463,18.83303167,18.924345497043067,0.09131382704306645
2,15.0,2656.945,18.85400645,18.91976209733613,0.06575564733612893
2,15.0,2657.427,18.82987767,18.915172515858064,0.08529484585806557
2,15.0,2657.909,18.83271397,18.910577449093847,0.07786347909384617
2,15.0,2658.391,18.8273115,18.9059775939426,0.07866609394259783
2,15.0,2658.874,18.81744594,18.901364092096525,0.0839181520965262
2,15.0,2659.356,18.8040581,18.8967567457277,0.09269864572770103
2,15.0,2659.838,18.80481188,18.892146704637597,0.08733482463759756
2,15.0,2660.32,18.79616891,18.887534666417476,0.09136575641747768
2,15.0,2660.802,18.79152658,18.882921328589948,0.09139474858994845
2,15.0,2661.284,18.80028434,18.878307388512177,0.07802304851217556
2,15.0,2661.766,18.79107912,18.873693543279195,0.0826144232791961
2,15.0,2662.248,18.77552975,18.869080489627102,0.09355073962710136
2,15.0,2662.73,18.77642642,18.8644689238363,0.08804250383629864
2,15.0,2663.213,18.7776396,18.859849981353275,0.08221038135327419
2,15.0,2663.695,18.75473987,18.855243484514133,0.10050361451413181
2,15.0,2664.177,18.74715974,18.850640562115597,0.10348082211559628
2,15.0,2664.659,18.75692366,18.846041907646185,0.08911824764618359
2,15.0,2665.141,18.75547606,18.841448213655152,0.08597215365515254
2,15.0,2665.623,18.74993699,18.836860171655882,0.08692318165588375
2,15.0,2666.105,18.74502301,18.83227847202966,0.08725546202965972
2,15.0,2666.587,18.7343309,18.827703803929182,0.09337290392918263
2,15.0,2667.07,18.73009172,18.82312738868581,0.0930356686858076
2,15.0,2667.552,18.72314365,18.818568863852157,0.09542521385215608
2,15.0,2668.034,18.71565711,18.814019431089754,0.09836232108975551
2,15.0,2668.516,18.7116854,18.809479773673623,0.0977943736736222
2,15.0,2668.998,18.71159363,18.804950573170682,0.09335694317068288
2,15.0,2669.48,18.71183296,18.800432509344464,0.08859954934446534
2,15.0,2669.962,18.70020816,18.79592626005998,0.0957181000599796
2,15.0,2670.444,18.69091477,18.791432501188726,0.10051773118872731
2,15.0,2670.927,18.67389087,18.786942624824885,0.11305175482488394
2,15.0,2671.408,18.67817918,18.782485147636677,0.10430596763667666
2,15.0,2671.891,18.66003148,18.778023672380755,0.11799219238075409
2,15.0,2672.373,18.66128385,18.773586622868255,0.11230277286825441
2,15.0,2672.855,18.66958153,18.769165411295408,0.09958388129540907
2,15.0,2673.337,18.65099245,18.764760699588315,0.11376824958831477
2,15.0,2673.819,18.63656739,18.760373147022367,0.1238057570223674
2,15.0,2674.301,18.66479784,18.756003410129594,0.09120557012959551
2,15.0,2674.783,18.6373375,18.751652142606417,0.11431464260641633
2,15.0,2675.265,18.63597142,18.747319995221716,0.11134857522171515
2,15.0,2675.748,18.6242538,18.742998689876217,0.1187448898762149
2,15.0,2676.23,18.62441133,18.738706765925155,0.11429543592515401
2,15.0,2676.712,18.63014726,18.734435897267957,0.10428863726795612
2,15.0,2677.194,18.60529567,18.730186722045094,0.12489105204509343
2,15.0,2677.676,18.60947025,18.7259598750157,0.11648962501569926
2,15.0,2678.158,18.5978776,18.721755987468196,0.12387838746819568
2,15.0,2678.64,18.58832888,18.717575687131323,0.12924680713132375
2,15.0,2679.122,18.56929889,18.71341959808565,0.14412070808565147
2,15.0,2679.604,18.57421457,18.70928834067565,0.13507377067564974
2,15.0,2680.087,18.56913748,18.705174040024655,0.1360365600246567
2,15.0,2680.569,18.56107316,18.701094346240062,0.14002118624006243
2,15.0,2681.051,18.56409045,18.697041323094183,0.13295087309418463
2,15.0,2681.533,18.55127799,18.693015575109044,0.14173758510904477
2,15.0,2682.015,18.5660437,18.689017702638413,0.1229740026384114
2,15.0,2682.497,18.52767548,18.685048301783105,0.15737282178310608
2,15.0,2682.979,18.54241513,18.6811079643068,0.13869283430680213
2,15.0,2683.461,18.51770929,18.677197277552697,0.15948798755269777
2,15.0,2683.944,18.52283639,18.67330880545728,0.15047241545727985
2,15.0,2684.426,18.53905284,18.669459228603543,0.13040638860354292
2,15.0,2684.908,18.49595756,18.665641038337327,0.16968347833732622
2,15.0,2685.39,18.48660578,18.66185480348702,0.17524902348701943
2,15.0,2685.872,18.49747448,18.658101088052394,0.16062660805239304
2,15.0,2686.354,18.48967419,18.654380451124936,0.16470626112493747
2,15.0,2686.836,18.50181967,18.65069344680897,0.14887377680896918
2,15.0,2687.318,18.48573318,18.647040624143624,0.16130744414362397
2,15.0,2687.801,18.46964493,18.643415057071397,0.17377012707139627
2,15.0,2688.283,18.46862548,18.639832297895666,0.1712068178956656
2,15.0,2688.765,18.46409198,18.63628533742671,0.1721933574267105
2,15.0,2689.247,18.47212491,18.632774703664605,0.16064979366460364
2,15.0,2689.729,18.45960563,18.6293009191644,0.16969528916440169
2,15.0,2690.211,18.44075658,18.625864500962656,0.1851079209626576
2,15.0,2690.693,18.44027428,18.622465960504556,0.18219168050455536
2,15.0,2691.175,18.43280624,18.619105803572012,0.18629956357201038
2,15.0,2691.657,18.42907431,18.615784530212583,0.1867102202125821
2,15.0,2692.14,18.41966905,18.61249586703015,0.19282681703015214
2,15.0,2692.622,18.42406025,18.60925392088493,0.18519367088493155
2,15.0,2693.104,18.40169682,18.60605232434531,0.20435550434530825
2,15.0,2693.586,18.41502449,18.602891553814565,0.18786706381456497
2,15.0,2694.068,18.39182871,18.599772079618806,0.20794336961880688
2,15.0,2694.55,18.39667131,18.59669436594103,0.2000230559410312
2,15.0,2695.032,18.38173746,18.593658870756183,0.2119214107561831
2,15.0,2695.514,18.36404327,18.590666045767133,0.22662277576713308
2,15.0,2695.997,18.37482186,18.587710261736593,0.21288840173659196
2,15.0,2696.479,18.39494943,18.584804197658855,0.18985476765885423
2,15.0,2696.961,18.37145645,18.581942121517443,0.2104856715174428
2,15.0,2697.443,18.36983082,18.579124459291883,0.20929363929188227
2,15.0,2697.925,18.37801636,18.576351630383694,0.19833527038369425
2,15.0,2698.407,18.37751705,18.57362404755803,0.1961069975580294
2,15.0,2698.889,18.37783094,18.57094211688648,0.19311117688648238
2,15.0,2699.371,18.35425917,18.56830623769087,0.21404706769087056
2,15.0,2699.854,18.37435895,18.56571147876287,0.19135252876287012
2,15.0,2700.335,18.3633479,18.563174196935442,0.1998262969354414
2,15.0,2700.818,18.35859526,18.56067367193816,0.20207841193816023
2,15.0,2701.3,18.36433864,18.558225954053565,0.19388731405356552
2,15.0,2701.782,18.35004731,18.555826181860496,0.20577887186049537
2,15.0,2702.264,18.3454752,18.553474713044313,0.20799951304431374
2,15.0,2702.746,18.33822346,18.55117189817606,0.21294843817606335
2,15.0,2703.228,18.33418536,18.548918080664546,0.2147327206645464
2,15.0,2703.71,18.33126611,18.54671359670977,0.21544748670976688
2,15.0,2704.192,18.32641449,18.544558775257215,0.21814428525721397
2,15.0,2704.675,18.3046408,18.54244962324872,0.2378088232487201
2,15.0,2705.157,18.28774705,18.540395189073134,0.2526481390731341
2,15.0,2705.639,18.30336365,18.53839136089921,0.23502771089921026
2,15.0,2706.121,18.31154287,18.53643843820544,0.2248955682054401
2,15.0,2706.603,18.30711747,18.53453671300455,0.2274192430045474
2,15.0,2707.085,18.2915359,18.5326864698047,0.24115056980469873
2,15.0,2707.567,18.29399719,18.530887985571834,0.2368907955718349
2,15.0,2708.049,18.28560993,18.52914152969314,0.24353159969313865
2,15.0,2708.531,18.27402634,18.527447363941693,0.2534210239416943
2,15.0,2709.014,18.27335168,18.525802391380427,0.2524507113804262
2,15.0,2709.496,18.29333447,18.524213670351774,0.23087920035177234
2,15.0,2709.978,18.26609951,18.522677979236484,0.25657846923648364
2,15.0,2710.46,18.28267841,18.52119554900533,0.23851713900533156
2,15.0,2710.942,18.27480848,18.51976660285585,0.24495812285584861
2,15.0,2711.424,18.26137651,18.51839135618422,0.25701484618421944
2,15.0,2711.906,18.25966103,18.51707001655824,0.2574089865582394
2,15.0,2712.388,18.27354956,18.515802783691512,0.24225322369151314
2,15.0,2712.871,18.2563885,18.514587389529837,0.2581988895298366
2,15.0,2713.353,18.28046869,18.513429051003836,0.23296036100383688
2,15.0,2713.835,18.28570315,18.512325371369737,0.22662222136973753
2,15.0,2714.317,18.2752641,18.511276518674126,0.23601241867412526
2,15.0,2714.799,18.27564498,18.51028265299861,0.2346376729986126
2,15.0,2715.281,18.26545611,18.50934392644134,0.24388781644134028
2,15.0,2715.763,18.26771689,18.508460483099782,0.24074359309978277
2,15.0,2716.245,18.26875898,18.507632459054765,0.23887347905476375
2,15.0,2716.728,18.24770205,18.506858437532877,0.25915638753287595
2,15.0,2717.21,18.25547663,18.506141743795823,0.25066511379582224
2,15.0,2717.692,18.25455054,18.50548082958034,0.2509302895803387
2,15.0,2718.174,18.24430142,18.504875798748778,0.2605743787487782
2,15.0,2718.656,18.26026682,18.504326747085443,0.24405992708544488
2,15.0,2719.138,18.24017511,18.5038337622881,0.26365865228810037
2,15.0,2719.62,18.24796107,18.503396923960775,0.25543585396077617
2,15.0,2720.102,18.24116861,18.50301630360762,0.2618476936076206
2,15.0,2720.584,18.23787634,18.502691964628177,0.2648156246281772
2,15.0,2721.067,18.22157649,18.50242346488838,0.2808469748883802
2,15.0,2721.549,18.21845264,18.502211963442623,0.28375932344262367
2,15.0,2722.031,18.22485743,18.502056884985276,0.27719945498527565
2,15.0,2722.513,18.20826206,18.501958260457922,0.2936962004579229
2,15.0,2722.995,18.22944593,18.501916112692413,0.2724701826924125
2,15.0,2723.477,18.22807724,18.501930456413632,0.2738532164136309
2,15.0,2723.959,18.22349729,18.502001298243407,0.2785040082434058
2,15.0,2724.441,18.23713545,18.502128636705795,0.2649931867057944
2,15.0,2724.924,18.20231307,18.50231290232152,0.2999998323215216
2,15.0,2725.406,18.21839747,18.502553314396046,0.2841558443960466
2,15.0,2725.888,18.22584333,18.502850170097503,0.27700684009750276
2,15.0,2726.37,18.21999159,18.50320343561894,0.28321184561893986
2,15.0,2726.852,18.21144834,18.503613069100393,0.29216472910039215
2,15.0,2727.334,18.21555744,18.504079020641385,0.2885215806413832
2,15.0,2727.816,18.2281989,18.50460123231484,0.27640233231484146
2,15.0,2728.298,18.23429705,18.505179638182263,0.2708825881822641
2,15.0,2728.781,18.21752831,18.505815539035574,0.2882872290355749
2,15.0,2729.262,18.24007766,18.50650472878655,0.2664270687865482
2,15.0,2729.745,18.22881802,18.507252848615682,0.27843482861568347
2,15.0,2730.227,18.21704762,18.50805532800607,0.29100770800607023
2,15.0,2730.709,18.22127427,18.50891355211146,0.28763928211145995
2,15.0,2731.191,18.21790531,18.50982740729308,0.2919220972930816
2,15.0,2731.673,18.21806789,18.510796772040386,0.29272888204038594
2,15.0,2732.155,18.2109551,18.51182151699569,0.3008664169956887
2,15.0,2732.637,18.21900697,18.512901504980157,0.29389453498015783
2,15.0,2733.119,18.21891964,18.51403659102086,0.2951169510208622
2,15.0,2733.602,18.21555048,18.515229148329333,0.29967866832933154
2,15.0,2734.084,18.20387418,18.516474078019407,0.3125998980194069
2,15.0,2734.566,18.22100151,18.517773624014175,0.2967721140141748
2,15.0,2735.048,18.218445,18.519127610442887,0.30068261044288747
2,15.0,2735.53,18.21330181,18.520535853793696,0.3072340437936951
2,15.0,2736.012,18.2159713,18.52199816294774,0.3060268629477392
2,15.0,2736.494,18.23491206,18.523514339214252,0.28860227921425263
2,15.0,2736.976,18.22774802,18.52508417636688,0.2973361563668817
2,15.0,2737.458,18.23242122,18.52670746068109,0.29428624068109244
2,15.0,2737.941,18.2308197,18.5283875043807,0.29756780438069796
2,15.0,2738.423,18.23678674,18.530117121755566,0.2933303817555668
2,15.0,2738.905,18.26256537,18.531899500022558,0.2693341300225569
2,15.0,2739.387,18.24708574,18.53373439584514,0.2866486558451413
2,15.0,2739.869,18.22382822,18.535621558592197,0.3117933385921958
2,15.0,2740.351,18.22850241,18.537560730381838,0.3090583203818369
2,15.0,2740.833,18.24538717,18.53955164612643,0.29416447612642926
2,15.0,2741.315,18.22557396,18.541594033578598,0.3160200735785992
2,15.0,2741.798,18.23154177,18.54369200992163,0.3121502399216318
2,15.0,2742.28,18.21157572,18.54583660095555,0.33426088095555073
2,15.0,2742.762,18.20951466,18.548031803856194,0.338517143856194
2,15.0,2743.244,18.21357405,18.550277318203733,0.33670326820373475
2,15.0,2743.726,18.21363148,18.55257283666414,0.33894135666414016
2,15.0,2744.208,18.2323915,18.554918045041415,0.3225265450414163
2,15.0,2744.69,18.22073645,18.55731262233058,0.3365761723305809
2,15.0,2745.172,18.21706655,18.559756240771744,0.3426896907717456
2,15.0,2745.655,18.21582673,18.56225378709916,0.34642705709915944
2,15.0,2746.137,18.23505713,18.564794577805486,0.32973744780548486
2,15.0,2746.619,18.22696088,18.5673833856814,0.3404225056813992
2,15.0,2747.101,18.22924908,18.570019856493403,0.3407707764934038
2,15.0,2747.583,18.23499428,18.572703629537546,0.3377093495375476
2,15.0,2748.065,18.24143287,18.575434337699082,0.3340014676990819
2,15.0,2748.547,18.23606387,18.578211607513,0.3421477375130024
2,15.0,2749.029,18.23668215,18.58103505922535,0.3443529092253499
2,15.0,2749.511,18.27487464,18.583904306855572,0.3090296668555723
2,15.0,2749.994,18.24778582,18.586825052175953,0.3390392321759528
2,15.0,2750.476,18.2648667,18.589784802064106,0.32491810206410676
2,15.0,2750.958,18.26499816,18.592789152358595,0.32779099235859377
2,15.0,2751.44,18.25023351,18.595837692799225,0.34560418279922445
2,15.0,2751.922,18.25901969,18.598930007223036,0.3399103172230369
2,15.0,2752.404,18.27485281,18.602065673631532,0.3272128636315337
2,15.0,2752.886,18.26997066,18.60524426425861,0.3352736042586102
2,15.0,2753.368,18.27022007,18.608465345639242,0.3382452756392418
2,15.0,2753.851,18.28511586,18.61173529206962,0.3266194320696201
2,15.0,2754.333,18.30072642,18.61504011797048,0.3143136979704799
2,15.0,2754.815,18.30250552,18.618386099795416,0.3158805797954152
2,15.0,2755.297,18.29973787,18.621772781974762,0.322034911974761
2,15.0,2755.779,18.31196056,18.625199703594703,0.3132391435947035
2,15.0,2756.261,18.30209147,18.628666398470354,0.32657492847035385
2,15.0,2756.743,18.30896395,18.63217239521945,0.3232084452194499
2,15.0,2757.225,18.32033998,18.635717217336694,0.3153772373366941
2,15.0,2757.708,18.30236137,18.63930785674462,0.336946486744619
2,15.0,2758.189,18.31503451,18.64292140649006,0.3278868964900603
2,15.0,2758.672,18.30117038,18.64658742409583,0.3454170440958322
2,15.0,2759.154,18.3169304,18.65028275878469,0.3333523587846905
2,15.0,2759.636,18.33592391,18.654014461072762,0.3180905510727605
2,15.0,2760.118,18.31639402,18.657782025303835,0.34138800530383406
2,15.0,2760.6,18.30715205,18.66158494123664,0.354432891236641
2,15.0,2761.082,18.32174692,18.66542269412401,0.3436757741240122
2,15.0,2761.564,18.32494992,18.66929476479259,0.3443448447925874
2,15.0,2762.046,18.32816556,18.673200629722906,0.34503506972290765
2,15.0,2762.529,18.30631533,18.677147967814058,0.3708326378140576
2,15.0,2763.011,18.32646837,18.68111990108743,0.3546515310874305
2,15.0,2763.493,18.32203796,18.685124031680967,0.36308607168096785
2,15.0,2763.975,18.3468493,18.689159819494556,0.34231051949455704
2,15.0,2764.457,18.35580956,18.69322672049043,0.33741716049042836
2,15.0,2764.939,18.34906874,18.69732418677618,0.3482554467761787
2,15.0,2765.421,18.32593632,18.70145166668816,0.3755153466881609
2,15.0,2765.903,18.36150808,18.70560860487538,0.3441005248753797
2,15.0,2766.385,18.35832093,18.709794442383586,0.3514735123835848
2,15.0,2766.868,18.3671027,18.7140173889044,0.34691468890439836
2,15.0,2767.35,18.38853803,18.718259391228074,0.3297213612280743
2,15.0,2767.832,18.36392352,18.722528594054303,0.358605074054303
2,15.0,2768.314,18.37639105,18.72682442485896,0.3504333748589623
2,15.0,2768.796,18.37646689,18.73114630794136,0.3546794179413588
2,15.0,2769.278,18.3679142,18.735493664510518,0.3675794645105164
2,15.0,2769.76,18.37809496,18.73986591277165,0.36177095277164995
2,15.0,2770.242,18.39511435,18.74426246801308,0.34914811801307977
2,15.0,2770.725,18.39928998,18.748691937634888,0.349401957634889
2,15.0,2771.207,18.41479526,18.75313538884015,0.33834012884014797
2,15.0,2771.689,18.40708613,18.75760137502831,0.350515245028312
2,15.0,2772.171,18.42401871,18.762089300687922,0.33807059068792356
2,15.0,2772.653,18.42154701,18.766598567828616,0.3450515578286151
2,15.0,2773.135,18.41443182,18.77112857606922,0.35669675606921913
2,15.0,2773.617,18.42375042,18.775678722726013,0.3519283027260123
2,15.0,2774.099,18.43373187,18.780248402901403,0.34651653290140416
2,15.0,2774.582,18.43044278,18.784846548755198,0.35440376875519775
2,15.0,2775.064,18.43392613,18.78945351023107,0.3555273802310701
2,15.0,2775.546,18.43440678,18.794078176866662,0.3596713968666627
2,15.0,2776.028,18.42882537,18.798719935792676,0.3698945657926771
2,15.0,2776.51,18.44131237,18.803378172370632,0.36206580237063335
2,15.0,2776.992,18.45199365,18.808052270281873,0.35605862028187474
2,15.0,2777.474,18.46772827,18.812741611617053,0.34501334161705444
2,15.0,2777.956,18.47102144,18.817445576965262,0.3464241369652612
2,15.0,2778.438,18.48474789,18.8221635455035,0.3374156555034986
2,15.0,2778.921,18.48374977,18.826904724641192,0.34315495464119294
2,15.0,2779.403,18.48168271,18.83164885770795,0.3499661477079492
2,15.0,2779.885,18.49402977,18.836405122619606,0.34237535261960517
2,15.0,2780.367,18.47962989,18.84117289379616,0.3615430037961609
2,15.0,2780.849,18.48359905,18.8459515446924,0.36235249469240216
2,15.0,2781.331,18.49679942,18.85074044788732,0.35394102788731985
2,15.0,2781.813,18.51044068,18.85553897517319,0.3450982951731909
2,15.0,2782.295,18.51760455,18.860346497644855,0.34274194764485344
2,15.0,2782.778,18.5178583,18.865172385516964,0.3473140855169632
2,15.0,2783.26,18.53107845,18.86999602469374,0.33891757469374184
2,15.0,2783.742,18.51297238,18.87482676773768,0.3618543877376794
2,15.0,2784.224,18.52816967,18.879663983842747,0.3514943138427462
2,15.0,2784.706,18.5498807,18.884507041949917,0.33462634194991736
2,15.0,2785.188,18.55632009,18.889355310835608,0.3330352208356082
2,15.0,2785.67,18.54016358,18.894208159200073,0.35404457920007104
2,15.0,2786.152,18.54837887,18.899064955755396,0.3506860857553953
2,15.0,2786.635,18.55739395,18.90393515554699,0.34654120554698764
2,15.0,2787.116,18.55855629,18.90878786887433,0.3502315788743324
2,15.0,2787.599,18.55693684,18.913662818471362,0.35672597847136345
2,15.0,2788.081,18.54601087,18.918529100525504,0.3725182305255039
2,15.0,2788.563,18.57070286,18.92339617627505,0.35269331627505096
2,15.0,2789.045,18.582369,18.928263416344763,0.3458944163447626
2,15.0,2789.527,18.57655122,18.933130191982606,0.35657897198260713
2,15.0,2790.009,18.5816475,18.937995875146264,0.35634837514626483
2,15.0,2790.491,18.57650716,18.942859838589058,0.3663526785890596
2,15.0,2790.973,18.59522263,18.9477214559458,0.3524988259458013
2,15.0,2791.456,18.59310363,18.952590178474324,0.3594865484743224
2,15.0,2791.938,18.59920168,18.957445220407987,0.35824354040798667
2,15.0,2792.42,18.62392357,18.96229604201039,0.33837247201039133
2,15.0,2792.902,18.60543958,18.967142021296475,0.361702441296476
2,15.0,2793.384,18.60849111,18.971982537586985,0.36349142758698605
2,15.0,2793.866,18.60647584,18.976816971592307,0.37034113159230486
2,15.0,2794.348,18.65019133,18.981644705495807,0.33145337549580844
2,15.0,2794.83,18.61249318,18.986465123037096,0.3739719430370947
2,15.0,2795.312,18.65607253,18.99127760959457,0.33520507959456936
2,15.0,2795.795,18.64381201,18.996091509648174,0.35227949964817284
2,15.0,2796.277,18.64300458,19.000886277711807,0.35788169771180733
2,15.0,2796.759,18.64913696,19.005671280318698,0.3565343203186977
2,15.0,2797.241,18.65124821,19.01044591022542,0.3591977002254225
2,15.0,2797.723,18.65492882,19.015209562234926,0.36028074223492723
2,15.0,2798.205,18.66904867,19.01996163327658,0.3509129632765813
2,15.0,2798.687,18.67273156,19.02470152248584,0.35196996248584256
2,15.0,2799.169,18.71238217,19.029428631283643,0.3170464612836419
2,15.0,2799.652,18.67456605,19.034152128665124,0.3595860786651244
2,15.0,2800.134,18.69377945,19.03885186083793,0.34507241083792906
2,15.0,2800.616,18.6916761,19.04353703013562,0.35186093013562214
2,15.0,2801.098,18.69123943,19.048207047909017,0.3569676179090173
2,15.0,2801.58,18.71765391,19.05286132818335,0.33520741818335154
2,15.0,2802.062,18.71331136,19.057499287734665,0.3441879277346658
2,15.0,2802.544,18.71379943,19.06212034616551,0.348320916165509
2,15.0,2803.026,18.73923181,19.06672392598018,0.32749211598018135
2,15.0,2803.509,18.73488344,19.07131894703702,0.3364355070370202
2,15.0,2803.991,18.72435754,19.075885809879665,0.35152826987966534
2,15.0,2804.473,18.732617,19.080433478597378,0.34781647859737674
2,15.0,2804.955,18.73836032,19.084961388049134,0.34660106804913227
2,15.0,2805.437,18.75338577,19.08946897636361,0.33608320636360745
2,15.0,2805.919,18.76642267,19.093955685010894,0.3275330150108928
2,15.0,2806.401,18.75173072,19.098420958873806,0.3466902388738049
2,15.0,2806.883,18.77576458,19.102864246318557,0.32709966631855636
2,15.0,2807.365,18.7729315,19.107284999264756,0.33435349926475766
2,15.0,2807.848,18.77639529,19.111691772693508,0.33529648269350787
2,15.0,2808.33,18.787879,19.116065777398482,0.3281867773984821
2,15.0,2808.812,18.80753333,19.12041562426533,0.3128822942653322
2,15.0,2809.294,18.80892989,19.12474078012339,0.31581089012338737
2,15.0,2809.776,18.8235856,19.129040715696622,0.30545511569662054
2,15.0,2810.258,18.8401318,19.13331490566965,0.2931831056696481
2,15.0,2810.74,18.8429408,19.13756282875355,0.2946220287535475
2,15.0,2811.222,18.84811751,19.141783967750698,0.293666457750696
2,15.0,2811.705,18.85531084,19.145986481806926,0.2906756418069243
2,15.0,2812.187,18.84096714,19.150152459509428,0.30918531950942807
2,15.0,2812.669,18.85069998,19.154290125677942,0.3035901456779406
2,15.0,2813.151,18.84825058,19.158398980125682,0.31014840012568357
2,15.0,2813.633,18.83840516,19.162478527072107,0.3240733670721063
2,15.0,2814.115,18.87280275,19.166528275203817,0.2937255252038149
2,15.0,2814.597,18.86685743,19.17054773773475,0.30369030773475103
2,15.0,2815.079,18.89460163,19.174536432465704,0.27993480246570357
2,15.0,2815.562,18.89469764,19.17850205951065,0.2838044195106484
2,15.0,2816.043,18.88379645,19.1824196130168,0.2986231630168028
2,15.0,2816.526,18.8964421,19.186321202012326,0.2898791020123248
2,15.0,2817.008,18.90171882,19.19018202911409,0.2884632091140915
2,15.0,2817.49,18.92671726,19.194009747308613,0.26729248730861244
2,15.0,2817.972,18.92776688,19.19780390313717,0.2700370231371707
2,15.0,2818.454,18.92113375,19.201564048124375,0.2804302981243758
2,15.0,2818.936,18.91690985,19.205289738831773,0.28837988883177346
2,15.0,2819.418,18.9101732,19.208980536910722,0.29880733691072336
2,15.0,2819.9,18.90710261,19.21263600915474,0.30553339915474
2,15.0,2820.383,18.94852713,19.216263199879762,0.2677360698797635
2,15.0,2820.865,18.93026465,19.219846666167882,0.2895820161678806
2,15.0,2821.347,18.94303748,19.223393537503668,0.280356057503667
2,15.0,2821.829,18.94020373,19.226903401766574,0.2866996717665735
2,15.0,2822.311,18.93825006,19.23037585222781,0.2921257922278073
2,15.0,2822.793,18.97178627,19.23381048759773,0.2620242175977303
2,15.0,2823.275,18.96705414,19.237206912072814,0.27015277207281585
2,15.0,2823.757,18.97935806,19.240564735381536,0.26120667538153697
2,15.0,2824.24,18.96693386,19.24389041759507,0.2769565575950672
2,15.0,2824.722,18.96865547,19.247169808050423,0.2785143380504209
2,15.0,2825.204,18.97132145,19.25040945939726,0.27908800939725964
2,15.0,2825.686,18.99264448,19.25360900394886,0.2609645239488607
2,15.0,2826.168,18.9857676,19.256768079769042,0.27100047976904307
2,15.0,2826.65,19.01597143,19.259886330713275,0.24391490071327482
2,15.0,2827.132,19.00886086,19.262963406469304,0.25410254646930497
2,15.0,2827.614,19.01690139,19.26599896259672,0.2490975725967175
2,15.0,2828.096,19.02717891,19.268992660565868,0.24181375056586774
2,15.0,2828.579,18.9969049,19.271950247170036,0.27504534717003537
2,15.0,2829.061,19.02727504,19.274859148520292,0.247584108520293
2,15.0,2829.543,19.02613516,19.277725211305075,0.25159005130507595
2,15.0,2830.025,19.04922736,19.280548121022527,0.23132076102252697
2,15.0,2830.507,19.03234957,19.283327569263548,0.25097799926354725
2,15.0,2830.989,19.00877476,19.286063253745855,0.2772884937458535
2,15.0,2831.471,19.04074351,19.288754878347152,0.24801136834715365
2,15.0,2831.953,19.04046225,19.291402153137238,0.2509399031372368
2,15.0,2832.436,19.03217756,19.294010147490525,0.26183258749052385
2,15.0,2832.918,19.07207858,19.296567784333064,0.2244892043330644
2,15.0,2833.4,19.05619638,19.299080238481995,0.24288385848199567
2,15.0,2833.882,19.04597971,19.30154724509568,0.255567535095679
2,15.0,2834.364,19.08116007,19.3039685456738,0.22280847567380135
2,15.0,2834.846,19.06980394,19.306343888084704,0.23653994808470458
2,15.0,2835.328,19.06579123,19.308673026591897,0.2428817965918988
2,15.0,2835.81,19.09455044,19.310955721879616,0.2164052818796165
2,15.0,2836.292,19.09949165,19.313191741077684,0.2137000910776834
2,15.0,2836.775,19.08070755,19.31538535061272,0.2346778006127188
2,15.0,2837.257,19.09787705,19.317527246933718,0.219650196933717
2,15.0,2837.739,19.12004032,19.319621807027353,0.199581487027352
2,15.0,2838.221,19.09789684,19.321668824050473,0.22377198405047238
2,15.0,2838.703,19.09887482,19.323668097716823,0.22479327771682378
2,15.0,2839.185,19.09573631,19.325619434316952,0.22988312431695235
2,15.0,2839.667,19.09466359,19.327522646737012,0.2328590567370128
2,15.0,2840.149,19.09927433,19.32937755447686,0.23010322447685994
2,15.0,2840.632,19.09994725,19.33118768093515,0.23124043093515212
2,15.0,2841.114,19.1237452,19.332945363259896,0.2092001632598972
2,15.0,2841.596,19.10529282,19.334654238927666,0.2293614189276667
2,15.0,2842.078,19.10258461,19.336314154070486,0.23372954407048496
2,15.0,2842.56,19.10396749,19.337924961511703,0.23395747151170454
2,15.0,2843.042,19.12205142,19.33948652077889,0.21743510077889283
2,15.0,2843.524,19.1113575,19.340998698116067,0.22964119811606665
2,15.0,2844.006,19.1357446,19.342461366494884,0.20671676649488546
2,15.0,2844.489,19.12167485,19.343877285572166,0.22220243557216435
2,15.0,2844.97,19.13206867,19.34523770196414,0.21316903196414216
2,15.0,2845.453,19.14705095,19.346553821830256,0.19950287183025495
2,15.0,2845.935,19.13301411,19.347817215264005,0.2148031052640036
2,15.0,2846.417,19.15002143,19.349030565661987,0.19900913566198852
2,15.0,2846.899,19.13293265,19.35019378656553,0.21726113656552926
2,15.0,2847.381,19.13377163,19.351306798298914,0.21753516829891595
2,15.0,2847.863,19.13843871,19.352369527973902,0.21393081797390323
2,15.0,2848.345,19.14037657,19.353381909493404,0.21300533949340306
2,15.0,2848.827,19.14113337,19.35434388355433,0.21321051355432985
2,15.0,2849.31,19.1317468,19.355257236271836,0.22351043627183742
2,15.0,2849.792,19.14570171,19.356118139865053,0.21041642986505238
2,15.0,2850.274,19.14558224,19.356928498796414,0.21134625879641433
2,15.0,2850.756,19.14836713,19.357688280964375,0.20932115096437443
2,15.0,2851.238,19.14113305,19.358397461062918,0.21726441106291716
2,15.0,2851.72,19.14873107,19.359056020579345,0.21032495057934497
2,15.0,2852.202,19.16648094,19.359663947791283,0.1931830077912835
2,15.0,2852.684,19.17277235,19.360221237762673,0.18744888776267388
2,15.0,2853.167,19.15889414,19.36072889085931,0.2018347508593088
2,15.0,2853.649,19.17810192,19.36118481364172,0.18308289364172126
2,15.0,2854.131,19.16417263,19.36159012508171,0.19741749508171225
2,15.0,2854.613,19.16862752,19.3619448473474,0.1933173273473976
2,15.0,2855.095,19.16603775,19.362249009361562,0.19621125936156147
2,15.0,2855.577,19.1752486,19.36250264679252,0.18725404679252122
2,15.0,2856.059,19.17205709,19.36270580204463,0.19064871204463074
2,15.0,2856.541,19.16468243,19.362858524247688,0.1981760942476889
2,15.0,2857.023,19.17147069,19.362960869245658,0.19149017924565825
2,15.0,2857.506,19.16323194,19.363012955276158,0.19978101527615877
2,15.0,2857.988,19.17722257,19.363014636023745,0.18579206602374398
2,15.0,2858.47,19.18001484,19.362966147421783,0.182951307421785
2,15.0,2858.952,19.16967846,19.362867572054924,0.19318911205492384
2,15.0,2859.434,19.15822918,19.362718999153103,0.20448981915310327
2,15.0,2859.916,19.16293651,19.362520524575224,0.19958401457522257
2,15.0,2860.398,19.17282293,19.362272250792174,0.1894493207921748
2,15.0,2860.88,19.18085067,19.361974286869,0.18112361686899803
2,15.0,2861.363,19.16536716,19.361625975963307,0.19625881596330785
2,15.0,2861.845,19.16854969,19.36122888277112,0.19267919277112
2,15.0,2862.327,19.16465952,19.360782466282473,0.19612294628247184
2,15.0,2862.809,19.18346174,19.360286861758244,0.17682512175824527
2,15.0,2863.291,19.17733714,19.359742210952316,0.18240507095231706
2,15.0,2863.773,19.17334901,19.359148662088955,0.18579965208895644
2,15.0,2864.255,19.1819052,19.35850636983941,0.17660116983941165
2,15.0,2864.737,19.16967671,19.357815495297718,0.188138785297717
2,15.0,2865.219,19.18411743,19.357076205955828,0.1729587759558271
2,15.0,2865.702,19.17394678,19.35628699177514,0.18234021177513782
2,15.0,2866.184,19.19376873,19.355451301251165,0.16168257125116625
2,15.0,2866.666,19.18237429,19.354567736922093,0.17219344692209404
2,15.0,2867.148,19.18373982,19.353636491619113,0.1698966716191137
2,15.0,2867.63,19.18404937,19.352657764434824,0.16860839443482334
2,15.0,2868.112,19.17389634,19.351631760693547,0.17773542069354775
2,15.0,2868.594,19.17133302,19.350558691921076,0.17922567192107763
2,15.0,2869.076,19.19261908,19.349438775813482,0.15681969581348199
2,15.0,2869.559,19.19684407,19.348269767692145,0.15142569769214376
2,15.0,2870.041,19.19676323,19.347056738514855,0.15029350851485646
2,15.0,2870.523,19.19346318,19.34579755228621,0.15233437228621227
2,15.0,2871.005,19.21009415,19.34449245106996,0.13439830106996098
2,15.0,2871.487,19.19293489,19.343141682933368,0.1502067929333677
2,15.0,2871.969,19.19060208,19.341745501911554,0.15114342191155217
2,15.0,2872.451,19.19743481,19.34030416797119,0.14286935797118971
2,15.0,2872.933,19.19977059,19.338817946973556,0.1390473569735562
2,15.0,2873.416,19.20654727,19.337283888441736,0.130736618441734
2,15.0,2873.897,19.20641276,19.335711936496907,0.12929917649690736
2,15.0,2874.38,19.18578229,19.334089302879185,0.14830701287918657
2,15.0,2874.862,19.18368789,19.332426218323814,0.1487383283238124
2,15.0,2875.344,19.17334983,19.330719663706148,0.15736983370614865
2,15.0,2875.826,19.17893011,19.328969939448303,0.1500398294483034
2,15.0,2876.308,19.17234547,19.3271773515875,0.15483188158750139
2,15.0,2876.79,19.15636466,19.325342211733403,0.168977551733402
2,15.0,2877.272,19.17736017,19.323464837024588,0.1461046670245878
2,15.0,2877.754,19.17114767,19.321545550084654,0.15039788008465393
2,15.0,2878.237,19.18165041,19.31958056778367,0.13793015778367135
2,15.0,2878.719,19.18187266,19.31757836073497,0.13570570073497024
2,15.0,2879.201,19.19295215,19.31553524249237,0.12258309249236987
2,15.0,2879.683,19.16861239,19.313451557175387,0.14483916717538747
2,15.0,2880.165,19.17907551,19.311327654157747,0.13225214415774644
2,15.0,2880.647,19.16817932,19.309163888019185,0.14098456801918502
2,15.0,2881.129,19.18675264,19.306960618496788,0.12020797849678644
2,15.0,2881.611,19.17175686,19.304718210435468,0.13296135043546897
2,15.0,2882.094,19.15528188,19.30243226096564,0.14715038096564115
2,15.0,2882.576,19.17882032,19.30011261128004,0.12129229128003871
2,15.0,2883.058,19.15287989,19.297754948527015,0.14487505852701332
2,15.0,2883.54,19.16562344,19.295359657486205,0.12973621748620445
2,15.0,2884.022,19.16647123,19.292927127788357,0.12645589778835742
2,15.0,2884.504,19.16325331,19.290457753862192,0.12720444386219043
2,15.0,2884.986,19.17142762,19.28795193488059,0.11652431488058923
2,15.0,2885.468,19.14857062,19.285410074706164,0.13683945470616266
2,15.0,2885.95,19.14590905,19.2828325818363,0.1369235318362989
2,15.0,2886.433,19.14420287,19.280214412460424,0.13601154246042313
2,15.0,2886.915,19.1474917,19.27756682618603,0.13007512618602846
2,15.0,2887.397,19.13163579,19.274884860838114,0.1432490708381131
2,15.0,2887.879,19.12795982,19.272168942900343,0.14420912290034238
2,15.0,2888.361,19.12421085,19.26941950320719,0.14520865320718812
2,15.0,2888.843,19.14912011,19.266636976885472,0.1175168668854738
2,15.0,2889.325,19.12331409,19.263821803295418,0.1405077132954169
2,15.0,2889.807,19.12377283,19.26097442597098,0.13720159597097847
2,15.0,2890.29,19.10807144,19.258089286556235,0.15001784655623496
2,15.0,2890.772,19.12157396,19.255178784284325,0.13360482428432618
2,15.0,2891.254,19.14102529,19.252237434268256,0.11121214426825432
2,15.0,2891.736,19.118388,19.249265696138632,0.13087769613863287
2,15.0,2892.218,19.09371342,19.246264033393896,0.15255061339389542
2,15.0,2892.7,19.1047683,19.24323291333749,0.13846461333749005
2,15.0,2893.182,19.10624003,19.240172807014673,0.13393277701467454
2,15.0,2893.664,19.10493036,19.237084189148746,0.13215382914874496
2,15.0,2894.146,19.12093119,19.23396753807689,0.11303634807688923
2,15.0,2894.629,19.10473396,19.23081678414059,0.1260828241405889
2,15.0,2895.111,19.10496061,19.2276454601534,0.12268485015340147
2,15.0,2895.593,19.10457819,19.22444756002324,0.11986937002323828
2,15.0,2896.075,19.08796234,19.221223575897888,0.13326123589788708
2,15.0,2896.557,19.09734803,19.21797400321077,0.12062597321077106
2,15.0,2897.039,19.10236841,19.214699340613823,0.11233093061382249
2,15.0,2897.521,19.10489472,19.21140008991018,0.10650536991017745
2,15.0,2898.003,19.08727362,19.20807675598624,0.1208031359862396
2,15.0,2898.486,19.08928229,19.204722878795753,0.11544058879575303
2,15.0,2898.968,19.0885675,19.201352857763265,0.11278535776326493
2,15.0,2899.45,19.04843354,19.197960287053405,0.14952674705340385
2,15.0,2899.932,19.07247435,19.194545683204677,0.12207133320467634
2,15.0,2900.414,19.07548928,19.19110956549327,0.11562028549327152
2,15.0,2900.896,19.06542416,19.18765245586284,0.12222829586283979
2,15.0,2901.378,19.07119476,19.184174878853902,0.11298011885390125
2,15.0,2901.86,19.05172875,19.180677361532755,0.12894861153275627
2,15.0,2902.343,19.05002396,19.177153117080028,0.12712915708002726
2,15.0,2902.824,19.06116385,19.173624626419937,0.11246077641993679
2,15.0,2903.307,19.0562022,19.170063082290074,0.11386088229007285
2,15.0,2903.789,19.04723843,19.16649108600827,0.11925265600827117
2,15.0,2904.271,19.07073148,19.162901821243874,0.09217034124387524
2,15.0,2904.753,19.03354575,19.159295828712338,0.12575007871233979
2,15.0,2905.235,19.05476066,19.155673651148316,0.10091299114831642
2,15.0,2905.717,19.02675391,19.15203583323217,0.12528192323216913
2,15.0,2906.199,19.07284418,19.14838292151603,0.07553874151603068
2,15.0,2906.681,19.03582366,19.144715464349677,0.10889180434967827
2,15.0,2907.164,19.0355958,19.141026359772056,0.1054305597720564
2,15.0,2907.646,19.02594314,19.137331436256,0.11138829625600266
2,15.0,2908.128,19.03972431,19.1336236235289,0.09389931352890102
2,15.0,2908.61,19.03142794,19.129903476387387,0.0984755363873866
2,15.0,2909.092,19.02472219,19.12617155105101,0.1014493610510101
2,15.0,2909.574,19.01894915,19.12242840508661,0.10347925508660794
2,15.0,2910.056,19.01211789,19.11867459733245,0.1065567073324516
2,15.0,2910.538,19.01256298,19.11491068782233,0.10234770782233227
2,15.0,2911.021,19.01554323,19.111129399446973,0.09558616944697462
2,15.0,2911.503,18.99316742,19.10734695288445,0.11417953288444949
2,15.0,2911.985,19.00274393,19.10355609224626,0.10081216224626033
2,15.0,2912.467,18.99243834,19.099757381585917,0.10731904158591732
2,15.0,2912.949,18.98192013,19.095951385769364,0.11403125576936546
2,15.0,2913.431,18.98576592,19.092138670398132,0.10637275039813332
2,15.0,2913.913,18.99372008,19.088319801732098,0.09459972173209863
2,15.0,2914.395,19.00410147,19.084495346612243,0.08039387661224495
2,15.0,2914.877,18.9493187,19.080665872383253,0.13134717238325422
2,15.0,2915.36,18.96799816,19.076823988380593,0.10882582838059207
2,15.0,2915.842,18.98612638,19.07298617212923,0.08685979212922845
2,15.0,2916.324,18.94183539,19.06914504222947,0.12730965222946722
2,15.0,2916.806,18.96077792,19.065301167265662,0.10452324726566076
2,15.0,2917.288,18.95772016,19.06145511593753,0.10373495593752935
2,15.0,2917.77,18.94628051,19.05760745698239,0.11132694698238765
2,15.0,2918.252,18.94152475,19.053758759097217,0.11223400909721803
2,15.0,2918.734,18.93524167,19.04990959086092,0.1146679208609207
2,15.0,2919.217,18.93319716,19.046052535529462,0.11285537552946323
2,15.0,2919.699,18.93484514,19.042204133437593,0.10735899343759314
2,15.0,2920.181,18.9194713,19.03835696642063,0.1188856664206277
2,15.0,2920.663,18.90971052,19.03451160180482,0.12480108180481864
2,15.0,2921.145,18.92708689,19.030668606408646,0.10358171640864455
2,15.0,2921.627,18.90428303,19.026828546465005,0.12254551646500644
2,15.0,2922.109,18.92347238,19.02299198754345,0.09951960754344924
2,15.0,2922.591,18.91806649,19.019159494472483,0.1010930044724816
2,15.0,2923.073,18.91549951,19.015331631261944,0.09983212126194374
2,15.0,2923.556,18.90714503,19.011501035962514,0.10435600596251504
2,15.0,2924.038,18.90816213,19.007684133363576,0.09952200336357464
2,15.0,2924.52,18.88894812,19.00387354813028,0.11492542813028095
2,15.0,2925.002,18.8941129,19.00006984022078,0.10595694022078206
2,15.0,2925.484,18.90166402,18.996273568387622,0.09460954838762348
2,15.0,2925.966,18.86083301,18.992485290100777,0.13165228010077712
2,15.0,2926.448,18.87598826,18.98870556147094,0.11271730147094061
2,15.0,2926.93,18.85423076,18.984934937172664,0.1307041771726638
2,15.0,2927.413,18.850144,18.981166177954208,0.13102217795420756
2,15.0,2927.895,18.85803387,18.977415441969328,0.11938157196932764
2,15.0,2928.377,18.84082636,18.973675466098683,0.13284910609868206
2,15.0,2928.859,18.85084158,18.969946798505934,0.1191052185059327
2,15.0,2929.341,18.83718677,18.966229985538046,0.1290432155380472
2,15.0,2929.823,18.84113747,18.962525571649756,0.12138810164975666
2,15.0,2930.305,18.8398026,18.95883409932836,0.11903149932836143
2,15.0,2930.787,18.83428528,18.955156109018688,0.1208708290186884
2,15.0,2931.27,18.82653253,18.951484552397442,0.12495202239744074
2,15.0,2931.751,18.81954849,18.947842725553862,0.128294235553863
2,15.0,2932.234,18.80439834,18.94420087837116,0.13980253837116052
2,15.0,2932.716,18.78839401,18.940582210060498,0.15218820006049683
2,15.0,2933.198,18.81021773,18.936979693839167,0.12676196383916505
2,15.0,2933.68,18.80242996,18.933393856332998,0.13096389633299665
2,15.0,2934.162,18.80322728,18.92982522160828,0.12659794160827786
2,15.0,2934.644,18.79372366,18.926274311099203,0.1325506510992014
2,15.0,2935.126,18.80076211,18.922741643535616,0.1219795335356153
2,15.0,2935.608,18.78133464,18.919227734871154,0.13789309487115275
2,15.0,2936.091,18.75593311,18.915725868315846,0.15979275831584516
2,15.0,2936.573,18.76518011,18.912251055418814,0.1470709454188146
2,15.0,2937.055,18.75505429,18.908796532960686,0.15374224296068562
2,15.0,2937.537,18.74722152,18.90536280507281,0.15814128507280856
2,15.0,2938.019,18.7640771,18.901950372756595,0.13787327275659322
2,15.0,2938.501,18.73775153,18.898559733814178,0.16080820381417738
2,15.0,2938.983,18.75189417,18.895191382779274,0.14329721277927376
2,15.0,2939.465,18.73710101,18.89184581084867,0.15474480084867182
2,15.0,2939.948,18.74710409,18.888516637587458,0.14141254758745703
2,15.0,2940.43,18.73122559,18.88521813354521,0.15399254354520764
2,15.0,2940.912,18.72329373,18.88194386249079,0.15865013249078785
2,15.0,2941.394,18.72677793,18.8786943015892,0.15191637158919846
2,15.0,2941.876,18.71975421,18.875469924332602,0.1557157143326009
2,15.0,2942.358,18.71660331,18.87227120047464,0.15566789047463914
2,15.0,2942.84,18.71561168,18.869098595965315,0.15348691596531694
2,15.0,2943.322,18.7317702,18.865952572886385,0.1341823728863858
2,15.0,2943.804,18.70040065,18.862833589387357,0.16243293938735803
2,15.0,2944.287,18.70644467,18.859735714635363,0.15329104463536325
2,15.0,2944.769,18.68344215,18.856672227138333,0.1732300771383315
2,15.0,2945.251,18.70874191,18.853637130364817,0.14489522036481617
2,15.0,2945.733,18.68287224,18.850630866097198,0.16775862609719994
2,15.0,2946.215,18.69598157,18.847653871873717,0.15167230187371672
2,15.0,2946.697,18.68843075,18.84470658092801,0.1562758309280099
2,15.0,2947.179,18.69518197,18.841789422128997,0.14660745212899684
2,15.0,2947.661,18.69488356,18.838902819921692,0.1440192599216914
2,15.0,2948.144,18.68511662,18.836041302222927,0.15092468222292865
2,15.0,2948.626,18.67316812,18.833217134102703,0.16004901410270378
2,15.0,2949.108,18.68674955,18.83042476962937,0.14367521962937246
2,15.0,2949.59,18.67760087,18.827664614962064,0.15006374496206476
2,15.0,2950.072,18.67038868,18.824937071548916,0.15454839154891786
2,15.0,2950.554,18.68023426,18.822242536071776,0.14200827607177757
2,15.0,2951.036,18.65748388,18.819581400391495,0.1620975203914945
2,15.0,2951.518,18.65039087,18.81695405149394,0.16656318149394167
2,15.0,2952.0,18.64797909,18.814360871436715,0.16638178143671567
2,15.0,2952.483,18.63969935,18.81179696509647,0.17209761509646881
2,15.0,2952.965,18.65182667,18.80927332174507,0.15744665174507233
2,15.0,2953.447,18.64868784,18.806784964071728,0.15809712407172682
2,15.0,2953.929,18.62234358,18.80433225389229,0.18198867389229179
2,15.0,2954.411,18.63174362,18.8019155478389,0.17017192783889712
2,15.0,2954.893,18.64033377,18.799535197311158,0.1592014273111566
2,15.0,2955.375,18.6245912,18.797191548428103,0.17260034842810157
2,15.0,2955.857,18.60895688,18.79488494198087,0.18592806198087075
2,15.0,2956.34,18.61191967,18.792611044527135,0.1806913745271359
2,15.0,2956.822,18.60523071,18.790379602353227,0.18514889235322585
2,15.0,2957.304,18.60858298,18.78818619322804,0.17960321322803807
2,15.0,2957.786,18.60104741,18.786031136162837,0.18498372616283731
2,15.0,2958.268,18.60979012,18.783914744616492,0.1741246246164927
2,15.0,2958.75,18.58165387,18.78183732645294,0.20018345645294033
2,15.0,2959.232,18.59378758,18.779799183899687,0.1860116038996864
2,15.0,2959.714,18.59062354,18.77780061350693,0.18717707350693047
2,15.0,2960.197,18.58466336,18.775837884035546,0.1911745240355458
2,15.0,2960.678,18.57966303,18.773923346778485,0.194260316778486
2,15.0,2961.161,18.57155411,18.772041360477026,0.20048725047702476
2,15.0,2961.643,18.5858324,18.770204014024266,0.18437161402426483
2,15.0,2962.125,18.57519652,18.768407636504733,0.19321111650473455
2,15.0,2962.607,18.56858048,18.76665248958385,0.19807200958384996
2,15.0,2963.089,18.56669717,18.76493882898817,0.19824165898817014
2,15.0,2963.571,18.56943627,18.76326690447147,0.19383063447147109
2,15.0,2964.053,18.56842088,18.761636959781875,0.19321607978187316
2,15.0,2964.535,18.55317166,18.760049232629704,0.20687757262970408
2,15.0,2965.018,18.55703195,18.75850079296875,0.201468842968751
2,15.0,2965.5,18.52982171,18.75699827848335,0.2271765684833511
2,15.0,2965.982,18.55145184,18.75553865858149,0.2040868185814908
2,15.0,2966.464,18.5516538,18.754122146507022,0.20246834650702183
2,15.0,2966.946,18.56509323,18.75274894931933,0.18765571931933067
2,15.0,2967.428,18.54328406,18.75141926786672,0.20813520786671802
2,15.0,2967.91,18.54631444,18.750133296760758,0.2038188567607584
2,15.0,2968.392,18.53614662,18.748891224351553,0.21274460435155262
2,15.0,2968.875,18.53854544,18.747690793189058,0.20914535318905791
2,15.0,2969.357,18.53660087,18.746537150057016,0.2099362800570148
2,15.0,2969.839,18.53668798,18.745427933215563,0.20873995321556293
2,15.0,2970.321,18.54212074,18.744363305727724,0.20224256572772248
2,15.0,2970.803,18.54997912,18.74334342428571,0.19336430428571205
2,15.0,2971.285,18.54398837,18.74236843919191,0.19838006919190931
2,15.0,2971.767,18.53385442,18.74143849434085,0.20758407434085058
2,15.0,2972.249,18.53731736,18.74055372720213,0.20323636720213045
2,15.0,2972.731,18.54046706,18.739714268804246,0.19924720880424474
2,15.0,2973.214,18.53391638,18.73891864367535,0.20500226367535035
2,15.0,2973.696,18.52587947,18.73817026462892,0.2122907946289203
2,15.0,2974.178,18.54260666,18.73746754884066,0.19486088884065822
2,15.0,2974.66,18.53512525,18.73681060141957,0.20168535141957022
2,15.0,2975.142,18.53680031,18.736199520967556,0.19939921096755597
2,15.0,2975.624,18.52214172,18.735634399569115,0.21349267956911433
2,15.0,2976.106,18.51868657,18.735115322782104,0.21642875278210383
2,15.0,2976.588,18.52521104,18.734642369629405,0.2094313296294068
2,15.0,2977.071,18.49964728,18.73421477527109,0.2345674952710901
2,15.0,2977.553,18.52366436,18.733834376323337,0.21017001632333532
2,15.0,2978.035,18.50976744,18.73350029891655,0.2237328589165486
2,15.0,2978.517,18.52691226,18.73321259585659,0.20630033585658936
2,15.0,2978.999,18.48986901,18.732971313387452,0.24310230338745242
2,15.0,2979.481,18.50125744,18.732776491188925,0.23151905118892557
2,15.0,2979.963,18.49219678,18.73262816237515,0.24043138237514938
2,15.0,2980.445,18.50118642,18.73252635349412,0.23133993349411952
2,15.0,2980.927,18.49388594,18.7324710845283,0.23858514452830093
2,15.0,2981.41,18.492505,18.73246239921176,0.2399573992117574
2,15.0,2981.892,18.50695183,18.732500340370454,0.2255485103704551
2,15.0,2982.374,18.49028279,18.732584842012162,0.24230205201216393
2,15.0,2982.856,18.50604697,18.732715897868502,0.22666892786850212
2,15.0,2983.338,18.51532237,18.732893495122855,0.2175711251228556
2,15.0,2983.82,18.49928992,18.733117614416937,0.23382769441693796
2,15.0,2984.302,18.51126883,18.73338822985808,0.22211939985808016
2,15.0,2984.784,18.52229051,18.733705309027652,0.2114147990276507
2,15.0,2985.267,18.52207214,18.734069615375997,0.21199747537599833
2,15.0,2985.749,18.52507014,18.734479594861245,0.20940945486124463
2,15.0,2986.231,18.51276351,18.73493590164686,0.2221723916468612
2,15.0,2986.713,18.50299873,18.735438477299923,0.2324397472999209
2,15.0,2987.195,18.51536608,18.735987256917827,0.22062117691782746
2,15.0,2987.677,18.51482621,18.736582169142622,0.22175595914262303
2,15.0,2988.159,18.50838243,18.73722313617595,0.22884070617594787
2,15.0,2988.641,18.51869438,18.73791007379518,0.21921569379518147
2,15.0,2989.124,18.5096659,18.7386444593647,0.22897855936469824
2,15.0,2989.605,18.49577785,18.7394214918825,0.24364364188249965
2,15.0,2990.088,18.49993224,18.74024752947505,0.2403152894750491
2,15.0,2990.57,18.52285173,18.741117473765968,0.21826574376596852
2,15.0,2991.052,18.51376465,18.742032871546428,0.22826822154642912
2,15.0,2991.534,18.50339755,18.74299360042521,0.23959605042520948
2,15.0,2992.016,18.50678243,18.743999531725542,0.2372171017255411
2,15.0,2992.498,18.49629364,18.745050530508795,0.24875689050879402
2,15.0,2992.98,18.51351688,18.746146455598822,0.23262957559882125
2,15.0,2993.462,18.52027713,18.74728715960731,0.22701002960731032
2,15.0,2993.945,18.5224705,18.748474994427795,0.22600449442779436
2,15.0,2994.427,18.51483243,18.749704881474045,0.23487245147404678
2,15.0,2994.909,18.52658424,18.750979067917743,0.22439482791774523
2,15.0,2995.391,18.52617969,18.752297381781023,0.22611769178102392
2,15.0,2995.873,18.52038069,18.75365964501416,0.23327895501416052
2,15.0,2996.355,18.5309773,18.755065673526328,0.22408837352632816
2,15.0,2996.837,18.51352334,18.756515277217115,0.24299193721711632
2,15.0,2997.319,18.5228769,18.758008260008992,0.23513136000899237
2,15.0,2997.802,18.50078859,18.759547651673458,0.25875906167345875
2,15.0,2998.284,18.5189378,18.761126869621073,0.24218906962107312
2,15.0,2998.766,18.51906616,18.762748842461903,0.24368268246190183
2,15.0,2999.248,18.52140314,18.76441335053916,0.24301021053916116
2,15.0,2999.73,18.4855951,18.766120168393925,0.2805250683939242
2,15.0,3000.212,18.51051004,18.767869064802607,0.2573590248026072
2,15.0,3000.694,18.50641717,18.769659802815195,0.2632426328151958
2,15.0,3001.176,18.51801891,18.771492139794383,0.253473229794384
2,15.0,3001.658,18.5150567,18.773365827455475,0.2583091274554761
2,15.0,3002.141,18.5147521,18.77528462702988,0.2605325270298806
2,15.0,3002.623,18.52252467,18.777240333266615,0.2547156632666159
2,15.0,3003.105,18.5378087,18.779236611302217,0.24142791130221752
2,15.0,3003.587,18.52732209,18.781273190665882,0.25395110066588344
2,15.0,3004.069,18.53812042,18.783349795450707,0.2452293754507089
2,15.0,3004.551,18.541336,18.785466144358324,0.2441301443583228
2,15.0,3005.033,18.54766028,18.787621950744146,0.23996167074414743
2,15.0,3005.515,18.51298868,18.78981692266336,0.2768282426633597
2,15.0,3005.998,18.5390488,18.79205543763575,0.2530066376357496
2,15.0,3006.48,18.52459893,18.79432792351553,0.2697289935155318
2,15.0,3006.962,18.53646775,18.79663866712096,0.2601709171209592
2,15.0,3007.444,18.53790079,18.798987355770613,0.26108656577061495
2,15.0,3007.926,18.53453821,18.801373671723866,0.26683546172386485
2,15.0,3008.408,18.56998223,18.803797292231188,0.2338150622311872
2,15.0,3008.89,18.53663275,18.806257889585005,0.2696251395850062
2,15.0,3009.372,18.55134421,18.80875513117136,0.2574109211713598
2,15.0,3009.854,18.54778762,18.811288679522114,0.2635010595221132
2,15.0,3010.337,18.5665685,18.813863560452493,0.24729506045249394
2,15.0,3010.819,18.55917725,18.816468764307466,0.25729151430746455
2,15.0,3011.301,18.54670488,18.819109233195263,0.2724043531952631
2,15.0,3011.783,18.5450019,18.821784610756975,0.2767827107569758
2,15.0,3012.265,18.56445795,18.82449453605042,0.26003658605041835
2,15.0,3012.747,18.54783221,18.827238643606158,0.2794064336061588
2,15.0,3013.229,18.57123447,18.83001656348408,0.2587820934840792
2,15.0,3013.711,18.56083732,18.832827921330583,0.2719906013305824
2,15.0,3014.194,18.5439005,18.835678273816505,0.2917777738165057
2,15.0,3014.676,18.55173047,18.838555434566256,0.2868249645662573
2,15.0,3015.158,18.57218358,18.841464883514696,0.2692813035146955
2,15.0,3015.64,18.55233647,18.844406229228245,0.2920697592282444
2,15.0,3016.122,18.56801066,18.847379076153995,0.27936841615399644
2,15.0,3016.604,18.5583809,18.850383024680053,0.29200212468005304
2,15.0,3017.086,18.57108111,18.853417671196564,0.28233656119656203
2,15.0,3017.568,18.6019888,18.856482608157066,0.2544938081570649
2,15.0,3018.051,18.60696539,18.859583875692124,0.25261848569212475
2,15.0,3018.532,18.58833361,18.862701703912837,0.27436809391283745
2,15.0,3019.015,18.6108742,18.865861600558024,0.25498740055802216
2,15.0,3019.497,18.61253737,18.86904360621352,0.25650623621352153
2,15.0,3019.979,18.62464256,18.87225380682572,0.2476112468257199
2,15.0,3020.461,18.63063069,18.875491772536982,0.2448610825369819
2,15.0,3020.943,18.61356211,18.87875706999593,0.2651949599959309
2,15.0,3021.425,18.60963691,18.88204926242253,0.27241235242253126
2,15.0,3021.907,18.61495936,18.88536790967331,0.2704085496733093
2,15.0,3022.389,18.6400649,18.888712568307223,0.24864766830722473
2,15.0,3022.872,18.62382033,18.892089810079277,0.268269480079276
2,15.0,3023.354,18.65002528,18.89548519993272,0.24545991993271699
2,15.0,3023.836,18.63989213,18.898905250780746,0.2590131207807467
2,15.0,3024.318,18.61731044,18.902349506650598,0.2850390666505973
2,15.0,3024.8,18.64471377,18.905817508606212,0.26110373860621294
2,15.0,3025.282,18.6386329,18.90930879481611,0.2706758948161081
2,15.0,3025.764,18.64169111,18.912822900621514,0.2711317906215136
2,15.0,3026.246,18.64688589,18.91635935860485,0.26947346860485055
2,15.0,3026.729,18.66258517,18.919925103525465,0.2573399335254649
2,15.0,3027.211,18.64892867,18.923504896845035,0.2745762268450349
2,15.0,3027.693,18.66138439,18.92710562323686,0.26572123323686014
2,15.0,3028.175,18.6641647,18.930726804933045,0.266562104933044
2,15.0,3028.657,18.66105458,18.934367961753328,0.2733133817533293
2,15.0,3029.139,18.69457282,18.938028611175106,0.24345579117510496
2,15.0,3029.621,18.67183832,18.94170826840367,0.2698699484036702
2,15.0,3030.103,18.68697688,18.94540644644262,0.25842956644262216
2,15.0,3030.585,18.70175668,18.949122656164462,0.24736597616446332
2,15.0,3031.068,18.68157461,18.952864170642755,0.27128956064275656
2,15.0,3031.55,18.69688876,18.956615003031946,0.25972624303194536
2,15.0,3032.032,18.71392061,18.96038238661524,0.2464617766152415
2,15.0,3032.514,18.70161113,18.964165824447072,0.262554694447072
2,15.0,3032.996,18.68364023,18.96796481780672,0.28432458780671865
2,15.0,3033.478,18.71346983,18.97177886626982,0.25830903626981794
2,15.0,3033.96,18.68148537,18.975607467780176,0.29412209778017484
2,15.0,3034.442,18.70742719,18.979450118721537,0.27202292872153677
2,15.0,3034.925,18.70033341,18.983314328122756,0.2829809181227567
2,15.0,3035.407,18.70731078,18.987183587718672,0.2798728077186716
2,15.0,3035.889,18.71645566,18.99106537620097,0.2746097162009704
2,15.0,3036.371,18.71019947,18.994959184430584,0.2847597144305851
2,15.0,3036.853,18.73268599,18.998864502068837,0.26617851206883714
2,15.0,3037.335,18.71880654,19.00278081764977,0.28397427764977223
2,15.0,3037.817,18.73094771,19.006707618652378,0.275759908652379
2,15.0,3038.299,18.76148506,19.010644391572917,0.24915933157291903
2,15.0,3038.781,18.75517707,19.014590621997243,0.2594135519972447
2,15.0,3039.264,18.73365757,19.01855400936318,0.2848964393631803
2,15.0,3039.746,18.75985524,19.022517625217564,0.26266238521756335
2,15.0,3040.228,18.75494054,19.026489149521325,0.2715486095213251
2,15.0,3040.71,18.76803476,19.030468064940553,0.2624333049405543
2,15.0,3041.192,18.77268056,19.034453853592495,0.2617732935924941
2,15.0,3041.674,18.77758931,19.03844599711774,0.2608566871177409
2,15.0,3042.156,18.76364412,19.0424439767523,0.27879985675230046
2,15.0,3042.638,18.7606326,19.046447273399743,0.28581467339974154
2,15.0,3043.121,18.77607297,19.05046368787814,0.27439071787813774
2,15.0,3043.603,18.78057911,19.05447606862724,0.27389695862723684
2,15.0,3044.085,18.78364043,19.058492206745782,0.2748517767457841
2,15.0,3044.567,18.78807663,19.062511582526007,0.2744349525260077
2,15.0,3045.049,18.79963749,19.066533676286607,0.2668961862866084
2,15.0,3045.531,18.80657583,19.070557968444202,0.26398213844420226
2,15.0,3046.013,18.79438512,19.074583939584567,0.28019881958456594
2,15.0,3046.495,18.80788335,19.078611070533743,0.27072772053374194
2,15.0,3046.978,18.79444061,19.082647199108838,0.2882065891088388
2,15.0,3047.459,18.82370229,19.086666736790026,0.2629644467900256
2,15.0,3047.942,18.81243404,19.090702590625,0.27826855062500044
2,15.0,3048.424,18.80649966,19.094729173924648,0.288229513924648
2,15.0,3048.906,18.81546914,19.098754326174014,0.28328518617401244
2,15.0,3049.388,18.82662753,19.10277753112656,0.27615000112655963
2,15.0,3049.87,18.80757544,19.106798273269092,0.2992228332690914
2,15.0,3050.352,18.8161901,19.110816037891322,0.29462593789132185
2,15.0,3050.834,18.81431587,19.114830311155384,0.3005144411553822
2,15.0,3051.316,18.82145051,19.11884058016475,0.2973900701647523
2,15.0,3051.799,18.83224834,19.12285463867477,0.2906062986747706
2,15.0,3052.281,18.84887598,19.126855353635566,0.27797937363556713
2,15.0,3052.763,18.85428527,19.130850530932037,0.27656526093203837
2,15.0,3053.245,18.85866534,19.134839662122076,0.27617432212207405
2,15.0,3053.727,18.86496324,19.13882224004681,0.27385900004680863
2,15.0,3054.209,18.86954383,19.1427977588981,0.2732539288981002
2,15.0,3054.691,18.88193596,19.146765714285678,0.2648297542856781
2,15.0,3055.173,18.87988111,19.150725603304036,0.27084449330403615
2,15.0,3055.656,18.87150713,19.154685113108,0.283177983107997
2,15.0,3056.138,18.8857895,19.158627347612594,0.27283784761259255
2,15.0,3056.62,18.88976038,19.162560015572545,0.2727996355725466
2,15.0,3057.102,18.88634874,19.166482620687383,0.28013388068738365
2,15.0,3057.584,18.89368115,19.170394668470976,0.27671351847097725
2,15.0,3058.066,18.91243874,19.174295666316315,0.26185692631631596
2,15.0,3058.548,18.90584681,19.17818512356003,0.2723383135600308
2,15.0,3059.03,18.92113678,19.182062551546526,0.26092577154652474
2,15.0,3059.512,18.93563946,19.18592746369161,0.2502880036916082
2,15.0,3059.995,18.92187747,19.189787353215582,0.26790988321558373
2,15.0,3060.477,18.92649462,19.193625754055578,0.2671311340555782
2,15.0,3060.959,18.93683217,19.19745019136826,0.26061802136826273
2,15.0,3061.441,18.94401581,19.201260187489442,0.2572443774894424
2,15.0,3061.923,18.93417004,19.205055267139098,0.2708852271390967
2,15.0,3062.405,18.93675816,19.208834957482768,0.27207679748276803
2,15.0,3062.887,18.97027909,19.212598788192267,0.24231969819226862
2,15.0,3063.369,18.96476279,19.216346291506103,0.25158350150610076
2,15.0,3063.852,18.96767348,19.220084724576395,0.25241124457639685
2,15.0,3064.334,18.95310162,19.223798144103412,0.2706965241034105
2,15.0,3064.816,18.98739317,19.227493847997366,0.2401006779973649
2,15.0,3065.298,18.97807727,19.231171379364767,0.25309410936476695
2,15.0,3065.78,18.9723373,19.23483028417414,0.26249298417414124
2,15.0,3066.262,18.98916794,19.238470111313823,0.24930217131382193
2,15.0,3066.744,18.99354521,19.242090412648995,0.2485452026489945
2,15.0,3067.226,19.01197029,19.24569074307851,0.23372045307850797
2,15.0,3067.708,18.9999984,19.249270660590884,0.24927226059088525
2,15.0,3068.191,19.01409058,19.25283708829579,0.23874650829579025
2,15.0,3068.673,19.01694996,19.25637482196108,0.23942486196107993
2,15.0,3069.155,19.02211512,19.259890834874017,0.23777571487401872
2,15.0,3069.637,19.04114264,19.26338469794083,0.22224205794082863
2,15.0,3070.119,19.03184983,19.266855985430826,0.2350061554308276
2,15.0,3070.601,19.04192574,19.27030427502959,0.2283785350295915
2,15.0,3071.083,19.03816737,19.27372914789148,0.2355617778914798
2,15.0,3071.565,19.07808142,19.277130188691647,0.19904876869164667
2,15.0,3072.048,19.05773156,19.280513965995244,0.22278240599524324
2,15.0,3072.53,19.0695121,19.283866059470583,0.2143539594705821
2,15.0,3073.012,19.07389254,19.287193095711086,0.2133005557110863
2,15.0,3073.494,19.08189743,19.290494673992157,0.2085972439921555
2,15.0,3073.976,19.06391982,19.29377039736179,0.22985057736179115
2,15.0,3074.458,19.06938309,19.297019872689383,0.22763678268938392
2,15.0,3074.94,19.10180018,19.300242710713896,0.19844253071389417
2,15.0,3075.422,19.07764074,19.303438526091263,0.22579778609126322
2,15.0,3075.905,19.06642586,19.30661348216005,0.2401876221600503
2,15.0,3076.386,19.08722843,19.30974756739451,0.22251913739451012
2,15.0,3076.869,19.08269124,19.31286647053086,0.23017523053086109
2,15.0,3077.351,19.09388982,19.315950362290916,0.2220605422909152
2,15.0,3077.833,19.05093109,19.319005364308143,0.26807427430814457
2,15.0,3078.315,19.08629824,19.32203111571447,0.23573287571446855
2,15.0,3078.797,19.08019869,19.325027259875053,0.24482856987505386
2,15.0,3079.279,19.06627297,19.327993444431023,0.26172047443102286
2,15.0,3079.761,19.09034533,19.33092932134167,0.2405839913416692
2,15.0,3080.243,19.08727787,19.33383454692596,0.24655667692595884
2,15.0,3080.726,19.10596363,19.336714712598717,0.23075108259871513
2,15.0,3081.208,19.10779587,19.339557556793924,0.23176168679392362
2,15.0,3081.69,19.10337448,19.342368744502505,0.23899426450250516
2,15.0,3082.172,19.13314485,19.345147949894045,0.2120030998940443
2,15.0,3082.654,19.13889544,19.34789485169611,0.20899941169611225
2,15.0,3083.136,19.13346468,19.35060913323187,0.21714445323187093
2,15.0,3083.618,19.12231118,19.3532904824572,0.23097930245720022
2,15.0,3084.1,19.13848032,19.355938591997237,0.21745827199723777
2,15.0,3084.583,19.11565447,19.358558548520627,0.24290407852062756
2,15.0,3085.065,19.14573667,19.361139204906028,0.21540253490602623
2,15.0,3085.547,19.15316688,19.36368572724809,0.210518847248089
2,15.0,3086.029,19.14411059,19.366197827210193,0.22208723721019297
2,15.0,3086.511,19.1469922,19.368675221297455,0.22168302129745499
2,15.0,3086.993,19.17325146,19.37111763088923,0.19786617088923109
2,15.0,3087.475,19.1561495,19.37352478227099,0.21737528227098935
2,15.0,3087.957,19.15419269,19.37589640666553,0.22170371666553024
2,15.0,3088.439,19.17550482,19.378232240263475,0.202727420263475
2,15.0,3088.922,19.17686681,19.380536757938824,0.20366994793882398
2,15.0,3089.404,19.1753898,19.382800162956784,0.20741036295678228
2,15.0,3089.886,19.16529018,19.385027015341464,0.2197368353414646
2,15.0,3090.368,19.20135459,19.38721707145714,0.18586248145713924
2,15.0,3090.85,19.18044053,19.38937009277864,0.20892956277864272
2,15.0,3091.332,19.18080266,19.39148584591759,0.2106831859175884
2,15.0,3091.814,19.17965701,19.39356410264837,0.2139070926483697
2,15.0,3092.296,19.17185379,19.395604639933083,0.22375084993308292
2,15.0,3092.779,19.19039432,19.39761135513386,0.20721703513386203
2,15.0,3093.261,19.19435573,19.39957572591904,0.2052199959190375
2,15.0,3093.743,19.20028771,19.401501739087436,0.2012140290874349
2,15.0,3094.225,19.19281822,19.40338919260067,0.2105709726006708
2,15.0,3094.707,19.2203416,19.405237889723416,0.1848962897234152
2,15.0,3095.189,19.21724155,19.40704763904438,0.189806089044378
2,15.0,3095.671,19.22628049,19.408818254496563,0.182537764496562
2,15.0,3096.153,19.22994769,19.410549555376928,0.18060186537692857
2,15.0,3096.635,19.23429996,19.4122413663651,0.17794140636510036
2,15.0,3097.118,19.23114555,19.41389690390002,0.18275135390002006
2,15.0,3097.6,19.24740428,19.415509147974014,0.16810486797401225
2,15.0,3098.082,19.25530358,19.417081408345656,0.1617778283456559
2,15.0,3098.564,19.24335823,19.41861353141198,0.1752553014119833
2,15.0,3099.046,19.23334947,19.420105369036825,0.1867558990368252
2,15.0,3099.528,19.26309664,19.421556778565524,0.15846013856552332
2,15.0,3100.01,19.25892216,19.42296762283882,0.1640454628388177
2,15.0,3100.492,19.25459197,19.42433777020621,0.16974580020621133
2,15.0,3100.975,19.2663147,19.425669809952854,0.1593551099528554
2,15.0,3101.457,19.23935364,19.42695810558743,0.18760446558743027
2,15.0,3101.939,19.27400822,19.428205342306615,0.1541971223066163
2,15.0,3102.421,19.24072995,19.42941141062527,0.18868146062527202
2,15.0,3102.903,19.2556789,19.430576206622924,0.17489730662292402
2,15.0,3103.385,19.24494137,19.431699631952917,0.18675826195291734
2,15.0,3103.867,19.2455499,19.43278159385059,0.18723169385058824
2,15.0,3104.349,19.25562691,19.433822005141096,0.17819509514109555
2,15.0,3104.832,19.26002001,19.43482281307196,0.17480280307195883
2,15.0,3105.313,19.25839175,19.435777855191127,0.1773861051911254
2,15.0,3105.796,19.2544869,19.43669500308121,0.1822081030812086
2,15.0,3106.278,19.27091074,19.437568365343264,0.16665762534326234
2,15.0,3106.76,19.24239494,19.438399825072285,0.1960048850722842
2,15.0,3107.242,19.26686731,19.439189328765046,0.1723220187650476
2,15.0,3107.724,19.26985654,19.439936828542013,0.17008028854201385
2,15.0,3108.206,19.25137556,19.44064228214941,0.18926672214940865
2,15.0,3108.688,19.24719717,19.441305652960427,0.19410848296042715
2,15.0,3109.17,19.25190089,19.441926909975944,0.19002601997594226
2,15.0,3109.653,19.24400777,19.442507185495597,0.19849941549559702
2,15.0,3110.135,19.26011126,19.44304405694917,0.18293279694917075
2,15.0,3110.617,19.27791388,19.44353875534823,0.16562487534822878
2,15.0,3111.099,19.27980545,19.44399127220832,0.16418582220831723
2,15.0,3111.581,19.24964251,19.4444016046652,0.1947590946651978
2,15.0,3112.063,19.26272455,19.444769755471427,0.18204520547142522
2,15.0,3112.545,19.26847039,19.44509573299208,0.17662534299207877
2,15.0,3113.027,19.26776841,19.44537955119966,0.17761114119966237
2,15.0,3113.51,19.26857099,19.445621687288693,0.17705069728869205
2,15.0,3113.992,19.27973882,19.445821163844563,0.16608234384456466
2,15.0,3114.474,19.2851085,19.445978556659995,0.160870056659995
2,15.0,3114.956,19.27539087,19.446093902085845,0.17070303208584647
2,15.0,3115.438,19.27777772,19.446167242045387,0.1683895220453877
2,15.0,3115.92,19.27971952,19.44619862402514,0.16647910402513943
2,15.0,3116.402,19.27387536,19.446188101065083,0.1723127410650811
2,15.0,3116.884,19.29336464,19.446135731748278,0.15277109174827785
2,15.0,3117.366,19.31067488,19.446041580189636,0.13536670018963548
2,15.0,3117.849,19.29197617,19.445905390839254,0.15392922083925242
2,15.0,3118.331,19.3094281,19.44572780290642,0.1362997029064168
2,15.0,3118.813,19.29864365,19.445508658319014,0.14686500831901483
2,15.0,3119.295,19.28700791,19.445248043205712,0.1582401332057124
2,15.0,3119.777,19.30218756,19.444946049161132,0.14275848916113176
2,15.0,3120.259,19.29390275,19.444602773230578,0.15070002323057707
2,15.0,3120.741,19.3040108,19.444218317894244,0.14020751789424324
2,15.0,3121.223,19.30981514,19.44379279105057,0.13397765105056791
2,15.0,3121.706,19.29973739,19.44332529569323,0.14358790569323077
2,15.0,3122.188,19.28999225,19.44281788651445,0.15282563651445003
2,15.0,3122.67,19.29747959,19.442269762120866,0.1447901721208673
2,15.0,3123.152,19.29198998,19.441681051916483,0.14969107191648234
2,15.0,3123.634,19.29784597,19.4410518906308,0.1432059206307983
2,15.0,3124.116,19.30680526,19.440382418298377,0.13357715829837602
2,15.0,3124.598,19.31385355,19.439672780237707,0.12581923023770614
2,15.0,3125.08,19.29827768,19.438923127029394,0.1406454470293923
2,15.0,3125.562,19.29440625,19.438133614493633,0.14372736449363188
2,15.0,3126.045,19.29482953,19.437302642160983,0.14247311216098169
2,15.0,3126.527,19.30999383,19.436433817433056,0.12643998743305573
2,15.0,3127.009,19.31077937,19.43552563240292,0.12474626240292253
2,15.0,3127.491,19.30687284,19.43457826362255,0.127705423622551
2,15.0,3127.973,19.28040391,19.433591892761626,0.15318798276162582
2,15.0,3128.455,19.3047832,19.432566706581238,0.12778350658123827
2,15.0,3128.937,19.30901428,19.43150289690691,0.12248861690691015
2,15.0,3129.419,19.29589492,19.430400660601176,0.1345057406011776
2,15.0,3129.902,19.28356819,19.429257793841707,0.14568960384170637
2,15.0,3130.384,19.30250754,19.428079236210248,0.12557169621024755
2,15.0,3130.866,19.29714197,19.426862872916534,0.12972090291653515
2,15.0,3131.348,19.29854228,19.42560892069331,0.12706664069331097
2,15.0,3131.83,19.29136733,19.424317601163267,0.13295027116326708
2,15.0,3132.312,19.29691734,19.42298914080784,0.1260718008078392
2,15.0,3132.794,19.30211917,19.42162377093535,0.11950460093535042
2,15.0,3133.276,19.28243782,19.420221727648645,0.13778390764864668
2,15.0,3133.759,19.28439494,19.418780229720337,0.13438528972033836
2,15.0,3134.24,19.29712906,19.41730858901759,0.12017952901759088
2,15.0,3134.723,19.29614982,19.415794818347486,0.11964499834748565
2,15.0,3135.205,19.28648584,19.41424846339378,0.12776262339377809
2,15.0,3135.687,19.30452529,19.412666686824508,0.1081413968245073
2,15.0,3136.169,19.29065429,19.411049752805113,0.1203954628051136
2,15.0,3136.651,19.3022448,19.409397930052,0.10715313005199789
2,15.0,3137.133,19.29549621,19.4077114917956,0.11221528179559925
2,15.0,3137.615,19.28967874,19.40599071574262,0.11631197574262231
2,15.0,3138.097,19.29995394,19.404235884037924,0.1042819440379219
2,15.0,3138.58,19.29158223,19.402443537533863,0.11086130753386314
2,15.0,3139.062,19.29725237,19.40062138936709,0.10336901936708998
2,15.0,3139.544,19.30647725,19.39876605883861,0.09228880883861024
2,15.0,3140.026,19.31916459,19.396877845461656,0.07771325546165642
2,15.0,3140.508,19.29063767,19.3949570529882,0.10431938298820143
2,15.0,3140.99,19.29468409,19.393003989367593,0.098319899367592
2,15.0,3141.472,19.27726164,19.3910189667045,0.11375732670450134
2,15.0,3141.954,19.27499527,19.389002301216397,0.11400703121639566
2,15.0,3142.437,19.26459556,19.38695003191735,0.12235447191735105
2,15.0,3142.919,19.27701137,19.384870981695485,0.10785961169548486
2,15.0,3143.401,19.26684322,19.38276126223017,0.11591804223017022
2,15.0,3143.883,19.25369846,19.38062120576272,0.12692274576271956
2,15.0,3144.365,19.24414651,19.37845114842688,0.13430463842687956
2,15.0,3144.847,19.25545452,19.3762514302031,0.1207969102031008
2,15.0,3145.329,19.25804203,19.374022394872746,0.11598036487274754
2,15.0,3145.811,19.24331757,19.37176438997129,0.12844681997129115
2,15.0,3146.293,19.24889845,19.36947776674138,0.1205793167413809
2,15.0,3146.776,19.26348959,19.367158048284303,0.10366845828430371
2,15.0,3147.258,19.26303926,19.364815199197384,0.1017759391973847
2,15.0,3147.74,19.24978004,19.362444808030574,0.11266476803057301
2,15.0,3148.222,19.25120624,19.360047240382737,0.10884100038273914
2,15.0,3148.704,19.26642469,19.35762286531767,0.09119817531766827
2,15.0,3149.186,19.25596169,19.355172055314245,0.09921036531424576
2,15.0,3149.668,19.21921009,19.35269518621616,0.1334850962161589
2,15.0,3150.15,19.2626916,19.350192637181316,0.08750103718131541
2,15.0,3150.633,19.23475247,19.347659520106006,0.11290705010600632
2,15.0,3151.115,19.23906009,19.345106710390553,0.10604662039055412
2,15.0,3151.597,19.24759135,19.342529378393564,0.09493802839356391
2,15.0,3152.079,19.24493683,19.339927916020574,0.09499108602057404
2,15.0,3152.561,19.239035,19.337302718231424,0.09826771823142266
2,15.0,3153.043,19.24378505,19.334654182987045,0.09086913298704502
2,15.0,3153.525,19.24583568,19.33198271119589,0.08614703119589251
2,15.0,3154.007,19.25461985,19.32928870666002,0.07466885666001843
2,15.0,3154.49,19.25582558,19.326566918178354,0.0707413381783546
2,15.0,3154.972,19.27011927,19.323829026233287,0.053709756233288886
2,15.0,3155.454,19.22400281,19.321069830623397,0.09706702062339545
2,15.0,3155.936,19.23684246,19.318289746183165,0.08144728618316677
2,15.0,3156.418,19.24604117,19.315489190365103,0.06944802036510112
2,15.0,3156.9,19.23573372,19.312668583183466,0.07693486318346743
2,15.0,3157.382,19.22403935,19.309828347157897,0.0857889971578949
2,15.0,3157.864,19.22600576,19.306968907256444,0.08096314725644405
2,15.0,3158.346,19.21094563,19.304090690838418,0.09314506083841678
2,15.0,3158.829,19.21830167,19.301188099357393,0.08288642935739432
2,15.0,3159.311,19.21551327,19.298273584544262,0.08276031454426303
2,15.0,3159.793,19.21263357,19.295341589966544,0.08270801996654242
2,15.0,3160.275,19.21128874,19.292392551974896,0.08110381197489502
2,15.0,3160.757,19.20827922,19.289426909020438,0.08114768902043679
2,15.0,3161.239,19.18192767,19.2864451015958,0.10451743159579863
2,15.0,3161.721,19.18864276,19.283447572175778,0.09480481217577719
2,15.0,3162.203,19.21818129,19.280434765157846,0.06225347515784563
2,15.0,3162.686,19.17584056,19.27740083028818,0.1015602702881786
2,15.0,3163.167,19.19004049,19.274365105171594,0.0843246151715924
2,15.0,3163.65,19.22117287,19.271302795744617,0.050129925744617054
2,15.0,3164.132,19.19454593,19.26823333116098,0.07368740116098138
2,15.0,3164.614,19.20265417,19.26515083864389,0.062496668643891695
2,15.0,3165.096,19.20187671,19.26205577286401,0.06017906286400887
2,15.0,3165.578,19.20960474,19.25894858999036,0.04934384999036112
2,15.0,3166.06,19.21490368,19.25582974762887,0.0409260676288703
2,15.0,3166.542,19.18569378,19.252699704760545,0.06700592476054368
2,15.0,3167.024,19.18466249,19.249558921679647,0.06489643167964587
2,15.0,3167.507,19.18386747,19.246401312095212,0.06253384209521329
2,15.0,3167.989,19.18057062,19.243240414530934,0.06266979453093313
2,15.0,3168.471,19.18311517,19.240070165857716,0.056954995857715573
2,15.0,3168.953,19.158645,19.236891031002003,0.07824603100200278
2,15.0,3169.435,19.14637168,19.23370347589104,0.08733179589103912
2,15.0,3169.917,19.15937157,19.2305079673899,0.07113639738989974
2,15.0,3170.399,19.15288651,19.227304973238454,0.07441846323845525
2,15.0,3170.881,19.15229966,19.22409496198813,0.07179530198812856
2,15.0,3171.364,19.13277578,19.220871723098963,0.0880959430989634
2,15.0,3171.846,19.12723288,19.217649074113748,0.09041619411374668
2,15.0,3172.328,19.12737917,19.214420818895956,0.08704164889595489
2,15.0,3172.81,19.13832454,19.211187428609573,0.07286288860957413
2,15.0,3173.292,19.12684962,19.207949374912175,0.0810997549121737
2,15.0,3173.774,19.11781387,19.204707129890938,0.08689325989093888
2,15.0,3174.256,19.13399208,19.201461165998833,0.06746908599883383
2,15.0,3174.738,19.11279481,19.198211955990555,0.08541714599055439
2,15.0,3175.22,19.10961846,19.194959972858417,0.08534151285841673
2,15.0,3175.703,19.11109359,19.19169893608116,0.08060534608116043
2,15.0,3176.185,19.14278225,19.18844282301055,0.04566057301055082
2,15.0,3176.667,19.1259176,19.18518535755964,0.05926775755963831
2,15.0,3177.149,19.12032484,19.181927013029675,0.06160217302967652
2,15.0,3177.631,19.10442684,19.1786682626385,0.07424142263850086
2,15.0,3178.113,19.10095312,19.175409579456268,0.07445645945626822
2,15.0,3178.595,19.09481694,19.17215143634121,0.07733449634120859
2,15.0,3179.077,19.10210095,19.16889430587538,0.06679335587537949
2,15.0,3179.56,19.08301682,19.165631907720005,0.08261508772000425
2,15.0,3180.042,19.09146587,19.16237822342285,0.07091235342284818
2,15.0,3180.524,19.09081959,19.15912696819945,0.06830737819944943
2,15.0,3181.006,19.086815,19.15587861288411,0.06906361288410778
2,15.0,3181.488,19.07237878,19.152633627714106,0.08025484771410518
2,15.0,3181.97,19.09300447,19.149392482265625,0.056388012265625065
2,15.0,3182.452,19.08326934,19.146155645389914,0.06288630538991313
2,15.0,3182.934,19.07084148,19.14292358514935,0.07208210514935232
2,15.0,3183.417,19.06075113,19.139690079888553,0.07893894988855266
2,15.0,3183.899,19.07188837,19.136468985962345,0.06458061596234543
2,15.0,3184.381,19.04671604,19.13325406845278,0.0865380284527788
2,15.0,3184.863,19.06470287,19.13004579162818,0.06534292162817934
2,15.0,3185.345,19.02554949,19.126844618650168,0.10129512865016821
2,15.0,3185.827,19.04876489,19.123651011510564,0.07488612151056273
2,15.0,3186.309,19.03820149,19.12046543096827,0.0822639409682715
2,15.0,3186.791,19.04664779,19.117288336486414,0.0706405464864126
2,15.0,3187.273,19.03453698,19.11412018616969,0.07958320616969061
2,15.0,3187.756,19.02742453,19.110954893367794,0.0835303633677924
2,15.0,3188.238,19.02415659,19.107806020869187,0.08364943086918686
2,15.0,3188.72,19.03707147,19.104667459013786,0.06759598901378538
2,15.0,3189.202,19.02268669,19.10153965984531,0.0788529698453111
2,15.0,3189.684,19.04919815,19.09842307373801,0.049224923738012905
2,15.0,3190.166,19.02082109,19.095318149335107,0.07449705933510842
2,15.0,3190.648,19.02879332,19.092225333487495,0.06343201348749616
2,15.0,3191.13,19.01780861,19.08914507119257,0.07133646119256909
2,15.0,3191.613,19.02062482,19.08607145572805,0.0654466357280512
2,15.0,3192.094,19.0170325,19.08302397761833,0.06599147761832924
2,15.0,3192.577,19.01209644,19.07997773429607,0.06788129429606826
2,15.0,3193.059,18.98770146,19.076952127141823,0.0892506671418225
2,15.0,3193.541,18.99356488,19.073941269504413,0.08037638950441206
2,15.0,3194.023,18.9939739,19.070945593986984,0.07697169398698378
2,15.0,3194.505,18.99083078,19.067965530918727,0.07713475091872724
2,15.0,3194.987,18.98502498,19.065001508295975,0.07997652829597612
2,15.0,3195.469,18.98813169,19.062053951723517,0.07392226172351712
2,15.0,3195.951,18.98274965,19.059123284356467,0.07637363435646805
2,15.0,3196.434,18.97663779,19.056203900816087,0.079566110816085
2,15.0,3196.916,18.97394262,19.053308308449576,0.07936568844957748
2,15.0,3197.398,18.98936747,19.05043086033685,0.061063390336848045
2,15.0,3197.88,18.97151123,19.047571969252495,0.0760607392524939
2,15.0,3198.362,18.94010489,19.044732045235076,0.10462715523507526
2,15.0,3198.844,18.96196187,19.041911495530954,0.0799496255309542
2,15.0,3199.326,18.95269883,19.03911072453856,0.08641189453856057
2,15.0,3199.808,18.9659518,19.036330133752983,0.07037833375298419
2,15.0,3200.291,18.93461476,19.033564417211426,0.09894965721142768
2,15.0,3200.773,18.94595656,19.03082542336122,0.08486886336122268
2,15.0,3201.255,18.95845285,19.02810779704664,0.0696549470466401
2,15.0,3201.737,18.93822036,19.025411927597453,0.08719156759745417
2,15.0,3202.219,18.93521158,19.02273820116938,0.0875266211693777
2,15.0,3202.701,18.94565203,19.020087000691206,0.07443497069120397
2,15.0,3203.183,18.94519763,19.017458705812423,0.07226107581242402
2,15.0,3203.665,18.94002296,19.01485369285134,0.07483073285133912
2,15.0,3204.147,18.92959494,19.01227233474354,0.08267739474353775
2,15.0,3204.63,18.92208705,19.00970972054706,0.08762267054706285
2,15.0,3205.112,18.92434982,19.007176828148058,0.08282700814805821
2,15.0,3205.594,18.9024087,19.00466868935413,0.10225998935413116
2,15.0,3206.076,18.90519971,19.002185663057798,0.09698595305779634
2,15.0,3206.558,18.94671386,18.99972810451887,0.05301424451887016
2,15.0,3207.04,18.92161482,18.99729636531584,0.0756815453158417
2,15.0,3207.522,18.88947372,18.99489079329811,0.1054170732981099
2,15.0,3208.004,18.90172889,18.992511732538375,0.0907828425383741
2,15.0,3208.487,18.89846771,18.990154671329748,0.0916869613297493
2,15.0,3208.969,18.88094213,18.987829706717164,0.10688757671716331
2,15.0,3209.451,18.87573554,18.985532263140517,0.1097967231405157
2,15.0,3209.933,18.87474649,18.98326266909436,0.10851617909435873
2,15.0,3210.415,18.88919708,18.98102124906762,0.09182416906762114
2,15.0,3210.897,18.88402116,18.978808323499447,0.09478716349944705
2,15.0,3211.379,18.88077217,18.97662420873578,0.09585203873578152
2,15.0,3211.861,18.88007704,18.974469216986368,0.09439217698636782
2,15.0,3212.344,18.86182897,18.972339277210487,0.11051030721048605
2,15.0,3212.826,18.89381197,18.970243513366636,0.07643154336663471
2,15.0,3213.308,18.8868492,18.968177784546064,0.08132858454606406
2,15.0,3213.79,18.87293412,18.96614238598767,0.09320826598766985
2,15.0,3214.272,18.86103654,18.96413760858854,0.10310106858853985
2,15.0,3214.754,18.87038153,18.96216373886472,0.09178220886472133
2,15.0,3215.236,18.86765597,18.960221058912552,0.09256508891255066
2,15.0,3215.718,18.87240104,18.958309846370742,0.0859088063707425
2,15.0,3216.2,18.86210245,18.956430374382983,0.09432792438298421
2,15.0,3216.683,18.86997022,18.95457911210835,0.08460889210834921
2,15.0,3217.165,18.85335975,18.95276398972536,0.09940423972535939
2,15.0,3217.647,18.84468412,18.950981400527635,0.10629728052763454
2,15.0,3218.129,18.8565407,18.94923159930913,0.09269089930912955
2,15.0,3218.611,18.84679338,18.947514836191953,0.10072145619195183
2,15.0,3219.093,18.8488515,18.945831356593118,0.09697985659311925
2,15.0,3219.575,18.86786504,18.94418140119182,0.07631636119181806
2,15.0,3220.057,18.84390641,18.942565205897537,0.09865879589753845
2,15.0,3220.54,18.84466923,18.94097975472925,0.0963105247292475
2,15.0,3221.021,18.85678881,18.93943501523244,0.08264620523243948
2,15.0,3221.504,18.84146407,18.93791836336389,0.096454293363891
2,15.0,3221.986,18.84534585,18.936439543239526,0.09109369323952521
2,15.0,3222.468,18.82967601,18.934995590588127,0.10531958058812663
2,15.0,3222.95,18.81637975,18.933586712058855,0.11720696205885517
2,15.0,3223.432,18.81971018,18.932213109327193,0.11250292932719219
2,15.0,3223.914,18.81828178,18.930874979068648,0.11259319906864818
2,15.0,3224.396,18.81040958,18.92957251293335,0.11916293293334945
2,15.0,3224.878,18.81581008,18.928305897521184,0.11249581752118587
2,15.0,3225.361,18.82141141,18.927072798859378,0.10566138885937804
2,15.0,3225.843,18.83032458,18.925878499674504,0.09555391967450433
2,15.0,3226.325,18.80629804,18.924720580824705,0.11842254082470305
2,15.0,3226.807,18.81939847,18.923599208465447,0.10420073846544753
2,15.0,3227.289,18.82954932,18.92251454358936,0.09296522358935988
2,15.0,3227.771,18.81565464,18.921466742005826,0.10581210200582447
2,15.0,3228.253,18.81123234,18.920455954321543,0.10922361432154304
2,15.0,3228.735,18.81864641,18.919482325921706,0.10083591592170649
2,15.0,3229.218,18.8014242,18.918544093228064,0.1171198932280646
2,15.0,3229.7,18.81615509,18.91764527637911,0.10149018637910956
2,15.0,3230.182,18.80929809,18.916784023729157,0.10748593372915849
2,15.0,3230.664,18.79984588,18.915960459594626,0.11611457959462612
2,15.0,3231.146,18.80249116,18.915174702988317,0.11268354298831795
2,15.0,3231.628,18.81279325,18.91442686760535,0.10163361760535139
2,15.0,3232.11,18.79674007,18.913717061809713,0.11697699180971455
2,15.0,3232.592,18.81207025,18.913045388621946,0.10097513862194418
2,15.0,3233.074,18.78249223,18.912411945707248,0.12991971570724914
2,15.0,3233.557,18.79863211,18.91181563057249,0.11318352057249115
2,15.0,3234.039,18.78829376,18.91125899949876,0.12296523949876104
2,15.0,3234.521,18.79479925,18.910740859619917,0.11594160961991662
2,15.0,3235.003,18.78556178,18.910261287067147,0.12469950706714883
2,15.0,3235.485,18.7812785,18.90982035256948,0.12854185256948014
2,15.0,3235.967,18.80308291,18.9094181214468,0.10633521144680103
2,15.0,3236.449,18.81145432,18.909054653603583,0.09760033360358378
2,15.0,3236.931,18.78850878,18.908730003523615,0.12022122352361464
2,15.0,3237.414,18.78827994,18.908443667787083,0.12016372778708373
2,15.0,3237.896,18.78219818,18.908196875748263,0.12599869574826172
2,15.0,3238.378,18.78905233,18.907989032430947,0.1189367024309469
2,15.0,3238.86,18.78218691,18.907820170586525,0.12563326058652535
2,15.0,3239.342,18.7776146,18.907690317530573,0.13007571753057334
2,15.0,3239.824,18.79472253,18.907599495142243,0.11287696514224166
2,15.0,3240.306,18.77044237,18.907547719864404,0.13710534986440237
2,15.0,3240.788,18.77894298,18.907535002704716,0.1285920227047157
2,15.0,3241.271,18.78564017,18.907561444505784,0.12192127450578383
2,15.0,3241.753,18.80865537,18.907626935915527,0.09897156591552658
2,15.0,3242.235,18.79229831,18.907731485859756,0.11543317585975643
2,15.0,3242.717,18.80623865,18.90787508361942,0.10163643361941865
2,15.0,3243.199,18.80337474,18.90805771305702,0.10468297305702023
2,15.0,3243.681,18.78944421,18.90827935262228,0.1188351426222809
2,15.0,3244.163,18.81467407,18.90853997535881,0.09386590535881112
2,15.0,3244.645,18.81230665,18.90883954891125,0.09653289891124928
2,15.0,3245.127,18.80284485,18.909178035533504,0.10633318553350435
2,15.0,3245.61,18.80995063,18.90955621536744,0.09960558536744202
2,15.0,3246.092,18.80403592,18.90997247386131,0.10593655386130862
2,15.0,3246.574,18.82042155,18.91042749981741,0.09000594981741017
2,15.0,3247.056,18.80635,18.910921234012022,0.10457123401202395
2,15.0,3247.538,18.80160558,18.91145361188293,0.10984803188292958
2,15.0,3248.02,18.80784339,18.912024563542207,0.10418117354220868
2,15.0,3248.502,18.80728778,18.912634013789614,0.10534623378961427
2,15.0,3248.984,18.78407011,18.913281882127084,0.12921177212708557
2,15.0,3249.467,18.80541824,18.91396954621053,0.10855130621052922
2,15.0,3249.948,18.78585569,18.914692524681534,0.1288368346815325
2,15.0,3250.431,18.79609637,18.915456733264804,0.11936036326480348
2,15.0,3250.913,18.79316304,18.91625744238637,0.12309440238637137
2,15.0,3251.395,18.78671164,18.91709608796643,0.13038444796643134
2,15.0,3251.877,18.79456055,18.91797255805193,0.12341200805192898
2,15.0,3252.359,18.80517533,18.918886735513336,0.11371140551333525
2,15.0,3252.841,18.79149047,18.919838498065033,0.12834802806503376
2,15.0,3253.323,18.78820157,18.92082771828637,0.13262614828636998
2,15.0,3253.805,18.79847153,18.9218542636435,0.12338273364349917
2,15.0,3254.288,18.79512626,18.92292024198474,0.12779398198474112
2,15.0,3254.77,18.80837007,18.924021096377096,0.11565102637709757
2,15.0,3255.252,18.77936385,18.925158847541667,0.14579499754166747
2,15.0,3255.734,18.80137001,18.926333342713953,0.12496333271395343
2,15.0,3256.216,18.78381295,18.927544424136176,0.1437314741361746
2,15.0,3256.698,18.77191337,18.928791929083395,0.15687855908339543
2,15.0,3257.18,18.77840789,18.93007568989035,0.15166779989035106
2,15.0,3257.662,18.788744,18.93139553397889,0.14265153397888852
2,15.0,3258.145,18.79190992,18.932754133843748,0.14084421384374934
2,15.0,3258.627,18.77118782,18.93414568117375,0.1629578611737479
2,15.0,3259.109,18.798994,18.93557276446611,0.13657876446610828
2,15.0,3259.591,18.77866572,18.937035191770313,0.1583694717703139
2,15.0,3260.073,18.79020862,18.938532766370834,0.14832414637083247
2,15.0,3260.555,18.79467502,18.940065286818758,0.1453902668187581
2,15.0,3261.037,18.79315664,18.94163254696402,0.1484759069640198
2,15.0,3261.519,18.79855613,18.943234335988304,0.14467820598830272
2,15.0,3262.001,18.80633423,18.944870438438496,0.13853620843849512
2,15.0,3262.484,18.82738192,18.946544134682384,0.1191622146823832
2,15.0,3262.966,18.81239818,18.94824826928812,0.1358500892881196
2,15.0,3263.448,18.79514108,18.94998604301678,0.15484496301677808
2,15.0,3263.93,18.79776779,18.951757222215004,0.1539894322150026
2,15.0,3264.412,18.79242989,18.95356156877188,0.16113167877188062
2,15.0,3264.894,18.82466743,18.955398840156217,0.1307314101562156
2,15.0,3265.376,18.8091967,18.957268789454414,0.14807208945441275
2,15.0,3265.858,18.81859528,18.959171165408915,0.1405758854089143
2,15.0,3266.341,18.80017104,18.961109759302662,0.16093871930266346
2,15.0,3266.823,18.81645783,18.963076283550233,0.14661845355023218
2,15.0,3267.305,18.83021442,18.965074454459153,0.13486003445915173
2,15.0,3267.787,18.83079956,18.967104003783835,0.13630444378383544
2,15.0,3268.269,18.85252396,18.969164659135842,0.11664069913584285
2,15.0,3268.751,18.83728899,18.971256144025798,0.13396715402579673
2,15.0,3269.233,18.83170081,18.973378177905808,0.14167736790580676
2,15.0,3269.715,18.82330516,18.97553047621243,0.15222531621243007
2,15.0,3270.198,18.83944206,18.977717308907632,0.13827524890763243
2,15.0,3270.68,18.83079618,18.97992932781013,0.14913314781012943
2,15.0,3271.162,18.83475033,18.982170733174428,0.14742040317442928
2,15.0,3271.644,18.84768821,18.98444122480715,0.13675301480714808
2,15.0,3272.126,18.86125954,18.98674049872211,0.12548095872211107
2,15.0,3272.608,18.83292988,18.9890682471864,0.15613836718640073
2,15.0,3273.09,18.85295295,18.991424158766783,0.13847120876678432
2,15.0,3273.572,18.82944649,18.99380791837682,0.16436142837682155
2,15.0,3274.054,18.82635854,18.996219207324277,0.16986066732427574
2,15.0,3274.537,18.82111661,18.998662790535658,0.17754618053565707
2,15.0,3275.019,18.83129072,19.001128223327292,0.16983750332729386
2,15.0,3275.501,18.85566604,19.00362020753963,0.14795416753963053
2,15.0,3275.983,18.85525111,19.006138410533794,0.1508873005337925
2,15.0,3276.465,18.84339698,19.0086824963093,0.1652855163093001
2,15.0,3276.947,18.85862427,19.0112521255541,0.1526278555541012
2,15.0,3277.429,18.85989084,19.01384695569507,0.1539561156950704
2,15.0,3277.911,18.84621825,19.016466640948906,0.1702483909489061
2,15.0,3278.394,18.86742136,19.01911634347818,0.15169498347817978
2,15.0,3278.875,18.86811348,19.021779177919385,0.1536656979193829
2,15.0,3279.358,18.88274313,19.024476932335467,0.14173380233546595
2,15.0,3279.84,18.87304478,19.027192566066383,0.1541477860663818
2,15.0,3280.322,18.87458959,19.029931278897873,0.1553416888978738
2,15.0,3280.804,18.88460769,19.032692706870183,0.1480850168701835
2,15.0,3281.286,18.89060279,19.035476483180354,0.14487369318035448
2,15.0,3281.768,18.89393865,19.038282238236018,0.14434358823601912
2,15.0,3282.25,18.88254137,19.041109599709635,0.1585682297096369
2,15.0,3282.732,18.89708098,19.04395819259282,0.14687721259282327
2,15.0,3283.215,18.89194146,19.04683361387413,0.1548921538741297
2,15.0,3283.697,18.90100621,19.049723576181645,0.14871736618164633
2,15.0,3284.179,18.90934455,19.05263362854136,0.1432890785413612
2,15.0,3284.661,18.89197073,19.055563385767254,0.16359265576725335
2,15.0,3285.143,18.88468907,19.058512460269252,0.1738233902692521
2,15.0,3285.625,18.88893007,19.061480462109515,0.17255039210951395
2,15.0,3286.107,18.90387676,19.064466999058737,0.16059023905873815
2,15.0,3286.589,18.88385461,19.06747167665282,0.1836170666528183
2,15.0,3287.072,18.90227727,19.07050038700261,0.1682231170026114
2,15.0,3287.554,18.90558054,19.07354018940986,0.16795964940986252
2,15.0,3288.036,18.8999874,19.076596935397514,0.1766095353975139
2,15.0,3288.518,18.89792325,19.079670222129455,0.1817469721294529
2,15.0,3289.0,18.90144988,19.082759644821614,0.18130976482161287
2,15.0,3289.482,18.90341778,19.085864796799783,0.18244701679978093
2,15.0,3289.964,18.92365876,19.08898526955784,0.16532650955783978
2,15.0,3290.446,18.91742475,19.09212065281604,0.17469590281604042
2,15.0,3290.928,18.91746281,19.095270534579356,0.17780772457935612
2,15.0,3291.411,18.9179503,19.098441079795755,0.180490779795754
2,15.0,3291.893,18.93935265,19.101618743944353,0.16226609394435343
2,15.0,3292.375,18.95576338,19.104809660042616,0.1490462800426151
2,15.0,3292.857,18.93881895,19.108013409819335,0.1691944598193338
2,15.0,3293.339,18.92388331,19.111229573582694,0.18734626358269324
2,15.0,3293.821,18.94158306,19.11445773027951,0.1728746702795121
2,15.0,3294.303,18.95331762,19.117697457554605,0.1643798375546055
2,15.0,3294.785,18.94053848,19.120948331810204,0.18040985181020375
2,15.0,3295.268,18.95739461,19.12421670591364,0.16682209591363772
2,15.0,3295.75,18.97972598,19.12748861958282,0.14776263958281888
2,15.0,3296.232,18.96596595,19.13077040169292,0.16480445169291968
2,15.0,3296.714,18.98591935,19.134061624270114,0.14814227427011417
2,15.0,3297.196,18.97587425,19.13736185839654,0.1614876083965413
2,15.0,3297.678,18.98045244,19.14067067427013,0.16021823427012905
2,15.0,3298.16,18.98607685,19.143987641264445,0.1579107912644453
2,15.0,3298.642,18.97161431,19.147312327988605,0.17569801798860496
2,15.0,3299.125,18.99098986,19.150651222432412,0.1596613624324128
2,15.0,3299.607,18.98387603,19.15399006545685,0.170114035456848
2,15.0,3300.089,19.01481668,19.157335329151255,0.14251864915125623
2,15.0,3300.571,18.99190052,19.16068657966498,0.16878605966497773
2,15.0,3301.053,18.99036671,19.16404338268256,0.1736766726825607
2,15.0,3301.535,19.01102279,19.16740530348358,0.15638251348358168
2,15.0,3302.017,19.02323103,19.170771907002454,0.14754087700245222
2,15.0,3302.499,19.0326382,19.17414275788829,0.14150455788828964
2,15.0,3302.981,19.02439519,19.17751742056447,0.15312223056447039
2,15.0,3303.464,19.05554809,19.180902470874596,0.12535438087459738
2,15.0,3303.946,19.02998739,19.184283455444355,0.15429606544435615
2,15.0,3304.428,19.05055822,19.18766694341283,0.13710872341282965
2,15.0,3304.91,19.04403458,19.19105249889691,0.14701791889690696
2,15.0,3305.392,19.04900942,19.194439686085442,0.14543026608544096
2,15.0,3305.874,19.04311864,19.197828069298673,0.15470942929867348
2,15.0,3306.356,19.0570993,19.201217213047144,0.14411791304714328
2,15.0,3306.838,19.06016484,19.20460668209086,0.14444184209085975
2,15.0,3307.321,19.05056369,19.20800307294864,0.15743938294863824
2,15.0,3307.802,19.07870494,19.211384856704417,0.13267991670441504
2,15.0,3308.285,19.04295503,19.21477972095998,0.17182469095997988
2,15.0,3308.767,19.06480837,19.21816614245168,0.15335777245167748
2,15.0,3309.249,19.0508168,19.221550717938396,0.17073391793839576
2,15.0,3309.731,19.06465429,19.224933014909745,0.1602787249097446
2,15.0,3310.213,19.06951086,19.22831260151408,0.158801741514079
2,15.0,3310.695,19.06055035,19.231689046616257,0.17113869661625714
2,15.0,3311.177,19.06412591,19.235061919855294,0.17093600985529278
2,15.0,3311.659,19.07341223,19.238430791701784,0.16501856170178542
2,15.0,3312.142,19.08685512,19.241802208782865,0.15494708878286545
2,15.0,3312.624,19.06729065,19.245161782345807,0.17787113234580687
2,15.0,3313.106,19.10169608,19.248516070604186,0.14681999060418605
2,15.0,3313.588,19.10555088,19.251864647927146,0.1463137679271469
2,15.0,3314.07,19.10105136,19.255207089799438,0.15415572979943803
2,15.0,3314.552,19.10522934,19.258542972877585,0.15331363287758393
2,15.0,3315.034,19.10619201,19.261871875045696,0.15567986504569475
2,15.0,3315.516,19.13147948,19.265193375471092,0.13371389547109302
2,15.0,3315.999,19.11776318,19.268513921092342,0.15075074109234166
2,15.0,3316.481,19.11590263,19.271819343416045,0.15591671341604396
2,15.0,3316.963,19.12496561,19.275116108887733,0.1501504988877329
2,15.0,3317.445,19.13584628,19.278403802361712,0.14255752236171304
2,15.0,3317.927,19.13837211,19.281682010249735,0.14330990024973644
2,15.0,3318.409,19.14087394,19.284950320574904,0.14407638057490502
2,15.0,3318.891,19.13261408,19.28820832302544,0.15559424302544045
2,15.0,3319.373,19.15194097,19.291455609007972,0.13951463900797378
2,15.0,3319.855,19.14708078,19.29469177170067,0.14761099170067027
2,15.0,3320.338,19.16584117,19.297923083955215,0.13208191395521496
2,15.0,3320.82,19.15607176,19.30113576178049,0.14506400178049006
2,15.0,3321.302,19.15905658,19.304336106175,0.14527952617499906
2,15.0,3321.784,19.17490332,19.307523717931343,0.13262039793134406
2,15.0,3322.266,19.17969288,19.310698199874192,0.13100531987419117
2,15.0,3322.748,19.16469666,19.31385915691134,0.14916249691134098
2,15.0,3323.23,19.20145825,19.317006196084506,0.11554794608450436
2,15.0,3323.712,19.19421385,19.320138926619634,0.1259250766196338
2,15.0,3324.195,19.21487917,19.323263413379745,0.10838424337974573
2,15.0,3324.677,19.18687797,19.326366331609947,0.1394883616099456
2,15.0,3325.159,19.19316377,19.329453781689512,0.1362900116895105
2,15.0,3325.641,19.21644061,19.33252538208279,0.11608477208278956
2,15.0,3326.123,19.20562281,19.33558075368461,0.12995794368460878
2,15.0,3326.605,19.20062168,19.338619519868615,0.13799783986861414
2,15.0,3327.087,19.22171465,19.341641306534882,0.11992665653488288
2,15.0,3327.569,19.22723348,19.34464574215722,0.11741226215722023
2,15.0,3328.052,19.20571924,19.3476386356613,0.14191939566130074
2,15.0,3328.534,19.20587076,19.350607227244332,0.1447364672443321
2,15.0,3329.016,19.21201477,19.35355736836304,0.14154259836304206
2,15.0,3329.498,19.19469263,19.356488698256896,0.16179606825689774
2,15.0,3329.98,19.20188151,19.359400858969565,0.157519348969565
2,15.0,3330.462,19.21720648,19.362293495393725,0.14508701539372382
2,15.0,3330.944,19.21909513,19.365166255315405,0.14607112531540523
2,15.0,3331.426,19.23062005,19.368018789457885,0.13739873945788617
2,15.0,3331.908,19.22099074,19.370850751525232,0.14986001152523087
2,15.0,3332.391,19.22160481,19.373667608314364,0.15206279831436476
2,15.0,3332.873,19.22506473,19.376457355030983,0.15139262503098294
2,15.0,3333.355,19.22847603,19.379225508400918,0.15074947840091824
2,15.0,3333.837,19.22818257,19.381971734483447,0.15378916448344526
2,15.0,3334.319,19.26717342,19.384695702529257,0.1175222825292579
2,15.0,3334.801,19.23884602,19.38739708502116,0.14855106502115945
2,15.0,3335.283,19.2480113,19.39007555771429,0.14206425771428854
2,15.0,3335.765,19.24937555,19.39273079967586,0.1433552496758601
2,15.0,3336.248,19.27214102,19.395367928572874,0.12322690857287455
2,15.0,3336.729,19.27208019,19.397970324468943,0.1258901344689427
2,15.0,3337.212,19.26257156,19.400559317290824,0.1379877572908228
2,15.0,3337.694,19.29274449,19.40311844349854,0.11037395349853796
2,15.0,3338.176,19.26986176,19.405652784723465,0.1357910247234635
2,15.0,3338.658,19.26415442,19.408162040720576,0.1440076207205756
2,15.0,3339.14,19.26756128,19.41064591482162,0.1430846348216228
2,15.0,3339.622,19.30316278,19.413104113970917,0.10994133397091588
2,15.0,3340.104,19.28760725,19.415536348760703,0.1279290987607027
2,15.0,3340.586,19.27750723,19.417942333465817,0.14043510346581556
2,15.0,3341.069,19.27443941,19.420326694928022,0.1458872849280226
2,15.0,3341.551,19.3030335,19.42267928128003,0.11964578128002756
2,15.0,3342.033,19.307775,19.42500478224232,0.11722978224231895
2,15.0,3342.515,19.32756373,19.427302927165606,0.09973919716560431
2,15.0,3342.997,19.31862003,19.42957344924945,0.1109534192494479
2,15.0,3343.479,19.31115959,19.43181608557367,0.12065649557366953
2,15.0,3343.961,19.32891253,19.434030577129587,0.1051180471295865
2,15.0,3344.443,19.33857082,19.43621666885048,0.09764584885047967
2,15.0,3344.926,19.31366941,19.43837855570532,0.12470914570532088
2,15.0,3345.408,19.33825614,19.440507038265192,0.10225089826519351
2,15.0,3345.89,19.34003102,19.44260637923924,0.1025753592392391
2,15.0,3346.372,19.33490189,19.444676339631823,0.10977444963182137
2,15.0,3346.854,19.3445323,19.446716684533907,0.10218438453390633
2,15.0,3347.336,19.34596573,19.448727183150346,0.10276145315034668
2,15.0,3347.818,19.34482866,19.45070760882655,0.10587894882655036
2,15.0,3348.3,19.34682599,19.45265773907467,0.10583174907467097
2,15.0,3348.782,19.34891326,19.454577355599188,0.1056640955991881
2,15.0,3349.265,19.35236759,19.45647013109044,0.10410254109044104
2,15.0,3349.747,19.35042349,19.45832801777383,0.10790452777382953
2,15.0,3350.229,19.31979059,19.46015476082634,0.14036417082634145
2,15.0,3350.711,19.35890908,19.46195015897519,0.10304107897518833
2,15.0,3351.193,19.35564404,19.4637140152595,0.10806997525950024
2,15.0,3351.675,19.35489278,19.465446137052364,0.11055335705236402
2,15.0,3352.157,19.34356082,19.46714633608251,0.12358551608251034
2,15.0,3352.639,19.36172453,19.46881442845536,0.1070898984553601
2,15.0,3353.122,19.35729573,19.470453594778682,0.11315786477868173
2,15.0,3353.604,19.35803993,19.472056872235587,0.11401694223558678
2,15.0,3354.086,19.3440826,19.473627517463722,0.129544917463722
2,15.0,3354.568,19.35752142,19.475165364283164,0.11764394428316294
2,15.0,3355.05,19.35509947,19.476670250987322,0.12157078098732299
2,15.0,3355.532,19.35324641,19.478142020360245,0.12489561036024455
2,15.0,3356.014,19.3520591,19.479580519693897,0.1275214196938954
2,15.0,3356.496,19.34638355,19.4809856008042,0.13460205080420096
2,15.0,3356.979,19.35478724,19.48235993053799,0.12757269053798836
2,15.0,3357.461,19.36882237,19.483697678764155,0.11487530876415519
2,15.0,3357.943,19.35185005,19.485001591240465,0.13315154124046558
2,15.0,3358.425,19.34974289,19.486271538041123,0.13652864804112141
2,15.0,3358.907,19.33877086,19.48750739383753,0.14873653383752838
2,15.0,3359.389,19.3618038,19.488709037911182,0.12690523791118125
2,15.0,3359.871,19.36046445,19.489876354165993,0.12941190416599468
2,15.0,3360.353,19.35806702,19.49100923114001,0.13294221114000848
2,15.0,3360.835,19.38435971,19.492107562016226,0.10774785201622805
2,15.0,3361.318,19.37630192,19.49317341535858,0.11687149535858055
2,15.0,3361.8,19.36226729,19.494202280036024,0.13193499003602582
2,15.0,3362.282,19.38431887,19.495196305949783,0.1108774359497815
2,15.0,3362.764,19.38169146,19.49615540497197,0.11446394497196977
2,15.0,3363.246,19.36715726,19.497079493666277,0.12992223366627798
2,15.0,3363.728,19.37507046,19.49796849329555,0.12289803329554871
2,15.0,3364.21,19.35939521,19.49882232982858,0.13942711982858214
2,15.0,3364.692,19.38917832,19.499640933946495,0.11046261394649548
2,15.0,3365.174,19.41186015,19.500424241048407,0.08856409104840779
2,15.0,3365.656,19.40370059,19.50117219125665,0.09747160125665033
2,15.0,3366.139,19.39866674,19.501886170869614,0.10321943086961483
2,15.0,3366.621,19.39780968,19.502563172949237,0.10475349294923575
2,15.0,3367.103,19.38079543,19.50320466679333,0.12240923679333093
2,15.0,3367.585,19.40472328,19.503810611465855,0.09908733146585647
2,15.0,3368.067,19.4122039,19.504380970770608,0.09217707077060666
2,15.0,3368.549,19.40656463,19.504915713252753,0.09835108325275499
2,15.0,3369.031,19.39257832,19.50541481219972,0.11283649219972247
2,15.0,3369.513,19.42149344,19.505878245641632,0.08438480564163342
2,15.0,3369.996,19.41285768,19.506306846699076,0.09344916669907732
2,15.0,3370.478,19.40736161,19.506698828123916,0.09933721812391738
2,15.0,3370.96,19.41438785,19.507055106573503,0.0926672565735025
2,15.0,3371.442,19.42567609,19.5073756790501,0.08169958905009977
2,15.0,3371.924,19.45202061,19.507660547291525,0.05563993729152372
2,15.0,3372.406,19.40964225,19.507909717767873,0.09826746776787232
2,15.0,3372.888,19.42314649,19.50812320167786,0.0849767116778608
2,15.0,3373.37,19.4245806,19.50830101494432,0.08372041494432025
2,15.0,3373.853,19.41271906,19.508443436112525,0.09572437611252482
2,15.0,3374.335,19.4140661,19.50854990085125,0.09448380085125052
2,15.0,3374.817,19.42223509,19.50862077107461,0.08638568107460998
2,15.0,3375.299,19.41991936,19.508656081556317,0.08873672155631596
2,15.0,3375.781,19.43827072,19.50865587176351,0.07038515176351012
2,15.0,3376.263,19.42613358,19.508620185848898,0.08248660584889933
2,15.0,3376.745,19.41653504,19.508549072642293,0.09201403264229313
2,15.0,3377.227,19.41330619,19.50844258564152,0.09513639564152143
2,15.0,3377.709,19.42584699,19.508300783002717,0.08245379300271694
2,15.0,3378.192,19.41320701,19.508123323596124,0.09491631359612285
2,15.0,3378.674,19.41821399,19.507911009806463,0.0896970198064615
2,15.0,3379.156,19.4206235,19.507663582847055,0.08704008284705367
2,15.0,3379.638,19.42776965,19.507381119409335,0.07961146940933617
2,15.0,3380.12,19.44053313,19.507063700786272,0.06653057078627356
2,15.0,3380.602,19.41493547,19.506711412859314,0.09177594285931434
2,15.0,3381.084,19.40775632,19.506324346084707,0.09856802608470616
2,15.0,3381.566,19.42875723,19.505902595479334,0.07714536547933548
2,15.0,3382.049,19.41801948,19.50544527797423,0.08742579797422678
2,15.0,3382.531,19.43752592,19.50495439150158,0.06742847150158227
2,15.0,3383.013,19.42678326,19.504429133691765,0.07764587369176468
2,15.0,3383.495,19.41991679,19.503869617659994,0.08395282765999568
2,15.0,3383.977,19.41606514,19.503275961002473,0.08721082100247202
2,15.0,3384.459,19.40312264,19.502648285778942,0.09952564577894307
2,15.0,3384.941,19.40318961,19.50198671849449,0.09879710849449097
2,15.0,3385.423,19.42066306,19.501291390080848,0.0806283300808488
2,15.0,3385.906,19.40128851,19.50056088866638,0.09927237866638094
2,15.0,3386.387,19.40063097,19.499799995610477,0.09916902561047536
2,15.0,3386.87,19.39577998,19.49900252781773,0.10322254781772955
2,15.0,3387.352,19.40560286,19.49817348334502,0.09257062334502209
2,15.0,3387.834,19.39615999,19.49731139843139,0.10115140843138803
2,15.0,3388.316,19.38767965,19.49641643015475,0.10873678015475008
2,15.0,3388.798,19.39084005,19.495488739873622,0.10464868987362053
2,15.0,3389.28,19.40895363,19.494528493204214,0.08557486320421503
2,15.0,3389.762,19.3935437,19.493535859996832,0.09999215999683386
2,15.0,3390.244,19.38089833,19.49251101431183,0.11161268431182947
2,15.0,3390.727,19.40481326,19.491451908524503,0.08663864852450232
2,15.0,3391.209,19.3913738,19.490363110892098,0.09898931089209739
2,15.0,3391.691,19.40608271,19.489242648366485,0.08315993836648516
2,15.0,3392.173,19.40006165,19.488090711605803,0.08802906160580193
2,15.0,3392.655,19.41312395,19.486907495350106,0.073783545350107
2,15.0,3393.137,19.40264144,19.485693198394312,0.083051758394312
2,15.0,3393.619,19.40160409,19.48444802356038,0.08284393356037967
2,15.0,3394.101,19.40336257,19.483172177669275,0.0798096076692758
2,15.0,3394.583,19.38362981,19.48186587151228,0.09823606151228148
2,15.0,3395.066,19.41026876,19.48052651560387,0.07025775560386904
2,15.0,3395.548,19.41594833,19.479159874957382,0.06321154495738313
2,15.0,3396.03,19.3968229,19.477763430412317,0.08094053041231675
2,15.0,3396.512,19.387571,19.47633740835268,0.08876640835267935
2,15.0,3396.994,19.38140848,19.474882038982038,0.09347355898203702
2,15.0,3397.476,19.3885529,19.473397556291932,0.08484465629193139
2,15.0,3397.958,19.40572786,19.471884198029866,0.06615633802986665
2,15.0,3398.44,19.387328,19.470342205666682,0.08301420566668227
2,15.0,3398.923,19.38358894,19.46876853697293,0.08517959697293165
2,15.0,3399.405,19.3992365,19.46716995742741,0.06793345742740797
2,15.0,3399.887,19.3961511,19.46554349072893,0.06939239072892889
2,15.0,3400.369,19.3797732,19.463889392914673,0.08411619291467431
2,15.0,3400.851,19.3876475,19.46220792357557,0.07456042357556925
2,15.0,3401.333,19.38464602,19.46049934582097,0.07585332582096882
2,15.0,3401.815,19.38019234,19.458763926242902,0.0785715862429015
2,15.0,3402.297,19.3688926,19.457001934879973,0.08810933487997374
2,15.0,3402.78,19.37338604,19.455209907890442,0.08182386789044216
2,15.0,3403.262,19.37184804,19.453395542979564,0.08154750297956426
2,15.0,3403.744,19.37383134,19.451555437295053,0.0777240972950537
2,15.0,3404.226,19.37925279,19.449689874298002,0.07043708429800333
2,15.0,3404.708,19.35968445,19.447799140708582,0.0881146907085828
2,15.0,3405.19,19.36137433,19.445883526467394,0.08450919646739408
2,15.0,3405.672,19.33824188,19.44394332469622,0.10570144469621923
2,15.0,3406.154,19.3321514,19.44197883165862,0.10982743165861919
2,15.0,3406.636,19.35831662,19.439990346719878,0.08167372671987749
2,15.0,3407.119,19.33030351,19.437973973257193,0.1076704632571932
2,15.0,3407.601,19.34298135,19.435938366621883,0.09295701662188449
2,15.0,3408.083,19.34034716,19.4338796850293,0.09353252502929976
2,15.0,3408.565,19.32579278,19.431798239850437,0.10600545985043652
2,15.0,3409.047,19.32947482,19.429694345352324,0.10021952535232259
2,15.0,3409.529,19.33949077,19.427568318655762,0.088077548655761
2,15.0,3410.011,19.3305073,19.42542047969274,0.09491317969273894
2,15.0,3410.493,19.3270129,19.423251151163388,0.09623825116338836
2,15.0,3410.976,19.34736363,19.421056092129124,0.07369246212912373
2,15.0,3411.458,19.33752203,19.41884472053761,0.08132269053761121
2,15.0,3411.94,19.3241246,19.416612844342687,0.09248824434268599
2,15.0,3412.422,19.33906467,19.41436079688543,0.07529612688542997
2,15.0,3412.904,19.34424236,19.412088914054618,0.06784655405461848
2,15.0,3413.386,19.34692606,19.409797534241864,0.06287147424186301
2,15.0,3413.868,19.34613964,19.40748699829605,0.0613473582960502
2,15.0,3414.35,19.34498336,19.40515764947767,0.06017428947766845
2,15.0,3414.833,19.33283259,19.402804943469437,0.06997235346943853
2,15.0,3415.314,19.33600131,19.400443898046692,0.0644425880466919
2,15.0,3415.797,19.34003927,19.398055229925486,0.05801595992548769
2,15.0,3416.279,19.35360127,19.395654073069775,0.04205280306977599
2,15.0,3416.761,19.33765709,19.393235854933803,0.055578764933802205
2,15.0,3417.243,19.3273234,19.390800932274505,0.06347753227450426
2,15.0,3417.725,19.35170059,19.388349663931702,0.03664907393170225
2,15.0,3418.207,19.32604584,19.38588241077991,0.059836570779911114
2,15.0,3418.689,19.32939786,19.383399535680155,0.054001675680154904
2,15.0,3419.171,19.33208416,19.380901403431118,0.04881724343111671
2,15.0,3419.654,19.31803602,19.378383151757046,0.060347131757044536
2,15.0,3420.136,19.31059999,19.375855577367656,0.06525558736765547
2,15.0,3420.618,19.36252328,19.373313852131446,0.01079057213144452
2,15.0,3421.1,19.30114785,19.370758348110176,0.06961049811017617
2,15.0,3421.582,19.32106368,19.368189439056206,0.047125759056203975
2,15.0,3422.064,19.2986931,19.365607500362497,0.06691440036249574
2,15.0,3422.546,19.31402662,19.36301290901216,0.04898628901215929
2,15.0,3423.028,19.30080558,19.36040604352799,0.05960046352799253
2,15.0,3423.51,19.29260476,19.35778728392165,0.06518252392164925
2,15.0,3423.993,19.27812862,19.355151542944245,0.07702292294424495
2,15.0,3424.475,19.29276623,19.352510118136973,0.05974388813697118
2,15.0,3424.957,19.30492895,19.349857948463555,0.04492899846355414
2,15.0,3425.439,19.29617997,19.347195419382107,0.051015449382106226
2,15.0,3425.921,19.29784547,19.344522917582793,0.046677447582794684
2,15.0,3426.403,19.30118608,19.341840830935887,0.040654750935885886
2,15.0,3426.885,19.290671,19.339149548439675,0.04847854843967525
2,15.0,3427.367,19.28039722,19.336449460168268,0.05605224016826682
2,15.0,3427.85,19.28842412,19.333735329443297,0.04531120944329814
2,15.0,3428.332,19.28876037,19.33101878764886,0.04225841764885985
2,15.0,3428.814,19.29044475,19.3282946170482,0.0378498670482017
2,15.0,3429.296,19.28843609,19.32556321149522,0.03712712149521735
2,15.0,3429.778,19.26500613,19.322824965656256,0.05781883565625634
2,15.0,3430.26,19.2732224,19.32008027495698,0.04685787495697724
2,15.0,3430.742,19.26772824,19.31732953552936,0.0496012955293601
2,15.0,3431.224,19.25299317,19.314573144158256,0.061579974158256334
2,15.0,3431.707,19.25620777,19.311805763486184,0.05559799348618455
2,15.0,3432.189,19.23934313,19.309039251265812,0.06969612126581026
2,15.0,3432.671,19.24109569,19.306268281667478,0.06517259166747635
2,15.0,3433.153,19.22323582,19.30349325355437,0.08025743355437243
2,15.0,3433.635,19.22563937,19.30071456617483,0.07507519617482927
2,15.0,3434.117,19.21664721,19.29793261910871,0.08128540910870896
2,15.0,3434.599,19.22568199,19.29514781221353,0.0694658222135267
2,15.0,3435.081,19.23736075,19.292360545570613,0.05499979557061252
2,15.0,3435.563,19.22388737,19.28957121943125,0.06568384943124883
2,15.0,3436.046,19.20490281,19.286774442289932,0.081871632289932
2,15.0,3436.528,19.22981697,19.28398219612635,0.05416522612634722
2,15.0,3437.01,19.21990259,19.281189092530983,0.061286502530983
2,15.0,3437.492,19.23769054,19.27839553189516,0.04070499189516141
2,15.0,3437.974,19.22765701,19.275601914510183,0.04794490451018163
2,15.0,3438.456,19.21185973,19.272808640513276,0.06094891051327522
2,15.0,3438.938,19.21766903,19.270016109833687,0.05234707983368736
2,15.0,3439.42,19.22678926,19.26722472213869,0.04043546213868865
2,15.0,3439.903,19.23272787,19.264429090598828,0.031701220598826296
2,15.0,3440.385,19.22847821,19.26164119099932,0.03316298099932169
2,15.0,3440.867,19.22672501,19.258855632101465,0.03213062210146589
2,15.0,3441.349,19.23412582,19.256072811984488,0.021946991984489017
2,15.0,3441.831,19.22732714,19.25329312819615,0.025965988196151812
2,15.0,3442.313,19.21911053,19.250516977699085,0.03140644769908718
2,15.0,3442.795,19.21663072,19.247744756817088,0.0311140368170868
2,15.0,3443.277,19.24025391,19.244976861181645,0.0047229511816446745
2,15.0,3443.76,19.21774199,19.242207958129132,0.02446596812913171
2,15.0,3444.241,19.22420462,19.23945562439338,0.015251004393380896
2,15.0,3444.724,19.22059215,19.236697365865314,0.016105215865312772
2,15.0,3445.206,19.21904765,19.233950724460012,0.014903074460011823
2,15.0,3445.688,19.19921463,19.23121037501489,0.03199574501488911
2,15.0,3446.17,19.2026157,19.228476707885005,0.02586100788500545
2,15.0,3446.652,19.19423688,19.22575011236074,0.03151323236074077
2,15.0,3447.134,19.18983288,19.22303097661494,0.03319809661493878
2,15.0,3447.616,19.18921188,19.220319687650427,0.031107807650428754
2,15.0,3448.098,19.16733068,19.217616631247587,0.050285951247587946
2,15.0,3448.581,19.16225,19.21491661101245,0.05266661101244807
2,15.0,3449.063,19.14204893,19.212231190993226,0.07018226099322433
2,15.0,3449.545,19.15073161,19.209555153811007,0.05882354381100541
2,15.0,3450.027,19.15995608,19.206888879832494,0.046932799832493544
2,15.0,3450.509,19.16506729,19.204232747942235,0.039165457942235804
2,15.0,3450.991,19.15636274,19.201587135491387,0.045224395491388236
2,15.0,3451.473,19.13340867,19.198952418246453,0.06554374824645137
2,15.0,3451.955,19.13416231,19.196328970338364,0.062166660338363045
2,15.0,3452.438,19.11517615,19.193711757885954,0.0785356078859536
2,15.0,3452.92,19.13503363,19.191111989555075,0.05607835955507667
2,15.0,3453.402,19.13216241,19.18852460339793,0.05636219339793058
2,15.0,3453.884,19.12917736,19.185949966494398,0.0567726064943983
2,15.0,3454.366,19.11433124,19.183388444037345,0.06905720403734605
2,15.0,3454.848,19.11460225,19.180840399283188,0.06623814928318694
2,15.0,3455.33,19.10735847,19.17830619350254,0.0709477235025382
2,15.0,3455.812,19.1037805,19.175786185931212,0.07200568593121304
2,15.0,3456.294,19.09679523,19.173280733721537,0.07648550372153551
2,15.0,3456.777,19.10846918,19.170785040539123,0.062315860539122525
2,15.0,3457.259,19.10171355,19.168309793965435,0.06659624396543506
2,15.0,3457.741,19.09676542,19.165850161951443,0.06908474195144265
2,15.0,3458.223,19.10150763,19.163406492829093,0.06189886282909285
2,15.0,3458.705,19.08179272,19.16097913260761,0.07918641260761206
2,15.0,3459.187,19.1146419,19.15856842492635,0.04392652492635207
2,15.0,3459.669,19.09830114,19.15617471100829,0.05787357100829027
2,15.0,3460.151,19.11374167,19.15379832961381,0.04005665961381055
2,15.0,3460.634,19.12084178,19.151434741998628,0.03059296199862871
2,15.0,3461.116,19.07826199,19.149094069547115,0.07083207954711312
2,15.0,3461.598,19.09614469,19.14677173135102,0.05062704135102081
2,15.0,3462.08,19.08970662,19.144468055858823,0.05476143585882198
2,15.0,3462.562,19.08236005,19.142183368830132,0.05982331883013359
2,15.0,3463.044,19.11863029,19.139917993291593,0.021287703291594795
2,15.0,3463.526,19.10304481,19.137672249493132,0.03462743949313207
2,15.0,3464.008,19.0959885,19.135446454864613,0.03945795486461279
2,15.0,3464.49,19.09333607,19.133240923972778,0.03990485397277865
2,15.0,3464.973,19.08315795,19.131051456978902,0.04789350697890171
2,15.0,3465.455,19.09702683,19.128887429243125,0.031860599243124454
2,15.0,3465.937,19.1019878,19.126744591973626,0.024756791973626235
2,15.0,3466.419,19.09086033,19.12462324785706,0.03376291785705732
2,15.0,3466.901,19.0736989,19.122523696508253,0.04882479650825289
2,15.0,3467.383,19.07464308,19.120446234429682,0.04580315442968086
2,15.0,3467.865,19.0723222,19.11839115497147,0.04606895497147079
2,15.0,3468.347,19.0638848,19.116358748291795,0.052473948291794414
2,15.0,3468.83,19.05995878,19.114345156404465,0.054386376404465864
2,15.0,3469.312,19.06238177,19.112359001308597,0.0499772313085991
2,15.0,3469.794,19.05174321,19.11039637050308,0.05865316050307712
2,15.0,3470.276,19.05999948,19.108457540984492,0.04845806098449401
2,15.0,3470.758,19.0487957,19.106542786366237,0.05774708636623771
2,15.0,3471.24,19.0558207,19.10465237684186,0.048831676841857075
2,15.0,3471.722,19.05891288,19.102786579148635,0.043873699148633705
2,15.0,3472.204,19.0590144,19.100945656531778,0.04193125653177887
2,15.0,3472.687,19.04631706,19.09912612782034,0.05280906782034123
2,15.0,3473.168,19.04241469,19.09733947183636,0.05492478183635896
2,15.0,3473.651,19.0405521,19.095571083988148,0.05501898398814831
2,15.0,3474.133,19.05374833,19.09383227703698,0.040083947036979595
2,15.0,3474.615,19.05535226,19.09211960829365,0.036767348293651025
2,15.0,3475.097,19.04554182,19.090433319319185,0.0448914993191849
2,15.0,3475.579,19.0531057,19.088773647945914,0.03566794794591388
2,15.0,3476.061,19.05353074,19.087140828245758,0.03361008824575862
2,15.0,3476.543,19.0422824,19.085535090499114,0.043252690499112845
2,15.0,3477.025,19.03358244,19.083956661164102,0.05037422116410184
2,15.0,3477.508,19.02339145,19.082402573986126,0.059011123986127956
2,15.0,3477.99,19.02933608,19.080879483207088,0.051543403207087835
2,15.0,3478.472,19.02534739,19.079384357424676,0.05403696742467545
2,15.0,3478.954,19.04181686,19.0779174075049,0.03610054750489766
2,15.0,3479.436,19.05154249,19.076478840346702,0.02493635034670305
2,15.0,3479.918,19.02935571,19.075068858854706,0.045713148854705565
2,15.0,3480.4,19.03144876,19.07368766191254,0.04223890191254043
2,15.0,3480.882,19.01384468,19.072335444356685,0.05849076435668721
2,15.0,3481.365,19.0203685,19.071009682491812,0.050641182491812486
2,15.0,3481.847,19.01502693,19.069716052999905,0.05468912299990336
2,15.0,3482.329,19.03525487,19.06845196324306,0.03319709324306075
2,15.0,3482.811,19.01484416,19.067217591611197,0.052373431611197674
2,15.0,3483.293,19.0175255,19.066013112325308,0.04848761232530663
2,15.0,3483.775,18.99823234,19.064838695414913,0.06660635541491189
2,15.0,3484.257,19.01478286,19.063694506696066,0.04891164669606596
2,15.0,3484.739,19.02255904,19.062580707750033,0.040021667750032464
2,15.0,3485.221,19.00974211,19.06149745590261,0.05175534590260966
2,15.0,3485.704,19.01955263,19.06044275250328,0.04089012250328139
2,15.0,3486.186,19.00755391,19.059421113861717,0.05186720386171828
2,15.0,3486.668,19.02226643,19.058430468859914,0.03616403885991559
2,15.0,3487.15,18.98876638,19.057470957597513,0.06870457759751147
2,15.0,3487.632,18.99931187,19.05654271582421,0.05723084582421123
2,15.0,3488.114,18.99050876,19.055645874922757,0.06513711492275576
2,15.0,3488.596,18.9747941,19.05478056189254,0.07998646189253833
2,15.0,3489.078,18.98767916,19.053946899333937,0.06626773933393793
2,15.0,3489.561,18.98017578,19.053143374855953,0.07296759485595317
2,15.0,3490.043,18.98896354,19.052373429631828,0.06340988963182781
2,15.0,3490.525,18.98060479,19.051635476360417,0.07103068636041598
2,15.0,3491.007,18.98912372,19.050929619892027,0.061805899892029004
2,15.0,3491.489,18.98661024,19.050255960608748,0.06364572060874707
2,15.0,3491.971,18.96636746,19.04961459441265,0.0832471344126482
2,15.0,3492.453,18.99031772,19.049005612714538,0.05868789271453778
2,15.0,3492.935,18.98706116,19.048429102423313,0.06136794242331334
2,15.0,3493.417,18.99185392,19.04788514593608,0.05603122593607779
2,15.0,3493.9,19.00105263,19.04737279426121,0.04632016426121055
2,15.0,3494.382,18.99292065,19.04689424240618,0.05397359240618016
2,15.0,3494.864,18.98977917,19.046448464524158,0.05666929452415914
2,15.0,3495.346,18.98430999,19.046035524869325,0.06172553486932486
2,15.0,3495.828,19.0071368,19.045655483144223,0.03851868314422191
2,15.0,3496.31,19.00458707,19.04530839449371,0.04072132449370969
2,15.0,3496.792,18.97770829,19.04499430949966,0.06728601949966162
2,15.0,3497.274,18.98808011,19.044713274176203,0.05663316417620479
2,15.0,3497.757,18.98543627,19.044464849983207,0.05902857998320599
2,15.0,3498.239,18.97694088,19.044250102518678,0.0673092225186771
2,15.0,3498.721,18.99908602,19.04406851538646,0.04498249538645993
2,15.0,3499.203,19.00052002,19.043920116286845,0.04340009628684527
2,15.0,3499.685,19.01061055,19.043804928338947,0.03319437833894767
2,15.0,3500.167,19.01239456,19.043722970079962,0.031328410079961344
2,15.0,3500.649,18.98094698,19.043674255465152,0.06272727546515355
2,15.0,3501.131,19.03044311,19.04365879386835,0.01321568386834926
2,15.0,3501.614,19.01146854,19.043676661577283,0.03220812157728403
2,15.0,3502.095,19.03634969,19.043727644325752,0.007377954325750835
2,15.0,3502.578,19.03299912,19.043812161709862,0.010813041709862858
2,15.0,3503.06,19.02845573,19.043929783314663,0.015474053314662228
2,15.0,3503.542,19.02873644,19.04408063612088,0.015344196120882003
2,15.0,3504.024,19.02187244,19.04426470205429,0.022392262054289347
2,15.0,3504.506,19.00872288,19.044481958481956,0.0357590784819557
2,15.0,3504.988,19.02420652,19.04473237821815,0.020525858218150006
2,15.0,3505.47,19.0066664,19.045015929530724,0.03834952953072346
2,15.0,3505.952,19.01497503,19.04533257614845,0.03035754614845132
2,15.0,3506.435,19.0090625,19.045683037119083,0.03662053711908442
2,15.0,3506.917,18.99793121,19.0460658158499,0.04813460584989926
2,15.0,3507.399,19.01039056,19.04648155381032,0.036090993810319105
2,15.0,3507.881,19.004442,19.046930196647697,0.042488196647695986
2,15.0,3508.363,19.00114268,19.04741168551571,0.04626900551570756
2,15.0,3508.845,19.00635133,19.047925957085482,0.0415746270854811
2,15.0,3509.327,19.00460673,19.048472943557183,0.0438662135571839
2,15.0,3509.809,18.97562789,19.04905257267239,0.07342468267239255
2,15.0,3510.292,18.9933125,19.04966607163785,0.05635357163785315
2,15.0,3510.774,18.99262577,19.05031081880406,0.05768504880406056
2,15.0,3511.256,18.9853836,19.050987965037233,0.06560436503723466
2,15.0,3511.738,18.99216774,19.051697420371053,0.05952968037105322
2,15.0,3512.22,18.99366936,19.052439090451582,0.05876973045158351
2,15.0,3512.702,18.98355343,19.053212876553317,0.06965944655331668
2,15.0,3513.184,18.97899832,19.054018675595973,0.07502035559597431
2,15.0,3513.666,19.00245338,19.054856380161652,0.05240300016165378
2,15.0,3514.148,18.98164497,19.055725878512842,0.07408090851284044
2,15.0,3514.631,19.00190364,19.05662895711697,0.05472531711697215
2,15.0,3515.113,18.99708586,19.057561755984935,0.0604758959849363
2,15.0,3515.595,18.99611892,19.058525987433168,0.06240706743316693
2,15.0,3516.077,19.02837942,19.059521522627946,0.031142102627946144
2,15.0,3516.559,19.00638424,19.06054822851448,0.05416398851448179
2,15.0,3517.041,19.03617666,19.06160596783846,0.025429307838461312
2,15.0,3517.523,19.04564591,19.062694599168143,0.01704868916814206
2,15.0,3518.005,19.0350728,19.06381397691698,0.02874117691698075
2,15.0,3518.488,19.04203412,19.064966368905132,0.022932248905132013
2,15.0,3518.97,19.03743244,19.066146849226993,0.028714409226992643
2,15.0,3519.452,19.05958114,19.067357614183074,0.007776474183074811
2,15.0,3519.934,19.04536372,19.068598501797396,0.023234781797395243
2,15.0,3520.416,19.06126858,19.06986934606116,0.00860076606116067
2,15.0,3520.898,19.03717518,19.07116997695873,0.03399479695872998
2,15.0,3521.38,19.06356963,19.0725002204944,0.008930590494401258
2,15.0,3521.862,19.0771478,19.07385989871936,-0.0032879012806397157
2,15.0,3522.344,19.06472417,19.075248829759552,0.010524659759550303
2,15.0,3522.827,19.07331138,19.076669799832786,0.0033584198327858417
2,15.0,3523.309,19.06569018,19.078116735033543,0.012426555033542286
2,15.0,3523.791,19.03772359,19.079592353755146,0.04186876375514714
2,15.0,3524.273,19.06903436,19.081096458702056,0.012062098702056545
2,15.0,3524.755,19.07002116,19.082628848799995,0.012607688799995742
2,15.0,3525.237,19.08094209,19.084189319226727,0.003247229226726489
2,15.0,3525.719,19.05928925,19.08577766144338,0.02648841144338121
2,15.0,3526.201,19.06533556,19.087393663226393,0.022058103226392234
2,15.0,3526.684,19.06810157,19.089040546713644,0.02093897671364431
2,15.0,3527.166,19.06403908,19.09071127263289,0.026672192632890557
2,15.0,3527.648,19.05205879,19.092408999198597,0.04035020919859633
2,15.0,3528.13,19.05752088,19.09413349976917,0.03661261976917274
2,15.0,3528.612,19.04245253,19.09588454418489,0.053432014184892296
2,15.0,3529.094,19.04892236,19.097661898802684,0.048739538802685445
2,15.0,3529.576,19.05113411,19.099465326531245,0.0483312165312455
2,15.0,3530.058,19.05296955,19.101294586866768,0.04832503686676759
2,15.0,3530.541,19.05405865,19.103153310592035,0.049094660592032824
2,15.0,3531.022,19.04907254,19.105029626497792,0.05595708649779141
2,15.0,3531.505,19.04957621,19.106938886822867,0.057362676822865666
2,15.0,3531.987,19.05162366,19.108869056833452,0.05724539683345142
2,15.0,3532.469,19.04921356,19.110823806486078,0.06161024648607949
2,15.0,3532.951,19.06779684,19.112802875568512,0.04500603556851246
2,15.0,3533.433,19.05567925,19.114806000717763,0.05912675071776263
2,15.0,3533.915,19.06552932,19.116832915459206,0.051303595459206264
2,15.0,3534.397,19.07959928,19.118883350246076,0.03928407024607594
2,15.0,3534.879,19.08144537,19.12095703249928,0.03951166249927951
2,15.0,3535.362,19.08440506,19.123058060239007,0.03865300023900531
2,15.0,3535.844,19.0670789,19.125177454550066,0.058098554550067405
2,15.0,3536.326,19.11709983,19.12731926021369,0.010219430213687986
2,15.0,3536.808,19.11642652,19.129483192921782,0.013056672921781143
2,15.0,3537.29,19.09385951,19.131668965538967,0.037809455538965864
2,15.0,3537.772,19.09925473,19.133876288144567,0.034621558144568354
2,15.0,3538.254,19.09677068,19.136104868075122,0.03933418807512368
2,15.0,3538.736,19.10839047,19.138354409967068,0.029963939967068143
2,15.0,3539.219,19.1098207,19.140629347042456,0.03080864704245556
2,15.0,3539.701,19.09383303,19.142919958115225,0.049086928115226414
2,15.0,3540.183,19.10715934,19.14523062865898,0.038071288658979796
2,15.0,3540.665,19.09884091,19.147561052938745,0.048720142938744715
2,15.0,3541.147,19.10057662,19.14991092273805,0.04933430273805328
2,15.0,3541.629,19.09891812,19.152279927403736,0.05336180740373564
2,15.0,3542.111,19.09527834,19.15466775389073,0.059389413890730935
2,15.0,3542.593,19.09977185,19.157074086807334,0.057302236807334594
2,15.0,3543.075,19.10932163,19.159498608460698,0.050176978460697796
2,15.0,3543.558,19.12721392,19.161946084454105,0.03473216445410543
2,15.0,3544.04,19.10458582,19.164406057594253,0.059820237594252035
2,15.0,3544.522,19.11689122,19.166883252369356,0.049992032369356565
2,15.0,3545.004,19.12043319,19.169377342337647,0.04894415233764704
2,15.0,3545.486,19.12716586,19.171887998987568,0.044722138987566495
2,15.0,3545.968,19.10541402,19.174414891784718,0.06900087178471637
2,15.0,3546.45,19.1298246,19.176957688219176,0.0471330882191765
2,15.0,3546.932,19.11066547,19.179516053852762,0.0688505838527611
2,15.0,3547.415,19.1276575,19.182095007383072,0.05443750738307074
2,15.0,3547.897,19.15752076,19.18468353117533,0.02716277117533039
2,15.0,3548.379,19.15019073,19.187286609053462,0.037095879053463676
2,15.0,3548.861,19.15145331,19.1899038993414,0.038450589341398
2,15.0,3549.343,19.14802365,19.19253505867504,0.04451140867504222
2,15.0,3549.825,19.18342915,19.195179742050993,0.011750592050994157
2,15.0,3550.307,19.17261374,19.197837602875126,0.025223862875126457
2,15.0,3550.789,19.18218464,19.200508293011616,0.01832365301161687
2,15.0,3551.271,19.16806937,19.203191462831928,0.035122092831926466
2,15.0,3551.754,19.16801469,19.20589236553287,0.03787767553286869
2,15.0,3552.236,19.17486231,19.20859946417502,0.03373715417501799
2,15.0,3552.718,19.16568746,19.211317984416375,0.045630524416374385
2,15.0,3553.2,19.17853907,19.21404757114825,0.035508501148250105
2,15.0,3553.682,19.17296965,19.21678786801663,0.043818218016632215
2,15.0,3554.164,19.18061946,19.21953851747194,0.03891905747194002
2,15.0,3554.646,19.17379221,19.222299160818995,0.048506950818996586
2,15.0,3555.128,19.1860492,19.225069438267035,0.03902023826703527
2,15.0,3555.611,19.18489461,19.2278547650711,0.04296015507109985
2,15.0,3556.093,19.18619418,19.230643245328377,0.04444906532837578
2,15.0,3556.575,19.17189851,19.233440273488142,0.061541763488143886
2,15.0,3557.057,19.18818128,19.236245485876925,0.04806420587692628
2,15.0,3557.539,19.21419036,19.239058517976847,0.02486815797684727
2,15.0,3558.021,19.1896476,19.241879004476047,0.05223140447604635
2,15.0,3558.503,19.21005057,19.24470657931914,0.03465600931913926
2,15.0,3558.985,19.19585304,19.24754087575773,0.05168783575772906
2,15.0,3559.468,19.22758462,19.250387426216825,0.022802806216827065
2,15.0,3559.949,19.21231139,19.253228163265334,0.04091677326533372
2,15.0,3560.432,19.22348771,19.256086340951178,0.032598630951177654
2,15.0,3560.914,19.24702872,19.25894385469993,0.011915134699929553
2,15.0,3561.396,19.21706966,19.26180624690765,0.04473658690764992
2,15.0,3561.878,19.25105084,19.264673147728033,0.013622307728031302
2,15.0,3562.36,19.23310444,19.26754418697555,0.03443974697554708
2,15.0,3562.842,19.24534314,19.270418994175998,0.025075854175998558
2,15.0,3563.324,19.2743076,19.27329719861695,-0.0010104013830485314
2,15.0,3563.806,19.26353527,19.276178429398215,0.012643159398216142
2,15.0,3564.289,19.26419247,19.2790683011511,0.01487583115109814
2,15.0,3564.771,19.30278323,19.281954475766423,-0.020828754233576774
2,15.0,3565.253,19.30069812,19.284842562628576,-0.015855557371423856
2,15.0,3565.735,19.30760163,19.287732190589814,-0.019869439410186374
2,15.0,3566.217,19.33613234,19.290622988566206,-0.0455093514337932
2,15.0,3566.699,19.31477992,19.293514585587673,-0.02126533441232681
2,15.0,3567.181,19.30283185,19.296406610847985,-0.006425239152015649
2,15.0,3567.663,19.32225806,19.29929869375466,-0.02295936624533823
2,15.0,3568.146,19.29595638,19.30219646292036,0.006240082920360379
2,15.0,3568.628,19.31721314,19.30508754864572,-0.012125591354280374
2,15.0,3569.11,19.2886935,19.307977581253855,0.01928408125385417
2,15.0,3569.592,19.30637532,19.310866191505383,0.004490871505382188
2,15.0,3570.074,19.29837162,19.313753010622772,0.015381390622771107
2,15.0,3570.556,19.29542307,19.31663767033958,0.021214600339583
2,15.0,3571.038,19.29420483,19.31951980294964,0.025314972949637138
2,15.0,3571.52,19.30559665,19.3223990413558,0.01680239135580308
2,15.0,3572.002,19.28424503,19.325275019118916,0.041029989118914756
2,15.0,3572.485,19.30996634,19.328153325718837,0.018186985718838145
2,15.0,3572.967,19.31991227,19.331021677093805,0.011109407093805146
2,15.0,3573.449,19.30066899,19.33388567218716,0.033216682187163116
2,15.0,3573.931,19.31611287,19.33674494767833,0.020632077678328642
2,15.0,3574.413,19.32412295,19.339599141146383,0.015476191146383655
2,15.0,3574.895,19.3112375,19.34244789111785,0.031210391117848957
2,15.0,3575.377,19.31521938,19.345290837114373,0.03007145711437431
2,15.0,3575.859,19.29368243,19.34812761969995,0.05444518969995116
2,15.0,3576.342,19.30583687,19.350963745411388,0.0451268754113876
2,15.0,3576.824,19.32304409,19.35378711263068,0.030743022630680628
2,15.0,3577.306,19.31324073,19.35660324411947,0.0433625141194689
2,15.0,3577.788,19.31088342,19.359411785084117,0.04852836508411684
2,15.0,3578.27,19.32398287,19.3622123820074,0.03822951200740121
2,15.0,3578.752,19.30487992,19.36500468269456,0.06012476269456002
2,15.0,3579.234,19.30070612,19.367788336319226,0.06708221631922484
2,15.0,3579.716,19.3160471,19.370562993468955,0.05451589346895602
2,15.0,3580.198,19.33223178,19.373328306190714,0.04109652619071369
2,15.0,3580.681,19.33311015,19.376089634780513,0.04297948478051339
2,15.0,3581.163,19.35124451,19.378835199671297,0.027590689671296076
2,15.0,3581.645,19.31873993,19.381570384770328,0.062830454770328
2,15.0,3582.127,19.35096393,19.384294848413894,0.03333091841389546
2,15.0,3582.609,19.34907044,19.3870082506207,0.037937810620700674
2,15.0,3583.091,19.34845242,19.38971025313559,0.04125783313558884
2,15.0,3583.573,19.38466928,19.39240051947299,0.007731239472988705
2,15.0,3584.055,19.36388994,19.395078714960192,0.031188774960192234
2,15.0,3584.538,19.36612679,19.39775002434514,0.03162323434514036
2,15.0,3585.02,19.37097121,19.400403054816206,0.0294318448162052
2,15.0,3585.502,19.37084548,19.40304302104274,0.03219754104274131
2,15.0,3585.984,19.37894443,19.405669596033356,0.026725166033354952
2,15.0,3586.466,19.36780108,19.408282454821016,0.04048137482101666
2,15.0,3586.948,19.38344383,19.410881274504302,0.027437444504300856
2,15.0,3587.43,19.3710785,19.41346573428856,0.042387234288561615
2,15.0,3587.912,19.37798042,19.416035515526524,0.03805509552652353
2,15.0,3588.395,19.35846982,19.41859558633936,0.060125766339361064
2,15.0,3588.876,19.37260417,19.421129778753127,0.048525608753127614
2,15.0,3589.359,19.37670942,19.423658854307632,0.04694943430763132
2,15.0,3589.841,19.3942781,19.4261667458689,0.031888645868900056
2,15.0,3590.323,19.40948104,19.42865839862391,0.019177358623910123
2,15.0,3590.805,19.40523831,19.43113350765025,0.025895197650250168
2,15.0,3591.287,19.43868565,19.43359177044829,-0.005093879551708369
2,15.0,3591.769,19.42793953,19.436032886979046,0.008093356979046007
2,15.0,3592.251,19.45457003,19.438456559701788,-0.01611347029821175
2,15.0,3592.733,19.43560885,19.440862493611014,0.0052536436110131035
2,15.0,3593.216,19.43383935,19.443255331483414,0.00941598148341427
2,15.0,3593.698,19.46681302,19.445624874764345,-0.021188145235655043
2,15.0,3594.18,19.44986826,19.44797580920049,-0.0018924507995095041
2,15.0,3594.662,19.44729418,19.450307850297477,0.0030136702974772334
2,15.0,3595.144,19.44070404,19.4526207162765,0.01191667627649906
2,15.0,3595.626,19.44881185,19.454914128109063,0.00610227810906494
2,15.0,3596.108,19.44467472,19.45718780955157,0.01251308955157171
2,15.0,3596.59,19.44005394,19.459441487179305,0.019387547179306353
2,15.0,3597.073,19.45666689,19.461679502775393,0.005012612775392
2,15.0,3597.555,19.44285426,19.46389232104814,0.02103806104813799
2,15.0,3598.037,19.46062367,19.466084331933452,0.005460661933451405
2,15.0,3598.519,19.44590039,19.468255273620706,0.022354883620707255
2,15.0,3599.001,19.45345929,19.470404887282367,0.016945597282365554
2,15.0,3599.483,19.44500723,19.4725329171055,0.02752568710549852
2,15.0,3599.965,19.43642501,19.474639110323015,0.038214100323013867
2,15.0,3600.447,19.4593487,19.476723217244274,0.0173745172442743
2,15.0,3600.929,19.47595465,19.478784991285455,0.002830341285456228
2,15.0,3601.412,19.45112254,19.480828396064794,0.029705856064794034
2,15.0,3601.894,19.46831537,19.482844729585445,0.014529359585445434
2,15.0,3602.376,19.45737133,19.48483800892308,0.027466678923079968
2,15.0,3602.858,19.46503407,19.486808000221902,0.021773930221900883
2,15.0,3603.34,19.47580456,19.488754472877822,0.0129499128778221
2,15.0,3603.822,19.47274498,19.49067719956604,0.0179322195660383
2,15.0,3604.304,19.4924972,19.492575956268336,7.875626833708793e-05
2,15.0,3604.786,19.46904658,19.494450522299754,0.025403942299753624
2,15.0,3605.269,19.4848775,19.496304493315975,0.011426993315975409
2,15.0,3605.751,19.49312368,19.49812997811182,0.005006298111819518
2,15.0,3606.233,19.47493828,19.49993063000869,0.02499235000869149
2,15.0,3606.715,19.49963375,19.501706241920004,0.002072491920003472
2,15.0,3607.197,19.48322433,19.503456610219278,0.02023228021927892
2,15.0,3607.679,19.51247105,19.50518153476407,-0.00728951523592869
2,15.0,3608.161,19.49279758,19.50688081891947,0.0140832389194685
2,15.0,3608.643,19.52416062,19.50855426958112,-0.015606350418881476
2,15.0,3609.125,19.53482352,19.51020169719782,-0.024621822802178173
2,15.0,3609.608,19.53764239,19.511826251946243,-0.02581613805375582
2,15.0,3610.09,19.53974567,19.513421024200614,-0.026324645799384427
2,15.0,3610.572,19.57195192,19.514989225926218,-0.05696269407378196
2,15.0,3611.054,19.58564047,19.516530682007726,-0.06910978799227507
2,15.0,3611.536,19.5720668,19.518045220988526,-0.05402157901147575
2,15.0,3612.018,19.60086226,19.5195326750904,-0.08132958490960007
2,15.0,3612.5,19.58552275,19.520992880232576,-0.06452986976742281
2,15.0,3612.982,19.61496997,19.522425676050634,-0.09254429394936636
2,15.0,3613.465,19.60312265,19.523833792567714,-0.0792888574322852
2,15.0,3613.947,19.59109336,19.52521124593515,-0.06588211406484845
2,15.0,3614.429,19.58254825,19.52656083105642,-0.05598741894358028
2,15.0,3614.911,19.57662617,19.527882402616836,-0.04874376738316499
2,15.0,3615.393,19.58829318,19.529175819104054,-0.05911736089594655
2,15.0,3615.875,19.59260592,19.530440942823706,-0.062164977176294656
2,15.0,3616.357,19.56249898,19.531677639914765,-0.03082134008523596
2,15.0,3616.839,19.55835208,19.53288578036412,-0.02546629963588032
2,15.0,3617.322,19.54033401,19.53406765512734,-0.006266354872657587
2,15.0,3617.803,19.5346219,19.53521589061021,0.0005939906102092607
2,15.0,3618.286,19.52710741,19.536339916839196,0.009232506839197185
2,15.0,3618.768,19.52499528,19.537432547677113,0.012437267677114505
2,15.0,3619.25,19.51324034,19.538496029782777,0.025255689782778035
2,15.0,3619.732,19.51994604,19.539530256520358,0.019584216520357245
2,15.0,3620.214,19.51093058,19.540535125191045,0.029604545191045162
2,15.0,3620.696,19.49161337,19.541510537043816,0.04989716704381664
2,15.0,3621.178,19.49433155,19.542456397285513,0.04812484728551425
2,15.0,3621.66,19.49671496,19.543372615090544,0.04665765509054509
2,15.0,3622.143,19.51132711,19.54426091183631,0.032933801836311005
2,15.0,3622.625,19.49353557,19.545117526272854,0.05158195627285522
2,15.0,3623.107,19.51056216,19.545944249531424,0.0353820895314243
2,15.0,3623.589,19.49795493,19.54674100675176,0.04878607675176028
2,15.0,3624.071,19.50688164,19.547507727082024,0.04062608708202475
2,15.0,3624.553,19.50962488,19.54824434368539,0.03861946368538938
2,15.0,3625.035,19.51084975,19.54895079374604,0.03810104374604251
2,15.0,3625.517,19.51604842,19.54962701847499,0.03357859847498901
2,15.0,3626.0,19.50244547,19.550274271737145,0.04782880173714332
2,15.0,3626.482,19.48808507,19.550889822590356,0.06280475259035612
2,15.0,3626.964,19.50324954,19.5514749958606,0.04822545586059945
2,15.0,3627.446,19.48477896,19.552029748919782,0.06725078891978242
2,15.0,3627.928,19.47780232,19.55255404318687,0.07475172318687129
2,15.0,3628.41,19.46708098,19.553047844130326,0.08596686413032728
2,15.0,3628.892,19.46832193,19.553511121270223,0.08518919127022428
2,15.0,3629.374,19.4530447,19.55394384817967,0.10089914817967127
2,15.0,3629.856,19.46141238,19.554346002485907,0.09293362248590853
2,15.0,3630.339,19.46609743,19.554718304939293,0.08862087493929138
2,15.0,3630.821,19.47524498,19.55505919963058,0.0798142196305811
2,15.0,3631.303,19.46992618,19.555369478909913,0.08544329890991165
2,15.0,3631.785,19.49683613,19.55564913662892,0.058813006628920306
2,15.0,3632.267,19.50343786,19.55589817069054,0.05246031069054169
2,15.0,3632.749,19.51867466,19.55611658304704,0.03744192304704086
2,15.0,3633.231,19.49977633,19.556304379697444,0.056528049697444516
2,15.0,3633.713,19.52500515,19.55646157068438,0.031456420684381925
2,15.0,3634.196,19.51391275,19.556588400956965,0.04267565095696568
2,15.0,3634.678,19.51106829,19.556684363492284,0.04561607349228325
2,15.0,3635.16,19.53848054,19.556749774765734,0.01826923476573583
2,15.0,3635.642,19.54123658,19.556784660961956,0.015548080961956146
2,15.0,3636.124,19.54542604,19.556789052286202,0.0113630122862034
2,15.0,3636.606,19.54413294,19.556762982958297,0.012630042958296173
2,15.0,3637.088,19.55506167,19.556706491205976,0.0016448212059749778
2,15.0,3637.57,19.54138954,19.55661961925776,0.015230079257758433
2,15.0,3638.052,19.53904564,19.556502413335338,0.01745677333533635
2,15.0,3638.535,19.56381388,19.556354586207295,-0.0074592937927064895
2,15.0,3639.017,19.56256317,19.556176804275346,-0.006386365724655008
2,15.0,3639.499,19.57629969,19.55596885103454,-0.020330838965460174
2,15.0,3639.981,19.58176628,19.555730788601416,-0.0260354913985843
2,15.0,3640.463,19.6103742,19.555462683040137,-0.05491151695986218
2,15.0,3640.945,19.58946898,19.555164604351898,-0.034304375648101626
2,15.0,3641.427,19.61717329,19.554836626463924,-0.06233666353607603
2,15.0,3641.909,19.60814181,19.55447882721779,-0.05366298278221038
2,15.0,3642.392,19.62031901,19.554090453479393,-0.06622855652060622
2,15.0,3642.874,19.62239287,19.553673199207395,-0.06871967079260344
2,15.0,3643.356,19.64241721,19.553226380655136,-0.08919082934486511
2,15.0,3643.838,19.64774129,19.552750091204334,-0.09499119879566464
2,15.0,3644.32,19.66705147,19.552244428086052,-0.11480704191394864
2,15.0,3644.802,19.67541768,19.551709492365998,-0.12370818763400138
2,15.0,3645.284,19.68237167,19.551145388929797,-0.13122628107020162
2,15.0,3645.766,19.70471168,19.55055222646747,-0.1541594535325288
2,15.0,3646.249,19.71793748,19.549928796765037,-0.16800868323496232
2,15.0,3646.73,19.73816414,19.549279178150424,-0.18888496184957404
2,15.0,3647.213,19.74200512,19.548598088731765,-0.19340703126823655
2,15.0,3647.695,19.74099801,19.54788979340929,-0.19310821659070854
2,15.0,3648.177,19.71187477,19.547153039271873,-0.1647217307281288
2,15.0,3648.659,19.66575972,19.54638795749318,-0.11937176250681958
2,15.0,3649.141,19.65991563,19.545594682930123,-0.11432094706987783
2,15.0,3649.623,19.60496222,19.544773354103576,-0.060188865896424915
2,15.0,3650.105,19.57981816,19.543924113178957,-0.035894046821042025
2,15.0,3650.587,19.56357145,19.543047105945945,-0.020524344054056343
2,15.0,3651.07,19.54243625,19.542140576382344,-0.00029567361765714395
2,15.0,3651.552,19.54600025,19.54120843147841,-0.004791818521589164
2,15.0,3652.034,19.55529021,19.54024897950235,-0.015041230497647717
2,15.0,3652.516,19.57250961,19.539262380538812,-0.033247229461188965
2,15.0,3652.998,19.58493073,19.5382487981897,-0.046681931810301336
2,15.0,3653.48,19.55898149,19.537208399551385,-0.021773090448615307
2,15.0,3653.962,19.58242473,19.536141355191393,-0.046283374808606226
2,15.0,3654.444,19.56782773,19.53504783912499,-0.03277989087501254
2,15.0,3654.927,19.58146304,19.53392567832504,-0.04753736167495859
2,15.0,3655.409,19.5793611,19.532779700574302,-0.04658139942569761
2,15.0,3655.891,19.55914695,19.531607793991473,-0.027539156008526078
2,15.0,3656.373,19.55362682,19.530410146144387,-0.023216673855614545
2,15.0,3656.855,19.55626552,19.52918694792381,-0.02707857207618858
2,15.0,3657.337,19.56722725,19.527938393517424,-0.03928885648257463
2,15.0,3657.819,19.5386244,19.526664680383128,-0.011959719616871922
2,15.0,3658.301,19.54962018,19.525366009222108,-0.024254170777894046
2,15.0,3658.783,19.5446969,19.52404258395141,-0.020654316048592136
2,15.0,3659.266,19.53942191,19.522691789681854,-0.016730120318147357
2,15.0,3659.748,19.53966542,19.52131943039629,-0.018345989603709256
2,15.0,3660.23,19.53115315,19.51992294821301,-0.01123020178699008
2,15.0,3660.712,19.5244837,19.518502559636673,-0.005981140363328308
2,15.0,3661.194,19.52917105,19.517058484244714,-0.012112565755284521
2,15.0,3661.676,19.5518089,19.515590944657475,-0.0362179553425257
2,15.0,3662.158,19.5291891,19.51410016650807,-0.0150889334919313
2,15.0,3662.64,19.50894583,19.512586378411843,0.0036405484118446907
2,15.0,3663.123,19.52705184,19.511046600522242,-0.01600523947775656
2,15.0,3663.605,19.52805344,19.509487443626316,-0.018565996373684612
2,15.0,3664.087,19.51751526,19.50790598070705,-0.009609279292948969
2,15.0,3664.569,19.51077763,19.506302452001425,-0.004475177998575219
2,15.0,3665.051,19.51357563,19.50467710057017,-0.008898529429828272
2,15.0,3665.533,19.51628172,19.503030172265035,-0.013251547734963509
2,15.0,3666.015,19.49915136,19.5013619156956,0.0022105556956013572
2,15.0,3666.497,19.51441194,19.499672582195846,-0.01473935780415303
2,15.0,3666.979,19.50179943,19.49796242579032,-0.003837004209678696
2,15.0,3667.462,19.52827164,19.496228091249993,-0.032043548750007034
2,15.0,3667.944,19.52105919,19.494477019838367,-0.02658217016163178
2,15.0,3668.426,19.52086984,19.492705903940525,-0.028163936059474537
2,15.0,3668.908,19.51642237,19.4909150080034,-0.025507361996599087
2,15.0,3669.39,19.54160097,19.489104598990256,-0.052496371009745246
2,15.0,3669.872,19.5327334,19.487274946344726,-0.04545845365527512
2,15.0,3670.354,19.54289063,19.485426321954794,-0.05746430804520486
2,15.0,3670.836,19.54127052,19.48355900011626,-0.05771151988374257
2,15.0,3671.319,19.55275964,19.481669326211687,-0.07109031378831432
2,15.0,3671.801,19.56927736,19.47976540446357,-0.08951195553643032
2,15.0,3672.283,19.56894063,19.477843622817947,-0.0910970071820536
2,15.0,3672.765,19.58427512,19.47590426483582,-0.10837085516418199
2,15.0,3673.247,19.59412828,19.473947616299025,-0.12018066370097458
2,15.0,3673.729,19.59643113,19.47197396517208,-0.1244571648279198
2,15.0,3674.211,19.596013,19.46998360156348,-0.1260293984365184
2,15.0,3674.693,19.60747332,19.46797681768699,-0.13949650231301192
2,15.0,3675.176,19.57185921,19.465949694356354,-0.10590951564364559
2,15.0,3675.657,19.55055396,19.463915168276664,-0.08663879172333466
2,15.0,3676.14,19.53581042,19.461856619433508,-0.07395380056649259
2,15.0,3676.622,19.50932006,19.459787086067116,-0.049532973932883806
2,15.0,3677.104,19.5094242,19.457702624331123,-0.05172157566887847
2,15.0,3677.586,19.49192071,19.455603538244144,-0.03631717175585436
2,15.0,3678.068,19.49227095,19.453490133650767,-0.03878081634923447
2,15.0,3678.55,19.48730569,19.451362718180615,-0.03594297181938444
2,15.0,3679.032,19.46822743,19.449221601207295,-0.01900582879270374
2,15.0,3679.514,19.48802602,19.44706709380698,-0.04095892619302077
2,15.0,3679.997,19.46571006,19.444894998275934,-0.020815061724064776
2,15.0,3680.479,19.4590819,19.44271462370032,-0.016367276299682487
2,15.0,3680.961,19.45178667,19.440521802381973,-0.011264867618027807
2,15.0,3681.443,19.47325132,19.43831685179256,-0.03493446820743884
2,15.0,3681.925,19.44019253,19.43610009089625,-0.004092439103750678
2,15.0,3682.407,19.43974908,19.433871840107003,-0.0058772398929960445
2,15.0,3682.889,19.41661181,19.431632421245773,0.015020611245773807
2,15.0,3683.371,19.44184167,19.429382157497493,-0.012459512502505987
2,15.0,3683.854,19.40830298,19.427116672234256,0.018813692234257218
2,15.0,3684.336,19.42722332,19.424845672695305,-0.0023776473046943636
2,15.0,3684.818,19.40086732,19.422564806254805,0.021697486254804943
2,15.0,3685.3,19.41434279,19.42027440112227,0.005931611122271363
2,15.0,3685.782,19.42369974,19.417974786653414,-0.005724953346586403
2,15.0,3686.264,19.40035487,19.415666293306028,0.015311423306027194
2,15.0,3686.746,19.42442402,19.41334925259587,-0.011074767404128494
2,15.0,3687.228,19.42429347,19.411023997052308,-0.013269472947690986
2,15.0,3687.71,19.442517,19.408690860173824,-0.033826139826174995
2,15.0,3688.193,19.43664982,19.406345312580502,-0.03030450741949764
2,15.0,3688.675,19.42878356,19.40399740256838,-0.02478615743162038
2,15.0,3689.157,19.42771805,19.401642617783185,-0.026075432216813965
2,15.0,3689.639,19.43075898,19.399281295154243,-0.031477684845757636
2,15.0,3690.121,19.41824479,19.396913772355646,-0.021331017644353523
2,15.0,3690.603,19.43196047,19.39454038776112,-0.03742008223888149
2,15.0,3691.085,19.39835174,19.392161480398663,-0.006190259601336123
2,15.0,3691.567,19.40858317,19.38977738990522,-0.01880578009478029
2,15.0,3692.05,19.3958789,19.387383495389823,-0.008495404610176394
2,15.0,3692.532,19.38343762,19.384990050767268,0.0015524307672691862
2,15.0,3693.014,19.39047469,19.382592445831275,-0.007882244168726515
2,15.0,3693.496,19.38715412,19.380191022199824,-0.0069630978001775645
2,15.0,3693.978,19.37763076,19.377786121871562,0.0001553618715632865
2,15.0,3694.46,19.38525536,19.37537808718012,-0.009877272819878158
2,15.0,3694.942,19.36615048,19.372967260748055,0.006816780748053475
2,15.0,3695.424,19.37587731,19.370553985441084,-0.005323324558915488
2,15.0,3695.906,19.37443098,19.368138604322063,-0.0062923756779369455
2,15.0,3696.389,19.35469368,19.365716444189957,0.011022764189956291
2,15.0,3696.871,19.36259825,19.363297878606357,0.000699628606355418
2,15.0,3697.353,19.33889174,19.360878237834516,0.021986497834515006
2,15.0,3697.835,19.35313395,19.358457865265702,0.005323915265702084
2,15.0,3698.317,19.34472212,19.356037104258053,0.011314984258053329
2,15.0,3698.799,19.33776009,19.35361629809052,0.015856208090522017
2,15.0,3699.281,19.35050733,19.351195789916776,0.0006884599167769068
2,15.0,3699.763,19.34186553,19.34877592271922,0.006910392719220226
2,15.0,3700.246,19.32494697,19.34635202209273,0.02140505209273158
2,15.0,3700.728,19.32651055,19.343934467986664,0.017423917986665316
2,15.0,3701.21,19.31904363,19.341518583025408,0.022474953025408695
2,15.0,3701.692,19.31143609,19.33910470904517,0.02766861904516915
2,15.0,3702.174,19.29208297,19.336693187480854,0.04461021748085514
2,15.0,3702.656,19.28826519,19.334284359320176,0.046019169320175024
2,15.0,3703.138,19.30408541,19.331878565057853,0.027793155057853625
2,15.0,3703.62,19.29262483,19.32947614464982,0.0368513146498195
2,15.0,3704.103,19.28746881,19.327072464991655,0.03960365499165519
2,15.0,3704.584,19.29742439,19.324682782252577,0.02725839225257687
2,15.0,3705.067,19.28414781,19.322287562811827,0.038139752811826355
2,15.0,3705.549,19.30218145,19.319902035165732,0.017720585165733382
2,15.0,3706.031,19.30888556,19.31752157217331,0.008636012173308671
2,15.0,3706.513,19.29917588,19.315146509599483,0.015970629599483033
2,15.0,3706.995,19.32196163,19.312777182352246,-0.009184447647754723
2,15.0,3707.477,19.332808,19.310413924437604,-0.0223940755623957
2,15.0,3707.959,19.32132908,19.30805706891459,-0.013272011085412316
2,15.0,3708.441,19.34410002,19.305706947850535,-0.0383930721494643
2,15.0,3708.924,19.34591657,19.303359038738765,-0.042557531261234516
2,15.0,3709.406,19.34518492,19.30102339428967,-0.04416152571033294
2,15.0,3709.888,19.36493436,19.29869547478578,-0.06623888521421861
2,15.0,3710.37,19.35527291,19.296375607879444,-0.058897302120556105
2,15.0,3710.852,19.31446664,19.29406412000918,-0.020402519990820878
2,15.0,3711.334,19.3309028,19.29176133635567,-0.0391414636443308
2,15.0,3711.816,19.29192606,19.289467580798043,-0.002458479201958852
2,15.0,3712.298,19.29503039,19.287183175870187,-0.007847214129814262
2,15.0,3712.781,19.27003328,19.284903733629847,0.014870453629846736
2,15.0,3713.263,19.27669514,19.28263901302611,0.005943873026108548
2,15.0,3713.745,19.28981916,19.28038460280805,-0.009434557191951853
2,15.0,3714.227,19.27515743,19.278140819693135,0.0029833896931350523
2,15.0,3714.709,19.28067751,19.27590797883839,-0.004769531161610274
2,15.0,3715.191,19.2818696,19.273686393797792,-0.008183206202208027
2,15.0,3715.673,19.29061412,19.271476376480194,-0.01913774351980635
2,15.0,3716.155,19.27509524,19.269278237107184,-0.005817002892815282
2,15.0,3716.637,19.26380927,19.267092284171387,0.0032830141713873218
2,15.0,3717.12,19.25960555,19.2649143283407,0.0053087783407015365
2,15.0,3717.602,19.2575841,19.262753693501505,0.005169593501506142
2,15.0,3718.084,19.26567668,19.26060616041609,-0.005070519583910027
2,15.0,3718.566,19.24842098,19.258472030244132,0.010051050244133108
2,15.0,3719.048,19.25352612,19.256351602211044,0.0028254822110440614
2,15.0,3719.53,19.24623141,19.25424517356756,0.008013763567561227
2,15.0,3720.012,19.25788126,19.252153039549853,-0.005728220450148314
2,15.0,3720.494,19.2462954,19.250075493339697,0.003780093339695867
2,15.0,3720.977,19.25788228,19.248008562299624,-0.009873717700376261
2,15.0,3721.459,19.22709142,19.245961094602798,0.018869674602797204
2,15.0,3721.941,19.25617026,19.24392908213219,-0.012241177867810649
2,15.0,3722.423,19.26066394,19.241912809455776,-0.01875113054422428
2,15.0,3722.905,19.26389246,19.239912558892783,-0.023979901107217927
2,15.0,3723.387,19.23954183,19.237928610475628,-0.0016132195243727665
2,15.0,3723.869,19.24823111,19.235961241912303,-0.012269868087695812
2,15.0,3724.351,19.23028158,19.234010728549094,0.003729148549094674
2,15.0,3724.833,19.20517038,19.232077343333525,0.026906963333527045
2,15.0,3725.316,19.22066807,19.230157399974107,0.009489329974108784
2,15.0,3725.798,19.19910048,19.22825911704823,0.029158637048229963
2,15.0,3726.28,19.18088107,19.226378766903412,0.045497696903410656
2,15.0,3726.762,19.17820851,19.224516612523644,0.0463081025236427
2,15.0,3727.244,19.18575255,19.222672914314156,0.03692036431415602
2,15.0,3727.726,19.18154697,19.220847930066583,0.03930096006658346
2,15.0,3728.208,19.19748013,19.21904191492434,0.0215617849243408
2,15.0,3728.69,19.1993695,19.21725512134844,0.01788562134844085
2,15.0,3729.173,19.21725895,19.215484152852177,-0.0017747971478243585
2,15.0,3729.655,19.2152939,19.213736590057948,-0.001557309942050722
2,15.0,3730.137,19.22089794,19.21200899028629,-0.008888949713711014
2,15.0,3730.619,19.24773212,19.210301594928424,-0.037430525071574294
2,15.0,3731.101,19.25364679,19.20861464252793,-0.04503214747207096
2,15.0,3731.583,19.28079475,19.206948368748854,-0.07384638125114407
2,15.0,3732.065,19.29231034,19.20530300634416,-0.08700733365584057
2,15.0,3732.547,19.30794215,19.20367878512478,-0.10426336487521937
2,15.0,3733.03,19.35176106,19.20207262887518,-0.14968843112482233
2,15.0,3733.511,19.36180488,19.20049467059202,-0.1613102094079828
2,15.0,3733.994,19.38588156,19.198932009371607,-0.1869495506283947
2,15.0,3734.476,19.35540856,19.19739463702851,-0.15801392297149164
2,15.0,3734.958,19.37339514,19.195879510178944,-0.1775156298210554
2,15.0,3735.44,19.34242621,19.19438684034636,-0.14803936965363818
2,15.0,3735.922,19.36058792,19.192916835906555,-0.16767108409344544
2,15.0,3736.404,19.34948757,19.19146970206007,-0.15801786793993244
2,15.0,3736.886,19.33924309,19.19004564080504,-0.14919744919496125
2,15.0,3737.368,19.32903234,19.188644850910425,-0.14038748908957643
2,15.0,3737.851,19.32874324,19.18726469490084,-0.14147854509916158
2,15.0,3738.333,19.32377384,19.18591108026946,-0.13786275973054174
2,15.0,3738.815,19.33593845,19.184581314058903,-0.15135713594109745
2,15.0,3739.297,19.31453638,19.183275581856726,-0.1312607981432734
2,15.0,3739.779,19.28031842,19.181994065894703,-0.09832435410529783
2,15.0,3740.261,19.28798319,19.18073694502488,-0.10724624497511925
2,15.0,3740.743,19.28653789,19.179504394696142,-0.10703349530385964
2,15.0,3741.225,19.22871325,19.17829658693132,-0.050416663068677536
2,15.0,3741.708,19.21878908,19.177111262172428,-0.04167781782757274
2,15.0,3742.19,19.20931716,19.17595349398222,-0.03336366601778096
2,15.0,3742.672,19.20781585,19.17482096397725,-0.032994886022748915
2,15.0,3743.154,19.18262532,19.173713830248964,-0.008911489751035617
2,15.0,3743.636,19.1798596,19.17263224735532,-0.007227352644679996
2,15.0,3744.118,19.20256288,19.171576366300812,-0.030986513699186702
2,15.0,3744.6,19.21156914,19.170546334516978,-0.04102280548302417
2,15.0,3745.082,19.22646305,19.169542295843463,-0.05692075415653619
2,15.0,3745.564,19.24548314,19.16856439050961,-0.07691874949039246
2,15.0,3746.047,19.26026581,19.167610808169574,-0.09265500183042619
2,15.0,3746.529,19.28136458,19.166685630586002,-0.11467894941399948
2,15.0,3747.011,19.29661087,19.165786985455735,-0.13082388454426308
2,15.0,3747.493,19.30633866,19.164914998384994,-0.14142366161500775
2,15.0,3747.975,19.28153466,19.164069791285186,-0.1174648687148121
2,15.0,3748.457,19.27397871,19.16325148235755,-0.11072722764245313
2,15.0,3748.939,19.2719147,19.162460186078395,-0.10945451392160521
2,15.0,3749.421,19.26331943,19.161696013184883,-0.10162341681511577
2,15.0,3749.904,19.2415016,19.160957570113,-0.08054402988700105
2,15.0,3750.386,19.20227734,19.160248017990742,-0.04202932200925602
2,15.0,3750.868,19.22418799,19.159565899098297,-0.0646220909017039
2,15.0,3751.35,19.21253165,19.15891130907636,-0.053620340923639986
2,15.0,3751.832,19.22642067,19.158284339763153,-0.06813633023684673
2,15.0,3752.314,19.21121592,19.157685079183516,-0.05353084081648518
2,15.0,3752.796,19.23141623,19.157113611538254,-0.07430261846174702
2,15.0,3753.278,19.24778053,19.156570017194348,-0.0912105128056524
2,15.0,3753.76,19.27874043,19.156054372675577,-0.12268605732442239
2,15.0,3754.243,19.28599505,19.1555657681673,-0.13042928183270064
2,15.0,3754.725,19.29162294,19.155106295802817,-0.136516644197183
2,15.0,3755.207,19.30566776,19.1546749798202,-0.15099278017979856
2,15.0,3755.689,19.29451621,19.154271881279243,-0.1402443287207582
2,15.0,3756.171,19.31977839,19.15389705735777,-0.16588133264222904
2,15.0,3756.653,19.30602732,19.15355056134571,-0.1524767586542879
2,15.0,3757.135,19.28901285,19.15323244263929,-0.13578040736070918
2,15.0,3757.617,19.28749219,19.15294274673634,-0.13454944326365847
2,15.0,3758.1,19.27451347,19.152681002873155,-0.12183246712684337
2,15.0,3758.582,19.24986642,19.15244833262452,-0.09741808737548041
2,15.0,3759.064,19.24715886,19.152244198306462,-0.09491466169353657
2,15.0,3759.546,19.2422307,19.15206862977613,-0.0901620702238688
2,15.0,3760.028,19.23731377,19.151921652975723,-0.08539211702427707
2,15.0,3760.51,19.22784075,19.15180328993075,-0.07603746006924794
2,15.0,3760.992,19.23570293,19.1517135587491,-0.08398937125089745
2,15.0,3761.474,19.24238801,19.15165247362046,-0.09073553637954035
2,15.0,3761.957,19.23288418,19.151620007329928,-0.08126417267007113
2,15.0,3762.438,19.24116343,19.151616278690845,-0.08954715130915503
2,15.0,3762.921,19.24111216,19.151641259136113,-0.08947090086388698
2,15.0,3763.403,19.2449663,19.151694881229844,-0.09327141877015777
2,15.0,3763.885,19.23909361,19.151777161558076,-0.08731644844192488
2,15.0,3764.367,19.24986146,19.151888090813742,-0.09797336918625987
2,15.0,3764.849,19.26912216,19.152027655783613,-0.11709450421638579
2,15.0,3765.331,19.27077305,19.152195839352164,-0.11857721064783533
2,15.0,3765.813,19.27628648,19.1523926205062,-0.12389385949380127
2,15.0,3766.295,19.26139671,19.152617974339776,-0.10877873566022345
2,15.0,3766.778,19.25786087,19.15287242846784,-0.10498844153215714
2,15.0,3767.26,19.26862954,19.15315489651558,-0.1154746434844185
2,15.0,3767.742,19.26415145,19.153465839147593,-0.11068561085240702
2,15.0,3768.224,19.26003382,19.15380521594049,-0.10622860405950973
2,15.0,3768.706,19.24530744,19.15417298261158,-0.09113445738842074
2,15.0,3769.188,19.22714131,19.154569091027305,-0.07257221897269517
2,15.0,3769.67,19.21959239,19.15499348921196,-0.0645989007880381
2,15.0,3770.152,19.21520668,19.15544612135722,-0.05976055864278251
2,15.0,3770.635,19.18918033,19.155927954599576,-0.03325237540042281
2,15.0,3771.117,19.17812854,19.156436930213363,-0.02169160978663598
2,15.0,3771.599,19.19006101,19.156973949325387,-0.033087060674613866
2,15.0,3772.081,19.144624,19.15753894089361,0.012914940893608673
2,15.0,3772.563,19.17545284,19.158131830098366,-0.017321009901632323
2,15.0,3773.045,19.15571766,19.158752538355063,0.0030348783550628866
2,15.0,3773.527,19.1834417,19.159400983327274,-0.024040716672725893
2,15.0,3774.009,19.19138265,19.1600770789404,-0.03130557105960108
2,15.0,3774.491,19.18164008,19.1607807353958,-0.020859344604200913
2,15.0,3774.974,19.17667255,19.161513404525383,-0.015159145474616054
2,15.0,3775.456,19.17945877,19.162271955128524,-0.017186814871475775
2,15.0,3775.938,19.21320659,19.16305777477063,-0.050148815229370314
2,15.0,3776.42,19.19803821,19.16387075890163,-0.034167451098369384
2,15.0,3776.902,19.2146162,19.164710799326173,-0.04990540067382554
2,15.0,3777.384,19.23252746,19.16557778422074,-0.06694967577925937
2,15.0,3777.866,19.22384338,19.166471598151535,-0.057371781848466696
2,15.0,3778.348,19.24977325,19.167392122092632,-0.08238112790736807
2,15.0,3778.831,19.24852029,19.168341225956695,-0.08017906404330333
2,15.0,3779.313,19.24380238,19.169314853331798,-0.07448752666820369
2,15.0,3779.795,19.2503129,19.17031481200409,-0.0799980879959108
2,15.0,3780.277,19.23962562,19.17134096876438,-0.0682846512356221
2,15.0,3780.759,19.24686387,19.172393186910046,-0.07447068308995242
2,15.0,3781.241,19.21161216,19.17347132626619,-0.03814083373381294
2,15.0,3781.723,19.2761165,19.17457524320728,-0.10154125679272141
2,15.0,3782.205,19.2426326,19.175704790679312,-0.06692780932068843
2,15.0,3782.688,19.25981843,19.176862240925324,-0.08295618907467528
2,15.0,3783.17,19.25117573,19.178042647078286,-0.07313308292171428
2,15.0,3783.652,19.25189311,19.179248221927615,-0.07264488807238578
2,15.0,3784.134,19.23503826,19.18047880492882,-0.05455945507117832
2,15.0,3784.616,19.25504444,19.181734232226447,-0.07331020777355235
2,15.0,3785.098,19.24876768,19.18301433667902,-0.06575334332098137
2,15.0,3785.58,19.25724593,19.18431894788419,-0.07292698211580984
2,15.0,3786.062,19.25469273,19.185647892204663,-0.06904483779533521
2,15.0,3786.544,19.26018443,19.187000992794193,-0.073183437205806
2,15.0,3787.027,19.24424974,19.188380951426872,-0.055868788573128825
2,15.0,3787.509,19.25172944,19.18978187048447,-0.061947569515528045
2,15.0,3787.991,19.24758845,19.19120639589772,-0.056382054102279255
2,15.0,3788.473,19.2452534,19.192654338248804,-0.05259906175119511
2,15.0,3788.955,19.25165018,19.194125505048333,-0.05752467495166513
2,15.0,3789.437,19.25150074,19.19561970076406,-0.0558810392359419
2,15.0,3789.919,19.25755659,19.197136726849916,-0.060419863150084296
2,15.0,3790.401,19.2497569,19.198676381775503,-0.05108051822449866
2,15.0,3790.884,19.25051687,19.200241725051058,-0.05027514494894092
2,15.0,3791.365,19.23890465,19.201822757282468,-0.03708189271753071
2,15.0,3791.848,19.26045104,19.203432415459357,-0.05701862454064255
2,15.0,3792.33,19.2723339,19.205060556798767,-0.0672733432012329
2,15.0,3792.812,19.28008484,19.206710275169474,-0.07337456483052662
2,15.0,3793.294,19.28498638,19.208381351770253,-0.07660502822974635
2,15.0,3793.776,19.29341824,19.21007356503276,-0.08334467496723974
2,15.0,3794.258,19.30133297,19.211786690654026,-0.08954627934597426
2,15.0,3794.74,19.30026875,19.213520501629272,-0.08674824837072848
2,15.0,3795.222,19.31738758,19.215274768285056,-0.10211281171494235
2,15.0,3795.705,19.31756604,19.2170529606871,-0.10051307931290054
2,15.0,3796.187,19.32867341,19.218847480401095,-0.10982592959890525
2,15.0,3796.669,19.32415468,19.220661750605313,-0.10349292939468668
2,15.0,3797.151,19.33532733,19.222495531285176,-0.11283179871482218
2,15.0,3797.633,19.32927041,19.22434857992859,-0.1049218300714081
2,15.0,3798.115,19.33453889,19.226220651560904,-0.1083182384390966
2,15.0,3798.597,19.32153364,19.228111498780557,-0.09342214121944181
2,15.0,3799.079,19.32521493,19.230020871794682,-0.09519405820531901
2,15.0,3799.562,19.31019555,19.231952536541456,-0.07824301345854323
2,15.0,3800.044,19.30425409,19.23389823949972,-0.07035585050028104
2,15.0,3800.526,19.29372259,19.23586170435351,-0.057860885646491056
2,15.0,3801.008,19.31427723,19.237842672103884,-0.07643455789611409
2,15.0,3801.49,19.30406111,19.2398408815439,-0.06422022845610087
2,15.0,3801.972,19.30950059,19.24185606929604,-0.06764452070395777
2,15.0,3802.454,19.3004463,19.243887969849975,-0.056558330150025427
2,15.0,3802.936,19.33139913,19.245936315600545,-0.08546281439945602
2,15.0,3803.418,19.33483016,19.248000836885932,-0.08682932311406688
2,15.0,3803.901,19.33324406,19.250085594603455,-0.08315846539654359
2,15.0,3804.383,19.34544638,19.252181682081208,-0.09326469791879077
2,15.0,3804.865,19.34954181,19.25429312358086,-0.09524868641913997
2,15.0,3805.347,19.34605994,19.256419641597308,-0.08964029840269205
2,15.0,3805.829,19.33572675,19.258560956763656,-0.0771657932363432
2,15.0,3806.311,19.34342324,19.260716787890743,-0.08270645210925665
2,15.0,3806.793,19.33346062,19.262886852007043,-0.07057376799295767
2,15.0,3807.275,19.33000009,19.265070864398613,-0.06492922560138581
2,15.0,3807.758,19.35554199,19.267273112141375,-0.08826887785862425
2,15.0,3808.24,19.34246984,19.269484187619238,-0.07298565238076193
2,15.0,3808.722,19.34520752,19.271708346576673,-0.07349917342332546
2,15.0,3809.204,19.33023138,19.273945297731,-0.05628608226900056
2,15.0,3809.686,19.34681296,19.276194748260195,-0.07061821173980576
2,15.0,3810.168,19.35180058,19.278456403843986,-0.07334417615601296
2,15.0,3810.65,19.35155228,19.280729968705092,-0.07082231129490779
2,15.0,3811.132,19.35270455,19.283015145650673,-0.06968940434932591
2,15.0,3811.615,19.35519881,19.285316412169514,-0.06988239783048655
2,15.0,3812.097,19.35912344,19.28762393878857,-0.07149950121143078
2,15.0,3812.579,19.32992069,19.289942177210524,-0.03997851278947806
2,15.0,3813.061,19.36579812,19.292270824994915,-0.07352729500508559
2,15.0,3813.543,19.38293251,19.294609578494995,-0.08832293150500448
2,15.0,3814.025,19.38877703,19.29695813290004,-0.09181889709995872
2,15.0,3814.507,19.39351998,19.299316182277565,-0.09420379772243592
2,15.0,3814.989,19.39474022,19.3016834196159,-0.09305680038409747
2,15.0,3815.471,19.43461601,19.3040595368666,-0.13055647313339946
2,15.0,3815.954,19.43641394,19.30644918116736,-0.12996475883264225
2,15.0,3816.436,19.47204217,19.30884214697972,-0.16320002302028058
2,15.0,3816.918,19.48002211,19.311243062119583,-0.16877904788041675
2,15.0,3817.4,19.48580588,19.313651614817072,-0.17215426518292887
2,15.0,3817.882,19.47240237,19.31606749247945,-0.15633487752054975
2,15.0,3818.364,19.47818522,19.318490381734463,-0.159694838265537
2,15.0,3818.846,19.47974551,19.320919968473103,-0.1588255415268982
2,15.0,3819.328,19.47762094,19.323355937892888,-0.15426500210711325
2,15.0,3819.811,19.46896711,19.325803047094738,-0.14316406290526373
2,15.0,3820.292,19.43872988,19.32824576235722,-0.11048411764278043
2,15.0,3820.775,19.44373658,19.33070432848113,-0.1130322515188702
2,15.0,3821.257,19.44431205,19.33316885444986,-0.11114319555014163
2,15.0,3821.739,19.420266,19.335638122233338,-0.08462787776666403
2,15.0,3822.221,19.44115522,19.33811181137683,-0.10304340862316863
2,15.0,3822.703,19.43483679,19.340589601053225,-0.09424718894677397
2,15.0,3823.185,19.46719621,19.34307117010673,-0.12412503989327206
2,15.0,3823.667,19.49432051,19.345556197096773,-0.14876431290322856
2,15.0,3824.149,19.46082509,19.348044360341678,-0.11278072965832209
2,15.0,3824.632,19.48000755,19.350540508667965,-0.12946704133203468
2,15.0,3825.114,19.48996626,19.353033983467995,-0.13693227653200424
2,15.0,3825.596,19.49355134,19.35552962780035,-0.13802171219964876
2,15.0,3826.078,19.4687637,19.358027119456107,-0.11073658054389313
2,15.0,3826.56,19.50252003,19.3605261362038,-0.14199389379620087
2,15.0,3827.042,19.48778866,19.36302635583286,-0.12476230416713818
2,15.0,3827.524,19.49175744,19.36552745619728,-0.12622998380271966
2,15.0,3828.006,19.48851704,19.368029115258825,-0.12048792474117676
2,15.0,3828.489,19.49723832,19.370536201808832,-0.12670211819116872
2,15.0,3828.971,19.52341869,19.373038012287964,-0.150380677712036
2,15.0,3829.453,19.52159852,19.375539415763544,-0.14605910423645696
2,15.0,3829.935,19.54953875,19.37804009106236,-0.17149865893764016
2,15.0,3830.417,19.54138174,19.380539717335193,-0.16084202266480574
2,15.0,3830.899,19.56612062,19.383037974099736,-0.18308264590026369
2,15.0,3831.381,19.56281083,19.385534541283423,-0.17727628871657686
2,15.0,3831.863,19.56885602,19.388029099266138,-0.18082692073386042
2,15.0,3832.345,19.57640123,19.39052132892283,-0.18587990107716834
2,15.0,3832.828,19.58062142,19.39301607380325,-0.18760534619675084
2,15.0,3833.31,19.59926648,19.3955026851439,-0.2037637948561013
2,15.0,3833.792,19.5943307,19.397986013520235,-0.19634468647976533
2,15.0,3834.274,19.59675869,19.40046574221249,-0.19629294778751216
2,15.0,3834.756,19.59534018,19.402941555207224,-0.19239862479277647
2,15.0,3835.238,19.60710186,19.40541313723902,-0.2016887227609807
2,15.0,3835.72,19.63406285,19.40788017383229,-0.22618267616770993
2,15.0,3836.202,19.60315163,19.410342351342663,-0.19280927865733588
2,15.0,3836.685,19.63057984,19.41280444892787,-0.21777539107213073
2,15.0,3837.167,19.62804386,19.41525595917037,-0.21278790082962828
2,15.0,3837.649,19.64221885,19.417701674152944,-0.22451717584705477
2,15.0,3838.131,19.61928637,19.42014128397,-0.19914508603000058
2,15.0,3838.613,19.62290369,19.42257447975226,-0.20032921024774097
2,15.0,3839.095,19.62525213,19.425000953707194,-0.20025117629280587
2,15.0,3839.577,19.6005936,19.427420399159285,-0.17317320084071497
2,15.0,3840.059,19.58715732,19.429832510590042,-0.15732480940995686
2,15.0,3840.542,19.59170829,19.432241964060747,-0.15946632593925258
2,15.0,3841.024,19.57710449,19.43463847893048,-0.14246601106951928
2,15.0,3841.506,19.58673552,19.437026749938468,-0.14970877006153316
2,15.0,3841.988,19.57736892,19.439406476593646,-0.1379624434063551
2,15.0,3842.47,19.58177614,19.44177735975922,-0.13999878024077717
2,15.0,3842.952,19.58290993,19.444139101691466,-0.13877082830853382
2,15.0,3843.434,19.54518966,19.446491406078245,-0.09869825392175358
2,15.0,3843.916,19.57716985,19.448833978077253,-0.1283358719227472
2,15.0,3844.398,19.59055396,19.45116652435418,-0.13938743564582268
2,15.0,3844.881,19.56642884,19.453493560095847,-0.11293527990415342
2,15.0,3845.363,19.5707525,19.455805158837922,-0.11494734116207894
2,15.0,3845.845,19.60438578,19.458105860682412,-0.146279919317589
2,15.0,3846.327,19.5820096,19.460395378705833,-0.12161422129416621
2,15.0,3846.809,19.58423126,19.462673427679245,-0.12155783232075379
2,15.0,3847.291,19.5818527,19.46493972410476,-0.11691297589523941
2,15.0,3847.773,19.57863544,19.4671939862518,-0.11144145374819914
2,15.0,3848.255,19.5785847,19.469435934193097,-0.10914876580690347
2,15.0,3848.738,19.57010992,19.471669901777936,-0.09844001822206394
2,15.0,3849.219,19.58144785,19.473881776979646,-0.10756607302035448
2,15.0,3849.702,19.53078095,19.47608967870922,-0.054691271290781884
2,15.0,3850.184,19.53934961,19.47827957974972,-0.061070030250277796
2,15.0,3850.666,19.53371517,19.48045579467783,-0.0532593753221704
2,15.0,3851.148,19.49091965,19.482618055129716,-0.008301594870282258
2,15.0,3851.63,19.49309805,19.484766094788665,-0.008331955211335895
2,15.0,3852.112,19.45873208,19.48689964941874,0.02816756941873777
2,15.0,3852.594,19.44463827,19.48901845689806,0.04438018689806
2,15.0,3853.076,19.43529019,19.491122257251785,0.055832067251785134
2,15.0,3853.559,19.45776014,19.493215109700426,0.0354549697004245
2,15.0,3854.041,19.47206651,19.49528809216554,0.023221582165540156
2,15.0,3854.523,19.48119938,19.497345300264985,0.016145920264985847
2,15.0,3855.005,19.55615329,19.49938648294047,-0.05676680705953174
2,15.0,3855.487,19.5578409,19.501411391441113,-0.05642950855888529
2,15.0,3855.969,19.60007507,19.50341977935421,-0.09665529064578848
2,15.0,3856.451,19.61918768,19.505411402636195,-0.11377627736380447
2,15.0,3856.933,19.62356824,19.507386019642773,-0.1161822203572278
2,15.0,3857.416,19.62776802,19.509347434004585,-0.11842058599541616
2,15.0,3857.898,19.66198408,19.51128728676021,-0.15069679323978846
2,15.0,3858.38,19.66758689,19.513209422518816,-0.15437746748118286
2,15.0,3858.862,19.67225036,19.515113609535444,-0.15713675046455577
2,15.0,3859.344,19.67062231,19.516999618611145,-0.1536226913888541
2,15.0,3859.826,19.66582846,19.518867223121063,-0.14696123687893703
2,15.0,3860.308,19.69235003,19.520716199042432,-0.17163383095756757
2,15.0,3860.79,19.69456409,19.522546324982045,-0.17201776501795507
2,15.0,3861.272,19.69628028,19.52435738220339,-0.17192289779660896
2,15.0,3861.755,19.6797145,19.526152851828652,-0.15356164817134754
2,15.0,3862.237,19.68708227,19.527925085491578,-0.1591571845084232
2,15.0,3862.719,19.67515571,19.529677609998355,-0.14547810000164318
2,15.0,3863.201,19.68851799,19.531410217508714,-0.15710777249128682
2,15.0,3863.683,19.69688925,19.53312270296919,-0.16376654703081073
2,15.0,3864.165,19.69687542,19.534814864137914,-0.16206055586208734
2,15.0,3864.647,19.68731061,19.53648650160902,-0.1508241083909816
2,15.0,3865.129,19.68253414,19.538137418836815,-0.14439672116318647
2,15.0,3865.612,19.68893519,19.53977078203636,-0.14916440796363872
2,15.0,3866.094,19.70741703,19.541379636717238,-0.16603739328276035
2,15.0,3866.576,19.71375863,19.542967198526807,-0.17079143147319442
2,15.0,3867.058,19.69613692,19.544533282598913,-0.15160363740108806
2,15.0,3867.54,19.72467575,19.54607770704203,-0.17859804295796877
2,15.0,3868.022,19.71391506,19.547600292960936,-0.166314767039065
2,15.0,3868.504,19.71250102,19.549100864477946,-0.163400155522055
2,15.0,3868.986,19.72795082,19.550579248753795,-0.17737157124620495
2,15.0,3869.469,19.74900899,19.552038273455373,-0.1969707165446266
2,15.0,3869.951,19.73269046,19.553471730085974,-0.17921872991402665
2,15.0,3870.433,19.7384704,19.55488249905455,-0.18358790094545085
2,15.0,3870.915,19.74016319,19.556270419882527,-0.18389277011747396
2,15.0,3871.397,19.71471792,19.55763533522786,-0.15708258477213732
2,15.0,3871.879,19.74294316,19.558977090903493,-0.18396606909650615
2,15.0,3872.361,19.73200901,19.560295535895346,-0.17171347410465287
2,15.0,3872.843,19.72118938,19.56159052237969,-0.1595988576203098
2,15.0,3873.325,19.73099606,19.56286190574042,-0.16813415425957956
2,15.0,3873.808,19.71154019,19.56411210826922,-0.14742808173078004
2,15.0,3874.29,19.71930771,19.565335814757134,-0.15397189524286503
2,15.0,3874.772,19.70316816,19.566535503406573,-0.13663265659342727
2,15.0,3875.254,19.69998092,19.567711042600948,-0.13226987739905383
2,15.0,3875.736,19.71487206,19.568862304010395,-0.1460097559896063
2,15.0,3876.218,19.70039311,19.569989162606184,-0.1304039473938161
2,15.0,3876.7,19.71979726,19.571091496674956,-0.1487057633250437
2,15.0,3877.182,19.70920944,19.57216918783223,-0.13704025216776827
2,15.0,3877.665,19.71295055,19.57322427973065,-0.13972627026934958
2,15.0,3878.146,19.70615053,19.57425018459834,-0.1319003454016574
2,15.0,3878.629,19.70493371,19.575255325252428,-0.12967838474757087
2,15.0,3879.111,19.70811433,19.57623327580617,-0.13188105419382978
2,15.0,3879.593,19.72754072,19.57718604170082,-0.15035467829918048
2,15.0,3880.075,19.69301958,19.578113524794972,-0.11490605520502939
2,15.0,3880.557,19.6891664,19.579015630359567,-0.11015076964043402
2,15.0,3881.039,19.69030307,19.579892267087914,-0.11041080291208516
2,15.0,3881.521,19.694026,19.580743347105436,-0.11328265289456496
2,15.0,3882.003,19.71134386,19.58156878597891,-0.12977507402109012
2,15.0,3882.486,19.67785655,19.582370135096248,-0.09548641490375331
2,15.0,3882.968,19.67806901,19.58314399858656,-0.09492501141344079
2,15.0,3883.45,19.68095785,19.583891988217037,-0.09706586178296206
2,15.0,3883.932,19.66482746,19.58461403341062,-0.08021342658938124
2,15.0,3884.414,19.65727791,19.58531006707115,-0.07196784292885283
2,15.0,3884.896,19.66112493,19.585980025589933,-0.07514490441006672
2,15.0,3885.378,19.63302938,19.586623848851854,-0.04640553114814594
2,15.0,3885.86,19.64149599,19.587241480241076,-0.05425450975892332
2,15.0,3886.343,19.65555504,19.587834066272325,-0.06772097372767405
2,15.0,3886.825,19.64982652,19.588399103488914,-0.061427416511087074
2,15.0,3887.307,19.66230649,19.58893779993863,-0.07336869006136837
2,15.0,3887.789,19.67989687,19.589450113057588,-0.09044675694241278
2,15.0,3888.271,19.69050969,19.58993600380273,-0.10057368619726859
2,15.0,3888.753,19.68347923,19.590395436654855,-0.09308379334514427
2,15.0,3889.235,19.69929383,19.59082837962109,-0.1084654503789082
2,15.0,3889.717,19.69633416,19.591234804236972,-0.10509935576302709
2,15.0,3890.199,19.68897748,19.591614685568068,-0.09736279443193041
2,15.0,3890.682,19.69162233,19.591968707606345,-0.0996536223936566
2,15.0,3891.164,19.70128912,19.59229538652347,-0.10899373347652741
2,15.0,3891.646,19.68700399,19.592595468516173,-0.09440852148382817
2,15.0,3892.128,19.69097275,19.59286894278472,-0.09810380721528134
2,15.0,3892.61,19.70397642,19.593115802060794,-0.11086061793920621
2,15.0,3893.092,19.66031278,19.593336042606417,-0.06697673739358478
2,15.0,3893.574,19.68903532,19.593529664212465,-0.09550565578753378
2,15.0,3894.056,19.68690612,19.593696670196636,-0.09320944980336421
2,15.0,3894.539,19.7026452,19.593837331028432,-0.10880786897156725
2,15.0,3895.021,19.67260623,19.59395107464668,-0.0786551553533208
2,15.0,3895.503,19.69632394,19.59403823376343,-0.10228570623656807
2,15.0,3895.985,19.67409697,19.59409882578252,-0.07999814421748042
2,15.0,3896.467,19.68694415,19.594132871618168,-0.09281127838183068
2,15.0,3896.949,19.70067352,19.59414039569024,-0.10653312430975959
2,15.0,3897.431,19.69117179,19.59412142591929,-0.09705036408070811
2,15.0,3897.913,19.69792238,19.59407599372091,-0.10384638627909126
2,15.0,3898.396,19.70584572,19.594003957468065,-0.11184176253193456
2,15.0,3898.878,19.70630164,19.593905653905054,-0.1123959860949455
2,15.0,3899.36,19.70704833,19.59378100316083,-0.11326732683916774
2,15.0,3899.842,19.73147886,19.593630050574667,-0.13784880942533206
2,15.0,3900.324,19.73598203,19.59345284494674,-0.1425291850532595
2,15.0,3900.806,19.73931496,19.593249438529934,-0.14606552147006724
2,15.0,3901.288,19.74597253,19.593019887021402,-0.15295264297859745
2,15.0,3901.77,19.71572773,19.59276424955339,-0.12296348044661087
2,15.0,3902.252,19.73207714,19.59248258868383,-0.13959455131617204
2,15.0,3902.735,19.72572766,19.5921743052392,-0.13355335476079944
2,15.0,3903.217,19.71410081,19.59184074525833,-0.1222600647416705
2,15.0,3903.699,19.71461816,19.591481370157656,-0.123136789842345
2,15.0,3904.181,19.68762387,19.591096256101906,-0.09652761389809328
2,15.0,3904.663,19.68300093,19.590685482627784,-0.09231544737221498
2,15.0,3905.145,19.69181046,19.59024913263207,-0.10156132736792856
2,15.0,3905.627,19.66888116,19.589787292358995,-0.07909386764100645
2,15.0,3906.109,19.66093943,19.5893000513876,-0.07163937861239944
2,15.0,3906.592,19.67983171,19.58878641299788,-0.09104529700211828
2,15.0,3907.073,19.68730509,19.588249742259148,-0.09905534774085112
2,15.0,3907.556,19.69512755,19.58768567599369,-0.10744187400630878
2,15.0,3908.038,19.67087434,19.587097742462035,-0.08377659753796607
2,15.0,3908.52,19.67904296,19.586484905891734,-0.09255805410826667
2,15.0,3909.002,19.68347643,19.585847275583383,-0.0976291544166159
2,15.0,3909.484,19.66412185,19.585184964070642,-0.07893688592935888
2,15.0,3909.966,19.68216618,19.584498087104073,-0.09766809289592615
2,15.0,3910.448,19.65116494,19.583786763634517,-0.06737817636548371
2,15.0,3910.93,19.67194965,19.583051115796216,-0.08889853420378202
2,15.0,3911.413,19.66560062,19.58228966737725,-0.08331095262274957
2,15.0,3911.895,19.67329396,19.581505700047007,-0.09178825995299178
2,15.0,3912.377,19.64601577,19.58069779395146,-0.06531797604854006
2,15.0,3912.859,19.66510173,19.579866083787078,-0.08523564621292223
2,15.0,3913.341,19.6728627,19.57901070734284,-0.09385199265716082
2,15.0,3913.823,19.68678395,19.578131805481004,-0.10865214451899519
2,15.0,3914.305,19.69089394,19.57722952211723,-0.11366441788277015
2,15.0,3914.787,19.66413936,19.576304004200615,-0.08783535579938473
2,15.0,3915.27,19.66282974,19.5753534097473,-0.08747633025269863
2,15.0,3915.752,19.68667324,19.574381828187864,-0.1122914118121372
2,15.0,3916.234,19.65462354,19.5733874712428,-0.08123606875719958
2,15.0,3916.716,19.66585946,19.572370497792114,-0.0934889622078856
2,15.0,3917.198,19.67644717,19.571331069642895,-0.10511610035710461
2,15.0,3917.68,19.66380263,19.57026935150702,-0.09353327849298054
2,15.0,3918.162,19.6583911,19.569185510978404,-0.0892055890215957
2,15.0,3918.644,19.64490022,19.568079718509907,-0.07682050149009356
2,15.0,3919.126,19.64302079,19.566952147389816,-0.07606864261018487
2,15.0,3919.609,19.64521344,19.56580056720829,-0.0794128727917105
2,15.0,3920.091,19.64931823,19.564629925613023,-0.08468830438697594
2,15.0,3920.573,19.65293089,19.563438042383932,-0.0894928476160679
2,15.0,3921.055,19.65263498,19.562225101915335,-0.09040987808466383
2,15.0,3921.537,19.63425348,19.5609912913143,-0.07326218868570322
2,15.0,3922.019,19.64486357,19.559736800375305,-0.08512676962469357
2,15.0,3922.501,19.62948974,19.558461821554154,-0.07102791844584644
2,15.0,3922.983,19.63871305,19.55716654994181,-0.08154650005818809
2,15.0,3923.466,19.62825549,19.55584843351101,-0.07240705648899137
2,15.0,3923.948,19.6511166,19.554513130931085,-0.09660346906891704
2,15.0,3924.43,19.65395652,19.553158136799908,-0.10079838320009316
2,15.0,3924.912,19.62325195,19.55178365648523,-0.07146829351476924
2,15.0,3925.394,19.62891923,19.55038989785379,-0.0785293321462106
2,15.0,3925.876,19.6380848,19.54897707124308,-0.08910772875692174
2,15.0,3926.358,19.66090039,19.547545389432788,-0.1133550005672106
2,15.0,3926.84,19.64870959,19.54609506761607,-0.10261452238393076
2,15.0,3927.323,19.6500647,19.5446232571852,-0.10544144281480072
2,15.0,3927.805,19.63602291,19.543136272908423,-0.09288663709157774
2,15.0,3928.287,19.64734725,19.54163130885576,-0.10571594114423988
2,15.0,3928.769,19.64280642,19.540108589584356,-0.10269783041564295
2,15.0,3929.251,19.62858698,19.538568341916125,-0.09001863808387611
2,15.0,3929.733,19.6266451,19.53701079490693,-0.08963430509307102
2,15.0,3930.215,19.62260868,19.53543617981587,-0.0871725001841277
2,15.0,3930.697,19.59958145,19.533844730073987,-0.06573671992601149
2,15.0,3931.179,19.58804988,19.53223668125278,-0.05581319874722013
2,15.0,3931.662,19.58567679,19.530608884045233,-0.05506790595476829
2,15.0,3932.144,19.58502701,19.52896831898632,-0.056058691013681994
2,15.0,3932.626,19.55974985,19.527311874590676,-0.03243797540932292
2,15.0,3933.108,19.57095675,19.52563979467588,-0.04531695532412172
2,15.0,3933.59,19.57924631,19.523952325038493,-0.05529398496150506
2,15.0,3934.072,19.53591444,19.522249713421083,-0.013664726578916486
2,15.0,3934.554,19.55391091,19.52053220947892,-0.03337870052108016
2,15.0,3935.036,19.56014212,19.51880006474633,-0.04134205525366852
2,15.0,3935.519,19.56302077,19.517049894313327,-0.04597087568667391
2,15.0,3936.0,19.5524884,19.51529286823969,-0.037195531760310985
2,15.0,3936.483,19.55539617,19.513514632762895,-0.041881537237106414
2,15.0,3936.965,19.55568328,19.511726448626085,-0.04395683137391515
2,15.0,3937.447,19.56059163,19.50992490890781,-0.050666721092191835
2,15.0,3937.929,19.56385115,19.508110275702375,-0.05574087429762642
2,15.0,3938.411,19.54999534,19.506282812741674,-0.043712527258325196
2,15.0,3938.893,19.57375636,19.504442785359654,-0.06931357464034704
2,15.0,3939.375,19.56357327,19.50259046045687,-0.0609828095431304
2,15.0,3939.857,19.59679484,19.500726106464615,-0.09606873353538603
2,15.0,3940.34,19.60486719,19.49884608892237,-0.10602110107762996
2,15.0,3940.822,19.577117,19.496958464437242,-0.08015853556275943
2,15.0,3941.304,19.5801542,19.495059625547317,-0.08509457445268254
2,15.0,3941.786,19.59736351,19.493149846447675,-0.10421366355232564
2,15.0,3942.268,19.57691228,19.4912294026821,-0.08568287731789681
2,15.0,3942.75,19.5967962,19.489298571106193,-0.10749762889380676
2,15.0,3943.232,19.56393408,19.487357629850205,-0.07657645014979408
2,15.0,3943.714,19.56468396,19.48540685828178,-0.079277101718219
2,15.0,3944.197,19.56372629,19.48344246018013,-0.08028382981987292
2,15.0,3944.679,19.56226148,19.48147285191729,-0.08078862808271126
2,15.0,3945.161,19.55430332,19.479494259081985,-0.07480906091801387
2,15.0,3945.643,19.54531246,19.47750696561759,-0.06780549438241223
2,15.0,3946.125,19.54233384,19.475511256516036,-0.0668225834839653
2,15.0,3946.607,19.5415817,19.47350741777958,-0.06807428222041878
2,15.0,3947.089,19.53434461,19.471495736382522,-0.06284887361747948
2,15.0,3947.571,19.5263875,19.46947650023267,-0.05691099976732872
2,15.0,3948.053,19.5295296,19.46744999813283,-0.06207960186716832
2,15.0,3948.536,19.51825367,19.465412293856783,-0.052841376143216934
2,15.0,3949.018,19.52871712,19.46337211608319,-0.06534500391681064
2,15.0,3949.5,19.52747466,19.461325544355297,-0.06614911564470205
2,15.0,3949.982,19.506514459999998,19.45927287066912,-0.047241589330877076
2,15.0,3950.464,19.52038076,19.457214387720963,-0.06316637227903499
2,15.0,3950.946,19.52328543,19.45515038886812,-0.06813504113188174
2,15.0,3951.428,19.52956077,19.453081168089632,-0.07647960191036773
2,15.0,3951.91,19.50895008,19.451007019946847,-0.05794306005315519
2,15.0,3952.393,19.51838359,19.448923922111245,-0.06945966788875424
2,15.0,3952.875,19.51561285,19.446840796365947,-0.06877205363405281
2,15.0,3953.357,19.5318711,19.444753630653654,-0.0871174693463459
2,15.0,3953.839,19.49102376,19.442662721470175,-0.04836103852982632
2,15.0,3954.321,19.50335745,19.44056836569541,-0.0627890843045904
2,15.0,3954.803,19.5152775,19.438470860553544,-0.07680663944645616
2,15.0,3955.285,19.50147618,19.43637050357318,-0.06510567642682119
2,15.0,3955.767,19.48868479,19.43426759254747,-0.05441719745252982
2,15.0,3956.25,19.49605147,19.43215805578934,-0.06389341421066064
2,15.0,3956.732,19.50481215,19.43005092715893,-0.07476122284106879
2,15.0,3957.214,19.50256705,19.427942139669288,-0.07462491033071217
2,15.0,3957.696,19.50057184,19.42583199177211,-0.07473984822788893
2,15.0,3958.178,19.50102916,19.423720781983626,-0.07730837801637591
2,15.0,3958.66,19.50370047,19.42160880884439,-0.08209166115560862
2,15.0,3959.142,19.46382005,19.41949637087938,-0.04432367912061963
2,15.0,3959.624,19.49616323,19.417383766557847,-0.07877946344215303
2,15.0,3960.106,19.49084561,19.415271294253298,-0.07557431574670304
2,15.0,3960.589,19.45454035,19.413154871027505,-0.04138547897249367
2,15.0,3961.071,19.47641433,19.41104355911489,-0.06537077088511012
2,15.0,3961.553,19.48433103,19.40893327398254,-0.07539775601745902
2,15.0,3962.035,19.46285767,19.406824313220092,-0.05603335677990984
2,15.0,3962.517,19.45254992,19.404716974121317,-0.0478329458786817
2,15.0,3962.999,19.44305877,19.40261155364421,-0.040447216355790516
2,15.0,3963.481,19.43788511,19.400508348371144,-0.03737676162885606
2,15.0,3963.963,19.43432685,19.398407654469015,-0.03591919553098677
2,15.0,3964.446,19.43095631,19.39630541831001,-0.03465089168998858
2,15.0,3964.927,19.43565719,19.39421498312914,-0.04144220687086175
2,15.0,3965.41,19.4195282,19.392119260347176,-0.02740893965282254
2,15.0,3965.892,19.43306999,19.39003157186065,-0.04303841813934994
2,15.0,3966.374,19.41123206,19.38794786856582,-0.023284191434179036
2,15.0,3966.856,19.41052628,19.3858684433024,-0.024657836697599578
2,15.0,3967.338,19.40089971,19.383793588217557,-0.01710612178244375
2,15.0,3967.82,19.38473255,19.38172359472666,-0.0030089552733372216
2,15.0,3968.302,19.39868306,19.37965875347418,-0.01902430652581799
2,15.0,3968.784,19.38755701,19.377599354294546,-0.009957655705452595
2,15.0,3969.267,19.38407758,19.375541431608504,-0.008536148391495857
2,15.0,3969.749,19.37423712,19.373493795430186,-0.0007433245698145186
2,15.0,3970.231,19.39285439,19.371452466174144,-0.021401923825855818
2,15.0,3970.713,19.38791634,19.36941773004464,-0.0184986099553619
2,15.0,3971.195,19.38619229,19.36738987224232,-0.01880241775767999
2,15.0,3971.677,19.38651472,19.36536917692587,-0.021145543074130302
2,15.0,3972.159,19.36839672,19.363355927173956,-0.005040792826044083
2,15.0,3972.641,19.41192216,19.36135040494706,-0.05057175505293898
2,15.0,3973.124,19.3948026,19.359348755348787,-0.0354538446512116
2,15.0,3973.606,19.40952362,19.357359546876342,-0.05216407312365945
2,15.0,3974.088,19.40844327,19.355378905299812,-0.05306436470018738
2,15.0,3974.57,19.398847,19.353407107727197,-0.045439892272803206
2,15.0,3975.052,19.4002945,19.3514444299605,-0.04885007003949937
2,15.0,3975.534,19.38041716,19.349491146458632,-0.030926013541368036
2,15.0,3976.016,19.39883488,19.34754753030055,-0.05128734969945015
2,15.0,3976.498,19.40278008,19.34561385314858,-0.057166226851418145
2,15.0,3976.98,19.39614862,19.3436903852119,-0.05245823478810152
2,15.0,3977.463,19.38154542,19.34177343742876,-0.039771982571238595
2,15.0,3977.945,19.38553671,19.339871215125974,-0.045665494874025825
2,15.0,3978.427,19.39266201,19.337980004134856,-0.05468200586514271
2,15.0,3978.909,19.35965195,19.336100068487887,-0.023551881512112516
2,15.0,3979.391,19.36236744,19.33423167058498,-0.028135769415019496
2,15.0,3979.873,19.37779719,19.33237507115822,-0.0454221188417776
2,15.0,3980.355,19.35293818,19.330530529236945,-0.02240765076305351
2,15.0,3980.837,19.35254066,19.328698302112915,-0.023842357887083665
2,15.0,3981.32,19.34231521,19.326874883327356,-0.015440326672642612
2,15.0,3981.802,19.35115148,19.325068077418887,-0.026083402581111415
2,15.0,3982.284,19.35271244,19.323274347934298,-0.02943809206570336
2,15.0,3982.766,19.33226488,19.321493944868497,-0.010770935131503734
2,15.0,3983.248,19.33882511,19.319727116308666,-0.01909799369133225
2,15.0,3983.73,19.31713986,19.317974108400968,0.0008342484009666862
2,15.0,3984.212,19.32607702,19.31623516531764,-0.009841854682360207
2,15.0,3984.694,19.33361708,19.31451052922425,-0.019106550775749298
2,15.0,3985.177,19.33950156,19.312796907631977,-0.026704652368021442
2,15.0,3985.659,19.35495667,19.31110163474719,-0.04385503525281109
2,15.0,3986.141,19.35289236,19.309421383473424,-0.04347097652657439
2,15.0,3986.623,19.34445059,19.307756387623638,-0.03669420237636345
2,15.0,3987.105,19.32650285,19.30610687884479,-0.02039597115521019
2,15.0,3987.587,19.36214794,19.304473086586853,-0.05767485341314682
2,15.0,3988.069,19.34229204,19.302855238072187,-0.03943680192781329
2,15.0,3988.551,19.34409941,19.301253558265135,-0.04284585173486377
2,15.0,3989.033,19.34646249,19.299668269842044,-0.04679422015795609
2,15.0,3989.516,19.33286636,19.29809635606506,-0.03477000393494123
2,15.0,3989.998,19.33219074,19.296544544280007,-0.03564619571999472
2,15.0,3990.48,19.32204271,19.295009778329085,-0.027032931670916582
2,15.0,3990.962,19.34621185,19.293492271437632,-0.05271957856236753
2,15.0,3991.444,19.31546447,19.291992234397565,-0.0234722356024335
2,15.0,3991.926,19.34459024,19.29050987553937,-0.054080364460627806
2,15.0,3992.408,19.34998921,19.289045400704396,-0.06094380929560472
2,15.0,3992.89,19.34635913,19.287599013217477,-0.05876011678252269
2,15.0,3993.373,19.33829555,19.28616797014659,-0.05212757985341199
2,15.0,3993.854,19.34764081,19.284761300842934,-0.0628795091570673
2,15.0,3994.337,19.31217047,19.283367503586252,-0.028802966413749687
2,15.0,3994.819,19.33743862,19.281995486830525,-0.0554431331694758
2,15.0,3995.301,19.31592571,19.280642535758943,-0.03528317424105509
2,15.0,3995.783,19.30588448,19.279308838037245,-0.026575641962754304
2,15.0,3996.265,19.32207092,19.277994578633198,-0.04407634136680372
2,15.0,3996.747,19.30208466,19.276699939792195,-0.02538472020780347
2,15.0,3997.229,19.30528502,19.27542510101318,-0.029859918986819167
2,15.0,3997.711,19.29599919,19.274170239025032,-0.021828950974967398
2,15.0,3998.194,19.27927674,19.272932987187488,-0.0063437528125120934
2,15.0,3998.676,19.27454189,19.27171864010889,-0.0028232498911080484
2,15.0,3999.158,19.27612808,19.2705247835028,-0.0056032964971990395
2,15.0,3999.64,19.29003215,19.269351582783184,-0.02068056721681444
2,15.0,4000.122,19.28237573,19.268199200481472,-0.014176529518525882
