attachment,angle_deg,wavenumber_cm_inv,observed_percent,two_beam_percent,full_multibeam_percent,partial_multibeam_percent,selected_percent,selected_residual_percent
3,10.0,2000.302,30.90073249,30.867857177318207,30.701820104962593,30.759740218264554,30.759740218264554,-0.14099227173544548
3,10.0,2000.784,30.85859215,30.846333937836075,30.685131351015066,30.741703152105167,30.741703152105167,-0.11688899789483287
3,10.0,2001.266,30.85100601,30.824715610686354,30.668343475853263,30.723567050805944,30.723567050805944,-0.12743895919405546
3,10.0,2001.749,30.81329864,30.802958222649,30.65142169735629,30.705294517144058,30.705294517144058,-0.10800412285594163
3,10.0,2002.23,30.81211777,30.781198375365058,30.63447178589901,30.68699989148146,30.68699989148146,-0.12511787851854095
3,10.0,2002.713,30.76073791,30.75925629270089,30.6173531512068,30.668531583105263,30.668531583105263,-0.09220632689473618
3,10.0,2003.195,30.76243877,30.737269155706066,30.600172184636307,30.65000455058388,30.65000455058388,-0.11243421941611942
3,10.0,2003.677,30.70404995,30.71519281159747,30.582893919514802,30.631381214426753,30.631381214426753,-0.07266873557324871
3,10.0,2004.159,30.69378719,30.69302844450987,30.56551873485667,30.612662136141854,30.612662136141854,-0.08112505385814472
3,10.0,2004.641,30.65046394,30.6707772412732,30.548047014692216,30.593847882470666,30.593847882470666,-0.05661605752933596
3,10.0,2005.123,30.63945075,30.648440391351905,30.53047914812778,30.57493902542655,30.57493902542655,-0.06451172457345322
3,10.0,2005.605,30.60497556,30.626019086784353,30.512815529405927,30.555936142333017,30.555936142333017,-0.04903941766698239
3,10.0,2006.087,30.58298769,30.60351452212212,30.495056557965732,30.536839815861637,30.536839815861637,-0.046147874138362965
3,10.0,2006.57,30.55317195,30.58088094967304,30.477165498761792,30.517610726377292,30.517610726377292,-0.035561223622707416
3,10.0,2007.052,30.54008942,30.55821329170687,30.459216845582933,30.498329091951824,30.498329091951824,-0.04176032804817709
3,10.0,2007.534,30.48934981,30.535465974268426,30.441174070653176,30.478955795876203,30.478955795876203,-0.010394014123797035
3,10.0,2008.016,30.47005676,30.512640201359417,30.423037594812868,30.459491442600594,30.459491442600594,-0.01056531739940425
3,10.0,2008.498,30.42654603,30.489737179190765,30.40480784440114,30.439936642109362,30.439936642109362,0.013390612109361655
3,10.0,2008.98,30.41900994,30.466758116121575,30.386485251316238,30.42029200995738,30.42029200995738,0.0012820699573801164
3,10.0,2009.462,30.36509424,30.44370422259853,30.368070253076134,30.400558167306095,30.400558167306095,0.03546392730609327
3,10.0,2009.944,30.3499325,30.420576711094725,30.34956329287884,30.380735740959267,30.380735740959267,0.030803240959265565
3,10.0,2010.427,30.33228515,30.397328589025406,30.330926138805957,30.360783964577795,30.360783964577795,0.028498814577794462
3,10.0,2010.909,30.31619294,30.37405734035548,30.312236418870157,30.340786093516865,30.340786093516865,0.02459315351686442
3,10.0,2011.391,30.26259392,30.35071612520325,30.29345610221761,30.32070155471932,30.32070155471932,0.058107634719320345
3,10.0,2011.873,30.25753007,30.327306163542154,30.27458565538283,30.30053099792036,30.30053099792036,0.043000927920360255
3,10.0,2012.355,30.23198508,30.30382867706727,30.255625550881934,30.280275078670737,30.280275078670737,0.04828999867073591
3,10.0,2012.837,30.20291422,30.28028488913425,30.23657626727291,30.259934458370427,30.259934458370427,0.05702023837042702
3,10.0,2013.319,30.17627319,30.2566760246984,30.217438289215423,30.239509804301527,30.239509804301527,0.06323661430152683
3,10.0,2013.801,30.13543208,30.2330033102539,30.198212107530786,30.2190017896613,30.2190017896613,0.08356970966129751
3,10.0,2014.283,30.10065496,30.209267973772487,30.178898219261466,30.19841109359395,30.19841109359395,0.09775613359395052
3,10.0,2014.766,30.08891331,30.18542181087153,30.159456786208544,30.177695427063057,30.177695427063057,0.08878211706305805
3,10.0,2015.248,30.04773243,30.161564796300965,30.139968821752042,30.1569412615614,30.1569412615614,0.10920883156139993
3,10.0,2015.73,30.02601905,30.13764885442327,30.120394680837922,30.13610648951705,30.13610648951705,0.11008743951705213
3,10.0,2016.212,29.98515659,30.11367521851423,30.100734886000836,30.115191814188893,30.115191814188893,0.13003522418889446
3,10.0,2016.694,29.93645259,30.08964512302257,30.08098996629269,30.094197944937385,30.094197944937385,0.1577453549373864
3,10.0,2017.176,29.93076447,30.06555980350926,30.061160457341266,30.07312559725374,30.07312559725374,0.14236112725373928
3,10.0,2017.658,29.87553937,30.041420496586383,30.041246901408364,30.051975492788856,30.051975492788856,0.17643612278885712
3,10.0,2018.14,29.85794363,30.017228439856492,30.02124984744801,30.030748359381498,30.030748359381498,0.1728047293814967
3,10.0,2018.623,29.83445523,29.992934521306722,30.00112810559162,30.009400654306315,30.009400654306315,0.17494542430631554
3,10.0,2019.105,29.78053064,29.96864057841878,29.98096555917263,29.988021515441822,29.988021515441822,0.20749087544182387
3,10.0,2019.587,29.77610463,29.944297606440237,29.96072120350589,29.966567570108573,29.966567570108573,0.19046294010857423
3,10.0,2020.069,29.71731801,29.919906846329383,29.940395614903156,29.94503957118163,29.94503957118163,0.22772156118163167
3,10.0,2020.551,29.71113455,29.895469539731216,29.9199893766542,29.92343827785671,29.92343827785671,0.21230372785671037
3,10.0,2021.033,29.67721116,29.87098692891687,29.899503079082997,29.901764455675053,29.901764455675053,0.22455329567505444
3,10.0,2021.515,29.64923034,29.846460256723017,29.878937319603246,29.88001887654731,29.88001887654731,0.2307885365473119
3,10.0,2021.997,29.63707512,29.82189076649166,29.858292702774087,29.858202318777195,29.858202318777195,0.22112719877719655
3,10.0,2022.479,29.60470885,29.79727970200924,29.83756984035466,29.83631556708407,29.83631556708407,0.23160671708406966
3,10.0,2022.962,29.54103479,29.772577122414823,29.816726116557998,29.8143137888457,29.8143137888457,0.2732789988456972
3,10.0,2023.444,29.5280392,29.747886562470285,29.79584846821276,29.7922888877363,29.7922888877363,0.264249687736303
3,10.0,2023.926,29.50656032,29.723158164281557,29.77489445462066,29.77019618724829,29.77019618724829,0.2636358672482899
3,10.0,2024.408,29.47115463,29.698393172811137,29.753864716897056,29.748036497990782,29.748036497990782,0.27688186799078096
3,10.0,2024.89,29.44527432,29.67359283316463,29.732759903625197,29.72581063709182,29.72581063709182,0.28053631709181914
3,10.0,2025.372,29.41867306,29.64875839053088,29.71158067090825,29.703519428216644,29.703519428216644,0.28484636821664466
3,10.0,2025.854,29.42596606,29.623891090121944,29.69032768242073,29.681163701585483,29.681163701585483,0.2551976415854824
3,10.0,2026.336,29.3653761,29.598992177113253,29.669001609459315,29.65874429399023,29.65874429399023,0.29336819399023284
3,10.0,2026.819,29.35229831,29.5740111453813,29.64755866101923,29.63621534041729,29.63621534041729,0.28391703041729244
3,10.0,2027.301,29.30906627,29.549052683126796,29.626088315664212,29.61367097991868,29.61367097991868,0.3046047099186815
3,10.0,2027.783,29.27512534,29.524066345562673,29.604546947406618,29.591065490201995,29.591065490201995,0.31594015020199606
3,10.0,2028.265,29.25101629,29.499053377119175,29.582935258544214,29.568399734511495,29.568399734511495,0.3173834445114956
3,10.0,2028.747,29.20621958,29.474015021891667,29.56125395924198,29.545674582735046,29.545674582735046,0.3394550027350469
3,10.0,2029.229,29.17810766,29.448952523580825,29.53950376757887,29.52289091141559,29.52289091141559,0.34478325141559196
3,10.0,2029.711,29.12993912,29.423867125433432,29.517685409593998,29.500049603762104,29.500049603762104,0.37011048376210454
3,10.0,2030.193,29.10477925,29.39876007018325,29.495799619332132,29.477151549659446,29.477151549659446,0.37237229965944607
3,10.0,2030.676,29.0852881,29.373580447951042,29.473801525517885,29.454149966039775,29.454149966039775,0.3688618660397758
3,10.0,2031.157,29.05642753,29.348485956389407,29.45182871845172,29.431188795079027,29.431188795079027,0.37476126507902663
3,10.0,2031.64,29.02632084,29.323269153771605,29.429699232520942,29.408078003976907,29.408078003976907,0.38175716397690707
3,10.0,2032.122,29.0025846,29.29808785177589,29.407551082418017,29.384961887490128,29.384961887490128,0.38237728749012945
3,10.0,2032.604,28.98671875,29.272891099154627,29.38533929349631,29.361793576321535,29.361793576321535,0.37507482632153355
3,10.0,2033.086,28.96101062,29.247680134323517,29.363064648760133,29.33857400058063,29.33857400058063,0.37756338058062866
3,10.0,2033.568,28.91714354,29.22245619477342,29.340727939514387,29.315304097095193,29.315304097095193,0.39816055709519205
3,10.0,2034.05,28.90568039,29.197220517012113,29.31832996540298,29.291984809413506,29.291984809413506,0.3863044194135057
3,10.0,2034.532,28.84004759,29.17197433650606,29.29587153444646,29.268617087805225,29.268617087805225,0.42856949780522413
3,10.0,2035.014,28.80992138,29.14671888762222,29.273353463078415,29.24520188926112,29.24520188926112,0.4352805092611227
3,10.0,2035.497,28.79487859,29.121402982205232,29.250729675604887,29.22169145406322,29.22169145406322,0.42681286406321917
3,10.0,2035.979,28.73470261,29.096132682144813,29.22809468712093,29.198184106024165,29.198184106024165,0.46348149602416555
3,10.0,2036.461,28.71604348,29.070856812183955,29.20540256011042,29.174632194365866,29.174632194365866,0.4585887143658667
3,10.0,2036.943,28.69427252,29.045576601710646,29.182654145021672,29.151036702954748,29.151036702954748,0.45676418295474974
3,10.0,2037.425,28.66502609,29.02029327872488,29.15985030088313,29.127398622361277,29.127398622361277,0.4623725323612753
3,10.0,2037.907,28.63562926,28.995008069781065,29.136991895333033,29.103718949852897,29.103718949852897,0.4680896898528957
3,10.0,2038.389,28.5888464,28.9697221999311,29.114079804648505,29.079998689386052,29.079998689386052,0.4911522893860507
3,10.0,2038.871,28.55735495,28.944436892667213,29.091114913773055,29.056238851596856,29.056238851596856,0.49888390159685514
3,10.0,2039.354,28.51170106,28.919100917125434,29.068050310318906,29.03239104014751,29.03239104014751,0.5206899801475089
3,10.0,2039.836,28.49678213,28.893820406488835,29.044982403814338,29.008555029480437,29.008555029480437,0.5117728994804374
3,10.0,2040.318,28.4647685,28.868544121515463,29.0218644061043,28.98468251551148,28.98468251551148,0.5199140155114783
3,10.0,2040.8,28.43557392,28.84327327888814,28.99869723706693,28.96077453549192,28.96077453549192,0.5252006154919222
3,10.0,2041.282,28.40135634,28.818009093446925,28.975481825365748,28.936832133287744,28.936832133287744,0.5354757932877448
3,10.0,2041.764,28.37766942,28.79275277813324,28.952219108469354,28.9128563593629,28.9128563593629,0.5351869393629016
3,10.0,2042.246,28.34724358,28.767505543933815,28.928910032669922,28.888848270761116,28.888848270761116,0.5416046907611154
3,10.0,2042.728,28.32449658,28.742268599824875,28.905555553100058,28.864808931086518,28.864808931086518,0.5403123510865164
3,10.0,2043.21,28.3147479,28.717043152716585,28.882156633748334,28.840739410482946,28.840739410482946,0.525991510482946
3,10.0,2043.693,28.25138335,28.69177811283541,28.858665567312872,28.81659075896119,28.81659075896119,0.5652074089611894
3,10.0,2044.175,28.22940197,28.666579302013307,28.83518060873856,28.792464055973102,28.792464055973102,0.563062085973101
3,10.0,2044.657,28.20118407,28.641395598460118,28.811654157680778,28.768310423764834,28.768310423764834,0.5671263537648343
3,10.0,2045.139,28.18744852,28.616228200264025,28.788087213695178,28.744130958417415,28.744130958417415,0.5566824384174147
3,10.0,2045.621,28.13233924,28.59107830317138,28.764480785248033,28.719926762427185,28.719926762427185,0.5875875224271851
3,10.0,2046.103,28.1131867,28.565947100532334,28.740835889722426,28.695698944676863,28.695698944676863,0.5825122446768631
3,10.0,2046.585,28.082493,28.540835783246155,28.71715355342268,28.671448620404888,28.671448620404888,0.5889556204048887
3,10.0,2047.067,28.05147314,28.5157455397073,28.69343481157733,28.647176911173595,28.647176911173595,0.5957037711735964
3,10.0,2047.55,27.99837583,28.49062557144574,28.669631389939187,28.622834526293936,28.622834526293936,0.6244586962939351
3,10.0,2048.032,27.9843823,28.46558108015961,28.645842908310243,28.598523398467215,28.598523398467215,0.6141410984672149
3,10.0,2048.514,27.93548086,28.44056121468156,28.622021182581186,28.57419429034269,28.57419429034269,0.6387134303426905
3,10.0,2048.996,27.90808596,28.415567152842115,28.598167283689236,28.54984834844248,28.54984834844248,0.6417623884424799
3,10.0,2049.478,27.90404227,28.39060006969859,28.574282291483918,28.525486725430895,28.525486725430895,0.6214444554308933
3,10.0,2049.96,27.85183321,28.365661137482057,28.550367294718967,28.501110580073444,28.501110580073444,0.6492773700734453
3,10.0,2050.442,27.81438427,28.340751525544214,28.52642339104267,28.476721077194533,28.476721077194533,0.6623368071945315
3,10.0,2050.924,27.80588559,28.315872400305114,28.502451686986397,28.452319387633544,28.452319387633544,0.646433797633545
3,10.0,2051.406,27.75085024,28.291024925200485,28.478453297950992,28.427906688199492,28.427906688199492,0.6770564481994938
3,10.0,2051.889,27.72372423,28.26615881283272,28.454379480185928,28.403433483089707,28.403433483089707,0.6797092530897082
3,10.0,2052.371,27.69217818,28.24137818777951,28.43033105329704,28.379002301294832,28.379002301294832,0.6868241212948334
3,10.0,2052.853,27.66417092,28.21663268713205,28.406259343061436,28.354563677876783,28.354563677876783,0.6903927578767828
3,10.0,2053.335,27.64324102,28.191923461861933,28.38216550020095,28.33011881304839,28.33011881304839,0.6868777930483887
3,10.0,2053.817,27.6470543,28.16725165969727,28.35805068420933,28.305668912741083,28.305668912741083,0.6586146127410828
3,10.0,2054.299,27.59068508,28.142618425071486,28.333916063326434,28.281215188549755,28.281215188549755,0.6905301085497548
3,10.0,2054.781,27.56514065,28.118024899072523,28.30976281451045,28.256758857676196,28.256758857676196,0.6916182076761963
3,10.0,2055.263,27.54587436,28.093472219391824,28.285592123407973,28.232301142870895,28.232301142870895,0.6864267828708961
3,10.0,2055.746,27.51789752,28.06891071262494,28.261354987893565,28.207792530596144,28.207792530596144,0.6898950105961461
3,10.0,2056.228,27.48906194,28.04444321543337,28.237152973791318,28.183335741594952,28.183335741594952,0.694273801594953
3,10.0,2056.71,27.46322941,28.020019959087627,28.212937128663015,28.15888127217459,28.15888127217459,0.6956518621745893
3,10.0,2057.192,27.41893785,27.99564206718365,28.188708672583395,28.134430366676014,28.134430366676014,0.7154925166760151
3,10.0,2057.674,27.39870549,27.971310659670642,28.164468834132695,28.109984274672783,28.109984274672783,0.7112787846727819
3,10.0,2058.156,27.36212746,27.947026852801923,28.1402188503535,28.085544250903155,28.085544250903155,0.7234167909031548
3,10.0,2058.638,27.33756214,27.922791759085502,28.115959966704942,28.061111555199947,28.061111555199947,0.7235494151999475
3,10.0,2059.12,27.31304692,27.89860648723549,28.091693437014744,28.03668745241923,28.03668745241923,0.7236405324192283
3,10.0,2059.603,27.28765057,27.874422124570522,28.067370158931006,28.012222571552485,28.012222571552485,0.7245720015524846
3,10.0,2060.084,27.26359156,27.850389824729444,28.043142496359465,27.987870109724717,27.987870109724717,0.7242785497247191
3,10.0,2060.567,27.21364812,27.826310834980223,28.018810254026107,27.963428834686603,27.963428834686603,0.7497807146866045
3,10.0,2061.049,27.21082447,27.802335973777904,27.994525840064632,27.939051879786504,27.939051879786504,0.7282274097865056
3,10.0,2061.531,27.17710709,27.778416421663856,27.970240175579114,27.91468991749461,27.91468991749461,0.7375828274946095
3,10.0,2062.013,27.15947182,27.754553263566788,27.945954563484413,27.890344241218845,27.890344241218845,0.7308724212188444
3,10.0,2062.495,27.12902176,27.730747580286103,27.92167031466081,27.86601614884224,27.86601614884224,0.7369943888422412
3,10.0,2062.977,27.0869716,27.707000448445026,27.897388747886456,27.841706942637572,27.841706942637572,0.7547353426375736
3,10.0,2063.459,27.06668487,27.683312940443813,27.87311118976738,27.817417929180678,27.817417929180678,0.7507330591806785
3,10.0,2063.941,27.02855046,27.6596861244135,27.848838974665014,27.79315041926182,27.79315041926182,0.7645999592618189
3,10.0,2064.424,27.00205539,27.63607223893385,27.824523109081728,27.768855452239666,27.768855452239666,0.7668000622396676
3,10.0,2064.906,26.96749714,27.612570125351276,27.800265631818057,27.744634949623865,27.744634949623865,0.7771378096238664
3,10.0,2065.388,26.93615773,27.58913188424151,27.776017549247168,27.720439910041165,27.720439910041165,0.7842821800411635
3,10.0,2065.87,26.90813932,27.56575856619068,27.75178022599041,27.69627166022774,27.69627166022774,0.7881323402277403
3,10.0,2066.352,26.87441727,27.542451217287727,27.727555034023023,27.672131530665816,27.672131530665816,0.797714260665817
3,10.0,2066.834,26.83500986,27.519210879079424,27.703343352585836,27.648020855484503,27.648020855484503,0.813010995484504
3,10.0,2067.316,26.79635113,27.496038588525998,27.679146568094566,27.62394097235958,27.62394097235958,0.8275898423595791
3,10.0,2067.798,26.77952756,27.472935377956873,27.65496607404625,27.599893222411005,27.599893222411005,0.8203656624110067
3,10.0,2068.281,26.76903348,27.44985456209313,27.6307531599911,27.575829163691772,27.575829163691772,0.8067956836917709
3,10.0,2068.763,26.73963892,27.42689273837182,27.606609496252837,27.551849790366877,27.551849790366877,0.8122108703668758
3,10.0,2069.245,26.71755517,27.40400306550723,27.582486347903156,27.527906596002424,27.527906596002424,0.8103514260024234
3,10.0,2069.727,26.68736044,27.381186556858644,27.55838513579006,27.504000934445862,27.504000934445862,0.8166404944458634
3,10.0,2070.209,26.69996802,27.358444220937333,27.534307287335118,27.480134162452252,27.480134162452252,0.7801661424522521
3,10.0,2070.691,26.63638556,27.33577706136409,27.510254236423627,27.456307639571946,27.456307639571946,0.8199220795719455
3,10.0,2071.173,26.64041358,27.31318607682692,27.486227423292316,27.432522728036755,27.432522728036755,0.7921091480367544
3,10.0,2071.655,26.60500081,27.29067226103898,27.462228294414015,27.408780792644066,27.408780792644066,0.8037799826440661
3,10.0,2072.137,26.56943644,27.26823660269715,27.438258302380124,27.38508320063993,27.38508320063993,0.8156467606399289
3,10.0,2072.62,26.54268907,27.245833785570916,27.414269271800354,27.361382299780963,27.361382299780963,0.8186932297809619
3,10.0,2073.102,26.53576799,27.223557555175624,27.390362003136982,27.33777760460274,27.33777760460274,0.8020096146027385
3,10.0,2073.584,26.50081856,27.20136241981918,27.366488267637642,27.314221370896608,27.314221370896608,0.8134028108966085
3,10.0,2074.066,26.47469396,27.17924934771051,27.342649541144592,27.290714974500954,27.290714974500954,0.8160210145009543
3,10.0,2074.548,26.45104699,27.157219301837685,27.3188473049872,27.267259793091455,27.267259793091455,0.8162128030914566
3,10.0,2075.03,26.40892624,27.135273239928253,27.29508304584788,27.243857206054553,27.243857206054553,0.8349309660545536
3,10.0,2075.512,26.40971119,27.113412114409584,27.27135825562476,27.220508594358723,27.220508594358723,0.8107974043587234
3,10.0,2075.994,26.37322549,27.091636872369282,27.247674431291678,27.19721534042432,27.19721534042432,0.8239898504243222
3,10.0,2076.477,26.34727933,27.069903549705923,27.22398407148762,27.1739306794034,27.1739306794034,0.8266513494034022
3,10.0,2076.959,26.2962934,27.048303077379423,27.20038678224619,27.150752415436475,27.150752415436475,0.8544590154364755
3,10.0,2077.441,26.28817216,27.026791299293492,27.176834981971155,27.127633666757518,27.127633666757518,0.8394615067575195
3,10.0,2077.923,26.27206034,27.00536914077867,27.153330186494685,27.104575820265765,27.104575820265765,0.8325154802657657
3,10.0,2078.405,26.25433405,26.984037521633685,27.129873915983794,27.081580263639328,27.081580263639328,0.8272462136393273
3,10.0,2078.887,26.23645669,26.96279735608819,27.106467694784016,27.05864838519594,27.05864838519594,0.82219169519594
3,10.0,2079.369,26.208552,26.941649552765142,27.08311305126039,27.03578157375273,27.03578157375273,0.827229573752728
3,10.0,2079.851,26.1798089,26.920595014644288,27.059811517635733,27.012981218484,27.012981218484,0.8331723184839994
3,10.0,2080.333,26.1519615,26.899634639025408,27.0365646298264,26.990248708778307,26.990248708778307,0.8382872087783078
3,10.0,2080.816,26.15119215,26.87872612786724,27.013325873258456,26.967538487784847,26.967538487784847,0.8163463377848466
3,10.0,2081.298,26.11115319,26.857956946213516,26.990193020138573,26.94494598547008,26.94494598547008,0.8337927954700817
3,10.0,2081.78,26.07944713,26.83728458634068,26.967119444271017,26.922425499596613,26.922425499596613,0.8429783695966151
3,10.0,2082.262,26.05607392,26.816709922457672,26.94410669465552,26.8999784189483,26.8999784189483,0.8439044989483016
3,10.0,2082.744,26.05700524,26.796233822915212,26.921156323123615,26.877606131786067,26.877606131786067,0.8206008917860679
3,10.0,2083.226,26.02141479,26.775857150171547,26.898269884158434,26.855310025696703,26.855310025696703,0.8338952356967013
3,10.0,2083.708,26.01130641,26.75558076075783,26.875448934712328,26.833091487440495,26.833091487440495,0.8217850774404951
3,10.0,2084.19,25.98799606,26.73540550524431,26.852695034021576,26.810951902797477,26.810951902797477,0.8229558427974766
3,10.0,2084.673,25.94987806,26.715290688992596,26.829962750904595,26.788846974812344,26.788846974812344,0.8389689148123445
3,10.0,2085.155,25.91466934,26.695320443158945,26.80734778084268,26.766869621023027,26.766869621023027,0.8522002810230269
3,10.0,2085.637,25.89944001,26.675453848556053,26.784804552308728,26.744975373616334,26.744975373616334,0.8455353636163352
3,10.0,2086.119,25.86726056,26.655691731564133,26.762334631777073,26.72316561288759,26.72316561288759,0.8559050528875929
3,10.0,2086.601,25.85595574,26.636034912437246,26.73993958704311,26.701441717365853,26.701441717365853,0.8454859773658541
3,10.0,2087.083,25.8315395,26.616484205271373,26.717620987023537,26.67980506365351,26.67980506365351,0.8482655636535092
3,10.0,2087.565,25.80406498,26.597040417972543,26.695380401554402,26.65825702626478,26.65825702626478,0.8541920462647816
3,10.0,2088.047,25.78556244,26.577704352225762,26.673219401186685,26.636798977463446,26.636798977463446,0.8512365374634463
3,10.0,2088.53,25.77368027,26.55843702563517,26.651093833626003,26.615388053781853,26.615388053781853,0.8417077837818532
3,10.0,2089.011,25.7413115,26.539358560835964,26.629142440292934,26.5941583224438,26.5941583224438,0.8528468224438015
3,10.0,2089.494,25.7353725,26.520311086152727,26.607184249015027,26.572934605128665,26.572934605128665,0.837562105128665
3,10.0,2089.976,25.69642653,26.50141402877444,26.58535748137446,26.551850382011875,26.551850382011875,0.8554238520118744
3,10.0,2090.458,25.65895674,26.482628608571847,26.563618158267758,26.530862972108224,26.530862972108224,0.8719062321082234
3,10.0,2090.94,25.68512271,26.463955589249668,26.541967850120443,26.50997373070895,26.50997373070895,0.8248510207089481
3,10.0,2091.422,25.65159256,26.445395728081373,26.520408126581646,26.489184009692515,26.489184009692515,0.8375914496925141
3,10.0,2091.904,25.62998956,26.426949775880367,26.498940556302585,26.468495157355314,26.468495157355314,0.838505597355315
3,10.0,2092.386,25.62056103,26.40861847697181,26.477566706713617,26.447908518241825,26.447908518241825,0.8273474882418235
3,10.0,2092.868,25.59934375,26.390402569164642,26.456288143799046,26.42742543297404,26.42742543297404,0.828081682974041
3,10.0,2093.351,25.5781787,26.37226535351451,26.43506258817041,26.40700506962593,26.40700506962593,0.8288263696259328
3,10.0,2093.833,25.54841474,26.354282658304253,26.413979495437534,26.38673331913047,26.38673331913047,0.8383185791304726
3,10.0,2094.315,25.53696492,26.336417529733247,26.39299637961356,26.366569121848183,26.366569121848183,0.8296042018481842
3,10.0,2094.797,25.50674823,26.318670679258986,26.3721147986077,26.346513800984656,26.346513800984656,0.8397655709846568
3,10.0,2095.279,25.49572134,26.301042811688074,26.351336307731188,26.326568674961695,26.326568674961695,0.830847334961696
3,10.0,2095.761,25.4638822,26.28353462515036,26.330662459462147,26.30673505724362,26.30673505724362,0.8428528572436207
3,10.0,2096.243,25.46919126,26.26614681107332,26.31009480320867,26.287014256163165,26.287014256163165,0.8178229961631658
3,10.0,2096.725,25.42900702,26.248880054156988,26.289634885070875,26.26740757474723,26.26740757474723,0.8384005547472313
3,10.0,2097.208,25.4246473,26.23169958877443,26.269242141026737,26.247875993107716,26.247875993107716,0.8232286931077155
3,10.0,2097.69,25.40797664,26.214677227893787,26.24900255450191,26.228501681478505,26.228501681478505,0.8205250414785041
3,10.0,2098.172,25.37357386,26.19777793903381,26.228875325322306,26.20924536767342,26.20924536767342,0.8356715076734211
3,10.0,2098.654,25.35024894,26.181002379725683,26.208861983938156,26.19010833173421,26.19010833173421,0.8398593917342083
3,10.0,2099.136,25.34981716,26.16435120065249,26.18896405628072,26.17109184752098,26.17109184752098,0.8212746875209795
3,10.0,2099.618,25.34490155,26.14782504562611,26.169183063516634,26.15219718253652,26.15219718253652,0.807295632536519
3,10.0,2100.1,25.28439473,26.13142455156456,26.149520521801442,26.133425597750843,26.133425597750843,0.8490308677508445
3,10.0,2100.582,25.26865462,26.115150348469705,26.129977942032042,26.11477834742555,26.11477834742555,0.8461237274255495
3,10.0,2101.064,25.26754124,26.09900305940511,26.11055682959824,26.096256678938325,26.096256678938325,0.8287154389383247
3,10.0,2101.547,25.25855695,26.08295019745108,26.09121877534837,26.077823801713706,26.077823801713706,0.8192668517137065
3,10.0,2102.029,25.22602862,26.06705884425472,26.072045350245666,26.05955727757433,26.05955727757433,0.8335286575743304
3,10.0,2102.511,25.20630432,26.05129623367779,26.052997876189306,26.041420036883835,26.041420036883835,0.8351157168838341
3,10.0,2102.993,25.18507426,26.035662960803883,26.034077834028274,26.02341329771552,26.02341329771552,0.8383390377155209
3,10.0,2103.475,25.1687202,26.020159613673798,26.015286697851277,26.005538270382804,26.005538270382804,0.8368180703828045
3,10.0,2103.957,25.17279847,26.0047867732658,25.996625934734823,25.987796157265258,25.987796157265258,0.814997687265258
3,10.0,2104.439,25.15089715,25.98954501347609,25.97809700449051,25.97018815263436,25.97018815263436,0.8192910026343618
3,10.0,2104.921,25.12707107,25.974434901099624,25.959701359412428,25.952715442480187,25.952715442480187,0.8256443724801876
3,10.0,2105.404,25.11240389,25.95942605913263,25.941402699356363,25.935343379713665,25.935343379713665,0.822939489713665
3,10.0,2105.886,25.09567159,25.944581189474142,25.923278234147237,25.918145069263094,25.918145069263094,0.8224734792630954
3,10.0,2106.368,25.07203399,25.92986962594556,25.9052913663045,25.901085562239643,25.901085562239643,0.8290515722396421
3,10.0,2106.85,25.05107132,25.9152919067386,25.887443515502778,25.884166009762993,25.884166009762993,0.8330946897629943
3,10.0,2107.332,25.04017994,25.900848562853778,25.869736092633058,25.867387553811085,25.867387553811085,0.8272076138110833
3,10.0,2107.814,25.04277559,25.886540118083424,25.852170499549644,25.850751327050073,25.850751327050073,0.8079757370500715
3,10.0,2108.296,25.01421555,25.87236708899514,25.834748128817605,25.834258452664848,25.834258452664848,0.8200429026648486
3,10.0,2108.778,24.99691996,25.858329984915557,25.817470363460536,25.81791004419067,25.81791004419067,0.8209900841906688
3,10.0,2109.26,24.97604761,25.844429307914695,25.80033857670873,25.80170720534533,25.80170720534533,0.8256595953453321
3,10.0,2109.743,24.98024719,25.83063713995105,25.783319048411762,25.785617871504602,25.785617871504602,0.805370681504602
3,10.0,2110.225,24.94462523,25.817011079797066,25.766483608026093,25.76970975061573,25.76970975061573,0.8250845206157287
3,10.0,2110.707,24.93489651,25.80352291022722,25.749798207440037,25.753950452156914,25.753950452156914,0.8190539421569127
3,10.0,2111.189,24.9330502,25.790173104118445,25.733264178180946,25.738341038895662,25.738341038895662,0.8052908388956617
3,10.0,2111.671,24.92351372,25.776962127017306,25.71688284073248,25.72288256295747,25.72288256295747,0.7993688429574703
3,10.0,2112.153,24.93317289,25.763890437126364,25.700655504287134,25.707576065663986,25.707576065663986,0.7744031756639842
3,10.0,2112.635,24.89948515,25.750958485290937,25.684583466499788,25.69242257737268,25.69242257737268,0.7929374273726815
3,10.0,2113.117,24.86443177,25.738166714986235,25.668668013242247,25.677423117317538,25.677423117317538,0.8129913473175385
3,10.0,2113.6,24.86000564,25.725489461570223,25.65287789122418,25.662548057743912,25.662548057743912,0.8025424177439113
3,10.0,2114.082,24.86534049,25.712979648277436,25.637279747717265,25.647859991327152,25.647859991327152,0.7825195013271511
3,10.0,2114.564,24.82723437,25.700611303463106,25.621841975800535,25.633328944564905,25.633328944564905,0.8060945745649057
3,10.0,2115.046,24.83033779,25.68838484098501,25.60656581175852,25.618955890605775,25.618955890605775,0.788618100605774
3,10.0,2115.528,24.85750907,25.67630066727186,25.591452478885028,25.60474179069797,25.60474179069797,0.7472327206979728
3,10.0,2116.01,24.82775142,25.66435918131264,25.576503187246225,25.590687594038595,25.590687594038595,0.7629361740385967
3,10.0,2116.492,24.80924146,25.652560774646318,25.561719133445422,25.57679423762399,25.57679423762399,0.7675527776239903
3,10.0,2116.974,24.78690311,25.640905831351883,25.547101500389648,25.563062646102036,25.563062646102036,0.7761595361020355
3,10.0,2117.457,24.79081438,25.629370995860228,25.532621652727673,25.549465750079506,25.549465750079506,0.7586513700795052
3,10.0,2117.938,24.74494563,25.618027833837758,25.51837015827282,25.536088393709658,25.536088393709658,0.791142763709658
3,10.0,2118.421,24.76441255,25.606782378091054,25.50422964505699,25.52282021995856,25.52282021995856,0.7584076699585616
3,10.0,2118.903,24.74718523,25.59570528058471,25.490289598019103,25.50974502635765,25.50974502635765,0.7625597963576496
3,10.0,2119.385,24.7383601,25.58477345533521,25.47652167507396,25.496836032376905,25.496836032376905,0.7584759323769035
3,10.0,2119.867,24.72409765,25.57398724145822,25.4629269721293,25.484094085536405,25.484094085536405,0.7599964355364044
3,10.0,2120.349,24.72247018,25.563346970550192,25.44950656981959,25.47152002002104,25.47152002002104,0.7490498400210406
3,10.0,2120.831,24.72296345,25.552852966681428,25.436261533290274,25.459114656547122,25.459114656547122,0.7361512065471203
3,10.0,2121.313,24.71081957,25.542505546389414,25.423192911984145,25.44687880223084,25.44687880223084,0.7360592322308399
3,10.0,2121.795,24.70016152,25.53230501867263,25.41030173943069,25.434813250458923,25.434813250458923,0.7346517304589213
3,10.0,2122.278,24.68214021,25.522230980658804,25.397562844340634,25.422894281810883,25.422894281810883,0.7407540718108834
3,10.0,2122.76,24.67945383,25.512325441194655,25.38502997855764,25.411172017051303,25.411172017051303,0.7317181870513032
3,10.0,2123.242,24.67510368,25.50256767659637,25.3726775665941,25.399622352900188,25.399622352900188,0.7245186729001887
3,10.0,2123.724,24.67868902,25.492957965635547,25.360506576238716,25.388246026544117,25.388246026544117,0.7095570065441166
3,10.0,2124.206,24.66966186,25.48349657951907,25.34851795835474,25.377043760824535,25.377043760824535,0.707381900824533
3,10.0,2124.688,24.64083462,25.474183781885074,25.3367126466868,25.36601626412137,25.36601626412137,0.7251816441213705
3,10.0,2125.17,24.64412488,25.465019828799264,25.32509155767068,25.35516423023895,25.35516423023895,0.711039350238952
3,10.0,2125.652,24.64146135,25.456004968751607,25.31365559024654,25.344488338294155,25.344488338294155,0.7030269882941553
3,10.0,2126.135,24.62461081,25.447121204841054,25.30238247945127,25.33396765451426,25.33396765451426,0.7093568445142608
3,10.0,2126.617,24.62074007,25.438405556565304,25.291319769709133,25.323646393331348,25.323646393331348,0.702906323331348
3,10.0,2127.099,24.62332858,25.429839701776274,25.280444773322486,25.313503223531203,25.313503223531203,0.6901746435312042
3,10.0,2127.581,24.62916051,25.421423858619647,25.26975831741025,25.30353876438013,25.30353876438013,0.6743782543801302
3,10.0,2128.063,24.60711578,25.413158237654393,25.259261210712523,25.293753619934474,25.293753619934474,0.6866378399344732
3,10.0,2128.545,24.60495895,25.405043041851652,25.248954243424908,25.2841483789435,25.2841483789435,0.6791894289434985
3,10.0,2129.027,24.59382636,25.39707846659399,25.238838187036407,25.2747236147551,25.2747236147551,0.6808972547550987
3,10.0,2129.509,24.58571251,25.389264699675085,25.228913794171387,25.26547988522398,25.26547988522398,0.6797673752239781
3,10.0,2129.991,24.58710665,25.381601921299637,25.219181798435095,25.25641773262258,25.25641773262258,0.6693110826225812
3,10.0,2130.474,24.57214318,25.374074877063045,25.209623325271668,25.247519449869312,25.247519449869312,0.6753762698693109
3,10.0,2130.956,24.57049354,25.366714900156172,25.200278650582398,25.238822394573745,25.238822394573745,0.668328854573744
3,10.0,2131.438,24.58442712,25.359506407197497,25.19112845962146,25.230308449690597,25.230308449690597,0.6458813296905959
3,10.0,2131.92,24.55810182,25.35244954802749,25.18217340841396,25.22197809429243,25.22197809429243,0.6638762742924307
3,10.0,2132.402,24.559341,25.345544464903117,25.17341413325456,25.213831791464195,25.213831791464195,0.6544907914641946
3,10.0,2132.884,24.55443516,25.338791292500012,25.164851250577716,25.205869988230667,25.205869988230667,0.6514348282306663
3,10.0,2133.366,24.54585557,25.332190157915,25.156485356832228,25.198093115486447,25.198093115486447,0.6522375454864466
3,10.0,2133.848,24.53307797,25.32574118066901,25.148317028360157,25.19050158792904,25.19050158792904,0.6574236179290409
3,10.0,2134.331,24.54030972,25.319431567357974,25.14033049190237,25.183080632645368,25.183080632645368,0.6427709126453678
3,10.0,2134.813,24.53543415,25.313287549296984,25.132559354691477,25.175861360986264,25.175861360986264,0.6404272109862639
3,10.0,2135.295,24.55743277,25.307296001909673,25.124987391042193,25.168828581538044,25.168828581538044,0.6113958115380456
3,10.0,2135.777,24.53527895,25.301457014433787,25.117615095703986,25.16198264356287,25.16198264356287,0.6267036935628703
3,10.0,2136.259,24.52591851,25.295770668551043,25.11044294278047,25.1553238798339,25.1553238798339,0.6294053698339006
3,10.0,2136.741,24.521604,25.29023703839216,25.103471385635306,25.148852606585926,25.148852606585926,0.6272486065859262
3,10.0,2137.223,24.53835358,25.284856190542268,25.09670085680272,25.14256912346871,25.14256912346871,0.6042155434687118
3,10.0,2137.705,24.52322679,25.27962818404668,25.090131767902715,25.13647371350355,25.13647371350355,0.6132469235035494
3,10.0,2138.188,24.53812434,25.274542700098998,25.08375150954364,25.130554583664164,25.130554583664164,0.5924302436641646
3,10.0,2138.67,24.55448465,25.269620840656405,25.077586871188096,25.12483649386514,25.12483649386514,0.57035184386514
3,10.0,2139.152,24.52598022,25.264851954595812,25.071624782063623,25.1193072265868,25.1193072265868,0.5933270065867973
3,10.0,2139.634,24.53109514,25.26023607085232,25.065865569336097,25.113966997926724,25.113966997926724,0.5828718579267225
3,10.0,2140.116,24.53802039,25.255773210855317,25.060309538904413,25.10881600718171,25.10881600718171,0.5707956171817088
3,10.0,2140.598,24.53360544,25.2514633885364,25.054956975344396,25.103854436822438,25.103854436822438,0.5702489968224391
3,10.0,2141.08,24.53089805,25.24730661033753,25.04980814185765,25.099082452471272,25.099082452471272,0.568184402471271
3,10.0,2141.562,24.5117841,25.24330287521969,25.044863280225254,25.094500202883122,25.094500202883122,0.582716102883122
3,10.0,2142.044,24.51520617,25.239452174671772,25.040122610766375,25.090107819929386,25.090107819929386,0.5749016499293873
3,10.0,2142.527,24.53228142,25.235746980227894,25.035577133526168,25.085896897466124,25.085896897466124,0.5536154774661242
3,10.0,2143.009,24.51929154,25.232202610832758,25.031245847931775,25.081884970245834,25.081884970245834,0.5625934302458333
3,10.0,2143.491,24.54377672,25.228811205664503,25.02711928665787,25.078063204009432,25.078063204009432,0.5342864840094315
3,10.0,2143.973,24.53616094,25.225572726404554,25.023197583816184,25.074431662960244,25.074431662960244,0.5382707229602453
3,10.0,2144.455,24.53712944,25.222487127312124,25.019480851923756,25.070990394384122,25.070990394384122,0.5338609543841208
3,10.0,2144.937,24.51437531,25.219554355235278,25.015969181891304,25.06773942865192,25.06773942865192,0.5533641186519205
3,10.0,2145.419,24.53891725,25.216774349622213,25.012662643016554,25.064678779225055,25.064678779225055,0.5257615292250541
3,10.0,2145.901,24.53369988,25.214147042532993,25.009561282982546,25.0618084426642,25.0618084426642,0.528108562664201
3,10.0,2146.384,24.53593946,25.21166738304788,25.00665933255692,25.059123036169268,25.059123036169268,0.5231835761692665
3,10.0,2146.865,24.54705588,25.209350215298244,25.003974182119983,25.056638609953023,25.056638609953023,0.5095827299530242
3,10.0,2147.348,24.54466095,25.207176179410204,25.00148348474699,25.054334449280436,25.054334449280436,0.509673499280435
3,10.0,2147.83,24.55305509,25.20515915566172,24.999203310405907,25.052225386627015,25.052225386627015,0.49917029662701395
3,10.0,2148.312,24.53985355,25.20329438012367,24.99712822924135,25.05030636645093,25.05030636645093,0.510452816450929
3,10.0,2148.794,24.53169049,25.201581740776767,24.995258159445992,25.04857728422764,25.04857728422764,0.5168867942276414
3,10.0,2149.276,24.53613478,25.20002111830497,24.993592997724882,25.047038018678517,25.047038018678517,0.510903238678516
3,10.0,2149.758,24.55469341,25.1986123861099,24.992132619333265,25.0456884318039,25.0456884318039,0.49099502180390076
3,10.0,2150.24,24.55951932,25.197355410325557,24.990876878119373,25.04452836891927,25.04452836891927,0.4850090489192702
3,10.0,2150.722,24.56022577,25.196250049833395,24.98982560657197,25.04355765869433,25.04355765869433,0.4833318886943303
3,10.0,2151.205,24.55932893,25.195294334588116,24.988977070837898,25.042774688228526,25.042774688228526,0.48344575822852676
3,10.0,2151.687,24.55738411,25.194492066149024,24.988334574069306,25.042182494772163,25.042182494772163,0.4847983847721622
3,10.0,2152.169,24.55314947,25.19384094594156,24.987895916323488,25.041779040070224,25.041779040070224,0.48862957007022345
3,10.0,2152.651,24.58398762,25.193340803979318,24.98766084518,25.041564086625808,25.041564086625808,0.45757646662580953
3,10.0,2153.133,24.56997979,25.19299146310364,24.987629087169104,25.041537380536354,25.041537380536354,0.47155759053635293
3,10.0,2153.615,24.57174822,25.19279273900067,24.987800347847966,25.04169865155037,25.04169865155037,0.46995043155036953
3,10.0,2154.097,24.58145807,25.19274444021868,24.9881743118815,25.042047613127036,25.042047613127036,0.4605895431270355
3,10.0,2154.579,24.58906849,25.192846368185773,24.98875064312786,25.042583962498675,25.042583962498675,0.4535154724986761
3,10.0,2155.062,24.59497089,25.193098995743753,24.989530809275813,25.043309075831587,25.043309075831587,0.448338185831588
3,10.0,2155.544,24.62389078,25.193501063682547,24.99051120166873,25.044219614967272,25.044219614967272,0.4203288349672718
3,10.0,2156.026,24.59789653,25.19405271965195,24.991692828084354,25.045316536155813,25.045316536155813,0.4474200061558129
3,10.0,2156.508,24.60979241,25.194753736768014,24.993075270057087,25.046599472369955,25.046599472369955,0.4368070623699545
3,10.0,2156.99,24.61910556,25.195603881119894,24.99465808880995,25.04806804070999,25.04806804070999,0.42896248070998766
3,10.0,2157.472,24.64067073,25.196602911789416,24.996440825366857,25.049721842482803,25.049721842482803,0.40905111248280335
3,10.0,2157.954,24.63966602,25.197750580870995,24.998423000669217,25.05156046328362,25.05156046328362,0.41189444328362157
3,10.0,2158.436,24.62742197,25.199046633491864,25.000604115696767,25.05358347308037,25.05358347308037,0.42616150308036893
3,10.0,2158.918,24.63212511,25.200490807832622,25.002983651592658,25.055790426300657,25.055790426300657,0.4236653163006565
3,10.0,2159.401,24.65542346,25.202086291611913,25.00556662244741,25.058186011732857,25.058186011732857,0.4027625517328559
3,10.0,2159.883,24.65627762,25.20382620213787,25.00834177360548,25.06075983254693,25.06075983254693,0.4044822125469274
3,10.0,2160.365,24.66990322,25.205713406862298,25.01131367013546,25.063516166698072,25.063516166698072,0.3936129466980738
3,10.0,2160.847,24.66127375,25.20774761637655,25.01448171512663,25.06645450734231,25.06645450734231,0.4051807573423112
3,10.0,2161.329,24.66822575,25.20992853443267,25.017845292518157,25.069574332568553,25.069574332568553,0.4013485825685521
3,10.0,2161.811,24.68855171,25.2122558579658,25.021403767248206,25.072875105500657,25.072875105500657,0.3843233955006582
3,10.0,2162.293,24.68668903,25.214729277116867,25.02515648540672,25.076356274401782,25.076356274401782,0.3896672444017817
3,10.0,2162.775,24.69473076,25.21734847525554,25.029102774391987,25.080017272781127,25.080017272781127,0.38528651278112847
3,10.0,2163.258,24.69966237,25.22011901577246,25.03325073056645,25.08386567273715,25.08386567273715,0.3842033027371521
3,10.0,2163.74,24.72072752,25.223029095769576,25.03758246738115,25.087884942151717,25.087884942151717,0.3671574221517169
3,10.0,2164.222,24.73548618,25.22608396376446,25.042105645158717,25.092082252869545,25.092082252869545,0.35659607286954653
3,10.0,2164.704,24.71967144,25.2292832762638,25.046819518131024,25.096456980467494,25.096456980467494,0.3767855404674947
3,10.0,2165.186,24.74334095,25.23262668312244,25.05172332267476,25.10100848633637,25.10100848633637,0.3576675363363684
3,10.0,2165.668,24.74174326,25.23611382756819,25.056816277488885,25.105736117800934,25.105736117800934,0.36399285780093393
3,10.0,2166.15,24.77156074,25.239744346226853,25.06209758377528,25.11063920824205,25.11063920824205,0.3390784682420467
3,10.0,2166.632,24.78265118,25.243517869147567,25.06756642542255,25.11571707722086,25.11571707722086,0.33306589722086244
3,10.0,2167.115,24.794333,25.247442292618835,25.073233896175587,25.120980107245384,25.120980107245384,0.3266471072453818
3,10.0,2167.597,24.81285297,25.251500982743693,25.07907567658443,25.1264057962948,25.1264057962948,0.3135528262947993
3,10.0,2168.079,24.81151962,25.255701527260797,25.085102440208413,25.13200413940865,25.13200413940865,0.32048451940865164
3,10.0,2168.561,24.82086682,25.260043530158356,25.091313303547604,25.137774402122997,25.137774402122997,0.3169075821229974
3,10.0,2169.043,24.83406089,25.26452658897893,25.097707366752925,25.143715836804546,25.143715836804546,0.30965494680454597
3,10.0,2169.525,24.84275785,25.26915029484647,25.104283713827364,25.14982768278623,25.14982768278623,0.30706983278622957
3,10.0,2170.007,24.85995131,25.273914232493674,25.111041412829742,25.156109166504557,25.156109166504557,0.29615785650455706
3,10.0,2170.489,24.88324929,25.27881798028956,25.11797951608103,25.162559501638604,25.162559501638604,0.2793102116386059
3,10.0,2170.971,24.89306131,25.283861110267356,25.125097060373022,25.16917788925069,25.16917788925069,0.2761165792506901
3,10.0,2171.454,24.90319468,25.28905408348288,25.132408388947596,25.1759777692737,25.1759777692737,0.27278308927370176
3,10.0,2171.936,24.90249906,25.29437495561929,25.139882231787414,25.182930159674406,25.182930159674406,0.2804310996744057
3,10.0,2172.418,24.89404726,25.2998338873718,25.147532532883666,25.19004812972369,25.19004812972369,0.296000869723688
3,10.0,2172.9,24.92095234,25.305430425701708,25.155358269015274,25.197330831430623,25.197330831430623,0.27637849143062354
3,10.0,2173.382,24.9438621,25.311164111377995,25.16335840251026,25.204777404914633,25.204777404914633,0.2609153049146329
3,10.0,2173.864,24.92452337,25.31703447900683,25.171531881467455,25.212386978555212,25.212386978555212,0.2878636085552131
3,10.0,2174.346,24.94171564,25.323041057061285,25.179877639980184,25.22015866914297,25.22015866914297,0.27844302914297003
3,10.0,2174.828,24.95037762,25.329183367911387,25.18839459836172,25.22809158203203,25.22809158203203,0.2777139620320277
3,10.0,2175.311,24.97430754,25.335474092089925,25.197099862388768,25.236201768239745,25.236201768239745,0.2618942282397434
3,10.0,2175.792,25.00780014,25.34187324714521,25.205937728448458,25.244437439870858,25.244437439870858,0.23663729987085702
3,10.0,2176.275,25.02104203,25.34843355136909,25.214980569538525,25.252866154230432,25.252866154230432,0.23182412423043175
3,10.0,2176.757,25.02269298,25.35511417309428,25.2241716076744,25.261435112384714,25.261435112384714,0.23874213238471498
3,10.0,2177.239,25.05501797,25.361928047928412,25.23352824616121,25.27016065150027,25.27016065150027,0.21514268150026794
3,10.0,2177.721,25.07249554,25.368874662255593,25.243049327430608,25.279041811557143,25.279041811557143,0.20654627155714422
3,10.0,2178.203,25.06994505,25.375953496574255,25.252733681756112,25.28807762219833,25.28807762219833,0.2181325721983285
3,10.0,2178.685,25.08084705,25.383164025529076,25.262580127489795,25.297267102890796,25.297267102890796,0.2164200528907969
3,10.0,2179.167,25.09880548,25.390505717943412,25.272587471300188,25.306609263087516,25.306609263087516,0.2078037830875168
3,10.0,2179.649,25.1138092,25.39797803685171,25.282754508411113,25.31610310239028,25.31610310239028,0.20229390239028078
3,10.0,2180.132,25.11916965,25.40559634699423,25.293101608957855,25.325767775980932,25.325767775980932,0.20659812598093197
3,10.0,2180.614,25.12348101,25.413328553174065,25.303584698724503,25.33556224312484,25.33556224312484,0.21208123312484162
3,10.0,2181.096,25.15688985,25.421189739391586,25.314223798617085,25.345505328568613,25.345505328568613,0.1886154785686145
3,10.0,2181.578,25.16235509,25.429179345844307,25.3250176604637,25.355595994133793,25.355595994133793,0.1932409041337948
3,10.0,2182.06,25.18555987,25.437296807107227,25.335965025854026,25.365833192616293,25.365833192616293,0.18027332261629425
3,10.0,2182.542,25.18290885,25.445541552166787,25.34706462638212,25.37621586795312,25.37621586795312,0.19330701795312066
3,10.0,2183.024,25.19555518,25.453913004455053,25.3583151838898,25.38674295538987,25.38674295538987,0.19118777538987075
3,10.0,2183.506,25.21851931,25.462410581884146,25.369715410710228,25.397413381648573,25.397413381648573,0.17889407164857118
3,10.0,2183.989,25.22997616,25.471051717246414,25.381288122989382,25.408248645170445,25.408248645170445,0.1782724851704458
3,10.0,2184.471,25.26183871,25.47980003538807,25.392984092373304,25.419202787726732,25.419202787726732,0.1573640777267329
3,10.0,2184.953,25.25133278,25.488672698387685,25.404825810720595,25.430296997528778,25.430296997528778,0.17896421752877956
3,10.0,2185.435,25.26943393,25.497669102415188,25.41681195475253,25.44153016887495,25.44153016887495,0.17209623887494985
3,10.0,2185.917,25.30375504,25.50678863829615,25.428941192902457,25.452901188385347,25.452901188385347,0.14914614838534845
3,10.0,2186.399,25.30896968,25.51603069154744,25.441212185559856,25.464408935171512,25.464408935171512,0.1554392551715118
3,10.0,2186.881,25.33322085,25.52539464241332,25.453623585314055,25.476052281006467,25.476052281006467,0.1428314310064671
3,10.0,2187.363,25.34433483,25.53487986590153,25.466174037197664,25.487830090494683,25.487830090494683,0.14349526049468153
3,10.0,2187.845,25.35165084,25.54448573181972,25.478862178929703,25.499741221242264,25.499741221242264,0.14809038124226248
3,10.0,2188.328,25.38102043,25.554231907275327,25.49171338867754,25.51180964672412,25.51180964672412,0.13078921672412136
3,10.0,2188.81,25.38752535,25.564077393838595,25.50467307375434,25.52398423627774,25.52398423627774,0.13645888627774028
3,10.0,2189.292,25.40070176,25.57404160007683,25.517766317503845,25.536288677202183,25.536288677202183,0.13558691720218263
3,10.0,2189.774,25.4059775,25.584123875355033,25.530991730799318,25.548721800798518,25.548721800798518,0.14274430079851896
3,10.0,2190.256,25.41222918,25.59432356402334,25.544347918408725,25.561282432220136,25.561282432220136,0.14905325222013488
3,10.0,2190.738,25.44494024,25.604640005454566,25.557833479234265,25.573969390642507,25.573969390642507,0.12902915064250564
3,10.0,2191.22,25.46107042,25.61507253408209,25.571447006551015,25.586781489432596,25.586781489432596,0.12571106943259736
3,10.0,2191.702,25.48937979,25.625620479437853,25.585187088244876,25.599717536318305,25.599717536318305,0.1103377463183044
3,10.0,2192.185,25.50010028,25.636305406749614,25.59908120215723,25.61280355326242,25.61280355326242,0.11270327326241869
3,10.0,2192.667,25.51763349,25.647082390674434,25.613070391077457,25.625984148729277,25.625984148729277,0.1083506587292753
3,10.0,2193.149,25.53161253,25.65797274947184,25.62718186509522,25.639285080816297,25.639285080816297,0.10767255081629656
3,10.0,2193.631,25.54640547,25.668975793442296,25.641414192888547,25.652705136370738,25.652705136370738,0.10629966637073807
3,10.0,2194.113,25.56008878,25.680090828177864,25.65576593892012,25.666243097442138,25.666243097442138,0.10615431744213666
3,10.0,2194.595,25.58842107,25.691317154601386,25.670235663668574,25.679897741449356,25.679897741449356,0.09147667144935667
3,10.0,2195.077,25.59513004,25.70265406900587,25.684821923858358,25.693667841347008,25.693667841347008,0.09853780134700685
3,10.0,2195.559,25.63004936,25.714100863093883,25.69952327268824,25.707552165791284,25.707552165791284,0.07750280579128344
3,10.0,2196.042,25.65680649,25.72568091202171,25.71436911366598,25.721578635967546,25.721578635967546,0.06477214596754521
3,10.0,2196.524,25.66538977,25.737345546671875,25.72929651764074,25.735687929660934,25.735687929660934,0.07029815966093267
3,10.0,2197.006,25.67202525,25.749117907466772,25.744334647937713,25.749907727146244,25.749907727146244,0.07788247714624319
3,10.0,2197.488,25.69186429,25.76099726813704,25.759482045903717,25.76423678152554,25.76423678152554,0.07237249152553815
3,10.0,2197.97,25.71690172,25.772982898023223,25.774737250480648,25.778673842422933,25.778673842422933,0.061772122422933506
3,10.0,2198.452,25.73954741,25.78507406211635,25.790098798424705,25.793217656146386,25.793217656146386,0.05367024614638538
3,10.0,2198.934,25.74323077,25.797270021098598,25.805565224524,25.807866965848838,25.807866965848838,0.06463619584883773
3,10.0,2199.416,25.77712618,25.809570031384194,25.821135061814253,25.822620511688424,25.822620511688424,0.04549433168842398
3,10.0,2199.898,25.78135389,25.82197334516048,25.836806841792882,25.83747703098812,25.83747703098812,0.05612314098812021
3,10.0,2200.381,25.80734719,25.83450526228572,25.85261192056836,25.852466396906948,25.852466396906948,0.045119206906946374
3,10.0,2200.863,25.8402018,25.847113133308635,25.868483379190003,25.867525271608855,25.867525271608855,0.027323471608855954
3,10.0,2201.345,25.84280152,25.859822037853988,25.88445236481991,25.882683313671308,25.882683313671308,0.039881793671309396
3,10.0,2201.827,25.84875484,25.87263121160656,25.900517404903447,25.897939250648214,25.897939250648214,0.04918441064821266
3,10.0,2202.309,25.87645503,25.885539886231825,25.916677026389575,25.913291808042036,25.913291808042036,0.03683677804203711
3,10.0,2202.791,25.92903007,25.898547289417973,25.932929755933362,25.92873970945772,25.92873970945772,-0.00029036054228015473
3,10.0,2203.273,25.93363266,25.911652644917872,25.94927412009615,25.944281676755285,25.944281676755285,0.01064901675528418
3,10.0,2203.755,25.96693339,25.92485517259141,25.96570864554379,25.95991643020163,25.95991643020163,-0.007016959798370692
3,10.0,2204.238,25.96805875,25.938181779208946,25.982266230938578,25.975675409942873,25.975675409942873,0.007616659942872417
3,10.0,2204.719,25.99977426,25.95154860468847,25.998842288653883,25.99145916954485,25.99145916954485,-0.008315090455148777
3,10.0,2205.202,26.02137328,25.965066013902835,26.015573189397777,26.007397679716348,26.007397679716348,-0.013975600283650635
3,10.0,2205.684,26.04639196,25.97864954671578,26.032353808861938,26.023390934330067,26.023390934330067,-0.02300102566993445
3,10.0,2206.166,26.05197433,25.992326292433635,26.049217228245478,26.03947055509324,26.03947055509324,-0.012503774906761578
3,10.0,2206.648,26.0799405,26.006095448445674,26.066161978884825,26.05563525583528,26.05563525583528,-0.024305244164718687
3,10.0,2207.13,26.0977362,26.019956208547775,26.08318659354727,26.071883749822756,26.071883749822756,-0.02585245017724347
3,10.0,2207.612,26.10389961,26.03390776298573,26.10028960661148,26.088214749901777,26.088214749901777,-0.01568486009822223
3,10.0,2208.094,26.13161893,26.047949298498725,26.117469554245385,26.104626968639003,26.104626968639003,-0.02699196136099502
3,10.0,2208.576,26.12549743,26.06207999836286,26.134724974581854,26.1211191184615,26.1211191184615,-0.004378311538498991
3,10.0,2209.059,26.16023199,26.076328633789082,26.15209043699799,26.13772437189102,26.13772437189102,-0.022507618108978278
3,10.0,2209.541,26.17555178,26.090635379269912,26.16949257487895,26.15437268044964,26.15437268044964,-0.021179099550359126
3,10.0,2210.023,26.1665791,26.105028816870224,26.18696581035566,26.17109705524538,26.17109705524538,0.004517955245379568
3,10.0,2210.505,26.21894696,26.11950811644505,26.204508691134997,26.18789620951948,26.18789620951948,-0.03105075048052086
3,10.0,2210.987,26.22832157,26.134072444605884,26.22211976773128,26.204768857053068,26.204768857053068,-0.0235527129469304
3,10.0,2211.469,26.27473623,26.14872096476511,26.23979759362742,26.221713712298847,26.221713712298847,-0.05302251770115163
3,10.0,2211.951,26.28706873,26.163452837180127,26.257540725433362,26.238729490511275,26.238729490511275,-0.04833923948872609
3,10.0,2212.433,26.30484207,26.17826721899803,26.275347723042433,26.255814907875738,26.255814907875738,-0.04902716212426128
3,10.0,2212.916,26.35090038,26.193194253258785,26.293254287184382,26.27300434054506,26.27300434054506,-0.07789603945493795
3,10.0,2213.398,26.35793754,26.208171279885267,26.311184835038944,26.290225326956854,26.290225326956854,-0.06771221304314778
3,10.0,2213.88,26.38595699,26.223228267368675,26.32917494663841,26.307512105274586,26.307512105274586,-0.078444884725414
3,10.0,2214.362,26.3949223,26.238364360854952,26.347223196528642,26.324863396670494,26.324863396670494,-0.0700589033295067
3,10.0,2214.844,26.43194842,26.253578702603292,26.365328163282015,26.342277923870927,26.342277923870927,-0.08967049612907374
3,10.0,2215.326,26.42868179,26.268870432031317,26.383488429638568,26.35975441127634,26.35975441127634,-0.06892737872365728
3,10.0,2215.808,26.47506041,26.284238685760233,26.401702582644468,26.37729158508036,26.37729158508036,-0.09776882491964045
3,10.0,2216.29,26.47899817,26.299682597659952,26.419969213787976,26.394888173386718,26.394888173386718,-0.08410999661328233
3,10.0,2216.772,26.48385081,26.315201298894383,26.4382869191327,26.412542906324877,26.412542906324877,-0.07130790367512319
3,10.0,2217.255,26.52502862,26.330826344030285,26.456692456715626,26.430291320488074,26.430291320488074,-0.09473729951192666
3,10.0,2217.737,26.54730035,26.34649215746137,26.475108216328636,26.448058655813938,26.448058655813938,-0.09924169418606255
3,10.0,2218.219,26.56470635,26.362230136115464,26.493570864205246,26.46588033683147,26.46588033683147,-0.09882601316853012
3,10.0,2218.701,26.58593439,26.37803940078172,26.51207901600486,26.483755102905313,26.483755102905313,-0.10217928709468538
3,10.0,2219.183,26.60639917,26.39391906977096,26.530631292591565,26.501681695981617,26.501681695981617,-0.10471747401838272
3,10.0,2219.665,26.60603326,26.40986825896139,26.54922632015207,26.51965886069472,26.51965886069472,-0.08637439930528146
3,10.0,2220.147,26.64731246,26.425886081844457,26.567862730311678,26.53768534447184,26.53768534447184,-0.10962711552815918
3,10.0,2220.629,26.64448625,26.44197164957061,26.586539160246993,26.55575989763652,26.55575989763652,-0.08872635236348003
3,10.0,2221.112,26.6883544,26.458157651117965,26.605293120040862,26.57391891753481,26.57391891753481,-0.11443548246518986
3,10.0,2221.594,26.72538967,26.474376168764735,26.624045599822594,26.592085965810156,26.592085965810156,-0.13330370418984216
3,10.0,2222.076,26.71744939,26.490659749259734,26.64283404252709,26.61029735026186,26.61029735026186,-0.10715203973813914
3,10.0,2222.558,26.76158189,26.50700749484526,26.661657108630223,26.62855183380799,26.62855183380799,-0.13303005619200903
3,10.0,2223.04,26.78069253,26.523418505652845,26.680513464687564,26.646848182756404,26.646848182756404,-0.1338443472435955
3,10.0,2223.522,26.78276571,26.53989187974978,26.699401783432307,26.66518516689868,26.66518516689868,-0.11758054310131882
3,10.0,2224.004,26.81257409,26.556426713185143,26.718320743870937,26.683561559602524,26.683561559602524,-0.12901253039747473
3,10.0,2224.486,26.83464055,26.573022100036106,26.73726903137649,26.701976137902463,26.701976137902463,-0.13266441209753665
3,10.0,2224.969,26.83655852,26.589711747834254,26.75628473593096,26.720466001384793,26.720466001384793,-0.11609251861520775
3,10.0,2225.451,26.87790013,26.606425637004357,26.775287813688195,26.738953370004037,26.738953370004037,-0.13894675999596373
3,10.0,2225.933,26.89633167,26.623197348561494,26.79431631104582,26.757475275699207,26.757475275699207,-0.13885639430079166
3,10.0,2226.415,26.91718654,26.640025969155744,26.813368939739995,26.77603051105706,26.77603051105706,-0.141156028942941
3,10.0,2226.897,26.92446283,26.656910583697762,26.83244441830299,26.794617872761727,26.794617872761727,-0.12984495723827294
3,10.0,2227.379,26.9487659,26.673850275405062,26.851541472142056,26.813236161676052,26.813236161676052,-0.13552973832394954
3,10.0,2227.861,26.98123749,26.690844125848717,26.870658833615668,26.83188418292135,26.83188418292135,-0.1493533070786519
3,10.0,2228.343,26.99369983,26.70789121499991,26.88979524210757,26.850560745955686,26.850560745955686,-0.1431390840443143
3,10.0,2228.825,27.01148955,26.72499062127658,26.908949444098482,26.869264664650437,26.869264664650437,-0.14222488534956312
3,10.0,2229.308,27.0552418,26.742177056946183,26.928159982913822,26.88803364286958,26.88803364286958,-0.16720815713042114
3,10.0,2229.79,27.07893599,26.759378430494404,26.947346070553905,26.90678878316763,26.90678878316763,-0.17214720683237061
3,10.0,2230.272,27.09993702,26.776629345646626,26.966546231851453,26.92556774553661,26.92556774553661,-0.17436927446338757
3,10.0,2230.754,27.12227462,26.79392887507174,26.985759242361503,26.94436936224704,26.94436936224704,-0.17790525775295762
3,10.0,2231.236,27.13355042,26.811276090118977,27.004983885060494,26.963192470343188,26.963192470343188,-0.17035794965681106
3,10.0,2231.718,27.1616915,26.828670060864628,27.02421895040421,26.982035911710376,26.982035911710376,-0.17965558828962358
3,10.0,2232.2,27.18511634,26.84610985615877,27.043463236383893,27.00089853314097,27.00089853314097,-0.18421780685903144
3,10.0,2232.682,27.19692708,26.863594543672,27.062715548579927,27.019779186398768,27.019779186398768,-0.17714789360123007
3,10.0,2233.165,27.21951377,26.88115960147524,27.08201466324986,27.038715951565607,27.038715951565607,-0.18079781843439235
3,10.0,2233.646,27.2415876,26.898694860421863,27.101239512195782,27.057590020684163,27.057590020684163,-0.18399757931583594
3,10.0,2234.129,27.25796285,26.91634520569352,27.120548794836488,27.076557214589393,27.076557214589393,-0.18140563541060573
3,10.0,2234.611,27.27480232,26.934000201241204,27.139821426941307,27.09549864121072,27.09549864121072,-0.1793036787892781
3,10.0,2235.093,27.30439122,26.95169540936049,27.159096226344047,27.114452432875147,27.114452432875147,-0.18993878712485213
3,10.0,2235.575,27.33440337,26.969429891625698,27.17837204518617,27.133417472454585,27.133417472454585,-0.20098589754541507
3,10.0,2236.057,27.3508828,26.98720270875918,27.19764774351579,27.15239264820157,27.15239264820157,-0.1984901517984312
3,10.0,2236.539,27.37243629,27.005012920678134,27.2169221893246,27.171376853801696,27.171376853801696,-0.20105943619830313
3,10.0,2237.021,27.39619017,27.02285958654109,27.236194258583026,27.19036898842483,27.19036898842483,-0.20582118157517115
3,10.0,2237.503,27.40340741,27.040741764795005,27.255462835273693,27.209367956774877,27.209367956774877,-0.19403945322512328
3,10.0,2237.986,27.43993388,27.058695720180438,27.274766772631292,27.22841210321953,27.22841210321953,-0.21152177678047224
3,10.0,2238.468,27.46825801,27.07664616472895,27.29402503537245,27.24742148405568,27.24742148405568,-0.22083652594432124
3,10.0,2238.95,27.49157429,27.094629291247493,27.313276503612652,27.26643444417836,27.26643444417836,-0.2251398458216407
3,10.0,2239.432,27.5202474,27.112644155801654,27.332520093693574,27.285449910908007,27.285449910908007,-0.23479748909199216
3,10.0,2239.914,27.53789503,27.130689813978687,27.35175473010684,27.30446681732652,27.30446681732652,-0.23342821267348057
3,10.0,2240.396,27.55912301,27.148765320934064,27.370979345515778,27.32348410231851,27.32348410231851,-0.23563890768149065
3,10.0,2240.878,27.58590128,27.16686973143808,27.390192880775995,27.34250071061154,27.34250071061154,-0.24340056938846288
3,10.0,2241.36,27.61004373,27.18500209992239,27.4093942849536,27.361515592814495,27.361515592814495,-0.24852813718550593
3,10.0,2241.843,27.61591903,27.203199183012657,27.42862231053543,27.38056714607241,27.38056714607241,-0.2353518839275921
3,10.0,2242.325,27.65746807,27.22138468272548,27.447796302123265,27.399575442660247,27.399575442660247,-0.2578926273397535
3,10.0,2242.807,27.66881477,27.239595300182874,27.46695505712905,27.418578898506173,27.418578898506173,-0.2502358714938282
3,10.0,2243.289,27.69081733,27.257830088926042,27.486097557629154,27.43757648811747,27.43757648811747,-0.2532408418825298
3,10.0,2243.771,27.71496078,27.276088102389934,27.505222793977616,27.456567192056347,27.456567192056347,-0.25839358794365097
3,10.0,2244.253,27.74097745,27.294368393949163,27.524329764814517,27.47554999697084,27.47554999697084,-0.26542745302915804
3,10.0,2244.735,27.74682524,27.3126700169645,27.54341747707307,27.494523895624457,27.494523895624457,-0.2523013443755424
3,10.0,2245.217,27.75439682,27.33099202482901,27.562484945984842,27.513487886924402,27.513487886924402,-0.24090893307559824
3,10.0,2245.699,27.80404864,27.349333471014138,27.581531195083684,27.532440975948695,27.532440975948695,-0.2716076640513059
3,10.0,2246.182,27.81579926,27.367731518839562,27.600594701482752,27.551421458020087,27.551421458020087,-0.26437780197991145
3,10.0,2246.664,27.8369763,27.386109038042846,27.619595565759546,27.57034975481321,27.57034975481321,-0.26662654518678863
3,10.0,2247.146,27.86280798,27.404503154949964,27.63857232868854,27.58926419982363,27.58926419982363,-0.27354378017636805
3,10.0,2247.628,27.87748216,27.42291292380708,27.657524047038258,27.608163823072587,27.608163823072587,-0.26931833692741236
3,10.0,2248.11,27.91538594,27.441337399168745,27.67644978587666,27.62704766086955,27.62704766086955,-0.28833827913044985
3,10.0,2248.592,27.91183566,27.459775635943807,27.69534861856614,27.645914755832454,27.645914755832454,-0.26592090416754743
3,10.0,2249.074,27.94017208,27.478226689441048,27.714219626757636,27.664764156906266,27.664764156906266,-0.2754079230937343
3,10.0,2249.556,27.95670273,27.49668961541475,27.733061900382822,27.683594919380944,27.683594919380944,-0.27310781061905587
3,10.0,2250.039,27.98834363,27.51520180831581,27.75191353658522,27.702445111265934,27.702445111265934,-0.285898518734065
3,10.0,2250.521,27.99278682,27.533685668252655,27.770695579688507,27.721235744359575,27.721235744359575,-0.27155107564042424
3,10.0,2251.003,28.02089896,27.552178569103198,27.789446205784046,27.74000494104005,27.74000494104005,-0.2808940189599518
3,10.0,2251.485,28.05470039,27.57067956886076,27.808164537843858,27.75875178214534,27.75875178214534,-0.2959486078546618
3,10.0,2251.967,28.05882626,27.589187726191618,27.8268497070646,27.777475354930377,27.777475354930377,-0.28135090506962257
3,10.0,2252.449,28.06559486,27.607702100480083,27.845500852852414,27.796174753078663,27.796174753078663,-0.2694201069213378
3,10.0,2252.931,28.10228481,27.626221751873697,27.864117122807013,27.814849076712093,27.814849076712093,-0.28743573328790717
3,10.0,2253.413,28.13992726,27.644745741328336,27.882697672704488,27.833497432400556,27.833497432400556,-0.3064298275994446
3,10.0,2253.896,28.16155339,27.663311572103932,27.901280100919408,27.85215753846132,27.85215753846132,-0.30939585153868165
3,10.0,2254.378,28.15411246,27.68184142814134,27.919786632228536,27.87075124534738,27.87075124534738,-0.2833612146526221
3,10.0,2254.86,28.19487152,27.700372808464415,27.938254957986306,27.88931634095544,27.88931634095544,-0.30555517904456053
3,10.0,2255.342,28.21298331,27.718904777712787,27.95668426649754,27.907851957732408,27.907851957732408,-0.30513135226759047
3,10.0,2255.824,28.23254308,27.737436401558373,27.975073754141388,27.926357234604502,27.926357234604502,-0.30618584539549687
3,10.0,2256.306,28.26665883,27.75596674674958,27.99342262534791,27.944831316980547,27.944831316980547,-0.32182751301945345
3,10.0,2256.788,28.25085671,27.77449488115614,28.011730092573753,27.963273356754552,27.963273356754552,-0.2875833532454486
3,10.0,2257.27,28.29033327,27.793019873813012,28.02999537627674,27.981682512307458,27.981682512307458,-0.30865075769254346
3,10.0,2257.752,28.29527496,27.811540794964706,28.04821770488961,28.000057948507596,28.000057948507596,-0.2952170114924044
3,10.0,2258.235,28.32444745,27.830095125042497,28.066433983780186,28.018436851862184,28.018436851862184,-0.30601059813781717
3,10.0,2258.717,28.37237283,27.84860510571569,28.08456802622372,28.03674229567872,28.03674229567872,-0.3356305343212789
3,10.0,2259.199,28.37650103,27.867108231395125,28.10265684490621,28.055011551982147,28.055011551982147,-0.32148947801785255
3,10.0,2259.681,28.40301852,27.88560357760604,28.120699699896534,28.073243811594857,28.073243811594857,-0.329774708405143
3,10.0,2260.163,28.42525809,27.904090221302468,28.13869585909439,28.091438271817722,28.091438271817722,-0.3338198181822776
3,10.0,2260.645,28.43534718,27.92256724091093,28.156644598198966,28.10959413642588,28.10959413642588,-0.32575304357412094
3,10.0,2261.127,28.43767281,27.941033716373695,28.17454520067689,28.12771061566364,28.12771061566364,-0.3099621943363573
3,10.0,2261.609,28.45657991,27.95948872919217,28.192396957729606,28.145786926238706,28.145786926238706,-0.31079298376129216
3,10.0,2262.092,28.49975989,27.977969611690845,28.210236050320727,28.163859665987218,28.163859665987218,-0.3359002240127822
3,10.0,2262.573,28.51734801,27.996360700955787,28.22795113883729,28.18181594050823,28.18181594050823,-0.3355320694917694
3,10.0,2263.056,28.55074586,28.014814021348606,28.24568885441456,28.199804308277713,28.199804308277713,-0.35094155172228625
3,10.0,2263.538,28.57465785,28.033213998976457,28.263338187527765,28.217712149813615,28.217712149813615,-0.3569457001863867
3,10.0,2264.02,28.59157062,28.051597944472817,28.2809352446653,28.23557600136828,28.23557600136828,-0.3559946186317191
3,10.0,2264.502,28.60971854,28.069964949599125,28.298479362726212,28.253395118279172,28.253395118279172,-0.35632342172082687
3,10.0,2264.984,28.62820301,28.088314107975528,28.315969886096198,28.271168762286013,28.271168762286013,-0.35703424771398673
3,10.0,2265.466,28.65442195,28.106644515122888,28.33340616660963,28.288896201519172,28.288896201519172,-0.3655257484808274
3,10.0,2265.948,28.66403495,28.124955268505143,28.350787563511073,28.306576710487548,28.306576710487548,-0.3574582395124537
3,10.0,2266.43,28.6957175,28.143245467571035,28.368113443416252,28.32420957006575,28.32420957006575,-0.37150792993424986
3,10.0,2266.913,28.72710985,28.16155209283684,28.385418950811278,28.341830499077176,28.341830499077176,-0.3852793509228256
3,10.0,2267.395,28.72031984,28.179798442466932,28.402631807457112,28.359365825362563,28.359365825362563,-0.3609540146374357
3,10.0,2267.877,28.7473842,28.19802154660092,28.41978728952276,28.37685138149335,28.37685138149335,-0.3705328185066499
3,10.0,2268.359,28.76459683,28.216220513048757,28.4368847927241,28.39428647368044,28.39428647368044,-0.3703103563195569
3,10.0,2268.841,28.80061622,28.234394451813095,28.453923719945813,28.41167041442744,28.41167041442744,-0.38894580557255765
3,10.0,2269.323,28.80059449,28.252542475130376,28.470903481199556,28.42900252251446,28.42900252251446,-0.3715919674855428
3,10.0,2269.805,28.82257816,28.270663697511825,28.487823493581956,28.446282122981295,28.446282122981295,-0.3762960370187045
3,10.0,2270.287,28.84593019,28.28875723578429,28.504683181231826,28.46350854711006,28.46350854711006,-0.3824216428899412
3,10.0,2270.77,28.85722225,28.306859658025747,28.521516763867538,28.48071670375598,28.48071670375598,-0.3765055462440188
3,10.0,2271.252,28.88626833,28.32489512602891,28.538253974342545,28.497834680195822,28.497834680195822,-0.3884336498041776
3,10.0,2271.734,28.87472197,28.342900272887867,28.554929173179517,28.514897510073858,28.514897510073858,-0.3598244599261413
3,10.0,2272.216,28.9185597,28.36087422510183,28.57154181226748,28.531904549470426,28.531904549470426,-0.3866551505295739
3,10.0,2272.698,28.93908127,28.37881611168718,28.58809135031926,28.548855160613442,28.548855160613442,-0.3902261093865569
3,10.0,2273.18,28.94734686,28.396725064217502,28.604577252827177,28.565748711858745,28.565748711858745,-0.38159814814125426
3,10.0,2273.662,28.98218076,28.41460021686313,28.62099899201803,28.582584577668804,28.582584577668804,-0.3995961823311944
3,10.0,2274.144,28.99641654,28.432440706430736,28.637356046807977,28.599362138591992,28.599362138591992,-0.3970544014080062
3,10.0,2274.626,29.02683591,28.450245672402563,28.65364790275718,28.616080781240726,28.616080781240726,-0.41075512875927345
3,10.0,2275.109,29.0386505,28.46805108284706,28.66990764758355,28.63277439845821,28.63277439845821,-0.4058761015417893
3,10.0,2275.591,29.0357171,28.48578235283135,28.686067451002103,28.649373263175992,28.649373263175992,-0.3863438368240075
3,10.0,2276.073,29.06845836,28.503475532345952,28.702160550647704,28.66591140439082,28.66591140439082,-0.4025469556091821
3,10.0,2276.555,29.08992257,28.521129771971378,28.718186458211875,28.68238823276026,28.68238823276026,-0.4075343372397384
3,10.0,2277.037,29.10643809,28.538744225158027,28.73414469180014,28.698803164892425,28.698803164892425,-0.40763492510757615
3,10.0,2277.519,29.10045284,28.55631804826424,28.750034775885364,28.715155623321692,28.715155623321692,-0.38529721667830685
3,10.0,2278.001,29.12797694,28.573850400594644,28.76585624126119,28.731445036484878,28.731445036484878,-0.3965319035151218
3,10.0,2278.483,29.12929372,28.59134044443775,28.781608624995073,28.747670838696447,28.747670838696447,-0.38162288130355293
3,10.0,2278.966,29.1587281,28.608823496568668,28.797323934806702,28.763865933389,28.763865933389,-0.39486216661100215
3,10.0,2279.448,29.16962531,28.626226330331423,28.812936645651106,28.779962705172146,28.779962705172146,-0.38966260482785486
3,10.0,2279.93,29.18900792,28.643584359037803,28.82847892231424,28.795994202832894,28.795994202832894,-0.39301371716710776
3,10.0,2280.412,29.22798904,28.660896757294687,28.843950326501528,28.811959883957563,28.811959883957563,-0.4160291560424376
3,10.0,2280.894,29.19706892,28.678162702879874,28.859350425956727,28.82785921188311,28.82785921188311,-0.369209708116891
3,10.0,2281.376,29.23735236,28.695381376778897,28.874678794414404,28.84369165567084,28.84369165567084,-0.3936607043291609
3,10.0,2281.858,29.25994501,28.712551963221458,28.88993501155256,28.85945669007979,28.85945669007979,-0.4004883199202105
3,10.0,2282.34,29.29398433,28.729673649718087,28.905118662945437,28.87515379554025,28.87515379554025,-0.41883053445975094
3,10.0,2282.823,29.29804703,28.746780993904338,28.920260613831175,28.890814811237973,28.890814811237973,-0.40723221876202587
3,10.0,2283.305,29.32634468,28.76380235070609,28.93529776115351,28.90637437906449,28.90637437906449,-0.4199703009355069
3,10.0,2283.787,29.31761576,28.78077238847725,28.950261133537058,28.921864491951425,28.921864491951425,-0.3957512680485742
3,10.0,2284.269,29.338744,28.797690308218243,28.965150339677557,28.9372846527528,28.9372846527528,-0.40145934724719723
3,10.0,2284.751,29.35880086,28.81455531438915,28.979964993929308,28.952634369856437,28.952634369856437,-0.406166490143562
3,10.0,2285.233,29.3653593,28.831366614945008,28.994704716257964,28.967913157156133,28.967913157156133,-0.3974461428438687
3,10.0,2285.715,29.40938725,28.8481234213708,29.009369132193157,28.983120534023364,28.983120534023364,-0.426266715976638
3,10.0,2286.197,29.40452468,28.864824948716215,29.023957872781036,28.99825602527899,28.99825602527899,-0.4062686547210106
3,10.0,2286.679,29.42084469,28.881470415630098,29.0384705745371,29.013319161164638,29.013319161164638,-0.407525528835361
3,10.0,2287.162,29.4248305,28.898093401016546,29.05293675057911,29.02834050153984,29.02834050153984,-0.396489998460158
3,10.0,2287.644,29.43426211,28.91462429725322,29.067296146265242,29.043257386446214,29.043257386446214,-0.39100472355378457
3,10.0,2288.126,29.44448222,28.931096809348652,29.081578444295374,29.058100538009324,29.058100538009324,-0.38638168199067735
3,10.0,2288.608,29.44998262,28.94751017069794,29.095783302602108,29.07286950787686,29.07286950787686,-0.3771131121231406
3,10.0,2289.09,29.46663606,28.963863618465084,29.109910384352094,29.087563852972654,29.087563852972654,-0.37907220702734534
3,10.0,2289.572,29.48501524,28.98015639361634,29.123959357899366,29.10218313546728,29.10218313546728,-0.38283210453272076
3,10.0,2290.054,29.50124912,28.996387740953224,29.13792989673864,29.116726922748647,29.116726922748647,-0.3845221972513535
3,10.0,2290.536,29.51467482,29.012556909145278,29.151821679458912,29.131194787392445,29.131194787392445,-0.3834800326075545
3,10.0,2291.019,29.53771879,29.028696500273565,29.165662964359825,29.14561608540702,29.14561608540702,-0.392102704592979
3,10.0,2291.5,29.55204599,29.04470572230967,29.17936771609167,29.159901064832248,29.159901064832248,-0.39214492516775223
3,10.0,2291.983,29.55449136,29.06071696650322,29.19304959623502,29.17416810650227,29.17416810650227,-0.38032325349772833
3,10.0,2292.465,29.55681655,29.076629847393825,29.206623074366526,29.18832794769777,29.18832794769777,-0.36848860230223224
3,10.0,2292.947,29.57705466,29.092476850129643,29.220116263509826,29.20240980508595,29.20240980508595,-0.3746448549140524
3,10.0,2293.429,29.61202188,29.10825724727451,29.23352887186094,29.216413281756545,29.216413281756545,-0.39560859824345584
3,10.0,2293.911,29.61582608,29.123970315483916,29.246860612388875,29.230337985778675,29.230337985778675,-0.38548809422132635
3,10.0,2294.393,29.63562465,29.139615335536174,29.26011120279018,29.244183530170897,29.244183530170897,-0.39144111982910346
3,10.0,2294.875,29.64157966,29.155191592363153,29.273280365444066,29.257949532871372,29.257949532871372,-0.38363012712862954
3,10.0,2295.357,29.65925185,29.170698375080793,29.286367827367506,29.271635616707584,29.271635616707584,-0.387616233292416
3,10.0,2295.84,29.66992859,29.186166929723846,29.2994002171304,29.285269553434,29.285269553434,-0.38465903656600275
3,10.0,2296.322,29.69643217,29.201532500670623,29.31232330609305,29.298794519711937,29.298794519711937,-0.39763765028806475
3,10.0,2296.804,29.69023819,29.2168264888187,29.325163902224105,29.312238463897536,29.312238463897536,-0.3779997261024626
3,10.0,2297.286,29.70674925,29.232048200330127,29.33792175065655,29.325601028085973,29.325601028085973,-0.3811482219140281
3,10.0,2297.768,29.71037822,29.247196945700647,29.350596600940058,29.338881859111844,29.338881859111844,-0.3714963608881554
3,10.0,2298.25,29.73441387,29.26227203978835,29.36318820699733,29.35208060851909,29.35208060851909,-0.3823332614809125
3,10.0,2298.732,29.72767366,29.277272801842823,29.375696327080867,29.365196932531152,29.365196932531152,-0.36247672746884874
3,10.0,2299.214,29.73524429,29.29219855553361,29.388120723729806,29.378230492020954,29.378230492020954,-0.35701379797904664
3,10.0,2299.697,29.75363588,29.30707935912675,29.400486678867615,29.391207734045565,29.391207734045565,-0.3624281459544356
3,10.0,2300.179,29.7737817,29.321852925832914,29.412742758303647,29.40407459212974,29.40407459212974,-0.36970710787026206
3,10.0,2300.661,29.80184523,29.336549480616792,29.424914426753517,29.416857695238885,29.416857695238885,-0.384987534761116
3,10.0,2301.143,29.81975477,29.351168365119253,29.437001463485913,29.42955672255529,29.42955672255529,-0.3901980474447093
3,10.0,2301.625,29.83047444,29.365708925540787,29.44900365184445,29.44217135776166,29.44217135776166,-0.3883030822383411
3,10.0,2302.107,29.84045591,29.380170512668634,29.4609207792062,29.45470128901176,29.45470128901176,-0.38575462098824076
3,10.0,2302.589,29.85227098,29.394552481903787,29.47275263694032,29.467146208900772,29.467146208900772,-0.38512477109922827
3,10.0,2303.071,29.84880976,29.408854193287617,29.48449902036719,29.47950581443591,29.47950581443591,-0.3693039455640914
3,10.0,2303.553,29.86589436,29.423075011528237,29.496159728717572,29.49177980700703,29.49177980700703,-0.3741145529929675
3,10.0,2304.036,29.88466664,29.43724355548396,29.50775848987733,29.503993089339247,29.503993089339247,-0.38067355066075237
3,10.0,2304.518,29.88801461,29.451300529277965,29.519247082450462,29.51609479840524,29.51609479840524,-0.37191981159475773
3,10.0,2305.0,29.88825627,29.4652747310303,29.530649420310016,29.52811002409188,29.52811002409188,-0.36014624590811906
3,10.0,2305.482,29.90697151,29.479165544385072,29.541965317934512,29.540038485036316,29.540038485036316,-0.36693302496368574
3,10.0,2305.964,29.91717254,29.492972357781333,29.55319459351342,29.551879904112894,29.551879904112894,-0.3652926358871049
3,10.0,2306.446,29.911823,29.5066945644781,29.56433706890818,29.5636340084042,29.5636340084042,-0.34818899159579786
3,10.0,2306.928,29.93643298,29.520331562578818,29.575392569613467,29.575300529172466,29.575300529172466,-0.3611324508275331
3,10.0,2307.41,29.95015142,29.533882755055743,29.5863609247188,29.58687920183098,29.58687920183098,-0.36327221816902266
3,10.0,2307.893,29.94236513,29.547375394814463,29.597264450770993,29.598393513493132,29.598393513493132,-0.3439716165068667
3,10.0,2308.375,29.96528464,29.56075302348234,29.60805783447935,29.609795529040866,29.609795529040866,-0.3554891109591338
3,10.0,2308.857,29.97753366,29.57404308369285,29.618763580717008,29.621108926822295,29.621108926822295,-0.35642473317770396
3,10.0,2309.339,29.9972893,29.58724499814201,29.629381532582173,29.632333458580277,29.632333458580277,-0.3649558414197216
3,10.0,2309.821,29.99817295,29.60035819451258,29.639911536580435,29.64346888006791,29.64346888006791,-0.35470406993209025
3,10.0,2310.303,29.98804171,29.613382105496648,29.650353442588298,29.654514951020683,29.654514951020683,-0.3335267589793176
3,10.0,2310.785,29.99158291,29.626316168818253,29.660707103816804,29.665471435128836,29.665471435128836,-0.32611147487116554
3,10.0,2311.267,30.02413546,29.639159827255522,29.670972376775858,29.676338100009957,29.676338100009957,-0.347797359990043
3,10.0,2311.75,30.02242646,29.65193889161953,29.681170142695546,29.687136981547773,29.687136981547773,-0.3352894784522249
3,10.0,2312.232,30.04274012,29.66459989854097,29.69125803756915,29.697823138882683,29.697823138882683,-0.3449169811173185
3,10.0,2312.714,30.05807762,29.677168858336408,29.7012571328669,29.708418802680836,29.708418802680836,-0.34965881731916326
3,10.0,2313.196,30.04580456,29.68964523422804,29.71116729794761,29.71892375600546,29.71892375600546,-0.3268808039945412
3,10.0,2313.678,30.05023546,29.70202849459928,29.720988405294165,29.72933778571204,29.72933778571204,-0.32089767428795923
3,10.0,2314.16,30.05217103,29.714318113015338,29.73072033047957,29.73966068242185,29.73966068242185,-0.31251034757815077
3,10.0,2314.642,30.07615211,29.726513568243668,29.740362952133317,29.749892240495683,29.749892240495683,-0.32625986950431596
3,10.0,2315.124,30.08039129,29.738614344273913,29.749916151908145,29.760032258007598,29.760032258007598,-0.32035903199240323
3,10.0,2315.606,30.08561096,29.750619930337752,29.75937981444703,29.77008053671902,29.77008053671902,-0.315530423280979
3,10.0,2316.089,30.08444876,29.76255443042182,29.768773182243265,29.780057442673467,29.780057442673467,-0.3043913173265338
3,10.0,2316.571,30.11388301,29.774367925220595,29.778057249703664,29.789921472363357,29.789921472363357,-0.3239615376366416
3,10.0,2317.053,30.10837582,29.786084728372312,29.787251451256232,29.799693190019035,29.799693190019035,-0.3086826299809644
3,10.0,2317.535,30.10977865,29.797704350279947,29.79635568318828,29.80937241190256,29.80937241190256,-0.3004062380974375
3,10.0,2318.017,30.13041924,29.8092263066834,29.805369844617605,29.818958957836145,29.818958957836145,-0.31146028216385346
3,10.0,2318.499,30.11258832,29.820650118677353,29.814293837461705,29.82845265117738,29.82845265117738,-0.2841356688226213
3,10.0,2318.981,30.12882979,29.831975312729362,29.823127566407063,29.837853318794444,29.837853318794444,-0.2909764712055569
3,10.0,2319.463,30.13661174,29.84320142069717,29.831870938878943,29.847160791041723,29.847160791041723,-0.28945094895827594
3,10.0,2319.946,30.15159457,29.854350960195035,29.84054172306092,29.85639392098532,29.85639392098532,-0.29520064901468146
3,10.0,2320.427,30.13421999,29.865354532866682,29.849086257618602,29.865495488130264,29.865495488130264,-0.26872450186973396
3,10.0,2320.91,30.15696113,29.876303191400268,29.85757551420493,29.87454102141549,29.87454102141549,-0.2824201085845104
3,10.0,2321.392,30.15120413,29.887128172209547,29.865956400515444,29.883473889759333,29.883473889759333,-0.2677302402406667
3,10.0,2321.874,30.16796697,29.897851806764436,29.874246507364816,29.892312765643478,29.892312765643478,-0.27565420435652044
3,10.0,2322.356,30.17606883,29.908473659629205,29.882445758000664,29.901057499844185,29.901057499844185,-0.275011330155813
3,10.0,2322.838,30.18268843,29.918993300873368,29.89055407820723,29.909707946458365,29.909707946458365,-0.27298048354163384
3,10.0,2323.32,30.1778395,29.929410306087266,29.898571396277987,29.918263962880822,29.918263962880822,-0.25957553711917924
3,10.0,2323.802,30.18540392,29.939724256396886,29.90649764298837,29.926725409781618,29.926725409781618,-0.25867851021838106
3,10.0,2324.284,30.19925853,29.949934738478767,29.91433275156912,29.935092151083794,29.935092151083794,-0.2641663789162081
3,10.0,2324.767,30.20675226,29.960062204377973,29.922092629026846,29.943381116890535,29.943381116890535,-0.2633711431094632
3,10.0,2325.249,30.19735354,29.97006431554863,29.9297450813213,29.951557854503875,29.951557854503875,-0.24579568549612674
3,10.0,2325.731,30.19602365,29.97996175114982,29.93730620952549,29.959639497325707,29.959639497325707,-0.2363841526742938
3,10.0,2326.213,30.18446647,29.98975412021318,29.9447759564347,29.967625922078028,29.967625922078028,-0.21684054792197216
3,10.0,2326.695,30.16786458,29.99944103739015,29.9521542671705,29.975517008627236,29.975517008627236,-0.19234757137276404
3,10.0,2327.177,30.17775916,30.009022122965177,29.959441089156037,29.98331263996304,29.98331263996304,-0.19444652003696206
3,10.0,2327.659,30.17764805,30.018497002868237,29.96663637209162,29.9910127021777,29.9910127021777,-0.18663534782229974
3,10.0,2328.141,30.17341008,30.02786530868743,29.973740067930677,29.99861708444545,29.99861708444545,-0.17479299555455086
3,10.0,2328.624,30.17310027,30.037145780730416,29.980766583421744,30.006141157355028,30.006141157355028,-0.166959112644971
3,10.0,2329.106,30.18296224,30.046299632870294,29.987686779578283,30.013553660424435,30.013553660424435,-0.16940857957556332
3,10.0,2329.588,30.19246106,30.05534583903604,29.994515257698232,30.0208701691514,30.0208701691514,-0.17159089084859858
3,10.0,2330.07,30.18733944,30.06428405357859,30.00125197851831,30.02809058484324,30.02809058484324,-0.15924885515675768
3,10.0,2330.552,30.21429166,30.07311393656481,30.00789690491315,30.03521481178977,30.03521481178977,-0.1790768482102294
3,10.0,2331.034,30.22668932,30.081835153788262,30.014450001873364,30.04224275724424,30.04224275724424,-0.18444656275575966
3,10.0,2331.516,30.23604322,30.09044737677961,30.02091123648382,30.049174331404323,30.049174331404323,-0.18686888859567574
3,10.0,2331.998,30.25475152,30.098950282816876,30.02728057790241,30.056009447393464,30.056009447393464,-0.1987420726065352
3,10.0,2332.48,30.25595371,30.107343554935042,30.03355799733896,30.06274802124242,30.06274802124242,-0.1932056887575797
3,10.0,2332.963,30.27942604,30.11564395276107,30.039756205363545,30.06940365135729,30.06940365135729,-0.2100223886427095
3,10.0,2333.445,30.28898794,30.123816800172925,30.04584951173004,30.075948699851665,30.075948699851665,-0.21303924014833342
3,10.0,2333.927,30.31142534,30.131879096791792,30.05185082180619,30.082396971407448,30.082396971407448,-0.2290283685925516
3,10.0,2334.409,30.30583024,30.139830548785625,30.057760114810897,30.088748393510556,30.088748393510556,-0.2170818464894424
3,10.0,2334.891,30.31819796,30.147670868124493,30.0635773719152,30.09500289646555,30.09500289646555,-0.2231950635344475
3,10.0,2335.373,30.33287652,30.15539977258841,30.069302576223293,30.101160413378437,30.101160413378437,-0.23171610662156183
3,10.0,2335.855,30.3156907,30.163016985775293,30.074935712753962,30.107220880140034,30.107220880140034,-0.2084698198599675
3,10.0,2336.337,30.32120161,30.17052223710841,30.080476768422265,30.11318423540936,30.11318423540936,-0.2080173745906393
3,10.0,2336.82,30.30588673,30.177930483229495,30.085936941189107,30.1190624900589,30.1190624900589,-0.18682423994109953
3,10.0,2337.302,30.31575627,30.185210788824854,30.091293612283316,30.124831247542744,30.124831247542744,-0.1909250224572574
3,10.0,2337.784,30.30064403,30.192378355340438,30.096558174446507,30.13050272585169,30.13050272585169,-0.1701413041483093
3,10.0,2338.266,30.30589272,30.199432935582564,30.10173062200642,30.136076874562754,30.136076874562754,-0.16981584543724537
3,10.0,2338.748,30.27598028,30.206374288216054,30.106810951100634,30.141553645942217,30.141553645942217,-0.13442663405778177
3,10.0,2339.23,30.28481807,30.213202177770206,30.111799159660244,30.146932994930424,30.146932994930424,-0.13788507506957615
3,10.0,2339.712,30.25673291,30.219916374644058,30.116695247393857,30.152214879127058,30.152214879127058,-0.10451803087294209
3,10.0,2340.194,30.24928238,30.22651665511176,30.121499215772047,30.157399258776515,30.157399258776515,-0.09188312122348563
3,10.0,2340.677,30.26987559,30.233016139271985,30.12622074788772,30.16249654894068,30.16249654894068,-0.10737904105932117
3,10.0,2341.159,30.25768381,30.239387701824853,30.130840297842333,30.167485608262083,30.167485608262083,-0.09019820173791615
3,10.0,2341.641,30.24084378,30.245644711670085,30.135367743288697,30.172377059432172,30.172377059432172,-0.06846672056782666
3,10.0,2342.123,30.24583429,30.25178696864013,30.13980309259861,30.177170873138703,30.177170873138703,-0.06866341686129829
3,10.0,2342.605,30.27906,30.25781427846404,30.14414635583247,30.181867022644944,30.181867022644944,-0.09719297735505705
3,10.0,2343.087,30.29016861,30.263726452770833,30.148397544725505,30.18646548377649,30.18646548377649,-0.10370312622350752
3,10.0,2343.569,30.30199675,30.269523309092797,30.152556672674436,30.190966234908522,30.190966234908522,-0.11103051509147832
3,10.0,2344.051,30.31330827,30.27520467086814,30.15662375472447,30.195369256953118,30.195369256953118,-0.11793901304688248
3,10.0,2344.533,30.31440102,30.280770367443722,30.160598807556497,30.199674533346908,30.199674533346908,-0.11472648665309038
3,10.0,2345.016,30.34670444,30.286231420338453,30.164489809946712,30.203890677697338,30.203890677697338,-0.14281376230266218
3,10.0,2345.498,30.35640015,30.291565057398834,30.16828067003548,30.20800022028199,30.20800022028199,-0.14839992971801053
3,10.0,2345.98,30.36253023,30.296782552461714,30.171979560686793,30.212011982536765,30.212011982536765,-0.1505182474632356
3,10.0,2346.462,30.38653561,30.301883758540384,30.175586505006592,30.215925957882853,30.215925957882853,-0.17060965211714674
3,10.0,2346.944,30.39196346,30.306868534565233,30.179101527677616,30.21974214220777,30.21974214220777,-0.1722213177922285
3,10.0,2347.426,30.41962517,30.311736745384522,30.182524654948462,30.22346053385455,30.22346053385455,-0.19616463614545054
3,10.0,2347.908,30.38224995,30.316488261764956,30.18585591462312,30.227081133610994,30.227081133610994,-0.15516881638900415
3,10.0,2348.39,30.38993567,30.321122960391893,30.189095336050705,30.230603944699304,30.230603944699304,-0.15933172530069584
3,10.0,2348.873,30.36187273,30.325649975190565,30.19224938502397,30.234035976993333,30.234035976993333,-0.12783675300666886
3,10.0,2349.354,30.36761647,30.33004144071956,30.195298789227657,30.237356225871576,30.237356225871576,-0.13026024412842574
3,10.0,2349.837,30.32751735,30.334333770596757,30.198268941554186,30.24059231304811,30.24059231304811,-0.08692503695188947
3,10.0,2350.319,30.32150642,30.338499840068774,30.201141143824223,30.243723847233888,30.243723847233888,-0.077782572766111
3,10.0,2350.801,30.30178473,30.342548563794388,30.203921677511786,30.24675764506517,30.24675764506517,-0.05502708493483155
3,10.0,2351.283,30.25928276,30.346479853972305,30.20661058104242,30.24969372417041,30.24969372417041,-0.009589035829591808
3,10.0,2351.765,30.25766735,30.350293628713562,30.209207894323804,30.252532104546283,30.252532104546283,-0.0051352454537152425
3,10.0,2352.247,30.2565899,30.353989812039526,30.211713658737963,30.255272808549286,30.255272808549286,-0.0013170914507156795
3,10.0,2352.729,30.21957256,30.35756833387947,30.214127917133816,30.257915860887444,30.257915860887444,0.03834330088744409
3,10.0,2353.211,30.23640043,30.36102913006801,30.21645071381991,30.260461288612337,30.260461288612337,0.0240608586123372
3,10.0,2353.694,30.21949423,30.364378955578943,30.21868662898415,30.262914098173653,30.262914098173653,0.04341986817365395
3,10.0,2354.176,30.23970914,30.367603887050947,30.220826451469343,30.26526416478294,30.26526416478294,0.02555502478294258
3,10.0,2354.658,30.23872088,30.370710935686468,30.22287495396351,30.267516701991454,30.267516701991454,0.02879582199145503
3,10.0,2355.14,30.22671721,30.373700060921653,30.22483218655093,30.269671746154444,30.269671746154444,0.042954536154443446
3,10.0,2355.622,30.23576263,30.37657122808058,30.226698200744025,30.271729335934175,30.271729335934175,0.03596670593417528
3,10.0,2356.104,30.23447811,30.379324408370913,30.22847304947795,30.273689512293423,30.273689512293423,0.03921140229342157
3,10.0,2356.586,30.2446796,30.381959578879297,30.23015678710548,30.27555231848906,30.27555231848906,0.03087271848905715
3,10.0,2357.068,30.22773658,30.384476722566465,30.231749469392092,30.277317800065944,30.277317800065944,0.049581220065945786
3,10.0,2357.551,30.21710372,30.386880682954985,30.233254174486845,30.2789893647723,30.2789893647723,0.06188564477229974
3,10.0,2358.033,30.17924152,30.38916150044752,30.23466473040721,30.28056014120758,30.28056014120758,0.10131862120757873
3,10.0,2358.515,30.18708182,30.391324275199604,30.23598440684147,30.282033743439925,30.282033743439925,0.09495192343992542
3,10.0,2358.997,30.18698211,30.393369013625886,30.237213265166318,30.283410226114285,30.283410226114285,0.0964281161142857
3,10.0,2359.479,30.15785105,30.3952957279864,30.238351368151278,30.28468964613641,30.28468964613641,0.1268385961364089
3,10.0,2359.961,30.14397383,30.39710443637999,30.239398779955533,30.28587206266817,30.28587206266817,0.1418982326681686
3,10.0,2360.443,30.12722452,30.398795162737493,30.24035556612506,30.286957537122962,30.286957537122962,0.15973301712296362
3,10.0,2360.925,30.13501173,30.400367936814554,30.24122179359012,30.287946133161505,30.287946133161505,0.15293440316150608
3,10.0,2361.407,30.15060288,30.401822794184255,30.241997530662875,30.288837916687697,30.288837916687697,0.13823503668769632
3,10.0,2361.89,30.17396828,30.40316242755183,30.24268417491065,30.28963450478664,30.28963450478664,0.11566622478664002
3,10.0,2362.372,30.14244388,30.404381337053444,30.243278954280637,30.290332669459943,30.290332669459943,0.14788878945994455
3,10.0,2362.854,30.15862018,30.405482471509245,30.243783456619283,30.290934232907514,30.290934232907514,0.13231405290751397
3,10.0,2363.336,30.17792127,30.406465889694445,30.244197755751816,30.291439269974475,30.291439269974475,0.11351799997447642
3,10.0,2363.818,30.20262404,30.407331656160494,30.244521926878015,30.291847857732158,30.291847857732158,0.08922381773215804
3,10.0,2364.3,30.21736626,30.40807984122604,30.24475604657153,30.29216007547536,30.29216007547536,0.07479381547535979
3,10.0,2364.782,30.21683804,30.40871052096758,30.244900192779504,30.292376004719785,30.292376004719785,0.07553796471978558
3,10.0,2365.264,30.22728473,30.40922377720991,30.24495444482241,30.292495729199757,30.292495729199757,0.06521099919975626
3,10.0,2365.747,30.25557553,30.409620397021037,30.244918716311233,30.29251928398616,30.29251928398616,0.0369437539861579
3,10.0,2366.229,30.25239037,30.409898831541625,30.24479323740136,30.292446659863906,30.292446659863906,0.04005628986390519
3,10.0,2366.711,30.27668293,30.41006012263822,30.244578110705227,30.29227809566181,30.29227809566181,0.01559516566181074
3,10.0,2367.193,30.29000206,30.410104375039076,30.24427342104361,30.292013683974428,30.292013683974428,0.002011623974429
3,10.0,2367.675,30.30345496,30.410031699168698,30.24387925461393,30.29165351960657,30.29165351960657,-0.01180144039343034
3,10.0,2368.157,30.29544083,30.409842211136535,30.243395698991755,30.291197699572272,30.291197699572272,-0.004243130427727948
3,10.0,2368.639,30.30202,30.40953603272558,30.242822843132465,30.290646323093966,30.290646323093966,-0.011373676906032415
3,10.0,2369.121,30.32926522,30.409113291380578,30.242160777373257,30.28999949160182,30.28999949160182,-0.03926572839818121
3,10.0,2369.604,30.32957639,30.408572880650485,30.241407942388708,30.289255669890487,30.289255669890487,-0.04032072010951282
3,10.0,2370.086,30.32330103,30.407917177238694,30.240567548778117,30.288418043997055,30.288418043997055,-0.034882986002944705
3,10.0,2370.568,30.34871862,30.40714532738167,30.239638224790816,30.28748528085015,30.28748528085015,-0.06123333914985096
3,10.0,2371.05,30.34682881,30.406257481060173,30.238620066318767,30.286457490713367,30.286457490713367,-0.06037131928663442
3,10.0,2371.532,30.37021982,30.40525379385401,30.237513170649308,30.285334786057973,30.285334786057973,-0.08488503394202596
3,10.0,2372.014,30.3579613,30.404134426928767,30.236317636468684,30.28411728156347,30.28411728156347,-0.0738440184365281
3,10.0,2372.496,30.34338194,30.4028995470222,30.235033563865745,30.282805094118405,30.282805094118405,-0.060576845881595176
3,10.0,2372.978,30.3631166,30.401549326430413,30.233661054335915,30.28139834282129,30.28139834282129,-0.08171825717871073
3,10.0,2373.46,30.35640908,30.40008394299375,30.23220021078539,30.27989714898181,30.27989714898181,-0.07651193101818876
3,10.0,2373.943,30.36088935,30.398500181930537,30.230647832049335,30.27829822797204,30.27829822797204,-0.08259112202796004
3,10.0,2374.425,30.36626303,30.39680479047558,30.229010452122797,30.27660832653895,30.27660832653895,-0.08965470346105064
3,10.0,2374.907,30.36634259,30.39499480322651,30.227285055628446,30.274824360041716,30.274824360041716,-0.0915182299582824
3,10.0,2375.389,30.35678959,30.39307042006599,30.225471751165554,30.27294645865471,30.27294645865471,-0.08384313134529009
3,10.0,2375.871,30.36158518,30.391031846346596,30.22357064876883,30.270974754772098,30.270974754772098,-0.09061042522790075
3,10.0,2376.353,30.35069813,30.388879292875227,30.221581859914117,30.268909383010154,30.268909383010154,-0.08178874698984728
3,10.0,2376.835,30.36945578,30.386612975897197,30.21950549752425,30.26675048020975,30.26675048020975,-0.102705299790248
3,10.0,2377.317,30.34850315,30.38423311708014,30.217341675975163,30.264498185438995,30.264498185438995,-0.0840049645610037
3,10.0,2377.799,30.35524384,30.381739943497646,30.215090511102254,30.26215263999605,30.26215263999605,-0.09309120000395055
3,10.0,2378.281,30.35659712,30.379133687612622,30.212752120206957,30.25971398741217,30.25971398741217,-0.09688313258783054
3,10.0,2378.764,30.36087415,30.37640882883976,30.210321499445172,30.257177024612993,30.257177024612993,-0.10369712538700782
3,10.0,2379.246,30.35263825,30.373576893855102,30.207808833962822,30.254552404885914,30.254552404885914,-0.09808584511408469
3,10.0,2379.728,30.33195879,30.37063260664396,30.20520930348183,30.251835122356855,30.251835122356855,-0.08012366764314649
3,10.0,2380.21,30.35139587,30.367576221066543,30.202523031241167,30.2490253295276,30.2490253295276,-0.1023705404723998
3,10.0,2380.692,30.36050503,30.364407996285586,30.199750141982097,30.246123181150644,30.246123181150644,-0.1143818488493551
3,10.0,2381.174,30.35406893,30.36112819674828,30.19689076195614,30.243128834233246,30.243128834233246,-0.1109400957667539
3,10.0,2381.656,30.37229652,30.357737092167973,30.19394501893322,30.240042448041635,30.240042448041635,-0.13225407195836425
3,10.0,2382.138,30.33363225,30.3542349575056,30.19091304220997,30.236864184105336,30.236864184105336,-0.0967680658946648
3,10.0,2382.621,30.34184775,30.350614462412697,30.187788404161495,30.2335873268137,30.2335873268137,-0.10826042318629803
3,10.0,2383.103,30.33052749,30.346890884485894,30.18458417585429,30.23022561129349,30.23022561129349,-0.1003018787065102
3,10.0,2383.585,30.32361895,30.343057133264416,30.18129411126349,30.226772516594735,30.226772516594735,-0.09684643340526478
3,10.0,2384.067,30.32625463,30.339113504519922,30.177918345883903,30.22322821335176,30.22322821335176,-0.10302641664824108
3,10.0,2384.549,30.33161518,30.335060299175247,30.17445701678206,30.219592874486437,30.219592874486437,-0.11202230551356251
3,10.0,2385.031,30.31466058,30.330897823284516,30.17091026260593,30.21586667521339,30.21586667521339,-0.09879390478661065
3,10.0,2385.513,30.29618324,30.326626388012834,30.167278223594693,30.212049793045523,30.212049793045523,-0.08413344695447833
3,10.0,2385.995,30.3017187,30.32224630961595,30.16356104158886,30.208142407799585,30.208142407799585,-0.09357629220041375
3,10.0,2386.478,30.3058923,30.317748485011357,30.159750883440584,30.20413631384487,30.20413631384487,-0.10175598615512982
3,10.0,2386.96,30.2980573,30.313151865676073,30.155863671528856,30.200048284325355,30.200048284325355,-0.09800901567464493
3,10.0,2387.442,30.28450608,30.308447583011528,30.151891752161198,30.19587030544904,30.19587030544904,-0.0886357745509585
3,10.0,2387.924,30.27233344,30.303635973437416,30.147835273691108,30.191602566311687,30.191602566311687,-0.08073087368831366
3,10.0,2388.406,30.25944688,30.298717378358468,30.14369438612659,30.18724525834298,30.18724525834298,-0.07220162165701893
3,10.0,2388.888,30.25395055,30.293692144142625,30.139469241141413,30.18279857531301,30.18279857531301,-0.07115197468698753
3,10.0,2389.37,30.26364717,30.288560622099077,30.13515999208653,30.178262713338814,30.178262713338814,-0.08538445666118477
3,10.0,2389.852,30.27849953,30.283323168456015,30.130766794001666,30.17363787089104,30.17363787089104,-0.10486165910896261
3,10.0,2390.334,30.23255019,30.2779801443382,30.126289803627174,30.16892424880081,30.16892424880081,-0.06362594119919152
3,10.0,2390.817,30.22153718,30.27252050326222,30.121719630713727,30.164111995266428,30.164111995266428,-0.057425184733570944
3,10.0,2391.299,30.2189158,30.26696722393367,30.1170753598293,30.159221242734574,30.159221242734574,-0.05969455726542705
3,10.0,2391.781,30.21603873,30.261309487440816,30.112347777538353,30.154242327720326,30.154242327720326,-0.06179640227967553
3,10.0,2392.263,30.22071216,30.25554767427592,30.107537047508963,30.14917546057221,30.14917546057221,-0.07153669942779217
3,10.0,2392.745,30.19462502,30.249682169712322,30.102643335171585,30.14402085403519,30.14402085403519,-0.050604165964809766
3,10.0,2393.227,30.18635099,30.243713363780692,30.097666807731976,30.138778723258135,30.138778723258135,-0.04757226674186654
3,10.0,2393.709,30.19180486,30.23764165124517,30.092607634184226,30.133449285801476,30.133449285801476,-0.05835557419852577
3,10.0,2394.191,30.20154612,30.231467431579148,30.087465985324,30.12803276164501,30.12803276164501,-0.07351335835499029
3,10.0,2394.674,30.16909622,30.225177981671827,30.08223111025552,30.122517865237732,30.122517865237732,-0.04657835476226779
3,10.0,2395.156,30.16001522,30.218799754324678,30.07692486022296,30.116927657823133,30.116927657823133,-0.043087562176864935
3,10.0,2395.638,30.1431515,30.212320247141058,30.07153665857705,30.111251038717178,30.111251038717178,-0.0319004612828202
3,10.0,2396.12,30.15807044,30.205739878195516,30.066066683459418,30.105488237661604,30.105488237661604,-0.052582202338395945
3,10.0,2396.602,30.14882471,30.199059070148074,30.060515114882037,30.099639486857843,30.099639486857843,-0.049185223142156786
3,10.0,2397.084,30.13039393,30.192278250218877,30.054882134741376,30.0937050209753,30.0937050209753,-0.03668890902470068
3,10.0,2397.566,30.11903434,30.18539785016256,30.04916792683288,30.087685077159794,30.087685077159794,-0.03134926284020523
3,10.0,2398.048,30.10638779,30.17841830624259,30.04337267686546,30.081579895042147,30.081579895042147,-0.02480789495785274
3,10.0,2398.531,30.08155048,30.171325271751925,30.037484297471494,30.075376785869164,30.075376785869164,-0.006173694130836793
3,10.0,2399.012,30.08417658,30.164163554253506,30.031539803245074,30.069114786900073,30.069114786900073,-0.015061793099928167
3,10.0,2399.495,30.06999557,30.1568740477274,30.025489951793006,30.06274207112365,30.06274207112365,-0.00725349887634863
3,10.0,2399.977,30.05993068,30.149502178746012,30.019372263112665,30.056298207566464,30.056298207566464,-0.0036324724335372593
3,10.0,2400.459,30.03997431,30.142033414890655,30.013174490547122,30.049770341965527,30.049770341965527,0.009796031965525032
3,10.0,2400.941,30.0528266,30.13446821893485,30.00689683160403,30.04315872905029,30.04315872905029,-0.009667870949709112
3,10.0,2401.423,30.04350247,30.12680705797517,30.0005394858105,30.036463626097085,30.036463626097085,-0.007038843902915204
3,10.0,2401.905,30.01167781,30.119050403403982,29.994102654728692,30.029685292938225,30.029685292938225,0.01800748293822707
3,10.0,2402.387,30.0095808,30.11119873088206,29.987586541971787,30.022823991971286,30.022823991971286,0.013243191971287871
3,10.0,2402.869,30.00395402,30.103252520310733,29.98099135321985,30.015879988168233,30.015879988168233,0.011925968168235102
3,10.0,2403.352,29.98117906,30.095195477326957,29.97430336780668,30.008838885906165,30.008838885906165,0.027659825906166446
3,10.0,2403.834,29.98042208,30.087061453575558,29.967550489481084,30.001730111506802,30.001730111506802,0.02130803150680194
3,10.0,2404.316,29.94495225,30.07883435767015,29.96071916520566,29.994539445295914,29.994539445295914,0.04958719529591349
3,10.0,2404.798,29.94704301,30.070514686203467,29.95380960909467,29.98726716264226,29.98726716264226,0.04022415264225998
3,10.0,2405.28,29.95622194,30.062102939868016,29.94682203741099,29.979913541536142,29.979913541536142,0.023691601536143025
3,10.0,2405.762,29.93919797,30.053599623427395,29.939756668582806,29.972478862598862,29.972478862598862,0.03328089259886369
3,10.0,2406.244,29.90964473,30.045005245687396,29.932613723220378,29.964963409092334,29.964963409092334,0.05531867909233412
3,10.0,2406.726,29.90706178,30.03632031946693,29.92539342413296,29.95736746692867,29.95736746692867,0.05030568692867021
3,10.0,2407.208,29.91457394,30.02754536156889,29.918095996345833,29.9496913246799,29.9496913246799,0.0351173846799
3,10.0,2407.691,29.88371274,30.01866240905362,29.910706287899167,29.94191909933369,29.94191909933369,0.05820635933368834
3,10.0,2408.173,29.88780018,30.009708769927165,29.903255127907833,29.93408326844968,29.93408326844968,0.04628308844968032
3,10.0,2408.655,29.88429933,30.000666674241543,29.895727528243448,29.926168119870695,29.926168119870695,0.0418687898706942
3,10.0,2409.137,29.87193598,29.991536654448026,29.888123722972235,29.918173952910728,29.918173952910728,0.04623797291072762
3,10.0,2409.619,29.87678383,29.982319246833235,29.88044394846287,29.910101069592166,29.910101069592166,0.03331723959216504
3,10.0,2410.101,29.86154384,29.97301499148903,29.872688443404275,29.90194977465568,29.90194977465568,0.04040593465568065
3,10.0,2410.583,29.82225602,29.963624432282096,29.864857448823162,29.89372037556982,29.89372037556982,0.07146435556981956
3,10.0,2411.065,29.8214687,29.954148116823436,29.856951208101787,29.88541318254092,29.88541318254092,0.06394448254091856
3,10.0,2411.548,29.81975739,29.944566671072828,29.848953330613384,29.877011032610884,29.877011032610884,0.057253642610884725
3,10.0,2412.03,29.78797194,29.934920325725237,29.840897182441715,29.868549033550842,29.868549033550842,0.08057709355084341
3,10.0,2412.512,29.77353943,29.925189890280887,29.83276653311088,29.8600101883545,29.8600101883545,0.08647075835450124
3,10.0,2412.994,29.7733287,29.915375927027696,29.824561635609413,29.851394818282543,29.851394818282543,0.07806611828254262
3,10.0,2413.476,29.75531915,29.905479001843226,29.816282745371215,29.842703247382254,29.842703247382254,0.08738409738225528
3,10.0,2413.958,29.72046612,29.895499684163127,29.807930120293783,29.833935802497138,29.833935802497138,0.1134696824971364
3,10.0,2414.44,29.72098465,29.885438546949704,29.799504020756387,29.82509281327672,29.82509281327672,0.10410816327672023
3,10.0,2414.922,29.71401345,29.875296166660227,29.79100470963835,29.816174612186117,29.816174612186117,0.1021611621861176
3,10.0,2415.405,29.69908523,29.86505183013636,29.78241459192928,29.80716279907837,29.80716279907837,0.10807756907836819
3,10.0,2415.887,29.68660429,29.854748541355107,29.77376950587525,29.798095028662928,29.798095028662928,0.1114907386629298
3,10.0,2416.369,29.66076097,29.84436576074113,29.765052012626004,29.788953061473226,29.788953061473226,0.12819209147322752
3,10.0,2416.851,29.65016094,29.83390407841884,29.756262385250025,29.779737241339042,29.779737241339042,0.12957630133904274
3,10.0,2417.333,29.64276097,29.823364087847068,29.747400899407808,29.770447914953614,29.770447914953614,0.12768694495361288
3,10.0,2417.815,29.63767897,29.812746385786546,29.73846783337044,29.761085431883238,29.761085431883238,0.12340646188323845
3,10.0,2418.297,29.63191948,29.80205157226734,29.729463468038148,29.751650144576523,29.751650144576523,0.11973066457652237
3,10.0,2418.779,29.60907053,29.791280250556007,29.720388086958746,29.742142408373798,29.742142408373798,0.13307187837379786
3,10.0,2419.261,29.5999738,29.78043302712281,29.711241976346358,29.73256258151639,29.73256258151639,0.13258878151638953
3,10.0,2419.744,29.57829263,29.769487772946768,29.702006230603224,29.722890926869443,29.722890926869443,0.14459829686944303
3,10.0,2420.226,29.56983983,29.75849042383286,29.692719385092445,29.71316785739598,29.71316785739598,0.14332802739598094
3,10.0,2420.708,29.55396952,29.74741901258007,29.683362685487573,29.703373790253977,29.703373790253977,0.14940427025397796
3,10.0,2421.19,29.54096748,29.736274158148376,29.67393642885918,29.69350909538624,29.69350909538624,0.1525416153862409
3,10.0,2421.672,29.51704179,29.725056482535035,29.664440915037083,29.68357414568196,29.68357414568196,0.16653235568195868
3,10.0,2422.154,29.51198632,29.713766610741118,29.65487644662886,29.67356931698552,29.67356931698552,0.1615829969855227
3,10.0,2422.636,29.50927868,29.70240517073766,29.645243329038532,29.663494988105217,29.663494988105217,0.15421630810521592
3,10.0,2423.118,29.4973565,29.69097279343194,29.635541870485035,29.653351540821987,29.653351540821987,0.15599504082198834
3,10.0,2423.601,29.48045696,29.679446175511416,29.625752042872932,29.643118101620626,29.643118101620626,0.1626611416206245
3,10.0,2424.083,29.48049189,29.667873684024705,29.615914698241,29.63283743341606,29.63283743341606,0.152345543416061
3,10.0,2424.565,29.45372133,29.656232166564354,29.6060099550378,29.622488810885756,29.622488810885756,0.1687674808857551
3,10.0,2425.047,29.44507377,29.64452226544767,29.596038132933153,29.612072627791832,29.612072627791832,0.16699885779183177
3,10.0,2425.529,29.42867068,29.632744625757226,29.585999554504188,29.601589280910705,29.601589280910705,0.17291860091070532
3,10.0,2426.011,29.42484184,29.620899895306486,29.575894545253796,29.591039170041213,29.591039170041213,0.1661973300412143
3,10.0,2426.493,29.42047454,29.608988724605183,29.565723433628854,29.580422698012327,29.580422698012327,0.15994815801232676
3,10.0,2426.975,29.38295225,29.597011766824618,29.555486551038513,29.569740270691156,29.569740270691156,0.18678802069115719
3,10.0,2427.458,29.36938496,29.584944626928255,29.545162789978704,29.55896993043967,29.55896993043967,0.18958497043966815
3,10.0,2427.939,29.36274558,29.572863115810406,29.534816813518823,29.54817918887551,29.54817918887551,0.18543360887550975
3,10.0,2428.422,29.35974396,29.560667426303198,29.524362925782732,29.53727872628012,29.53727872628012,0.17753476628012166
3,10.0,2428.904,29.35211017,29.548433773610135,29.513866200020708,29.526336464515456,29.526336464515456,0.17422629451545646
3,10.0,2429.386,29.31744978,29.536137639782503,29.503305406129684,29.515330323502624,29.515330323502624,0.19788054350262385
3,10.0,2429.868,29.303402,29.523779693232907,29.492680893678504,29.504260727498224,29.504260727498224,0.20085872749822542
3,10.0,2430.35,29.30006898,29.51136060479013,29.48199301532412,29.493128103847283,29.493128103847283,0.1930591238472843
3,10.0,2430.832,29.28242575,29.498881047663716,29.471242126829203,29.481932882989753,29.481932882989753,0.1995071329897513
3,10.0,2431.314,29.27603177,29.48634169740859,29.46042858707976,29.470675498466914,29.470675498466914,0.19464372846691447
3,10.0,2431.796,29.24135492,29.4737432318894,29.449552758102477,29.459356386927674,29.459356386927674,0.21800146692767441
3,10.0,2432.279,29.24773942,29.461060011844843,29.438592248533553,29.447952313947454,29.447952313947454,0.20021289394745523
3,10.0,2432.761,29.23103405,29.44834523934415,29.427592812506116,29.43651094501186,29.43651094501186,0.20547689501185928
3,10.0,2433.243,29.23194134,29.43557340009771,29.416532193121782,29.425009178640288,29.425009178640288,0.19306783864028887
3,10.0,2433.725,29.19758403,29.42274518085648,29.405410765148595,29.413447463977146,29.413447463977146,0.21586343397714458
3,10.0,2434.207,29.17999753,29.409861270502155,29.39422890658063,29.401826253302918,29.401826253302918,0.2218287233029166
3,10.0,2434.689,29.16484346,29.396922360011118,29.38298699865458,29.390146002039117,29.390146002039117,0.22530254203911682
3,10.0,2435.171,29.15797609,29.38392914241844,29.371685425866495,29.378407168753355,29.378407168753355,0.2204310787533572
3,10.0,2435.653,29.12677524,29.37088231278163,29.360324575987836,29.366610215163846,29.366610215163846,0.2398349751638449
3,10.0,2436.135,29.12423669,29.357782568144458,29.348904840081847,29.3547556061439,29.3547556061439,0.2305189161439003
3,10.0,2436.618,29.12125635,29.344603267482903,29.337402738242886,29.342819037335932,29.342819037335932,0.22156268733593265
3,10.0,2437.1,29.08099761,29.33139968559224,29.325866296607835,29.33085040754029,29.33085040754029,0.24985279754028866
3,10.0,2437.582,29.08034357,29.31814529284722,29.314272162880687,29.31882553689384,29.31882553689384,0.23848196689383983
3,10.0,2438.064,29.07561181,29.304840793877233,29.302620741457204,29.30674490293716,29.30674490293716,0.23113309293716
3,10.0,2438.546,29.01733872,29.29148689511584,29.290912440103313,29.294608986384887,29.294608986384887,0.2772702663848854
3,10.0,2439.028,29.02971079,29.27808430476435,29.279147669970243,29.28241827112879,29.28241827112879,0.25270748112879104
3,10.0,2439.51,29.0031094,29.26463373275508,29.267326845609322,29.270173244240453,29.270173244240453,0.2670638442404538
3,10.0,2439.992,28.99733442,29.25113589071489,29.25545038498681,29.257874395974067,29.257874395974067,0.26053997597406564
3,10.0,2440.475,28.98029964,29.237563343615882,29.243493897883265,29.245496537756665,29.245496537756665,0.26519689775666677
3,10.0,2440.957,28.95804703,29.223973008624803,29.231507319139638,29.2330914211475,29.2330914211475,0.27504439114749957
3,10.0,2441.439,28.96174147,29.210337549770387,29.219466379558135,29.220633974079334,29.220633974079334,0.2588925040793342
3,10.0,2441.921,28.94071988,29.19665768509269,29.20737151091423,29.208124699563136,29.208124699563136,0.26740481956313644
3,10.0,2442.403,28.91956058,29.182934134142073,29.19522314846835,29.195564103801026,29.195564103801026,0.2760035238010268
3,10.0,2442.885,28.88403473,29.169167617942367,29.18302173097922,29.18295269618732,29.18295269618732,0.2989179661873216
3,10.0,2443.367,28.88358975,29.15535885895393,29.170767700716993,29.17029098930925,29.17029098930925,0.2867012393092523
3,10.0,2443.849,28.8697239,29.14150858103646,29.158461503475852,29.15757949894706,29.15757949894706,0.28785559894706125
3,10.0,2444.332,28.85644652,29.127588647860414,29.146077896312352,29.144792218630467,29.144792218630467,0.28834569863046866
3,10.0,2444.814,28.85683895,29.113657426706204,29.133668610769654,29.131982620833178,29.131982620833178,0.27514367083317737
3,10.0,2445.296,28.84821376,29.099686867740004,29.121208517849922,29.119124807143592,29.119124807143592,0.27091104714359204
3,10.0,2445.778,28.82590354,29.085677700051427,29.108698077573642,29.10621930611846,29.10621930611846,0.28031576611846276
3,10.0,2446.26,28.80654718,29.07163065394401,29.09613775354513,29.09326664950474,29.09326664950474,0.28671946950474236
3,10.0,2446.742,28.79736414,29.05754646089813,29.08352801296373,29.080267372238076,29.080267372238076,0.2829032322380769
3,10.0,2447.224,28.79588755,29.043425853533666,29.070869326634433,29.067222012440908,29.067222012440908,0.2713344624409082
3,10.0,2447.706,28.76829561,29.029269565573006,29.058162168978317,29.054131111420237,29.054131111420237,0.2858355014202374
3,10.0,2448.188,28.73886296,29.015078331803565,29.045407018042678,29.040995213665155,29.040995213665155,0.3021322536651567
3,10.0,2448.671,28.75114614,29.000823339621682,29.03257774491823,29.02778747590297,29.02778747590297,0.27664133590296913
3,10.0,2449.153,28.72757168,28.986564353991543,29.01972795906103,29.01456314035933,29.01456314035933,0.286991460359328
3,10.0,2449.635,28.73389872,28.97227263446492,29.00683163693784,29.00129546176284,29.00129546176284,0.2673967417628411
3,10.0,2450.117,28.69432485,28.957948919719147,28.993889271202683,28.987984997304892,28.987984997304892,0.293660147304891
3,10.0,2450.599,28.6782862,28.943593949310188,28.980901358181214,28.974632307340883,28.974632307340883,0.2963461073408844
3,10.0,2451.081,28.65371175,28.929208463635447,28.967868397878608,28.961237955385634,28.961237955385634,0.3075262053856349
3,10.0,2451.563,28.63353759,28.914793203896398,28.954790893987344,28.947802508108197,28.947802508108197,0.3142649181081971
3,10.0,2452.045,28.622035,28.900348912061297,28.94166935389429,28.934326535326406,28.934326535326406,0.3122915353264055
3,10.0,2452.528,28.61082514,28.885846275834574,28.928476930386587,28.920782527530918,28.920782527530918,0.3099573875309183
3,10.0,2453.01,28.57445,28.871346092216335,28.915268766166786,28.90722714466706,28.90722714466706,0.33277714466706243
3,10.0,2453.492,28.54287909,28.85681910817854,28.902018111218464,28.893632965790253,28.893632965790253,0.35075387579025374
3,10.0,2453.974,28.56255019,28.842266068384518,28.88872548777828,28.880000573257966,28.880000573257966,0.3174503832579667
3,10.0,2454.456,28.52613839,28.827687718077726,28.875391421807596,28.866330552543417,28.866330552543417,0.340192162543417
3,10.0,2454.938,28.52617466,28.813084803044504,28.86201644299696,28.85262349222773,28.85262349222773,0.32644883222772947
3,10.0,2455.42,28.49972961,28.798458069576604,28.848601084770685,28.83887998399169,28.83887998399169,0.33915037399168924
3,10.0,2455.902,28.49259127,28.783808264434146,28.83514588429059,28.82510062260713,28.82510062260713,0.33250935260713277
3,10.0,2456.385,28.48154936,28.769105672017382,28.82162334509126,28.811257308665915,28.811257308665915,0.32970794866591646
3,10.0,2456.867,28.46718032,28.754411921504396,28.80809000671657,28.797407966347812,28.797407966347812,0.33022764634781154
3,10.0,2457.349,28.45658278,28.739697343585718,28.794518461172462,28.783524574906167,28.783524574906167,0.3269417949061655
3,10.0,2457.831,28.45201199,28.724962686522346,28.780909260608386,28.769607741388164,28.769607741388164,0.31759575138816487
3,10.0,2458.313,28.43581739,28.710208698857258,28.76726296092385,28.755658075882295,28.755658075882295,0.3198406858822942
3,10.0,2458.795,28.40159949,28.69543612937818,28.753580121769396,28.741676191507146,28.741676191507146,0.3400767015071473
3,10.0,2459.277,28.39953848,28.680645727080424,28.739861306547198,28.727662704399616,28.727662704399616,0.3281242243996161
3,10.0,2459.759,28.3742182,28.66583824112979,28.726107082411126,28.713618233702825,28.713618233702825,0.3394000337028231
3,10.0,2460.241,28.37086766,28.65101442082539,28.712318020266288,28.699543401553427,28.699543401553427,0.32867574155342894
3,10.0,2460.724,28.34852574,28.636144212734212,28.698465980453392,28.6854095400028,28.6854095400028,0.33688380000280205
3,10.0,2461.206,28.34071862,28.62128994196786,28.68460890072371,28.67127580353116,28.67127580353116,0.3305571835311589
3,10.0,2461.688,28.32410678,28.60642158672955,28.670718719406935,28.657113591157614,28.657113591157614,0.3330068111576132
3,10.0,2462.17,28.30864156,28.591539896481308,28.656796022405604,28.642923536863798,28.642923536863798,0.3342819768637959
3,10.0,2462.652,28.29915858,28.576645620633293,28.64284139936321,28.628706277554794,28.628706277554794,0.3295476975547942
3,10.0,2463.134,28.27191878,28.561739508506953,28.628855443660377,28.614462453043664,28.614462453043664,0.3425436730436644
3,10.0,2463.616,28.23899137,28.546822309298094,28.614838752410744,28.60019270603555,28.60019270603555,0.36120133603554905
3,10.0,2464.098,28.24010525,28.531894772040143,28.60079192645601,28.585897682111238,28.585897682111238,0.34579243211123867
3,10.0,2464.581,28.23274873,28.516926646229717,28.58668633602718,28.571548295737866,28.571548295737866,0.3387995657378653
3,10.0,2465.062,28.21200562,28.502011678477583,28.5726102924056,28.55723440011315,28.55723440011315,0.3452287801131497
3,10.0,2465.545,28.18880531,28.487026586184214,28.558447352784192,28.542837616679385,28.542837616679385,0.354032306679386
3,10.0,2466.027,28.17353222,28.472065168068397,28.544286013971934,28.52844795146719,28.52844795146719,0.3549157314671909
3,10.0,2466.509,28.1602316,28.457097154898463,28.530097601662977,28.514036281138694,28.514036281138694,0.3538046811386941
3,10.0,2466.991,28.15049934,28.442123293961323,28.515882738940554,28.499603268161238,28.499603268161238,0.34910392816123803
3,10.0,2467.473,28.12981215,28.427144332124783,28.50164205256538,28.485149577748597,28.485149577748597,0.3553374277485979
3,10.0,2467.955,28.09950284,28.412161015801132,28.48737617296595,28.47067587784058,28.47067587784058,0.3711730378405811
3,10.0,2468.438,28.11418752,28.39714299447163,28.47305606092769,28.456152750900866,28.456152750900866,0.3419652309008647
3,10.0,2468.919,28.07043333,28.38218430284565,28.45877137408459,28.441671134801254,28.441671134801254,0.3712378048012539
3,10.0,2469.402,28.03585427,28.36716129120771,28.444403964008274,28.427111278165235,28.427111278165235,0.39125700816523334
3,10.0,2469.884,28.03315382,28.352168008597864,28.43004364248967,28.412564238240456,28.412564238240456,0.3794104182404574
3,10.0,2470.366,28.01531231,28.33717409699996,28.415661335871132,28.398000570071886,28.398000570071886,0.3826882600718875
3,10.0,2470.848,28.00981897,28.32218029932955,28.40125769635545,28.383420957501052,28.383420957501052,0.37360198750105056
3,10.0,2471.33,28.00176752,28.30718735779324,28.386833379727054,28.36882608693714,28.36882608693714,0.3670585669371391
3,10.0,2471.812,27.97716483,28.29219601385259,28.372389045336927,28.35421664733236,28.35421664733236,0.3770518173323616
3,10.0,2472.294,27.9535793,28.277207008188235,28.357925356086927,28.339593330156447,28.339593330156447,0.38601403015644564
3,10.0,2472.776,27.94964073,28.26222108066424,28.343442978413492,28.324956829371036,28.324956829371036,0.3753160993710374
3,10.0,2473.259,27.91244349,28.247207891555746,28.328912480197324,28.310277436815845,28.310277436815845,0.39783394681584383
3,10.0,2473.741,27.90098547,28.2322303466765,28.314394703754708,28.29561663680166,28.29561663680166,0.39463116680166266
3,10.0,2474.223,27.89334302,28.217258095801007,28.299860260638127,28.280944751203876,28.280944751203876,0.3876017312038762
3,10.0,2474.705,27.88134986,28.2022918751679,28.285309831250864,28.266262483686447,28.266262483686447,0.3849126236864464
3,10.0,2475.187,27.86158657,28.1873324200212,28.270744099437895,28.251570540267334,28.251570540267334,0.389983970267334
3,10.0,2475.669,27.8590296,28.1723804645749,28.256163752465255,28.23686962928948,28.23686962928948,0.37784002928948013
3,10.0,2476.151,27.8377347,28.157436741977754,28.241569480998457,28.22216046139092,28.22216046139092,0.3844257613909221
3,10.0,2476.633,27.81753668,28.142501984278056,28.226961979080354,28.207443749474418,28.207443749474418,0.3899070694744182
3,10.0,2477.115,27.8237317,28.127576922388638,28.212341944108033,28.192720208676707,28.192720208676707,0.36898850867670774
3,10.0,2477.598,27.79746746,28.112631354165796,28.19767970842628,28.177959991037977,28.177959991037977,0.38049253103797653
3,10.0,2478.08,27.78476089,28.0977278958161,28.18303669048121,28.163224936228026,28.163224936228026,0.3784640462280251
3,10.0,2478.562,27.76801081,28.08283632035997,28.1683832530289,28.148485212531977,28.148485212531977,0.38047440253197706
3,10.0,2479.044,27.7401887,28.067957353816468,28.153720106645345,28.133741543705796,28.133741543705796,0.3935528437057947
3,10.0,2479.526,27.74205292,28.053091720894862,28.139047965134534,28.118994655576373,28.118994655576373,0.37694173557637356
3,10.0,2480.008,27.73666351,28.038240144960277,28.124367545500576,28.104245276006804,28.104245276006804,0.36758176600680414
3,10.0,2480.49,27.72368319,28.023403347999153,28.109679567919457,28.0894941348617,28.0894941348617,0.36581094486169974
3,10.0,2480.972,27.70265329,28.00858205058504,28.094984755709802,28.07474196397166,28.07474196397166,0.37208867397166046
3,10.0,2481.455,27.68763203,27.9937462732706,28.080253329624057,28.059958890521717,28.059958890521717,0.37232686052171715
3,10.0,2481.937,27.66646048,27.978958166730553,28.065547020134204,28.045206864994608,28.045206864994608,0.37874638499460644
3,10.0,2482.419,27.67324168,27.964187714122527,28.050836066046365,28.03045601817844,28.03045601817844,0.3572143381784407
3,10.0,2482.901,27.65457929,27.94943563002356,28.03612120294776,28.01570708940487,28.01570708940487,0.36112779940486917
3,10.0,2483.383,27.64338908,27.934702627427566,28.021403169410213,28.000960819785348,28.000960819785348,0.3575717397853495
3,10.0,2483.865,27.60791492,27.91998941771154,28.006682706955864,27.98621795217202,27.98621795217202,0.37830303217202044
3,10.0,2484.347,27.60426159,27.905296710602087,27.991960560022367,27.971479231118323,27.971479231118323,0.367217641118323
3,10.0,2484.829,27.58187375,27.890625214141735,27.977237475927208,27.95674540283881,27.95674540283881,0.3748716528388094
3,10.0,2485.312,27.56417043,27.875945264609097,27.962483658953147,27.941986665145485,27.941986665145485,0.37781623514548457
3,10.0,2485.794,27.54385955,27.861318354336163,27.947760955781874,27.927264881535766,27.927264881535766,0.3834053315357657
3,10.0,2486.276,27.5628486,27.84671476985948,27.933039575881594,27.912550240460252,27.912550240460252,0.3497016404602533
3,10.0,2486.758,27.51603449,27.832135212149602,27.918320277721023,27.89784349436831,27.89784349436831,0.38180900436831067
3,10.0,2487.24,27.52882741,27.817580380327147,27.903603822457498,27.88314539716107,27.88314539716107,0.35431798716106755
3,10.0,2487.722,27.48823523,27.803050971630462,27.88889097389638,27.868456704147857,27.868456704147857,0.3802214741478558
3,10.0,2488.204,27.49061783,27.78854768138266,27.874182498449404,27.853778172002098,27.853778172002098,0.36316034200209657
3,10.0,2488.686,27.48136872,27.774071202959146,27.859479165092306,27.839110558716577,27.839110558716577,0.35774183871657783
3,10.0,2489.168,27.47319748,27.759622227755354,27.844781745321555,27.824454623558168,27.824454623558168,0.3512571435581684
3,10.0,2489.651,27.4512436,27.74517155630149,27.830060541902537,27.80978075978183,27.80978075978183,0.35853715978182876
3,10.0,2490.133,27.44256315,27.73077971427155,27.8153772899494,27.795150491723753,27.795150491723753,0.3525873417237513
3,10.0,2490.615,27.41540176,27.716417438864347,27.800702282369087,27.780534188360267,27.780534188360267,0.3651324283602655
3,10.0,2491.097,27.39618978,27.70208541322902,27.786036300296175,27.76593261359268,27.76593261359268,0.369742833592678
3,10.0,2491.579,27.40606307,27.687784318374455,27.771380127156675,27.751346532361392,27.751346532361392,0.34528346236139384
3,10.0,2492.061,27.40427699,27.67351483313768,27.75673454861993,27.736776710597315,27.736776710597315,0.3324997205973155
3,10.0,2492.543,27.37229577,27.659277634152417,27.742100352549112,27.722223915172634,27.722223915172634,0.34992814517263326
3,10.0,2493.025,27.35472283,27.6450733958176,27.727478328951396,27.70768891385101,27.70768891385101,0.35296608385100825
3,10.0,2493.508,27.33027675,27.63087342609597,27.71283897470295,27.693142377974397,27.693142377974397,0.36286562797439714
3,10.0,2493.99,27.33523386,27.61673719502619,27.698243703764774,27.678645312372716,27.678645312372716,0.34341145237271675
3,10.0,2494.472,27.31400734,27.602635935466566,27.683662989324656,27.664168350607415,27.664168350607415,0.35016101060741534
3,10.0,2494.954,27.29753088,27.588570312561593,27.66909762945145,27.649712263501428,27.649712263501428,0.3521813835014278
3,10.0,2495.436,27.27595354,27.574540989066424,27.654548424094656,27.63527782251228,27.63527782251228,0.3593242825122793
3,10.0,2495.918,27.28867058,27.56054862531619,27.64001617502926,27.620865799679063,27.620865799679063,0.3321952196790612
3,10.0,2496.4,27.25507844,27.546593879195804,27.625501685799698,27.60647696756901,27.60647696756901,0.35139852756901035
3,10.0,2496.882,27.23586829,27.532677406109727,27.61100576166302,27.592112099223463,27.592112099223463,0.3562438092234643
3,10.0,2497.365,27.22582868,27.518771108275264,27.59649919588837,27.57774224304506,27.57774224304506,0.35191356304505916
3,10.0,2497.846,27.22844602,27.504961888075748,27.58207283791232,27.563457348034262,27.563457348034262,0.3350113280342626
3,10.0,2498.329,27.20872195,27.491135557494697,27.567607530310777,27.549139397162698,27.549139397162698,0.3404174471626966
3,10.0,2498.811,27.19164775,27.477378765391936,27.55319399740776,27.53487817879709,27.53487817879709,0.34323042879708865
3,10.0,2499.293,27.17797816,27.46366348642238,27.53880308121097,27.520644796195317,27.520644796195317,0.3426666361953181
3,10.0,2499.775,27.17240414,27.44999036047625,27.524435596014786,27.506440024080852,27.506440024080852,0.3340358840808513
3,10.0,2500.257,27.17811223,27.43636002475613,27.510092357404872,27.49226463725899,27.49226463725899,0.31415240725899096
3,10.0,2500.739,27.16548704,27.422773113747883,27.49577418219436,27.478119410558673,27.478119410558673,0.3126323705586742
3,10.0,2501.221,27.13160537,27.409230259191894,27.481481888359703,27.46400511877422,27.46400511877422,0.33239974877422185
3,10.0,2501.703,27.12900655,27.395732090054437,27.46721629497566,27.449922536606277,27.449922536606277,0.32091598660627696
3,10.0,2502.186,27.09674032,27.382251369540395,27.452948711755965,27.43584332332596,27.43584332332596,0.3391030033259632
3,10.0,2502.668,27.08190757,27.36884454284657,27.438739040213928,27.421826553626907,27.421826553626907,0.33991898362690876
3,10.0,2503.15,27.07083299,27.355484272825453,27.424558533979024,27.40784381809396,27.40784381809396,0.337010828093959
3,10.0,2503.632,27.06532393,27.342171177057505,27.41040801585352,27.393895890454086,27.393895890454086,0.32857196045408443
3,10.0,2504.114,27.05228672,27.328905870208224,27.39628830940025,27.37998354403901,27.37998354403901,0.327696824039009
3,10.0,2504.596,27.03795342,27.31568896400044,27.38220023887293,27.36610755172361,27.36610755172361,0.32815413172360763
3,10.0,2505.078,27.01316597,27.302521067186838,27.368144629145533,27.352268685864033,27.352268685864033,0.3391027158640334
3,10.0,2505.56,26.99878922,27.289402785522686,27.35412230564086,27.33846771823506,27.33846771823506,0.3396784982350596
3,10.0,2506.042,26.99933393,27.276334721738635,27.340134094258577,27.32470541996743,27.32470541996743,0.3253714899674307
3,10.0,2506.525,26.99558298,27.26329052201795,27.326151909495028,27.310954132355384,27.310954132355384,0.31537115235538593
3,10.0,2507.007,26.97677627,27.250324797239454,27.312234476659718,27.29727156753124,27.29727156753124,0.3204952975312416
3,10.0,2507.489,26.97565881,27.2374110813447,27.298353637490454,27.283629982555922,27.283629982555922,0.30797117255592354
3,10.0,2507.971,26.94965736,27.224549964691505,27.284510219058827,27.270030145345594,27.270030145345594,0.32037278534559377
3,10.0,2508.453,26.93261407,27.211742034479926,27.27070504854171,27.256472822852274,27.256472822852274,0.3238587528522743
3,10.0,2508.935,26.95011654,27.19898787472614,27.25693895314486,27.24295878099855,27.24295878099855,0.2928422409985494
3,10.0,2509.417,26.95929358,27.18628806623664,27.24321276002573,27.229488784612343,27.229488784612343,0.27019520461234237
3,10.0,2509.899,26.93498263,27.17364318658238,27.22952729621578,27.216063597360947,27.216063597360947,0.28108096736094623
3,10.0,2510.382,26.93440903,27.161027749127005,27.215855125450606,27.20265627104605,27.20265627104605,0.2682472410460477
3,10.0,2510.864,26.91401718,27.14849456371453,27.202253689246405,27.189323085009413,27.189323085009413,0.27530590500941443
3,10.0,2511.346,26.90650173,27.136018021357273,27.188695463615662,27.176036993058297,27.176036993058297,0.2695352630582981
3,10.0,2511.828,26.90165118,27.12359868642377,27.175181274293934,27.16279875355047,27.16279875355047,0.2611475735504669
3,10.0,2512.31,26.8899277,27.111237119921157,27.16171194649181,27.149609123349265,27.149609123349265,0.2596814233492637
3,10.0,2512.792,26.86735173,27.098933879470508,27.14828830481352,27.13646885775601,27.13646885775601,0.2691171277560116
3,10.0,2513.274,26.87302689,27.086689519282523,27.134911173174558,27.123378710442154,27.123378710442154,0.2503518204421553
3,10.0,2513.756,26.85116337,27.07450459013316,27.121581374719042,27.1103394333811,27.1103394333811,0.25917606338110133
3,10.0,2514.239,26.86662541,27.06235454656526,27.108272227087696,27.097324885612867,27.097324885612867,0.23069947561286597
3,10.0,2514.721,26.84249339,27.050290244089886,27.09503966339269,27.084389707268706,27.084389707268706,0.2418963172687043
3,10.0,2515.203,26.82807177,27.038287005250723,27.081856898548796,27.07150764577055,27.07150764577055,0.24343587577054748
3,10.0,2515.685,26.81202143,27.026345366839163,27.068724751772546,27.058679445609013,27.058679445609013,0.24665801560901102
3,10.0,2516.167,26.80699269,27.01446586209341,27.055644041086484,27.045905849232177,27.045905849232177,0.23891315923217604
3,10.0,2516.649,26.7820234,27.002649020675655,27.04261558323311,27.033187596976084,27.033187596976084,0.2511641969760845
3,10.0,2517.131,26.79002463,26.990895368648996,27.02964019358835,27.020525426995093,27.020525426995093,0.2305007969950914
3,10.0,2517.613,26.75732312,26.979205428454854,27.016718686074572,27.007920075191986,27.007920075191986,0.25059695519198755
3,10.0,2518.095,26.77080902,26.96757971889051,27.00385187307306,26.99537227514796,26.99537227514796,0.2245632551479595
3,10.0,2518.578,26.76911834,26.955994837343095,26.991014044118565,26.98285690728214,26.98285690728214,0.21373856728214236
3,10.0,2519.06,26.72987991,26.944499266659555,26.978259168355528,26.970426525049174,26.970426525049174,0.24054661504917263
3,10.0,2519.542,26.72545892,26.933069461960102,26.965561415793648,26.958055882190912,26.958055882190912,0.23259696219091097
3,10.0,2520.024,26.72973779,26.921705927236573,26.952921591762447,26.94574570229369,26.94574570229369,0.2160079122936871
3,10.0,2520.506,26.68507355,26.910409162727227,26.940340499606435,26.933496706269956,26.933496706269956,0.2484231562699577
3,10.0,2520.988,26.70179756,26.899179664895378,26.927818940595223,26.921309612287587,26.921309612287587,0.21951205228758752
3,10.0,2521.47,26.68667663,26.888017926408267,26.915357713833078,26.909185135698937,26.909185135698937,0.22250850569893643
3,10.0,2521.952,26.66608952,26.876924436116372,26.902957616168617,26.89712398897013,26.89712398897013,0.23103446897012958
3,10.0,2522.435,26.65756187,26.86587687787491,26.890593909151413,26.88510205840507,26.88510205840507,0.22754018840507229
3,10.0,2522.917,26.65244818,26.854921479249803,26.878318581686845,26.87316983195373,26.87316983195373,0.22072165195373117
3,10.0,2523.399,26.63890546,26.844035773250514,26.8661067610554,26.861303056188817,26.861303056188817,0.2223975961888165
3,10.0,2523.881,26.65102671,26.83322023324736,26.85395923416481,26.849502431314576,26.849502431314576,0.19847572131457625
3,10.0,2524.363,26.61779404,26.822475328692477,26.841876785209404,26.837768654293832,26.837768654293832,0.21997461429383236
3,10.0,2524.845,26.6067301,26.811801525100307,26.82986019557793,26.826102418776866,26.826102418776866,0.21937231877686614
3,10.0,2525.327,26.59805729,26.801199284028133,26.817910243761155,26.814504415030477,26.814504415030477,0.21644712503047714
3,10.0,2525.809,26.59410722,26.79066906305684,26.8060277052592,26.802975329866975,26.802975329866975,0.20886810986697313
3,10.0,2526.292,26.59268871,26.780189694849643,26.794188912796486,26.79149214453485,26.79149214453485,0.19880343453484883
3,10.0,2526.773,26.5681234,26.76982649174522,26.782467954690333,26.78012664484048,26.78012664484048,0.21200324484047783
3,10.0,2527.256,26.58576729,26.75949372002818,26.77076812744319,26.76878499308495,26.76878499308495,0.1830177030849498
3,10.0,2527.738,26.57024935,26.74925622867235,26.759163081160985,26.75753852811313,26.75753852811313,0.1872891781131294
3,10.0,2528.22,26.56566108,26.739092985923193,26.747629279154367,26.746364362872896,26.746364362872896,0.18070328287289428
3,10.0,2528.702,26.55338443,26.72900442510399,26.736167477019574,26.73526316195551,26.73526316195551,0.18187873195550708
3,10.0,2529.184,26.55434494,26.718990975433222,26.72477842671021,26.724235586003154,26.724235586003154,0.16989064600315373
3,10.0,2529.666,26.55419429,26.709053062007154,26.713462876443817,26.713282291638738,26.713282291638738,0.15908800163873593
3,10.0,2530.148,26.53234415,26.699191105782646,26.702221570608685,26.702403931395995,26.702403931395995,0.1700597813959952
3,10.0,2530.63,26.53368993,26.689405523559973,26.69105524967024,26.691601153649458,26.691601153649458,0.15791122364945664
3,10.0,2531.113,26.51955248,26.67967666534024,26.679941719756016,26.680852427971704,26.680852427971704,0.16129994797170255
3,10.0,2531.595,26.51668044,26.67004522538978,26.668927733225757,26.67020290349347,26.67020290349347,0.15352246349346998
3,10.0,2532.077,26.51469777,26.66049138557039,26.6579909300254,26.659630882299467,26.659630882299467,0.1449331122994657
3,10.0,2532.559,26.48676635,26.651015545881613,26.647132033987784,26.649136995424527,26.649136995424527,0.16237064542452728
3,10.0,2533.041,26.50247726,26.641618102084713,26.63635176455714,26.638721869398296,26.638721869398296,0.13624460939829675
3,10.0,2533.523,26.48804544,26.632299445686783,26.625650836695954,26.62838612617674,26.62838612617674,0.14034068617673867
3,10.0,2534.005,26.49332947,26.62305996392532,26.61502996079263,26.618130383073954,26.618130383073954,0.12480091307395469
3,10.0,2534.487,26.45904683,26.613900039753013,26.604489842568793,26.607955252694246,26.607955252694246,0.1489084226942481
3,10.0,2534.969,26.45651317,26.604820051822664,26.59403118298724,26.597861342864576,26.597861342864576,0.1413481728645749
3,10.0,2535.452,26.43946929,26.59580178668253,26.583633236021438,26.587828570074905,26.587828570074905,0.14835928007490295
3,10.0,2535.934,26.43754705,26.586882957689753,26.573339749711927,26.577899076997817,26.577899076997817,0.14035202699781735
3,10.0,2536.416,26.42990433,26.578045175705082,26.56312979687908,26.568052599841288,26.568052599841288,0.13814826984128814
3,10.0,2536.898,26.42180966,26.569288802026897,26.553004058522035,26.55828972664271,26.55828972664271,0.13648006664270795
3,10.0,2537.38,26.40836651,26.56061419358179,26.54296321042359,26.548611040328915,26.548611040328915,0.14024453032891415
3,10.0,2537.862,26.42615882,26.55202170291102,26.533007923059756,26.53901711865088,26.53901711865088,0.11285829865087749
3,10.0,2538.344,26.41263021,26.543511678156996,26.52313886150968,26.52950853411838,26.52950853411838,0.11687832411838173
3,10.0,2538.826,26.3751444,26.53508446305007,26.51335668536588,26.520085853935594,26.520085853935594,0.1449414539355942
3,10.0,2539.309,26.38568017,26.526723172221047,26.50364202673846,26.510730360466304,26.510730360466304,0.12505019046630395
3,10.0,2539.791,26.38112854,26.518462763434265,26.49403576142445,26.501481350171012,26.501481350171012,0.1203528101710134
3,10.0,2540.273,26.38160204,26.510286169565305,26.484518327810992,26.49231991450059,26.49231991450059,0.11071787450059034
3,10.0,2540.755,26.38053814,26.50219371655935,26.47509036264346,26.48324659878689,26.48324659878689,0.10270845878689272
3,10.0,2541.237,26.3794649,26.4941857258868,26.46575249673858,26.474261942739396,26.474261942739396,0.0947970427393976
3,10.0,2541.719,26.36315706,26.48626251453149,26.456505354897516,26.465366480383256,26.465366480383256,0.10220942038325731
3,10.0,2542.201,26.36650424,26.478424394978997,26.4473495558196,26.45656073999812,26.45656073999812,0.09005649999811993
3,10.0,2542.683,26.33120672,26.4706716752053,26.43828571201656,26.44784524405712,26.44784524405712,0.1166385240571195
3,10.0,2543.166,26.3440613,26.46298884128871,26.429295913743182,26.43920271022703,26.43920271022703,0.09514141022702916
3,10.0,2543.648,26.33768226,26.455408005641992,26.42041798674969,26.430669436954553,26.430669436954553,0.09298717695455139
3,10.0,2544.13,26.34048942,26.447913467140165,26.411633815816913,26.42222794114818,26.42222794114818,0.08173852114817848
3,10.0,2544.612,26.32699148,26.440505515602194,26.40294398784758,26.41387872144576,26.41387872144576,0.08688724144575843
3,10.0,2545.094,26.30754239,26.433184436284012,26.394349083137353,26.40562227038297,26.40562227038297,0.0980798803829721
3,10.0,2545.576,26.33165258,26.42595050986852,26.38584967529312,26.39745907433594,26.39745907433594,0.06580649433594132
3,10.0,2546.058,26.30228854,26.418804012455865,26.377446331151905,26.389389613464633,26.389389613464633,0.08710107346463403
3,10.0,2546.54,26.29782697,26.41174521555387,26.36913961070056,26.38141436165661,26.38141436165661,0.08358739165661078
3,10.0,2547.022,26.30444026,26.404774386068816,26.360930066996183,26.37353378647168,26.37353378647168,0.06909352647167921
3,10.0,2547.505,26.31732297,26.397877598937722,26.3528015185412,26.365732295939456,26.365732295939456,0.04840932593945624
3,10.0,2547.987,26.3170753,26.391083670402455,26.34478816380847,26.358042649889036,26.358042649889036,0.04096734988903705
3,10.0,2548.469,26.28955593,26.384378482824353,26.336873603728645,26.350449045553564,26.350449045553564,0.060893115553565025
3,10.0,2548.951,26.29000738,26.377762284605602,26.32905836284599,26.342951924627357,26.342951924627357,0.052944544627358425
3,10.0,2549.433,26.28944691,26.37123531950394,26.321342958389792,26.335551722209896,26.335551722209896,0.04610481220989726
3,10.0,2549.915,26.30374747,26.36479782662474,26.313727900199844,26.328248866754603,26.328248866754603,0.0245013967546015
3,10.0,2550.397,26.29662556,26.358450040413395,26.30621369065305,26.32104378001828,26.32104378001828,0.024418220018279868
3,10.0,2550.879,26.28503729,26.35219219064788,26.298800824590902,26.313936877011376,26.313936877011376,0.02889958701137374
3,10.0,2551.362,26.29284044,26.34601180027439,26.29147472731149,26.306914128650135,26.306914128650135,0.014073688650135807
3,10.0,2551.844,26.2765829,26.339934681769797,26.284266214999747,26.300005016696446,26.300005016696446,0.02342211669644456
3,10.0,2552.326,26.28328248,26.333948161413005,26.277160485744847,26.293195293350347,26.293195293350347,0.009912813350346994
3,10.0,2552.808,26.26439896,26.328052450233425,26.270158003524852,26.286485346140108,26.286485346140108,0.022086386140106384
3,10.0,2553.29,26.26976361,26.322247754559623,26.263259224434645,26.27987555561035,26.27987555561035,0.010111945610351114
3,10.0,2553.772,26.25366848,26.316534276013385,26.25646459661956,26.273366295277043,26.273366295277043,0.019697815277041286
3,10.0,2554.254,26.26348772,26.310912211503844,26.249774560210057,26.26695793158327,26.26695793158327,0.0034702115832700997
3,10.0,2554.736,26.26963132,26.3053817532221,26.24318954725755,26.260650823856,26.260650823856,-0.008980496143998096
3,10.0,2555.219,26.26944913,26.29993190064623,26.236696648491193,26.25443255564481,26.25443255564481,-0.015016574355190215
3,10.0,2555.7,26.27010385,26.294596400484572,26.230336279156695,26.24834177777345,26.24834177777345,-0.0217620722265508
3,10.0,2556.183,26.2683148,26.289331061167317,26.22405595492928,26.242328177936443,26.242328177936443,-0.025986622063555842
3,10.0,2556.665,26.26703575,26.28416904689458,26.217895414270178,26.236429756796717,26.236429756796717,-0.0306059932032845
3,10.0,2557.147,26.25783588,26.27909952920237,26.211841934774494,26.230634280720825,26.230634280720825,-0.02720159927917365
3,10.0,2557.629,26.26343683,26.274122671861058,26.20589589871813,26.22494206546127,26.22494206546127,-0.03849476453872924
3,10.0,2558.111,26.24757893,26.269238633891007,26.200057679881045,26.21935341937525,26.21935341937525,-0.028225510624750427
3,10.0,2558.593,26.25835496,26.26444756955896,26.194327643492596,26.2138686433884,26.2138686433884,-0.044486316611600074
3,10.0,2559.075,26.24667772,26.25974962837468,26.188706146178085,26.208488030959444,26.208488030959444,-0.038189689040557084
3,10.0,2559.557,26.22088383,26.255144955087825,26.183193535906668,26.203211868045884,26.203211868045884,-0.01767196195411458
3,10.0,2560.04,26.22260894,26.250624427405015,26.177779055371474,26.198029813005753,26.198029813005753,-0.024579126994247247
3,10.0,2560.522,26.24003867,26.246206899317265,26.172485455849927,26.192963594940025,26.192963594940025,-0.047075075059975546
3,10.0,2561.004,26.25573346,26.241883045053022,26.167301735498413,26.188002639462944,26.188002639462944,-0.06773082053705437
3,10.0,2561.486,26.22733226,26.237652990284964,26.162228207147866,26.183147202186095,26.183147202186095,-0.04418505781390536
3,10.0,2561.968,26.25934316,26.233516855913464,26.15726517473202,26.178397531062142,26.178397531062142,-0.08094562893785806
3,10.0,2562.45,26.23505362,26.229474758064953,26.152412933243333,26.173753866356176,26.173753866356176,-0.061299753643822896
3,10.0,2562.932,26.23900081,26.22552680809045,26.147671768690167,26.169216440618147,26.169216440618147,-0.0697843693818534
3,10.0,2563.414,26.2437774,26.221673112564226,26.143041958055477,26.16478547865623,26.16478547865623,-0.07899192134376776
3,10.0,2563.896,26.23429309,26.21791377328292,26.13852376925685,26.16046119751127,26.16046119751127,-0.07383189248873023
3,10.0,2564.379,26.23988349,26.21424138201539,26.134108435864142,26.156235167911056,26.156235167911056,-0.08364832208894413
3,10.0,2564.861,26.21018334,26.21067123774447,26.129814490926314,26.152125090716577,26.152125090716577,-0.05805824928342318
3,10.0,2565.343,26.22466504,26.207195726612138,26.12563291729618,26.148122299009994,26.148122299009994,-0.07654274099000702
3,10.0,2565.825,26.23037158,26.203814931289006,26.121563946239657,26.14422697851068,26.14422697851068,-0.08614460148931968
3,10.0,2566.307,26.25735957,26.200528929666504,26.117607799778927,26.14043930705783,26.14043930705783,-0.11692026294216973
3,10.0,2566.789,26.23025414,26.197337794857255,26.113764690661124,26.136759454591083,26.136759454591083,-0.09349468540891692
3,10.0,2567.271,26.23167402,26.1942415951958,26.11003482232862,26.133187583132088,26.133187583132088,-0.09848643686791192
3,10.0,2567.753,26.24327838,26.191240394239383,26.106418388890628,26.129723846767185,26.129723846767185,-0.11355453323281495
3,10.0,2568.236,26.24027922,26.188328320276046,26.10290842607838,26.12636154276104,26.12636154276104,-0.11391767723896251
3,10.0,2568.718,26.24046835,26.185517485677856,26.099519643556953,26.12311473209602,26.12311473209602,-0.11735361790398002
3,10.0,2569.2,26.21317868,26.182801811902426,26.096244822332793,26.119976471276054,26.119976471276054,-0.09320220872394458
3,10.0,2569.682,26.23819964,26.180181343401582,26.093084118909935,26.116946882477077,26.116946882477077,-0.12125275752292453
3,10.0,2570.164,26.24428116,26.177656119857758,26.090037680340306,26.11402607986872,26.11402607986872,-0.13025508013128118
3,10.0,2570.646,26.21428193,26.17522617618633,26.087105644204453,26.11121416960337,26.11121416960337,-0.1030677603966268
3,10.0,2571.128,26.23391112,26.17289154253813,26.084288138593926,26.10851124980624,26.10851124980624,-0.12539987019375687
3,10.0,2571.61,26.23351767,26.170652244302136,26.081585282095098,26.105917410566526,26.105917410566526,-0.12760025943347486
3,10.0,2572.093,26.22678414,26.16850395322978,26.078991933637433,26.103427692525727,26.103427692525727,-0.1233564474742721
3,10.0,2572.575,26.22744259,26.166455580833308,26.076518931419933,26.1010524791899,26.1010524791899,-0.12639011081009954
3,10.0,2573.057,26.22439582,26.16450259149421,26.074160877080917,26.098786568519166,26.098786568519166,-0.12560925148083513
3,10.0,2573.539,26.2300976,26.162644991576443,26.071917851035924,26.096630018375127,26.096630018375127,-0.13346758162487404
3,10.0,2574.021,26.24470705,26.160882782699364,26.069789924137904,26.09458287855531,26.09458287855531,-0.1501241714446877
3,10.0,2574.503,26.22670912,26.159215961741836,26.067777157670445,26.092645190790876,26.092645190790876,-0.13406392920912324
3,10.0,2574.985,26.23548813,26.157644520846624,26.065879603342538,26.090816988745317,26.090816988745317,-0.14467114125468328
3,10.0,2575.467,26.24191075,26.156168447424932,26.064097303284903,26.08909829801427,26.08909829801427,-0.1528124519857279
3,10.0,2575.949,26.2308469,26.154787724161285,26.06243029004788,26.087489136126415,26.087489136126415,-0.1433577638735848
3,10.0,2576.432,26.24043443,26.15349976129914,26.06087548717427,26.085986515160265,26.085986515160265,-0.15444791483973574
3,10.0,2576.914,26.24373108,26.15230986521334,26.059439346174006,26.08459665854462,26.08459665854462,-0.1591344214553807
3,10.0,2577.396,26.24585581,26.15121523896032,26.05811853216374,26.08331633495942,26.08331633495942,-0.1625394750405782
3,10.0,2577.878,26.26221727,26.150215846360744,26.056913039362883,26.082145529679387,26.082145529679387,-0.18007174032061357
3,10.0,2578.36,26.26207416,26.14931164653612,26.055822852423496,26.081084219932947,26.081084219932947,-0.18098994006705382
3,10.0,2578.842,26.24580736,26.148502593914937,26.05484794643761,26.08013237490967,26.08013237490967,-0.1656749850903303
3,10.0,2579.324,26.26277088,26.147788638239117,26.05398828694607,26.07928995576868,26.07928995576868,-0.183480924231322
3,10.0,2579.806,26.27453388,26.147169724570624,26.05324382994892,26.078556915648164,26.078556915648164,-0.19597696435183565
3,10.0,2580.289,26.28488489,26.14664480499406,26.052613335953954,26.077932019259308,26.077932019259308,-0.20695287074069313
3,10.0,2580.771,26.28507506,26.14621598869632,26.052099352539358,26.07741779117694,26.07741779117694,-0.20765726882305913
3,10.0,2581.253,26.26767097,26.14588202143392,26.05170038234163,26.077012753360055,26.077012753360055,-0.19065821663994598
3,10.0,2581.735,26.28331402,26.145642829610217,26.051416343313118,26.07671682696318,26.07671682696318,-0.20659719303681712
3,10.0,2582.217,26.27728356,26.145498334985145,26.051247143940664,26.07652992518353,26.07652992518353,-0.20075363481647202
3,10.0,2582.699,26.29424499,26.145448454683223,26.05119268326526,26.076451953276884,26.076451953276884,-0.21779303672311556
3,10.0,2583.181,26.28624644,26.145493101201733,26.051252850903197,26.076482808574525,26.076482808574525,-0.20976363142547427
3,10.0,2583.663,26.2904183,26.145632182419142,26.051427527068782,26.076622380501227,26.076622380501227,-0.21379591949877153
3,10.0,2584.146,26.2918449,26.145866183870396,26.051717301101235,26.076871178271098,26.076871178271098,-0.21497372172890294
3,10.0,2584.627,26.28791336,26.14619325742249,26.05211987897667,26.077227192523374,26.077227192523374,-0.21068616747662716
3,10.0,2585.11,26.29465801,26.146616016798582,26.052638460276583,26.07769324931946,26.07769324931946,-0.21696476068053983
3,10.0,2585.592,26.32056812,26.147132018471478,26.05327002174532,26.078266648886093,26.078266648886093,-0.2423014711139082
3,10.0,2586.074,26.29994868,26.147741925019854,26.054015352327117,26.07894809399047,26.07894809399047,-0.22100058600953076
3,10.0,2586.556,26.32923242,26.148445616788877,26.054874276365176,26.079737427037408,26.079737427037408,-0.24949499296259248
3,10.0,2587.038,26.32272053,26.149242969569954,26.055846609001232,26.080634482679834,26.080634482679834,-0.2420860473201678
3,10.0,2587.52,26.32897559,26.150133854610917,26.056932156210014,26.08163908784495,26.08163908784495,-0.2473365021550471
3,10.0,2588.002,26.32548143,26.1511181386264,26.05813071483516,26.08275106176135,26.08275106176135,-0.24273036823865013
3,10.0,2588.484,26.33682005,26.152195683808387,26.059442072626545,26.08397021598708,26.08397021598708,-0.2528498340129204
3,10.0,2588.967,26.35036826,26.15336887329627,26.06086907936845,26.085299216833082,26.085299216833082,-0.2650690431669176
3,10.0,2589.449,26.33152569,26.154632702083326,26.062405595402517,26.086732357135297,26.086732357135297,-0.2447933328647025
3,10.0,2589.931,26.34274059,26.155989351267692,26.064054219178445,26.088272066247335,26.088272066247335,-0.2544685237526636
3,10.0,2590.413,26.34965368,26.157438665051778,26.0658147024538,26.089918125329962,26.089918125329962,-0.25973555467003706
3,10.0,2590.895,26.35726929,26.158980483171526,26.067686788099994,26.09167030802852,26.09167030802852,-0.2655989819714826
3,10.0,2591.377,26.34110939,26.160614640908285,26.06967021014781,26.09352838050671,26.09352838050671,-0.2475810094932882
3,10.0,2591.859,26.36000123,26.162340969100875,26.071764693834336,26.09549210148142,26.09549210148142,-0.26450912851858277
3,10.0,2592.341,26.35399573,26.16415929415787,26.073969955651194,26.097561222258378,26.097561222258378,-0.25643450774162346
3,10.0,2592.823,26.35699633,26.16606943807009,26.076285703394035,26.099735486768775,26.099735486768775,-0.2572608432312258
3,10.0,2593.306,26.34940487,26.16807546662147,26.078716783592817,26.102019468959224,26.102019468959224,-0.247385401040777
3,10.0,2593.788,26.36107911,26.17016888614149,26.08125281967613,26.10440344016624,26.10440344016624,-0.2566756698337578
3,10.0,2594.27,26.36832675,26.17235356370937,26.083898412742332,26.10689174244823,26.10689174244823,-0.2614350075517713
3,10.0,2594.752,26.37723204,26.17462930376479,26.086653236306244,26.109484090607136,26.109484090607136,-0.26774794939286295
3,10.0,2595.234,26.39813912,26.17699590639525,26.08951695545334,26.112180192266763,26.112180192266763,-0.28595892773323683
3,10.0,2595.716,26.40157824,26.179453167349724,26.092489226896703,26.114979747914635,26.114979747914635,-0.28659849208536414
3,10.0,2596.198,26.41065515,26.182000878052616,26.095569699035213,26.117882450944713,26.117882450944713,-0.2927726990552877
3,10.0,2596.68,26.40312556,26.184638825617846,26.098758012012848,26.12088798770091,26.12088798770091,-0.2822375722990884
3,10.0,2597.163,26.39660241,26.18737254596853,26.102060746967002,26.124002592093486,26.124002592093486,-0.27259981790651366
3,10.0,2597.645,26.41634909,26.190190497500318,26.10546385113421,26.12721303901367,26.12721303901367,-0.289136050986329
3,10.0,2598.127,26.41165775,26.193098021044847,26.108973666847938,26.130525336137804,26.130525336137804,-0.28113241386219556
3,10.0,2598.609,26.39945942,26.196094886610524,26.11258980183196,26.133939142046984,26.133939142046984,-0.2655202779530157
3,10.0,2599.091,26.43181657,26.19918085996892,26.116311855868823,26.137454108502126,26.137454108502126,-0.2943624614978724
3,10.0,2599.573,26.43195912,26.202355702670005,26.12013942086571,26.14106988049218,26.14106988049218,-0.29088923950781975
3,10.0,2600.055,26.45385006,26.205619172057737,26.124072080921472,26.144786096283287,26.144786096283287,-0.30906396371671363
3,10.0,2600.537,26.41995143,26.208971021285688,26.1281094123946,26.148602387468443,26.148602387468443,-0.27134904253155767
3,10.0,2601.02,26.44307389,26.21241822765018,26.132259684498443,26.152526606856444,26.152526606856444,-0.2905472831435567
3,10.0,2601.502,26.44278462,26.215946261379816,26.136505272160004,26.156542122823872,26.156542122823872,-0.28624249717612926
3,10.0,2601.984,26.45484517,26.219561908885765,26.140854213633077,26.16065656862242,26.16065656862242,-0.2941886013775772
3,10.0,2602.466,26.48247904,26.223264906712416,26.145306054998947,26.164869549651485,26.164869549651485,-0.3176094903485165
3,10.0,2602.948,26.47430078,26.227054987295165,26.14986033495326,26.16918066489705,26.16918066489705,-0.3051201151029517
3,10.0,2603.43,26.48391242,26.230931878977284,26.154516584879627,26.17358950698563,26.17358950698563,-0.310322913014371
3,10.0,2603.912,26.48796308,26.234895306026925,26.159274328924262,26.178095662238885,26.178095662238885,-0.30986741776111515
3,10.0,2604.394,26.5174792,26.238944988654332,26.164133084071352,26.182698710728918,26.182698710728918,-0.3347804892710826
3,10.0,2604.876,26.49683218,26.243080643029252,26.169092360219278,26.187398226334103,26.187398226334103,-0.309433953665895
3,10.0,2605.359,26.51287827,26.247310828128036,26.17416226035681,26.192203825595293,26.192203825595293,-0.32067444440470894
3,10.0,2605.841,26.51274946,26.25161773528901,26.179321286188454,26.197095170447422,26.197095170447422,-0.315654289552576
3,10.0,2606.323,26.54401668,26.256009738022485,26.18457931990873,26.202081666527487,26.202081666527487,-0.34193501347251143
3,10.0,2606.805,26.53514176,26.260486536505603,26.189935843837194,26.207162863497718,26.207162863497718,-0.3279788965022803
3,10.0,2607.287,26.55234428,26.265047826964775,26.19539033360067,26.212338305115118,26.212338305115118,-0.3400059748848818
3,10.0,2607.769,26.55788348,26.26969330169415,26.20094225821404,26.217607529290877,26.217607529290877,-0.340275950709124
3,10.0,2608.251,26.5770287,26.274422649074282,26.206591080161754,26.222970068150264,26.222970068150264,-0.3540586318497354
3,10.0,2608.733,26.56102801,26.27923555359096,26.212336255479862,26.22842544809307,26.22842544809307,-0.33260256190693127
3,10.0,2609.216,26.58289802,26.28414194012756,26.218189451253103,26.2339847953666,26.2339847953666,-0.34891322463339947
3,10.0,2609.698,26.57813292,26.28912116857416,26.224125873065027,26.23962460418705,26.23962460418705,-0.3385083158129518
3,10.0,2610.18,26.60582316,26.294182983754744,26.23015697732204,26.245355798526084,26.245355798526084,-0.36046736147391556
3,10.0,2610.662,26.61504218,26.299327054760106,26.236282195087767,26.251177882484495,26.251177882484495,-0.3638642975155051
3,10.0,2611.144,26.60744018,26.304553046883225,26.242500951397396,26.257090354747245,26.257090354747245,-0.3503498252527564
3,10.0,2611.626,26.63777491,26.309860621639036,26.248812665343163,26.263092708646706,26.263092708646706,-0.3746822013532949
3,10.0,2612.108,26.62147019,26.315249436784523,26.255216750160532,26.26918443222636,26.26918443222636,-0.3522857577736396
3,10.0,2612.59,26.64256581,26.320719146338956,26.261712613314785,26.275365008304902,26.275365008304902,-0.3672008016950983
3,10.0,2613.073,26.65201572,26.326280999135967,26.268313417016415,26.28164701202414,26.28164701202414,-0.3703687079758602
3,10.0,2613.554,26.63878527,26.331899846185383,26.274977276166705,26.2879906234969,26.2879906234969,-0.35079464650310044
3,10.0,2614.037,26.6611928,26.33762205580289,26.281758996460233,26.29444806230287,26.29444806230287,-0.3667447376971289
3,10.0,2614.519,26.65783626,26.34341197365308,26.288616120001418,26.30097895371534,26.30097895371534,-0.3568573062846596
3,10.0,2615.001,26.65999917,26.349280999901936,26.29556197442203,26.307596034488917,26.307596034488917,-0.35240313551108216
3,10.0,2615.483,26.67485817,26.355228766568647,26.30259593439764,26.31429875745114,26.31429875745114,-0.36055941254885937
3,10.0,2615.965,26.67778721,26.361254902080873,26.309717369451448,26.321086570663958,26.321086570663958,-0.3567006393360437
3,10.0,2616.447,26.6737502,26.367359031296203,26.316925644043963,26.327958917490648,26.327958917490648,-0.345791282509353
3,10.0,2616.929,26.67523518,26.373540775523853,26.324220117662716,26.334915236662972,26.334915236662972,-0.340319943337029
3,10.0,2617.411,26.6885469,26.37979975254657,26.33160014491273,26.341954962348712,26.341954962348712,-0.3465919376512865
3,10.0,2617.894,26.70053126,26.38614880111863,26.339080650818012,26.349092387028485,26.349092387028485,-0.3514388729715172
3,10.0,2618.376,26.71842673,26.39256124130288,26.34663000417234,26.356297380393112,26.356297380393112,-0.3621293496068887
3,10.0,2618.858,26.73882324,26.399049745873572,26.35426294520864,26.363584054862287,26.363584054862287,-0.37523918513771193
3,10.0,2619.34,26.7244683,26.405613918721663,26.36197880989789,26.37095182701814,26.37095182701814,-0.3535164729818625
3,10.0,2619.822,26.73289888,26.41225336032308,26.36977692978247,26.3784001092197,26.3784001092197,-0.35449877078029957
3,10.0,2620.304,26.75282177,26.418967667761542,26.377656632067502,26.38592830967177,26.38592830967177,-0.36689346032823167
3,10.0,2620.786,26.76668688,26.425756434751378,26.38561723971209,26.39353583249371,26.39353583249371,-0.37315104750629047
3,10.0,2621.268,26.75952599,26.432619251660558,26.39365807152088,26.401222077788727,26.401222077788727,-0.358303912211273
3,10.0,2621.75,26.77756574,26.439555705534055,26.40177844223561,26.408986441713136,26.408986441713136,-0.3685792982868641
3,10.0,2622.233,26.77068381,26.44657999883249,26.40999475494107,26.41684466614425,26.41684466614425,-0.3538391438557511
3,10.0,2622.715,26.79247616,26.45366262519499,26.418272293326158,26.424763599259574,26.424763599259574,-0.3677125607404257
3,10.0,2623.197,26.81144174,26.460817629071272,26.426627289930522,26.432758815205773,26.432758815205773,-0.3786829247942265
3,10.0,2623.679,26.82355618,26.468044584441827,26.435059044152286,26.440829695038992,26.440829695038992,-0.38272648496100814
3,10.0,2624.161,26.83856094,26.47534306208213,26.443566851784617,26.448975616216725,26.448975616216725,-0.38958532378327604
3,10.0,2624.643,26.82582373,26.482712629586693,26.452150005107363,26.45719595266764,26.45719595266764,-0.3686277773323603
3,10.0,2625.125,26.83381517,26.490152851393276,26.460807792978343,26.46549007486153,26.46549007486153,-0.36832509513847
3,10.0,2625.607,26.86936501,26.49766328880709,26.469539500924718,26.473857349879214,26.473857349879214,-0.395507660120785
3,10.0,2626.09,26.88202595,26.50525929882617,26.478362754277093,26.48231472636143,26.48231472636143,-0.3997112236385689
3,10.0,2626.572,26.89269169,26.51290898233397,26.487240295714237,26.490826543519397,26.490826543519397,-0.4018651464806027
3,10.0,2627.054,26.88331332,26.520627545882384,26.49618959323083,26.49940959377384,26.49940959377384,-0.3839037262261584
3,10.0,2627.536,26.89329824,26.52841453848617,26.50520991993606,26.508063231343716,26.508063231343716,-0.38523500865628435
3,10.0,2628.018,26.89699352,26.536269506151143,26.514300546063183,26.516786807409268,26.516786807409268,-0.3802067125907307
3,10.0,2628.5,26.9136563,26.54419199189931,26.523460739059935,26.525579670182008,26.525579670182008,-0.3880766298179914
3,10.0,2628.982,26.92518593,26.55218153579402,26.5326897636786,26.53444116497458,26.53444116497458,-0.39074476502542055
3,10.0,2629.464,26.92137975,26.56023767496535,26.54198688206596,26.543370634270655,26.543370634270655,-0.3780091157293448
3,10.0,2629.947,26.93422277,26.568376863232206,26.55137085171639,26.552386152834117,26.552386152834117,-0.38183661716588446
3,10.0,2630.429,26.94553888,26.576564928478035,26.56080207152983,26.561449725210654,26.561449725210654,-0.384089154789347
3,10.0,2630.911,26.96215449,26.58481818206512,26.5702991552659,26.570579281881564,26.570579281881564,-0.3915752081184358
3,10.0,2631.393,26.96534548,26.59313614964038,26.579861355538227,26.57977415470627,26.57977415470627,-0.3855713252937285
3,10.0,2631.875,26.96754623,26.601518354046103,26.589487922800455,26.58903367306331,26.58903367306331,-0.37851255693669117
3,10.0,2632.357,26.99740122,26.609964315345852,26.59917810543416,26.598357163919623,26.598357163919623,-0.39904405608037763
3,10.0,2632.839,27.00254047,26.618473550850734,26.608931149836714,26.607743951899653,26.607743951899653,-0.3947965181003461
3,10.0,2633.321,27.02564259,26.627045575145658,26.618746300508583,26.61719335935429,26.61719335935429,-0.4084492306457115
3,10.0,2633.803,27.02298689,26.635679900115807,26.628622800140352,26.626704706429727,26.626704706429727,-0.39628218357027123
3,10.0,2634.286,27.04954278,26.644394140655862,26.63858056852315,26.63629723451467,26.63629723451467,-0.4132455454853279
3,10.0,2634.768,27.0620827,26.65315171866308,26.648577610674266,26.645930537753042,26.645930537753042,-0.4161521622469593
3,10.0,2635.25,27.03762638,26.661970116035917,26.658633718277976,26.655623727082304,26.655623727082304,-0.382002652917695
3,10.0,2635.732,27.07073124,26.670848834121166,26.66874812764353,26.66537611451015,26.66537611451015,-0.40535512548985153
3,10.0,2636.214,27.06562735,26.679787371699536,26.678920073698954,26.675187010180878,26.675187010180878,-0.3904403398191221
3,10.0,2636.696,27.07423867,26.68878522501265,26.689148790075343,26.68505572244306,26.68505572244306,-0.3891829475569395
3,10.0,2637.178,27.09440524,26.69784188779022,26.699433509190612,26.694981557916748,26.694981557916748,-0.39942368208325263
3,10.0,2637.66,27.11170916,26.706956851277294,26.709773462332993,26.70496382156081,26.70496382156081,-0.40674533843919036
3,10.0,2638.143,27.11867533,26.71614869458555,26.720189501005954,26.715022699904445,26.715022699904445,-0.40365263009555363
3,10.0,2638.625,27.11466861,26.725378841718907,26.730637722557127,26.725115841904977,26.725115841904977,-0.3895527680950224
3,10.0,2639.107,27.16423895,26.73466574758974,26.741138864445098,26.735263316198978,26.735263316198978,-0.42897563380102355
3,10.0,2639.589,27.16059856,26.744008893773973,26.7516921542602,26.745464421763252,26.745464421763252,-0.4151341382367484
3,10.0,2640.071,27.17767795,26.75340775950059,26.7622968188718,26.755718456245095,26.755718456245095,-0.4219594937549047
3,10.0,2640.553,27.16769567,26.76286182167952,26.772952084508418,26.766024716027733,26.766024716027733,-0.4016709539722676
3,10.0,2641.035,27.17969245,26.772370554929495,26.78365717683715,26.776382496295312,26.776382496295312,-0.4033099537046887
3,10.0,2641.517,27.19856558,26.781933431606056,26.794411321042546,26.786791091097967,26.786791091097967,-0.41177448890203294
3,10.0,2642.0,27.22192072,26.7915699284166,26.805236203211855,26.797271543564268,26.797271543564268,-0.4246491764357323
3,10.0,2642.481,27.20827593,26.801219493514058,26.816063663877763,26.807757895224842,26.807757895224842,-0.4005180347751569
3,10.0,2642.964,27.22462281,26.810961837015988,26.82698296634976,26.818336639737435,26.818336639737435,-0.40628617026256464
3,10.0,2643.446,27.23389084,26.82073607402332,26.837925657506442,26.828941511555357,26.828941511555357,-0.40494932844464415
3,10.0,2643.928,27.23205092,26.830561782154206,26.848913520331525,26.839593651917014,26.839593651917014,-0.3924572680829854
3,10.0,2644.41,27.25112609,26.840438420773825,26.85994577873583,26.85029234940857,26.85029234940857,-0.4008337405914304
3,10.0,2644.892,27.25544636,26.850365447182558,26.87102165668228,26.8610368919263,26.8610368919263,-0.39440946807370025
3,10.0,2645.374,27.26652171,26.860342316644815,26.88214037825963,26.871826566738633,26.871826566738633,-0.3946951432613659
3,10.0,2645.856,27.27411171,26.870368482417707,26.893301167755588,26.882660660547685,26.882660660547685,-0.39145104945231424
3,10.0,2646.338,27.29939118,26.880443395779846,26.904503249729014,26.893538459550406,26.893538459550406,-0.40585272044959453
3,10.0,2646.821,27.29423257,26.890587558081275,26.915769215556846,26.90448195093332,26.90448195093332,-0.3897506190666782
3,10.0,2647.303,27.30812765,26.900758410959856,26.927051639253282,26.91544510416463,26.91544510416463,-0.39268254583537043
3,10.0,2647.785,27.32151084,26.910976352529644,26.938373029838782,26.926449817272186,26.926449817272186,-0.3950610227278126
3,10.0,2648.267,27.33104943,26.921240826441235,26.949732613668008,26.93749537503585,26.93749537503585,-0.39355405496414875
3,10.0,2648.749,27.3340326,26.931551274511904,26.96112961771812,26.948581062030232,26.948581062030232,-0.38545153796976805
3,10.0,2649.231,27.35548441,26.941907136754903,26.97256326965695,26.95970616268339,26.95970616268339,-0.3957782473166098
3,10.0,2649.713,27.3682941,26.95230785140881,26.984032797910253,26.970869961335133,26.970869961335133,-0.39742413866486714
3,10.0,2650.195,27.39224429,26.962752854966862,26.99553743172837,26.98207174229472,26.98207174229472,-0.41017254770527956
3,10.0,2650.677,27.40115491,26.97324158220635,27.007076401252004,26.99331078989828,26.99331078989828,-0.4078441201017178
3,10.0,2651.16,27.3910039,26.983795361067138,27.01867298134845,27.004609819422154,27.004609819422154,-0.38639408057784763
3,10.0,2651.642,27.408238,26.994369921050392,27.030278383841384,27.01592132731729,27.01592132731729,-0.39231667268271053
3,10.0,2652.124,27.42630943,27.004986497862053,27.041915816861422,27.027267954108343,27.027267954108343,-0.39904147589165717
3,10.0,2652.606,27.39772902,27.015644519707916,27.053584514756416,27.03864898480342,27.03864898480342,-0.3590800351965804
3,10.0,2653.088,27.4500953,27.02634341322587,27.065283713082398,27.050063704717196,27.050063704717196,-0.40003159528280463
3,10.0,2653.57,27.45890539,27.03708260351582,27.077012648664933,27.061511399525536,27.061511399525536,-0.3973939904744661
3,10.0,2654.052,27.47599076,27.0478615141693,27.088770559659565,27.072991355319473,27.072991355319473,-0.402999404680525
3,10.0,2654.534,27.4614839,27.05867956729953,27.100556685611476,27.08450285865878,27.08450285865878,-0.3769810413412209
3,10.0,2655.017,27.52830347,27.069558747354865,27.11239480503493,27.09606917494239,27.09606917494239,-0.43223429505761146
3,10.0,2655.499,27.50271602,27.08045342421095,27.12423513999372,27.107641696945517,27.107641696945517,-0.39507432305448376
3,10.0,2655.981,27.5196413,27.09138550010296,27.13610141590138,27.119243628037555,27.119243628037555,-0.4003976719624447
3,10.0,2656.463,27.52957799,27.102354391527196,27.147992878446093,27.130874257179983,27.130874257179983,-0.39870373282001736
3,10.0,2656.945,27.53468915,27.113359513651645,27.159908774992324,27.1425328740633,27.1425328740633,-0.3921562759366992
3,10.0,2657.427,27.56031628,27.12440028034606,27.171848354635745,27.154218769157488,27.154218769157488,-0.40609751084251045
3,10.0,2657.909,27.58209172,27.135476104212177,27.183810868257382,27.1659312337621,27.1659312337621,-0.41616048623789936
3,10.0,2658.391,27.575824,27.14658639661397,27.195795568577008,27.177669560055694,27.177669560055694,-0.39815443994430666
3,10.0,2658.874,27.59112053,27.15775372320151,27.2078266409851,27.189457472365554,27.189457472365554,-0.40166305763444754
3,10.0,2659.356,27.59420065,27.16893125041251,27.219853522646524,27.201245452323562,27.201245452323562,-0.3929551976764394
3,10.0,2659.838,27.60548972,27.180141471896683,27.231900359182248,27.213057174805716,27.213057174805716,-0.3924325451942856
3,10.0,2660.32,27.62113139,27.19138379436706,27.24396641118822,27.224891935993067,27.224891935993067,-0.39623945400693117
3,10.0,2660.802,27.63071431,27.202657623450488,27.256050941353813,27.236749033185358,27.236749033185358,-0.3939652768146402
3,10.0,2661.284,27.63148404,27.213962363717933,27.268153214510374,27.24862776484729,27.24862776484729,-0.3828562751527116
3,10.0,2661.766,27.66620058,27.225297418714977,27.280272497678705,27.26052743065417,27.26052743065417,-0.4056731493458301
3,10.0,2662.248,27.66842153,27.236662190992206,27.29240806011623,27.27244733153732,27.27244733153732,-0.3959741984626781
3,10.0,2662.73,27.69696685,27.24805608213581,27.30455917336304,27.284386769728723,27.284386769728723,-0.412580080271276
3,10.0,2663.213,27.68568188,27.259502219975033,27.316750366729856,27.296369877615426,27.296369877615426,-0.38931200238457464
3,10.0,2663.695,27.70339842,27.27095260720356,27.328930434075833,27.308346339467636,27.308346339467636,-0.39505208053236274
3,10.0,2664.177,27.71435525,27.282430311326994,27.341123879501993,27.32034025212937,27.32034025212937,-0.3940149978706309
3,10.0,2664.659,27.74139683,27.29393473037703,27.353329984129083,27.332350923474568,27.332350923474568,-0.4090459065254315
3,10.0,2665.141,27.74264275,27.305465261573616,27.36554803157918,27.344377662893304,27.344377662893304,-0.3982650871066973
3,10.0,2665.623,27.74138379,27.317021301355496,27.377777308016864,27.356419781333187,27.356419781333187,-0.38496400866681313
3,10.0,2666.105,27.76035546,27.32860224541089,27.39001710218991,27.36847659134043,27.36847659134043,-0.3918788686595711
3,10.0,2666.587,27.76941214,27.340207488708078,27.402266705468897,27.38054740709999,27.38054740709999,-0.3888647329000108
3,10.0,2667.07,27.78740299,27.3518605761597,27.414550853861492,27.392656628673993,27.392656628673993,-0.39474636132600693
3,10.0,2667.552,27.79295583,27.363512647386493,27.426817976847666,27.40475343076133,27.40475343076133,-0.38820239923867206
3,10.0,2668.034,27.81072186,27.37518719748642,27.439092797723916,27.41686218997409,27.41686218997409,-0.39385967002591116
3,10.0,2668.516,27.80211155,27.386883618853098,27.451374618739894,27.428982227449104,27.428982227449104,-0.3731293225508949
3,10.0,2668.998,27.83104598,27.39860130331338,27.463662744955133,27.441112866155635,27.441112866155635,-0.38993311384436424
3,10.0,2669.48,27.84196797,27.41033964215802,27.475956484274107,27.45325343093263,27.45325343093263,-0.38871453906736875
3,10.0,2669.962,27.83525689,27.422098026172396,27.48825514748059,27.465403248525007,27.465403248525007,-0.3698536414749931
3,10.0,2670.444,27.86262453,27.433875845667142,27.500558048271195,27.477561647619886,27.477561647619886,-0.3850628823801152
3,10.0,2670.927,27.88783659,27.44569698402102,27.51289003857456,27.48975320795299,27.48975320795299,-0.3980833820470089
3,10.0,2671.408,27.88434566,27.45748735015012,27.52517383215109,27.50190151498815,27.50190151498815,-0.38244414501185275
3,10.0,2671.891,27.8808429,27.46934438021621,27.537510901887394,27.514106927032405,27.514106927032405,-0.3667359729675965
3,10.0,2672.373,27.9174277,27.481193870934298,27.549823951826983,27.526292990665837,27.526292990665837,-0.39113470933416394
3,10.0,2672.855,27.92302893,27.493059741367592,27.56213785125704,27.538484308220703,27.538484308220703,-0.38454462177929827
3,10.0,2673.337,27.92966824,27.5049413796209,27.574451932019365,27.550680220766388,27.550680220766388,-0.37898801923361347
3,10.0,2673.819,27.92366303,27.516838173538773,27.58676552908227,27.562880071551085,27.562880071551085,-0.3607829584489153
3,10.0,2674.301,27.94241359,27.528749510736066,27.599077980568172,27.575083206033526,27.575083206033526,-0.36733038396647544
3,10.0,2674.783,27.9427264,27.54067477862847,27.61138862778043,27.587288971914003,27.587288971914003,-0.3554374280859989
3,10.0,2675.265,27.99112073,27.552613364463127,27.623696815229355,27.59949671916501,27.59949671916501,-0.3916240108349882
3,10.0,2675.748,27.9783085,27.564589463340113,27.636027416174173,27.611731131042838,27.611731131042838,-0.366577368957163
3,10.0,2676.23,28.01779369,27.576552870729103,27.64832872210662,27.62394090094953,27.62394090094953,-0.39385278905047016
3,10.0,2676.712,28.01824282,27.588527755823655,27.66062561996314,27.636150714743515,27.636150714743515,-0.3820921052564863
3,10.0,2677.194,28.03593253,27.600513505501855,27.67291746733598,27.648359931786253,27.648359931786253,-0.38757259821374745
3,10.0,2677.676,28.04068025,27.612509506625738,27.685203625144375,27.66056791385626,27.66056791385626,-0.3801123361437426
3,10.0,2678.158,28.06632281,27.6245151460718,27.697483457656343,27.672774025176707,27.672774025176707,-0.3935487848232917
3,10.0,2678.64,28.08854071,27.636529810761402,27.70975633251006,27.684977632442262,27.684977632442262,-0.4035630775577381
3,10.0,2679.122,28.04864009,27.648552887691178,27.722021620734356,27.69717810484541,27.69717810484541,-0.3514619851545895
3,10.0,2679.604,28.09309387,27.66058376396335,27.73427869676845,27.709374814102354,27.709374814102354,-0.38371905589764665
3,10.0,2680.087,28.0945704,27.67264680909562,27.746552340158054,27.721592424753872,27.721592424753872,-0.3729779752461262
3,10.0,2680.569,28.11102398,27.684691458935525,27.758791108613863,27.73377972204365,27.73377972204365,-0.37724425795634886
3,10.0,2681.051,28.11572806,27.696742069090885,27.771019807575804,27.745961385444176,27.745961385444176,-0.369766674555823
3,10.0,2681.533,28.14217218,27.708798027389737,27.783237825317475,27.758136797020274,27.758136797020274,-0.38403538297972517
3,10.0,2682.015,28.1447541,27.72085872191709,27.795444553612437,27.770305341482107,27.770305341482107,-0.37444875851789305
3,10.0,2682.497,28.16649409,27.732923541045103,27.807639387749994,27.78246640620804,27.78246640620804,-0.3840276837919596
3,10.0,2682.979,28.1494439,27.74499187346311,27.819821726550643,27.794619381266955,27.794619381266955,-0.35482451873304655
3,10.0,2683.461,28.14939867,27.757063108207753,27.83199097238061,27.806763659440023,27.806763659440023,-0.34263501055997736
3,10.0,2683.944,28.17244663,27.76916168546204,27.844171735529827,27.818923802455856,27.818923802455856,-0.3535228275441433
3,10.0,2684.426,28.18081572,27.781236896363943,27.856312986537525,27.831048854986832,27.831048854986832,-0.3497668650131658
3,10.0,2684.908,28.18432737,27.793313177821723,27.868439371872004,27.843163404220505,27.843163404220505,-0.3411639657794936
3,10.0,2685.39,28.20962371,27.80538992056208,27.880550308224887,27.855266854001645,27.855266854001645,-0.3543568559983541
3,10.0,2685.872,28.19866932,27.817466515808775,27.89264521589794,27.867358610989115,27.867358610989115,-0.3313107090108858
3,10.0,2686.354,28.2138905,27.829542355312395,27.90472351881414,27.879438084674852,27.879438084674852,-0.33445241532514913
3,10.0,2686.836,28.22495168,27.841616831380158,27.916784644528153,27.891504687402346,27.891504687402346,-0.3334469925976542
3,10.0,2687.318,28.23027076,27.853689336905646,27.92882802423634,27.90355783438461,27.90355783438461,-0.32671292561538934
3,10.0,2687.801,28.24476351,27.865784303644435,27.940878021636415,27.915621906132625,27.915621906132625,-0.3291416038673738
3,10.0,2688.283,28.26235013,27.87785104202637,27.952884177798648,27.927646367903687,27.927646367903687,-0.33470376209631425
3,10.0,2688.765,28.27442359,27.889913991105686,27.96487090233119,27.939655635766307,27.939655635766307,-0.3347679542336941
3,10.0,2689.247,28.2758381,27.901972546418513,27.97683764109261,27.95164913658817,27.95164913658817,-0.32418896341183157
3,10.0,2689.729,28.28312222,27.914026104234964,27.98878384362451,27.963626300189638,27.963626300189638,-0.3194959198103611
3,10.0,2690.211,28.29646183,27.926074061588515,28.000708963158026,27.97558655935877,27.97558655935877,-0.3208752706412277
3,10.0,2690.693,28.31599489,27.938115816305384,28.01261245662003,27.987529349866353,27.987529349866353,-0.3284655401336458
3,10.0,2691.175,28.31259604,27.950150767033534,28.02449378463873,27.99945411048007,27.99945411048007,-0.31314192951992936
3,10.0,2691.657,28.34136571,27.962178313272137,28.036352411548734,28.011360282978565,28.011360282978565,-0.33000542702143676
3,10.0,2692.14,28.33271442,27.97422278347412,28.04821233563691,28.023271953768262,28.023271953768262,-0.30944246623173655
3,10.0,2692.622,28.35726176,27.98623370431074,28.0600239183377,28.03513924604931,28.03513924604931,-0.32212251395068847
3,10.0,2693.104,28.37047237,27.99823542331297,28.071811214131195,28.046986292613575,28.046986292613575,-0.323486077386427
3,10.0,2693.586,28.37652474,28.010227343676565,28.083573702226424,28.058812547420587,28.058812547420587,-0.31771219257941397
3,10.0,2694.068,28.37636565,28.022208869593104,28.095310865556833,28.07061746750414,28.07061746750414,-0.30574818249586144
3,10.0,2694.55,28.39677658,28.034179406278916,28.107022190782573,28.08240051298372,28.08240051298372,-0.31437606701627985
3,10.0,2695.032,28.40165322,28.046138360003674,28.118707168292147,28.094161147075493,28.094161147075493,-0.3074920729245072
3,10.0,2695.514,28.43478073,28.058085138118997,28.13036529220374,28.105898836102888,28.105898836102888,-0.32888189389711187
3,10.0,2695.997,28.42547471,28.07004389476467,28.142020161807842,28.11763732808491,28.11763732808491,-0.307837381915089
3,10.0,2696.479,28.45569587,28.081964519860655,28.153623017496123,28.129327488088734,28.129327488088734,-0.3263683819112657
3,10.0,2696.961,28.46417388,28.09387119695736,28.16519752330252,28.140993119657914,28.140993119657914,-0.32318076034208687
3,10.0,2697.443,28.4796281,28.105763338021184,28.17674318827551,28.152633701649762,28.152633701649762,-0.32699439835023725
3,10.0,2697.925,28.48748579,28.11764035624227,28.18825952519286,28.164248716076,28.164248716076,-0.3232370739240018
3,10.0,2698.407,28.49803726,28.129501666062783,28.19974605056063,28.1758376481112,28.1758376481112,-0.32219961188879864
3,10.0,2698.889,28.51304589,28.141346683204794,28.211202284611247,28.187399986100523,28.187399986100523,-0.3256459038994777
3,10.0,2699.371,28.51980109,28.153174824698375,28.22262775130143,28.198935221567343,28.198935221567343,-0.32086586843265863
3,10.0,2699.854,28.52491151,28.165009993853936,28.234045584985616,28.210466694919532,28.210466694919532,-0.31444481508046707
3,10.0,2700.335,28.51794355,28.17677815556695,28.245384497033733,28.221922366960854,28.221922366960854,-0.2960211830391444
3,10.0,2700.818,28.53489496,28.18857659348792,28.256738315763027,28.23339700287741,28.23339700287741,-0.30149795712258864
3,10.0,2701.3,28.52350421,28.200331389398936,28.268035958786943,28.244818746400263,28.244818746400263,-0.2786854635997358
3,10.0,2701.782,28.52627547,28.212066414208834,28.279300509052934,28.256210891911135,28.256210891911135,-0.2700645780888671
3,10.0,2702.264,28.55493799,28.223781093380175,28.2905315128057,28.267572950147766,28.267572950147766,-0.28736503985223294
3,10.0,2702.746,28.55507724,28.23547485387652,28.30172851998887,28.278904435068963,28.278904435068963,-0.27617280493103635
3,10.0,2703.228,28.56171648,28.24714712418975,28.312891084240064,28.290204863859437,28.290204863859437,-0.2715116161405646
3,10.0,2703.71,28.58469189,28.25879733436721,28.324018762885515,28.30147375693422,28.30147375693422,-0.2832181330657768
3,10.0,2704.192,28.58303894,28.270424916038554,28.33511111693427,28.31271063794277,28.31271063794277,-0.27032830205723
3,10.0,2704.675,28.60612315,28.282053353429582,28.34619061259184,28.323938245312487,28.323938245312487,-0.28218490468751156
3,10.0,2705.157,28.6219414,28.293633929560286,28.357210939643057,28.335109617235577,28.335109617235577,-0.28683178276442334
3,10.0,2705.639,28.62805408,28.305190180669886,28.368194646275988,28.34624756651893,28.34624756651893,-0.2818065134810688
3,10.0,2706.121,28.60937848,28.316721544989374,28.379141308175328,28.357351629791218,28.357351629791218,-0.25202685020878235
3,10.0,2706.603,28.63689202,28.32822746246581,28.390050504675358,28.36842134693145,28.36842134693145,-0.26847067306855266
3,10.0,2707.085,28.64235068,28.33970737478861,28.400921818752416,28.379456261071105,28.379456261071105,-0.2628944189288944
3,10.0,2707.567,28.64884669,28.351160725415887,28.411754837017078,28.390455918596263,28.390455918596263,-0.2583907714037359
3,10.0,2708.049,28.67446772,28.362586959600613,28.422549149706,28.40141986914919,28.40141986914919,-0.2730478508508085
3,10.0,2708.531,28.67237905,28.373985524416707,28.433304350673627,28.412347665629728,28.412347665629728,-0.2600313843702722
3,10.0,2709.014,28.68109638,28.38537942899471,28.444042227746323,28.423261421694562,28.423261421694562,-0.25783495830543757
3,10.0,2709.496,28.71151489,28.396720943451044,28.454717918042377,28.434115504466682,28.434115504466682,-0.2773993855333181
3,10.0,2709.978,28.7171075,28.408033139811565,28.46535329898257,28.444932110517627,28.444932110517627,-0.2721753894823742
3,10.0,2710.46,28.74519195,28.41931547269637,28.475947978810673,28.455710805792915,28.455710805792915,-0.28948114420708393
3,10.0,2710.942,28.72041743,28.430567398675162,28.486501569342472,28.46645115949866,28.46645115949866,-0.2539662705013406
3,10.0,2711.424,28.75412606,28.4417883762927,28.497013685955825,28.477152744101225,28.477152744101225,-0.2769733158987755
3,10.0,2711.906,28.74018611,28.452977866093907,28.507483947580567,28.487815135326777,28.487815135326777,-0.252370974673223
3,10.0,2712.388,28.76469453,28.46413533064928,28.51791197668826,28.498437912160696,28.498437912160696,-0.26625661783930354
3,10.0,2712.871,28.77930568,28.475283281076123,28.528318901254515,28.509042570846916,28.509042570846916,-0.2702631091530847
3,10.0,2713.353,28.75974481,28.48637502186506,28.538661257309887,28.51958478454216,28.51958478454216,-0.24016002545783977
3,10.0,2713.835,28.7798098,28.49743313642157,28.54896026864872,28.530086139495968,28.530086139495968,-0.2497236605040314
3,10.0,2714.317,28.79126104,28.508457095671154,28.55921557180897,28.54054622772498,28.54054622772498,-0.25071481227501735
3,10.0,2714.799,28.80432581,28.51944637268866,28.569426806815578,28.55096464449785,28.55096464449785,-0.2533611655021524
3,10.0,2715.281,28.80925914,28.530400442722694,28.579593617168797,28.56134098833313,28.56134098833313,-0.24791815166687314
3,10.0,2715.763,28.83834336,28.541318783219968,28.589715649832648,28.571674860996943,28.571674860996943,-0.2666684990030568
3,10.0,2716.245,28.81601433,28.55220087384927,28.599792555222834,28.581965867500376,28.581965867500376,-0.23404846249962574
3,10.0,2716.728,28.84846931,28.563068658616718,28.60984475178656,28.592234831749487,28.592234831749487,-0.25623447825051215
3,10.0,2717.21,28.84474078,28.573876619638455,28.61983027221519,28.6024388429772,28.6024388429772,-0.24230193702279834
3,10.0,2717.692,28.84872766,28.584646782308333,28.629769636506254,28.61259882172341,28.61259882172341,-0.23612883827659203
3,10.0,2718.174,28.86655641,28.59537863542762,28.63966250876745,28.622714385956357,28.622714385956357,-0.2438420240436443
3,10.0,2718.656,28.87965784,28.606071670138586,28.64950855649635,28.63278515687354,28.63278515687354,-0.24687268312646182
3,10.0,2719.138,28.87260324,28.616725379947827,28.65930745056755,28.642810758897912,28.642810758897912,-0.22979248110208772
3,10.0,2719.62,28.87788542,28.62733926074953,28.669058865219746,28.652790819673942,28.652790819673942,-0.22509460032605588
3,10.0,2720.102,28.90371747,28.637912810848555,28.678762478042625,28.66272497006357,28.66272497006357,-0.24099249993642857
3,10.0,2720.584,28.88833468,28.648445530983352,28.688417969963606,28.672612844141895,28.672612844141895,-0.21572183585810478
3,10.0,2721.067,28.88822974,28.658958647422704,28.69804490631742,28.6824744479617,28.6824744479617,-0.205755292038301
3,10.0,2721.549,28.91422182,28.669408132414844,28.707603111039408,28.692268586593865,28.692268586593865,-0.22195323340613626
3,10.0,2722.031,28.91940853,28.679815303469326,28.71711225689631,28.702015369637472,28.702015369637472,-0.21739316036252632
3,10.0,2722.513,28.92142128,28.690179671290913,28.726572038038746,28.711714443980497,28.711714443980497,-0.20970683601950313
3,10.0,2722.995,28.9234913,28.700500749130654,28.73598215188725,28.721365459700138,28.721365459700138,-0.20212584029986047
3,10.0,2723.477,28.94482781,28.710778052807928,28.74534229911824,28.730968070057532,28.730968070057532,-0.21385973994246754
3,10.0,2723.959,28.9600925,28.72101110073244,28.7546521836502,28.74052193149225,28.74052193149225,-0.21957056850774848
3,10.0,2724.441,28.97370378,28.731199413926035,28.76391151262957,28.750026703616875,28.750026703616875,-0.22367707638312595
3,10.0,2724.924,28.95900111,28.741363512498754,28.773139048101903,28.759501614499676,28.759501614499676,-0.19949949550032287
3,10.0,2725.406,28.98881482,28.751460834580268,28.782296293878296,28.76890709592194,28.76890709592194,-0.21990772407806247
3,10.0,2725.888,28.98886844,28.76151199991041,28.79140212418254,28.778262485168334,28.778262485168334,-0.21060595483166722
3,10.0,2726.37,28.98054171,28.77151654018016,28.80045625893699,28.787567454491196,28.787567454491196,-0.19297425550880476
3,10.0,2726.852,28.99716968,28.78147398979946,28.80945842122047,28.796821679286012,28.796821679286012,-0.20034800071398706
3,10.0,2727.334,29.00552079,28.791383885918137,28.818408337253615,28.806024838084895,28.806024838084895,-0.19949595191510383
3,10.0,2727.816,29.0101889,28.80124576844659,28.82730573638438,28.815176612550125,28.815176612550125,-0.19501228744987387
3,10.0,2728.298,29.01073557,28.811059180076526,28.836150351073464,28.82427668746767,28.82427668746767,-0.18645888253233167
3,10.0,2728.781,29.03525837,28.82084387339984,28.84496010131671,28.83334346837504,28.83334346837504,-0.20191490162495995
3,10.0,2729.262,29.05084202,28.830538775436146,28.853680172444804,28.842320493381038,28.842320493381038,-0.20852152661896284
3,10.0,2729.745,29.0587708,28.840224058989563,28.862382821640715,28.851282108772942,28.851282108772942,-0.20748869122705926
3,10.0,2730.227,29.084959,28.849838965518884,28.871013572978995,28.86017218546948,28.86017218546948,-0.22478681453052118
3,10.0,2730.709,29.06331006,28.859403156120393,28.879590247834674,28.869009032544817,28.869009032544817,-0.1943010274551824
3,10.0,2731.191,29.05877706,28.86891619060316,28.888112597041573,28.87779235338825,28.87779235338825,-0.18098470661174915
3,10.0,2731.673,29.0959599,28.878377631697383,28.89658037444261,28.88652185446355,28.88652185446355,-0.2094380455364515
3,10.0,2732.155,29.09062781,28.887787045073694,28.904993336875112,28.895197245301482,28.895197245301482,-0.19543056469851905
3,10.0,2732.637,29.0887384,28.897143999362406,28.913351244155738,28.90381823849234,28.90381823849234,-0.18492016150765878
3,10.0,2733.119,29.08956843,28.90644806617248,28.921653859065657,28.9123845496784,28.9123845496784,-0.17718388032159993
3,10.0,2733.602,29.10711095,28.91571795683395,28.929917999596505,28.920913498616613,28.920913498616613,-0.18619745138338573
3,10.0,2734.084,29.10481429,28.924914863601735,28.938109213972837,28.92936948999319,28.92936948999319,-0.17544480000681162
3,10.0,2734.566,29.09765165,28.934057614910888,28.946244441488524,28.937769963958814,28.937769963958814,-0.15988168604118513
3,10.0,2735.048,29.10566452,28.943145794478387,28.954323456639152,28.9461146482926,28.9461146482926,-0.15954987170740154
3,10.0,2735.53,29.10810474,28.952178989092666,28.962346036810096,28.95440327378665,28.95440327378665,-0.15370146621335223
3,10.0,2736.012,29.12771293,28.961156788631484,28.970311962261423,28.96263557423797,28.96263557423797,-0.16507735576202975
3,10.0,2736.494,29.1016349,28.970078786079906,28.978221016113103,28.970811286440515,28.970811286440515,-0.13082361355948535
3,10.0,2736.976,29.1423152,28.978944577547985,28.98607298433002,28.978930150176982,28.978930150176982,-0.16338504982301671
3,10.0,2737.458,29.1422105,28.98775376228827,28.993867655707056,28.986991908210687,28.986991908210687,-0.15521859178931408
3,10.0,2737.941,29.13473265,28.99652404123389,29.001620814146612,28.99501285311193,28.99501285311193,-0.13971979688806968
3,10.0,2738.423,29.14515758,29.005218703440562,29.009300149530617,29.002959520126574,29.002959520126574,-0.14219805987342582
3,10.0,2738.905,29.1639443,29.01385557489654,29.01692157087313,29.010848327017275,29.010848327017275,-0.15309597298272593
3,10.0,2739.387,29.13737649,29.022434267602904,29.02448487814634,29.018679028393063,29.018679028393063,-0.1186974616069385
3,10.0,2739.869,29.16254781,29.03095439678846,29.03198987407834,29.026451381802048,29.026451381802048,-0.13609642819795198
3,10.0,2740.351,29.15691811,29.039415580926068,29.039436364138332,29.034165147722803,29.034165147722803,-0.12275296227719679
3,10.0,2740.833,29.17246807,29.047817441749118,29.046824156521964,29.041820089555998,29.041820089555998,-0.13064798044400305
3,10.0,2741.315,29.17701195,29.056159604267542,29.054153062136663,29.0494159736159,29.0494159736159,-0.12759597638410014
3,10.0,2741.798,29.18049079,29.064458816849758,29.061437915692647,29.056968143423205,29.056968143423205,-0.12352264657679513
3,10.0,2742.28,29.20181925,29.072680345203523,29.06864836813706,29.064445098777817,29.064445098777817,-0.13737415122218266
3,10.0,2742.762,29.20369344,29.080841069347226,29.075799382286686,29.071862312233954,29.071862312233954,-0.1318311277660449
3,10.0,2743.244,29.18444685,29.08894062756223,29.08289077975585,29.079219561680425,29.079219561680425,-0.10522728831957551
3,10.0,2743.726,29.22307691,29.0969786614847,29.089922384798065,29.086516627876712,29.086516627876712,-0.13656028212328764
3,10.0,2744.208,29.21433136,29.104954816120674,29.096894024291643,29.09375329444421,29.09375329444421,-0.1205780655557902
3,10.0,2744.69,29.19747283,29.112868739860915,29.103805527725395,29.100929347857672,29.100929347857672,-0.09654348214232655
3,10.0,2745.172,29.2337256,29.12072008449576,29.11065672718442,29.10804457743648,29.10804457743648,-0.1256810225635192
3,10.0,2745.655,29.23172216,29.128524598132223,29.117461483016687,29.115113347016383,29.115113347016383,-0.11660881298361758
3,10.0,2746.137,29.23060423,29.13624962198963,29.124191455135673,29.12210618096089,29.12210618096089,-0.10849804903910965
3,10.0,2746.619,29.23851618,29.143911041956816,29.130860634641635,29.129037575593294,29.129037575593294,-0.10947860440670709
3,10.0,2747.101,29.24787201,29.15150852357302,29.137468863868897,29.135907331530447,29.135907331530447,-0.11196467846955116
3,10.0,2747.583,29.24338134,29.15904173584805,29.14401598767782,29.142715252190442,29.142715252190442,-0.10066608780955733
3,10.0,2748.065,29.24292008,29.166510351275885,29.15050185344104,29.149461143783807,29.149461143783807,-0.09345893621619439
3,10.0,2748.547,29.25323809,29.173914045848036,29.156926311029572,29.156144815304856,29.156144815304856,-0.09709327469514406
3,10.0,2749.029,29.25816901,29.18125249906696,29.163289212799313,29.162766078523035,29.162766078523035,-0.09540293147696488
3,10.0,2749.511,29.26445935,29.188525393959075,29.16959041357736,29.1693247479742,29.1693247479742,-0.09513460202579793
3,10.0,2749.994,29.27012766,29.195747300728797,29.175842650988677,29.17583405252718,29.17583405252718,-0.0942936074728209
3,10.0,2750.476,29.29201175,29.20288800458088,29.182019895340435,29.182266858274225,29.182266858274225,-0.10974489172577506
3,10.0,2750.958,29.26275015,29.209962219825677,29.188135017590994,29.188636530009134,29.188636530009134,-0.07411361999086452
3,10.0,2751.44,29.26910747,29.216969643720212,29.194187882323128,29.19494289325267,29.19494289325267,-0.07416457674733223
3,10.0,2751.922,29.28006276,29.22390997710818,29.200178356524134,29.201185776248884,29.201185776248884,-0.0788769837511154
3,10.0,2752.404,29.29527612,29.230782924431995,29.20610630957279,29.207365009956483,29.207365009956483,-0.08791111004351748
3,10.0,2752.886,29.30224043,29.237588193744486,29.211971613226403,29.21348042804034,29.21348042804034,-0.08876000195965972
3,10.0,2753.368,29.28079629,29.244325496720556,29.21777414160785,29.219531866862866,29.219531866862866,-0.06126442313713554
3,10.0,2753.851,29.31883456,29.25100831373365,29.223525613670546,29.225531520473137,29.225531520473137,-0.09330303952686236
3,10.0,2754.333,29.31747228,29.257608691134422,29.229202092403952,29.231454387046192,29.231454387046192,-0.08601789295380868
3,10.0,2754.815,29.32363226,29.26414025849738,29.23481543205626,29.237312799225823,29.237312799225823,-0.08631946077417751
3,10.0,2755.297,29.33587576,29.270602742105517,29.240365516090932,29.2431066040856,29.2431066040856,-0.09276915591440016
3,10.0,2755.779,29.31458108,29.276995871919105,29.245852230274124,29.24883565135444,29.24883565135444,-0.06574542864555966
3,10.0,2756.261,29.32161448,29.28331938158612,29.251275462662495,29.254499793408257,29.254499793408257,-0.06711468659174358
3,10.0,2756.743,29.3218277,29.289573008452543,29.256635103590973,29.260098885261648,29.260098885261648,-0.0617288147383519
3,10.0,2757.225,29.33417938,29.29575649357242,29.261931045660745,29.26563278455968,29.26563278455968,-0.06854659544031705
3,10.0,2757.708,29.33604602,29.301882191120708,29.267173972389703,29.271112629136013,29.271112629136013,-0.0649333908639882
3,10.0,2758.189,29.34166198,29.307912021388177,29.272331414888576,29.276504449172535,29.276504449172535,-0.06515753082746656
3,10.0,2758.672,29.34503629,29.313895880048452,29.277446161544432,29.281852948207003,29.281852948207003,-0.06318334179299612
3,10.0,2759.154,29.34929997,29.31979613538106,29.28248614599954,29.287124569538406,29.287124569538406,-0.06217540046159442
3,10.0,2759.636,29.35915091,29.32562500970323,29.287461927984015,29.29233032544375,29.29233032544375,-0.0668205845562504
3,10.0,2760.118,29.36173394,29.33138226652619,29.29237341345413,29.297470089184564,29.297470089184564,-0.06426385081543629
3,10.0,2760.6,29.36027783,29.33706767313443,29.297220510551153,29.30254373659615,29.30254373659615,-0.057734093403851716
3,10.0,2761.082,29.37166175,29.34268100059429,29.30200312959019,29.307551146079575,29.307551146079575,-0.064110603920426
3,10.0,2761.564,29.35419216,29.348222023762208,29.30672118304912,29.312492198593866,29.312492198593866,-0.041699961406134634
3,10.0,2762.046,29.36357597,29.353690521292982,29.311374585557743,29.317366777648182,29.317366777648182,-0.04620919235181731
3,10.0,2762.529,29.38199337,29.359097394393572,29.315972706598167,29.32218467508535,29.32218467508535,-0.05980869491465057
3,10.0,2763.011,29.37333586,29.364420040264825,29.320496425094966,29.32692582941565,29.32692582941565,-0.04641003058435089
3,10.0,2763.493,29.36695353,29.369669518900203,29.32495524917328,29.331600175813705,29.331600175813705,-0.03535335418629515
3,10.0,2763.975,29.36772376,29.374845624233267,29.329349101968205,29.336207607917483,29.336207607917483,-0.031516152082517124
3,10.0,2764.457,29.37291632,29.379948154033727,29.33367790871399,29.34074802187684,29.34074802187684,-0.032168298123160355
3,10.0,2764.939,29.37227997,29.384976909914457,29.337941596733906,29.34522131634614,29.34522131634614,-0.027058653653860176
3,10.0,2765.421,29.36437959,29.389931697338174,29.342140095430118,29.34962739247675,29.34962739247675,-0.01475219752324719
3,10.0,2765.903,29.34653875,29.394812325624187,29.346273336273903,29.353966153909806,29.353966153909806,0.007427403909805008
3,10.0,2766.385,29.3761833,29.399618607954622,29.35034125279571,29.358237506768837,29.358237506768837,-0.01794579323116352
3,10.0,2766.868,29.3635197,29.404360100699115,29.354352016560185,29.362450011110994,29.362450011110994,-0.0010696888890073808
3,10.0,2767.35,29.35866471,29.40901699096797,29.35828895736422,29.366586134769733,29.366586134769733,0.007921424769733676
3,10.0,2767.832,29.39016229,29.41359899770662,29.36216038657418,29.370654582871104,29.370654582871104,-0.019507707128894936
3,10.0,2768.314,29.37701959,29.418105949616827,29.365966245866424,29.374655271402045,29.374655271402045,-0.0023643185979551617
3,10.0,2768.796,29.38992893,29.422537679292272,29.3697064789295,29.378588118796486,29.378588118796486,-0.011340811203513823
3,10.0,2769.278,29.38506862,29.426894023223753,29.37338103145524,29.38245304592855,29.38245304592855,-0.002615574071448634
3,10.0,2769.76,29.37627337,29.43117482180422,29.376989851129757,29.386249976105667,29.386249976105667,0.009976606105666974
3,10.0,2770.242,29.39105704,29.435379919333563,29.38053288762478,29.389978835061875,29.389978835061875,-0.001078204938124827
3,10.0,2770.725,29.37920213,29.439517651968863,29.38401723824306,29.393647074914348,29.393647074914348,0.014444944914348667
3,10.0,2771.207,29.38796652,29.443570738117444,29.38742842857076,29.397239436713818,29.397239436713818,0.009272916713818802
3,10.0,2771.689,29.40635829,29.447547679306847,29.390773696472216,29.400763518851292,29.400763518851292,-0.005594771148707878
3,10.0,2772.171,29.38851724,29.451448335517117,29.394052999480827,29.404219256706256,29.404219256706256,0.015702016706256927
3,10.0,2772.653,29.36982824,29.455272570656362,29.39726629707389,29.40760658805219,29.40760658805219,0.03777834805218916
3,10.0,2773.135,29.38748119,29.459020252564386,29.400413550664634,29.410925453050318,29.410925453050318,0.02344426305031888
3,10.0,2773.617,29.4170109,29.46269125301614,29.40349472359443,29.41417579424327,29.41417579424327,-0.002835105756730627
3,10.0,2774.099,29.37975747,29.466285447724964,29.406509781125138,29.417357556549078,29.417357556549078,0.03760008654907665
3,10.0,2774.582,29.40942417,29.469809933537547,29.409464739718025,29.420477074654713,29.420477074654713,0.011052904654711426
3,10.0,2775.064,29.42984316,29.473249999711484,29.412347332548585,29.423521380866845,29.423521380866845,-0.006321779133156014
3,10.0,2775.546,29.42271379,29.476612910712866,29.415163717155654,29.42649695704036,29.42649695704036,0.0037831670403605244
3,10.0,2776.028,29.40027118,29.479898558045093,29.417913866413024,29.42940375753954,29.42940375753954,0.029132577539538573
3,10.0,2776.51,29.421314,29.48310683716317,29.42059775507868,29.43224173907442,29.43224173907442,0.010927739074421794
3,10.0,2776.992,29.4163236,29.486237647475726,29.42321535978796,29.435010860695115,29.435010860695115,0.018687260695116947
3,10.0,2777.474,29.41708969,29.48929089234686,29.425766659046893,29.437711083786233,29.437711083786233,0.02062139378623229
3,10.0,2777.956,29.42948078,29.492266479097843,29.42825163322556,29.440342372061348,29.440342372061348,0.010861592061349512
3,10.0,2778.438,29.42544906,29.49516431900852,29.43067026455173,29.442904691557555,29.442904691557555,0.017455631557556472
3,10.0,2778.921,29.40442632,29.497990096995842,29.433027348348297,29.445403111744856,29.445403111744856,0.04097679174485691
3,10.0,2779.403,29.42457052,29.50073203118076,29.43531311033584,29.44782725781789,29.44782725781789,0.02325673781789206
3,10.0,2779.885,29.43294969,29.50339597597283,29.43753248721459,29.45018234705777,29.45018234705777,0.017232657057768108
3,10.0,2780.367,29.42252612,29.50598185850515,29.439685468585296,29.452468354747758,29.452468354747758,0.029942234747757368
3,10.0,2780.849,29.42084038,29.508489609873735,29.44177204587635,29.454685258468736,29.454685258468736,0.03384487846873441
3,10.0,2781.331,29.41144128,29.5109191651378,29.443792212338124,29.456833038094203,29.456833038094203,0.045391758094204704
3,10.0,2781.813,29.41449914,29.513270463319806,29.445745963037588,29.458911675785416,29.458911675785416,0.044412535785415486
3,10.0,2782.295,29.41618163,29.515543447405413,29.447633294852935,29.460921155986618,29.460921155986618,0.04473952598661768
3,10.0,2782.778,29.42543942,29.517742535993143,29.44945791524979,29.462865419047795,29.462865419047795,0.037425999047794534
3,10.0,2783.26,29.4050168,29.519858573956135,29.451212269352204,29.464736403169788,29.464736403169788,0.05971960316978908
3,10.0,2783.742,29.41052019,29.52189615046492,29.452900206028048,29.466538196770166,29.466538196770166,0.05601800677016655
3,10.0,2784.224,29.39566742,29.52385522436086,29.454521729353782,29.468270793383688,29.468270793383688,0.07260337338368927
3,10.0,2784.706,29.416402,29.525735758444934,29.456076845192634,29.46993418880549,29.46993418880549,0.05353218880548738
3,10.0,2785.188,29.41963813,29.527537719476427,29.457565561190034,29.471528381086756,29.471528381086756,0.05189025108675693
3,10.0,2785.67,29.40474861,29.529261078171473,29.458987886769314,29.473053370530508,29.473053370530508,0.06830476053050916
3,10.0,2786.152,29.41058498,29.530905809201343,29.46034383312748,29.47450915968757,29.47450915968757,0.06392417968757158
3,10.0,2786.635,29.40774236,29.53247505855515,29.461636019730967,29.47589855817883,29.47589855817883,0.0681561981788299
3,10.0,2787.116,29.40003528,29.533959306714884,29.4628566418126,29.477213158559522,29.477213158559522,0.07717787855952096
3,10.0,2787.599,29.41286697,29.535370883192037,29.464015866617373,29.478463902355575,29.478463902355575,0.06559693235557518
3,10.0,2788.081,29.39643084,29.53670076604361,29.465106305828485,29.479642817201892,29.479642817201892,0.08321197720189133
3,10.0,2788.563,29.40268419,29.537951953833456,29.466130448314185,29.480752578124658,29.480752578124658,0.07806838812465955
3,10.0,2789.045,29.39844775,29.539124444925605,29.46708831583638,29.481793201084187,29.481793201084187,0.08334545108418823
3,10.0,2789.527,29.39938581,29.54021824162203,29.467979931905003,29.482764704262117,29.482764704262117,0.08337889426211831
3,10.0,2790.009,29.38558398,29.541233350159338,29.468805321774873,29.483667108057936,29.483667108057936,0.09808312805793662
3,10.0,2790.491,29.39240004,29.542169780705393,29.469564512442723,29.48450043508568,29.48450043508568,0.09210039508568002
3,10.0,2790.973,29.37626024,29.543027547355678,29.470257532644325,29.485264710170583,29.485264710170583,0.10900447017058212
3,10.0,2791.456,29.39091075,29.54380820282505,29.470885644702904,29.485961331042446,29.485961331042446,0.09505058104244668
3,10.0,2791.938,29.38895361,29.544508536566795,29.47144628000374,29.48658744243387,29.48658744243387,0.0976338324338677
3,10.0,2792.42,29.37636772,29.545130272283572,29.47194084152571,29.487144589661604,29.487144589661604,0.11077686966160272
3,10.0,2792.902,29.38882887,29.54567343974942,29.472369364938572,29.48763280636928,29.48763280636928,0.0988039363692792
3,10.0,2793.384,29.37017453,29.54613807264502,29.472731887638837,29.488052128396575,29.488052128396575,0.11787759839657497
3,10.0,2793.866,29.39288688,29.54652420855291,29.473028448747776,29.48840259377647,29.48840259377647,0.0955157137764715
3,10.0,2794.348,29.39185439,29.54683188895255,29.473259089109497,29.48868424273254,29.48868424273254,0.09682985273254019
3,10.0,2794.83,29.3792479,29.547061159215172,29.473423851289077,29.488897117676267,29.488897117676267,0.10964921767626734
3,10.0,2795.312,29.37546163,29.547212068598444,29.47352277957099,29.489041263204577,29.489041263204577,0.11357963320457642
3,10.0,2795.795,29.39659627,29.547284739505,29.473555920360027,29.489116811297556,29.489116811297556,0.09252054129755649
3,10.0,2796.277,29.38730069,29.547278928136507,29.47352318423028,29.48912349817401,29.48912349817401,0.1018228081740098
3,10.0,2796.759,29.38389301,29.547194927054385,29.47342475746205,29.48906160262228,29.48906160262228,0.1051685926222774
3,10.0,2797.241,29.38015597,29.547032801012936,29.473260691206775,29.48893117796154,29.48893117796154,0.10877520796153917
3,10.0,2797.723,29.39215386,29.54679261862336,29.4730310383288,29.488732279684772,29.488732279684772,0.09657841968477143
3,10.0,2798.205,29.39303843,29.546474452347326,29.47273585340461,29.488464965456764,29.488464965456764,0.09542653545676316
3,10.0,2798.687,29.37203175,29.546078378490336,29.47237519272198,29.48812929511205,29.48812929511205,0.11609754511204784
3,10.0,2799.169,29.39510968,29.545604477194864,29.471949114279347,29.48772533065303,29.48772533065303,0.09261565065303046
3,10.0,2799.652,29.37311819,29.545051607188338,29.47145659031036,29.4872520857125,29.4872520857125,0.11413389571249866
3,10.0,2800.134,29.38649304,29.544422145738594,29.470899721778093,29.486711586346402,29.486711586346402,0.10021854634640093
3,10.0,2800.616,29.36946136,29.54371512042268,29.470277619873336,29.486102992006465,29.486102992006465,0.11664163200646627
3,10.0,2801.098,29.38504976,29.542930626666895,29.4695903494368,29.485426373353192,29.485426373353192,0.10037661335319115
3,10.0,2801.58,29.35505156,29.542068763697614,29.468837977018495,29.48468180320642,29.48468180320642,0.12963024320642091
3,10.0,2802.062,29.36856012,29.541129634533316,29.4680205708778,29.483869356543842,29.483869356543842,0.1153092365438404
3,10.0,2802.544,29.3485867,29.540113345976476,29.467138200983733,29.482989110499574,29.482989110499574,0.13440241049957535
3,10.0,2803.026,29.35603533,29.53902000860527,29.466190939015224,29.48204114436286,29.48204114436286,0.12600581436285907
3,10.0,2803.509,29.33681996,29.537847228923397,29.46517669128221,29.481023362260373,29.481023362260373,0.14420340226037354
3,10.0,2803.991,29.33061152,29.536599981473564,29.464099732800193,29.479940062353283,29.479940062353283,0.14932854235328108
3,10.0,2804.473,29.30609813,29.53527603976914,29.462958107706363,29.47878929331985,29.47878929331985,0.17269116331985046
3,10.0,2804.955,29.29213001,29.533875529412278,29.461751894528597,29.47757114306217,29.47757114306217,0.18544113306217014
3,10.0,2805.437,29.30358281,29.53239857973663,29.460481173508107,29.476285701631788,29.476285701631788,0.17270289163178631
3,10.0,2805.919,29.30022467,29.530845323797962,29.45914602660048,29.474933061228725,29.474933061228725,0.1747083912287266
3,10.0,2806.401,29.2969439,29.52921589836462,29.4577465374768,29.473513316200673,29.473513316200673,0.17656941620067457
3,10.0,2806.883,29.27516957,29.527510443907808,29.456282791524906,29.472026563042142,29.472026563042142,0.1968569930421431
3,10.0,2807.365,29.29576295,29.52572910459162,29.454754875850753,29.47047290039376,29.47047290039376,0.17470995039375836
3,10.0,2807.848,29.29436003,29.523868096783705,29.453159509833064,29.4688489976914,29.4688489976914,0.1744889676913992
3,10.0,2808.33,29.29588271,29.521935278306003,29.451503390247414,29.46716168228098,29.46716168228098,0.1712789722809802
3,10.0,2808.812,29.29043561,29.519927029842997,29.44978337277449,29.46540776639292,29.46540776639292,0.17497215639292207
3,10.0,2809.294,29.31907065,29.5178435102356,29.447999551412067,29.463587357250546,29.463587357250546,0.14451670725054555
3,10.0,2809.776,29.29161909,29.515684881965463,29.446152021884444,29.461700564220486,29.461700564220486,0.1700814742204848
3,10.0,2810.258,29.29357919,29.513451311144095,29.444240881644475,29.459747498812337,29.459747498812337,0.16616830881233824
3,10.0,2810.74,29.29725649,29.511142967501673,29.44226622987564,29.457728274678324,29.457728274678324,0.16047178467832524
3,10.0,2811.222,29.27956998,29.50876002437584,29.440228167494304,29.455643007613048,29.455643007613048,0.17607302761304666
3,10.0,2811.705,29.28737224,29.506297483193734,29.438122371726195,29.453487284053296,29.453487284053296,0.1661150440532957
3,10.0,2812.187,29.28917978,29.503765721647106,29.43595766679397,29.451270150679292,29.451270150679292,0.16209037067929088
3,10.0,2812.669,29.30445202,29.501159902544565,29.43372986464104,29.448987334865947,29.448987334865947,0.14453531486594784
3,10.0,2813.151,29.27355423,29.498480213544497,29.431439073142876,29.446638960980195,29.446638960980195,0.1730847309801966
3,10.0,2813.633,29.27927873,29.49572684585364,29.429085401920354,29.44422515553081,29.44422515553081,0.16494642553080752
3,10.0,2814.115,29.29086596,29.49289999421486,29.42666896234255,29.441746047168458,29.441746047168458,0.15088008716845636
3,10.0,2814.597,29.26651609,29.48999985689462,29.42418986752959,29.439201766685763,29.439201766685763,0.17268567668576296
3,10.0,2815.079,29.25552881,29.487026635670432,29.42164823235568,29.43659244701753,29.43659244701753,0.18106363701753025
3,10.0,2815.562,29.26230961,29.483974140495857,29.419038706032914,29.43391260768596,29.43391260768596,0.17160299768596232
3,10.0,2816.043,29.25995764,29.480861766098133,29.41637780921068,29.43117923257534,29.43117923257534,0.1712215925753391
3,10.0,2816.526,29.25677412,29.47766384276992,29.413643534338476,29.428369730665928,29.428369730665928,0.17159561066592843
3,10.0,2817.008,29.25641301,29.474400223820382,29.4108527930195,29.425501492813467,29.425501492813467,0.16908848281346778
3,10.0,2817.49,29.24517108,29.471064582523862,29.408000112390646,29.422568912889595,29.422568912889595,0.17739783288959643
3,10.0,2817.972,29.24751158,29.467657141456492,29.405085617921813,29.419572136691773,29.419572136691773,0.1720605566917719
3,10.0,2818.454,29.24109186,29.464178126612385,29.402109436860314,29.416511312161767,29.416511312161767,0.17541945216176558
3,10.0,2818.936,29.24050035,29.460627767389724,29.399071698234557,29.413386589386146,29.413386589386146,0.17288623938614478
3,10.0,2819.418,29.21881189,29.45700629657661,29.39597253285779,29.410198120596817,29.410198120596817,0.19138623059681592
3,10.0,2819.9,29.21534851,29.453313950336927,29.39281207333195,29.406946060171506,29.406946060171506,0.19159755017150815
3,10.0,2820.383,29.20713767,29.449543087921086,29.389583706712962,29.403623620182074,29.403623620182074,0.1964859501820726
3,10.0,2820.865,29.21983761,29.445709566961714,29.38630093740707,29.40024471709187,29.40024471709187,0.18040710709187024
3,10.0,2821.347,29.20320454,29.441805899691154,29.38295728281765,29.396802698715817,29.396802698715817,0.19359815871581532
3,10.0,2821.829,29.18944955,29.4378323356375,29.37955288274498,29.39329772802558,29.39329772802558,0.20384817802558075
3,10.0,2822.311,29.17365769,29.43378912763097,29.376087878798316,29.389729970141854,29.389729970141854,0.2160722801418551
3,10.0,2822.793,29.19373393,29.429676531788786,29.372562414400143,29.38609959233507,29.38609959233507,0.1923656623350709
3,10.0,2823.275,29.18168335,29.425494807499796,29.36897663479058,29.38240676402613,29.38240676402613,0.20072341402612892
3,10.0,2823.757,29.19207638,29.42124421740908,29.365330687031758,29.37865165678722,29.37865165678722,0.1865752767872202
3,10.0,2824.24,29.17637887,29.41691599530388,29.36161696899842,29.374826460378113,29.374826460378113,0.19844759037811244
3,10.0,2824.722,29.19790527,29.412528333008158,29.357851009387204,29.370947190304896,29.370947190304896,0.17304192030489673
3,10.0,2825.204,29.18807773,29.408072612794342,29.354025334108563,29.367006169305206,29.367006169305206,0.1789284393052064
3,10.0,2825.686,29.17708456,29.403549110181153,29.35014009756183,29.363003577568712,29.363003577568712,0.1859190175687111
3,10.0,2826.168,29.16235322,29.398958103863876,29.3461954559913,29.358939597440433,29.358939597440433,0.1965863774404326
3,10.0,2826.65,29.17465598,29.394299875698007,29.342191567491085,29.354814413421604,29.354814413421604,0.1801584334216031
3,10.0,2827.132,29.15416173,29.38957471068276,29.33812859200983,29.350628212170548,29.350628212170548,0.19646648217054974
3,10.0,2827.614,29.12091092,29.384782896944415,29.334006691355732,29.3463811825036,29.3463811825036,0.22547026250359892
3,10.0,2828.096,29.13335118,29.37992472571952,29.329826029201307,29.342073515395963,29.342073515395963,0.20872233539596508
3,10.0,2828.579,29.11972692,29.37499020661746,29.32557791515271,29.337696278814313,29.337696278814313,0.21796935881431168
3,10.0,2829.061,29.12478714,29.370000070353314,29.321280107452182,29.3332677935976,29.3332677935976,0.2084806535976007
3,10.0,2829.543,29.12072989,29.36494446943054,29.316924040858666,29.32877925724015,29.32877925724015,0.20804936724015022
3,10.0,2830.025,29.10027357,29.359823707362416,29.31250988655648,29.324230869366307,29.324230869366307,0.22395729936630815
3,10.0,2830.507,29.09311745,29.35463809068645,29.30803781761977,29.31962283176387,29.31962283176387,0.22650538176386803
3,10.0,2830.989,29.08205966,29.349387928946733,29.303508009017598,29.314955348384988,29.314955348384988,0.23289568838498909
3,10.0,2831.471,29.09099632,29.34407353467614,29.298920637619233,29.310228625347072,29.310228625347072,0.21923230534707372
3,10.0,2831.953,29.0718357,29.338695223378522,29.294275882199422,29.30544287093373,29.30544287093373,0.2336071709337304
3,10.0,2832.436,29.07834191,29.33324195735315,29.28956410900622,29.300588183612447,29.300588183612447,0.22224627361244842
3,10.0,2832.918,29.08692204,29.327736639362147,29.2848050114071,29.295684878596795,29.295684878596795,0.2087628385967939
3,10.0,2833.4,29.06106272,29.322168369176204,29.279989077981668,29.290723180510412,29.290723180510412,0.2296604605104129
3,10.0,2833.882,29.04841891,29.316537474007276,29.27511649518392,29.285703306315003,29.285703306315003,0.23728439631500464
3,10.0,2834.364,29.0555794,29.310844283946825,29.2701874514002,29.280625475142845,29.280625475142845,0.22504607514284558
3,10.0,2834.846,29.02296086,29.305089131947042,29.26520213695454,29.275489908297594,29.275489908297594,0.2525290482975926
3,10.0,2835.328,29.06191241,29.299272353802102,29.26016074411429,29.270296829255194,29.270296829255194,0.2083844192551929
3,10.0,2835.81,29.03747835,29.293394288129186,29.255063467095447,29.265046463664536,29.265046463664536,0.22756811366453533
3,10.0,2836.292,29.03747636,29.287455276349434,29.249910502068246,29.259739039348368,29.259739039348368,0.2222626793483684
3,10.0,2836.775,29.03263527,29.281443152582263,29.244691183696553,29.254363598235685,29.254363598235685,0.22172832823568456
3,10.0,2837.257,29.02736362,29.27538315932449,29.239427324508092,29.24894263145822,29.24894263145822,0.22157901145822123
3,10.0,2837.739,29.02511278,29.269263261583042,29.234108378023826,29.243465302962107,29.243465302962107,0.21835252296210683
3,10.0,2838.221,29.00850411,29.263083811807483,29.22873454829028,29.237931849277068,29.237931849277068,0.2294277392770674
3,10.0,2838.703,29.01221921,29.256845165154175,29.223306041335945,29.232342509110158,29.232342509110158,0.22012329911015627
3,10.0,2839.185,28.99495236,29.250547679466386,29.217823065176766,29.22669752334628,29.22669752334628,0.23174516334628237
3,10.0,2839.667,28.99144307,29.244191715254516,29.212285829821816,29.220997135048904,29.220997135048904,0.2295540650489052
3,10.0,2840.149,29.00525237,29.237777635675968,29.20669454727876,29.215241589460433,29.215241589460433,0.20998921946043225
3,10.0,2840.632,28.97723664,29.23129231970821,29.201037663891277,29.20941902221017,29.20941902221017,0.23218238221016918
3,10.0,2841.114,28.96793999,29.2247629906925,29.195338820004473,29.20355379334334,29.20355379334334,0.23561380334333748
3,10.0,2841.596,28.95929018,29.21817665223489,29.189586577454495,29.197634156516266,29.197634156516266,0.2383439765162656
3,10.0,2842.078,28.95419402,29.211533677883693,29.183781156303343,29.191660365696567,29.191660365696567,0.23746634569656777
3,10.0,2842.56,28.95617998,29.204834443732288,29.177922778639406,29.185632677032878,29.185632677032878,0.22945269703287607
3,10.0,2843.042,28.92110776,29.198079328398528,29.17201166858295,29.179551348855227,29.179551348855227,0.25844358885522567
3,10.0,2843.524,28.93338861,29.191268713003815,29.16604805229168,29.173416641675168,29.173416641675168,0.24002803167516618
3,10.0,2844.006,28.93601995,29.18440298115229,29.160032157966167,29.16722881818599,29.16722881818599,0.23120886818599118
3,10.0,2844.489,28.90380915,29.177468104481235,29.153951572821093,29.160975141050464,29.160975141050464,0.25716599105046356
3,10.0,2844.97,28.91408622,29.170507714782254,29.14784445826178,29.154694883962673,29.154694883962673,0.24060866396267144
3,10.0,2845.453,28.89645602,29.163464321406686,29.141660262485424,29.14833609023877,29.14833609023877,0.2518800702387729
3,10.0,2845.935,28.89967924,29.15638189797912,29.135437472799598,29.141938364392338,29.141938364392338,0.2422591243923371
3,10.0,2846.417,28.91551691,29.149246313438912,29.129163577412605,29.135488869000834,29.135488869000834,0.21997195900083355
3,10.0,2846.899,28.88862173,29.14205796584565,29.122838816900256,29.12898787985264,29.12898787985264,0.24036614985264038
3,10.0,2847.381,28.86963659,29.13481725559216,29.116463433918824,29.12243567491741,29.12243567491741,0.25279908491740954
3,10.0,2847.863,28.86348217,29.127524585382716,29.110037673210314,29.115832534345557,29.115832534345557,0.25235036434555624
3,10.0,2848.345,28.85279663,29.120180360211105,29.103561781607624,29.109178740468053,29.109178740468053,0.2563821104680528
3,10.0,2848.827,28.87162301,29.1127849873388,29.097036008039684,29.102474577795768,29.102474577795768,0.2308515677957672
3,10.0,2849.31,28.86519445,29.105323375452727,29.09044691020261,29.095706268202928,29.095706268202928,0.23051181820292754
3,10.0,2849.792,28.85814019,29.097826833941454,29.083822025721716,29.088902127187175,29.088902127187175,0.2307619371871752
3,10.0,2850.274,28.83800774,29.090280380759815,29.07714801922118,29.082048484589265,29.082048484589265,0.24404074458926672
3,10.0,2850.756,28.85690711,29.082684432022887,29.070425148068985,29.075145633638094,29.075145633638094,0.21823852363809237
3,10.0,2851.238,28.83084193,29.07503940600222,29.063653671754082,29.068193869738863,29.068193869738863,0.23735193973886481
3,10.0,2851.72,28.84195256,29.067345723103195,29.056833851891284,29.06119349047214,29.06119349047214,0.21924093047213944
3,10.0,2852.202,28.82416875,29.05960380584257,29.04996595222596,29.054144795592777,29.054144795592777,0.22997604559277818
3,10.0,2852.684,28.84553304,29.05181407882568,29.043050238638706,29.047048087028728,29.047048087028728,0.20151504702872813
3,10.0,2853.167,28.79817422,29.043960660201737,29.036072483316858,29.03988879705371,29.03988879705371,0.2417145770537097
3,10.0,2853.649,28.78793027,29.036076498760316,29.02906185029154,29.032696877563055,29.032696877563055,0.24476660756305435
3,10.0,2854.131,28.79094354,29.028145814578046,29.02200421441068,29.025457863839442,29.025457863839442,0.23451432383944137
3,10.0,2854.613,28.77925239,29.02016904039034,29.01489985014576,29.018172066494202,29.018172066494202,0.2389196764942021
3,10.0,2855.095,28.77665484,29.01214661090645,29.00774903412587,29.010839798304502,29.010839798304502,0.23418495830450325
3,10.0,2855.577,28.75781435,29.004078962786345,29.00055204514184,29.00346137421156,29.00346137421156,0.2456470242115607
3,10.0,2856.059,28.74870037,28.995966534617423,28.993309164150517,28.9960371113188,28.9960371113188,0.24733674131879724
3,10.0,2856.541,28.7365425,28.987809766891118,28.98602067427863,28.98856732888976,28.98856732888976,0.25202482888976263
3,10.0,2857.023,28.74259369,28.979609101979566,28.978686860826897,28.981052348346125,28.981052348346125,0.23845865834612567
3,10.0,2857.506,28.72415346,28.971347835272965,28.971292655842937,28.973476762497462,28.973476762497462,0.24932330249746215
3,10.0,2857.988,28.70446162,28.96306062175125,28.96386896731604,28.965872266525935,28.965872266525935,0.2614106465259347
3,10.0,2858.47,28.7050013,28.95473085014021,28.95640082480064,28.95822355031303,28.95822355031303,0.2532222503130299
3,10.0,2858.952,28.70262206,28.946358970102526,28.94888852233516,28.950530943893874,28.950530943893874,0.24790888389387433
3,10.0,2859.434,28.7049297,28.937945433063224,28.941332356150177,28.942794779449326,28.942794779449326,0.23786507944932467
3,10.0,2859.916,28.70848087,28.92949069218593,28.93373262467182,28.935015391303295,28.935015391303295,0.22653452130329654
3,10.0,2860.398,28.68187471,28.920995202348763,28.926089628524828,28.92719311591962,28.92719311591962,0.2453184059196225
3,10.0,2860.88,28.68984628,28.91245942012053,28.91840367053582,28.919328291899163,28.919328291899163,0.22948201189916162
3,10.0,2861.363,28.65315571,28.90386597091254,28.910658977136773,28.91140481170836,28.91140481170836,0.25824910170835835
3,10.0,2861.845,28.64584401,28.89525089904029,28.902887925224125,28.903455828249086,28.903455828249086,0.2576118182490852
3,10.0,2862.327,28.65987786,28.886596915345052,28.895074833833412,28.895465325462034,28.895465325462034,0.23558746546203224
3,10.0,2862.809,28.64503822,28.877904482920094,28.887220014631485,28.88743365046649,28.88743365046649,0.24239543046649104
3,10.0,2863.291,28.64295317,28.869174066428187,28.87932378150057,28.879361152501225,28.879361152501225,0.23640798250122685
3,10.0,2863.773,28.62040893,28.860406132077475,28.87138645054064,28.871248182920482,28.871248182920482,0.2508392529204819
3,10.0,2864.255,28.61166915,28.851601147596803,28.86340834007153,28.86309509518989,28.86309509518989,0.25142594518989014
3,10.0,2864.737,28.60211783,28.842759582211436,28.855389770635064,28.85490224488236,28.85490224488236,0.2527844148823597
3,10.0,2865.219,28.59577076,28.833881906618338,28.84733106499686,28.846669989673586,28.846669989673586,0.25089922967358547
3,10.0,2865.702,28.58452804,28.824950063892395,28.83921570508894,28.838381488626794,28.838381488626794,0.2538534486267956
3,10.0,2866.184,28.57762541,28.81600151327691,28.83107762267275,28.83007142515303,28.83007142515303,0.2524460151530299
3,10.0,2866.666,28.58563335,28.80701827411609,28.822900386397237,28.82172304313331,28.82172304313331,0.2360896931333123
3,10.0,2867.148,28.57103758,28.798000822750403,28.81468432794387,28.81333670861212,28.81333670861212,0.242299128612121
3,10.0,2867.63,28.55889038,28.788949636868594,28.806429781225162,28.80491278971252,28.80491278971252,0.24602240971251987
3,10.0,2868.112,28.54032793,28.779865195482735,28.79813708238556,28.796451656630865,28.796451656630865,0.25612372663086447
3,10.0,2868.594,28.54069458,28.770747978903383,28.789806569802245,28.78795368163121,28.78795368163121,0.247259101631208
3,10.0,2869.076,28.53259823,28.76159846871466,28.78143858408574,28.779419239039743,28.779419239039743,0.24682100903974202
3,10.0,2869.559,28.52649904,28.75239806663387,28.773015991722545,28.77083088679388,28.77083088679388,0.2443318467938802
3,10.0,2870.041,28.53040591,28.74318535445868,28.764574014548998,28.762224566518114,28.762224566518114,0.23181865651811506
3,10.0,2870.523,28.50227116,28.733941801825512,28.756095600200247,28.753582914733705,28.753582914733705,0.25131175473370604
3,10.0,2871.005,28.49919537,28.724667895164664,28.7475810982273,28.74490631395915,28.74490631395915,0.24571094395914983
3,10.0,2871.487,28.49900349,28.715364122054613,28.739030860415003,28.736195148744077,28.736195148744077,0.23719165874407722
3,10.0,2871.969,28.5023084,28.706030971196704,28.730445240781307,28.727449805662438,28.727449805662438,0.22514140566243768
3,10.0,2872.451,28.47587432,28.69666893238999,28.721824595576717,28.71867067330558,28.71867067330558,0.24279635330558236
3,10.0,2872.933,28.46884532,28.687278496505975,28.713169283283342,28.70985814227518,28.70985814227518,0.24101282227518084
3,10.0,2873.416,28.45097321,28.677840586671035,28.70446160094944,28.700994219402904,28.700994219402904,0.2500210094029036
3,10.0,2873.897,28.44352193,28.668414402202167,28.69575610251036,28.69213445660798,28.69213445660798,0.24861252660798172
3,10.0,2874.38,28.43893654,28.658922050175804,28.686980759151425,28.68320557371704,28.68320557371704,0.244269033717039
3,10.0,2874.862,28.41890403,28.649422900954484,28.678190339396167,28.674263328362485,28.674263328362485,0.2553592983624853
3,10.0,2875.344,28.4224791,28.639897825242695,28.669367079161425,28.66528966806807,28.66528966806807,0.24281056806806944
3,10.0,2875.826,28.40167361,28.63034731981596,28.660511350293742,28.656284995341274,28.656284995341274,0.25461138534127414
3,10.0,2876.308,28.39539718,28.6207718823444,28.651623526859336,28.64724971464467,28.64724971464467,0.2518525346446694
3,10.0,2876.79,28.39330589,28.611172011367266,28.642703985141427,28.638184232387168,28.638184232387168,0.24487834238716744
3,10.0,2877.272,28.38413236,28.601548206267367,28.63375310363748,28.629088956915215,28.629088956915215,0.2449565969152161
3,10.0,2877.754,28.39779334,28.591900967245586,28.624771263056203,28.619964298503653,28.619964298503653,0.22217095850365354
3,10.0,2878.237,28.38615979,28.582210709207075,28.615740116837124,28.610791648586442,28.610791648586442,0.22463185858644152
3,10.0,2878.719,28.36509739,28.57251806007276,28.60669744682024,28.60160940397256,28.60160940397256,0.23651201397256116
3,10.0,2879.201,28.36748943,28.56280348331484,28.597624973891193,28.59239901958478,28.59239901958478,0.22490958958477947
3,10.0,2879.683,28.366211,28.553067482151818,28.588523087572838,28.583160913320178,28.583160913320178,0.2169499133201782
3,10.0,2880.165,28.35955986,28.543310560492163,28.579392179580477,28.573895504955473,28.573895504955473,0.2143356449554723
3,10.0,2880.647,28.35842905,28.53353322290861,28.570232643817334,28.564603216136707,28.564603216136707,0.20617416613670514
3,10.0,2881.129,28.3467514,28.523735974612446,28.561044876369728,28.55528447036852,28.55528447036852,0.20853307036852087
3,10.0,2881.611,28.33118272,28.51391932142787,28.551829275502264,28.54593969300346,28.54593969300346,0.21475697300346042
3,10.0,2882.094,28.32198199,28.504063344764184,28.542567036995997,28.53654984428629,28.53654984428629,0.21456785428629033
3,10.0,2882.576,28.31905995,28.494209363969247,28.533296917108856,28.52715423533684,28.52715423533684,0.20809428533684127
3,10.0,2883.058,28.30105114,28.48433750023233,28.52400017245248,28.51773388271892,28.51773388271892,0.2166827427189233
3,10.0,2883.54,28.26017085,28.47444826157316,28.514677209953316,28.508289219067166,28.508289219067166,0.24811836906716422
3,10.0,2884.022,28.26932375,28.464542156495735,28.50532843868693,28.498820678806368,28.498820678806368,0.22949692880636618
3,10.0,2884.504,28.28140447,28.45461969396254,28.495954269871486,28.489328698139385,28.489328698139385,0.2079242281393867
3,10.0,2884.986,28.27873924,28.444681383368888,28.48655511686086,28.47981371503452,28.47981371503452,0.20107447503452036
3,10.0,2885.468,28.27654408,28.434727734517086,28.47713139513745,28.47027616921298,28.47027616921298,0.19373208921297902
3,10.0,2885.95,28.24191957,28.424759257590736,28.467683522304696,28.460716502135796,28.460716502135796,0.21879693213579543
3,10.0,2886.433,28.24028323,28.41475573740847,28.458192243071892,28.451115256455537,28.451115256455537,0.2108320264555381
3,10.0,2886.915,28.22847956,28.404759108167006,28.448697281356196,28.441512634555515,28.441512634555515,0.2130330745555149
3,10.0,2887.397,28.22627114,28.394749184492973,28.439179434871036,28.431889227018136,28.431889227018136,0.20561808701813433
3,10.0,2887.879,28.1949252,28.38472647783821,28.42963912962827,28.422245482133512,28.422245482133512,0.22732028213351185
3,10.0,2888.361,28.1873649,28.37469149990721,28.420076793719282,28.41258184986343,28.41258184986343,0.22521694986343022
3,10.0,2888.843,28.19962927,28.364644762631194,28.410492857305695,28.402898781826863,28.402898781826863,0.20326951182686415
3,10.0,2889.325,28.20083164,28.35458677814253,28.400887752609815,28.39319673128543,28.39319673128543,0.19236509128542778
3,10.0,2889.807,28.17799668,28.344518058748953,28.391261913904938,28.383476153128345,28.383476153128345,0.2054794731283458
3,10.0,2890.29,28.15913576,28.33441819596957,28.381595743978323,28.373717280723568,28.373717280723568,0.2145815207235664
3,10.0,2890.772,28.16211347,28.324329524650494,28.371929707483012,28.36396098237364,28.36396098237364,0.2018475123736394
3,10.0,2891.254,28.14110187,28.314231657208932,28.3622442529168,28.354187531644712,28.354187531644712,0.21308566164471188
3,10.0,2891.736,28.15370224,28.30412510639753,28.35253982265632,28.34439738978614,28.34439738978614,0.1906951497861371
3,10.0,2892.218,28.14666095,28.294010385015834,28.342816861075278,28.33459101959667,28.33459101959667,0.1879300695966677
3,10.0,2892.7,28.13976463,28.28388800588477,28.333075814532734,28.324768885408027,28.324768885408027,0.18500425540802823
3,10.0,2893.182,28.13499422,28.273758481821076,28.323317131361048,28.31493145306829,28.31493145306829,0.17993723306829068
3,10.0,2893.664,28.10832885,28.263622325611585,28.313541261853562,28.30507918992489,28.30507918992489,0.19675033992488977
3,10.0,2894.146,28.11937829,28.253480049987743,28.30374865825182,28.295212564807493,28.295212564807493,0.17583427480749236
3,10.0,2894.629,28.11228626,28.243311108429516,28.29391940774501,28.285311534899616,28.285311534899616,0.17302527489961506
3,10.0,2895.111,28.10438592,28.233158121785742,28.284094668052816,28.275417570813477,28.275417570813477,0.17103165081347882
3,10.0,2895.593,28.08928183,28.223000554397103,28.274254563500605,28.265510660942653,28.265510660942653,0.17622883094265163
3,10.0,2896.075,28.08742696,28.21283891851783,28.264399553993094,28.255591279871204,28.255591279871204,0.16816431987120595
3,10.0,2896.557,28.08194598,28.202673726219153,28.25453010131462,28.245659903575465,28.245659903575465,0.16371392357546455
3,10.0,2897.039,28.07768951,28.192505489364,28.244646669114452,28.235717009405203,28.235717009405203,0.158027499405204
3,10.0,2897.521,28.04423606,28.18233471958152,28.234749722891713,28.22576307606464,28.22576307606464,0.18152701606464205
3,10.0,2898.003,28.04764692,28.172161928241692,28.224839729979948,28.21579858359305,28.21579858359305,0.16815166359305067
3,10.0,2898.486,28.03631833,28.16196651670439,28.214896560537635,28.20580330907486,28.20580330907486,0.16948497907485915
3,10.0,2898.968,28.01581778,28.151791213653496,28.20496185888019,28.195819124297003,28.195819124297003,0.1800013442970041
3,10.0,2899.45,28.03341761,28.141615422406083,28.195015524363836,28.18582582932478,28.18582582932478,0.15240821932478
3,10.0,2899.932,27.99587987,28.131439653041944,28.18505803150212,28.175823909341993,28.175823909341993,0.17994403934199354
3,10.0,2900.414,28.02526853,28.121264415255357,28.175089856560497,28.16581385076695,28.16581385076695,0.1405453207669467
3,10.0,2900.896,28.00613568,28.11109021833004,28.16511147753888,28.155796141231566,28.155796141231566,0.14966046123156573
3,10.0,2901.378,28.00223203,28.100917571113918,28.155123374153554,28.145771269560036,28.145771269560036,0.1435392395600381
3,10.0,2901.86,27.98576603,28.090746981994116,28.14512602781908,28.13573972574757,28.13573972574757,0.14997369574756902
3,10.0,2902.343,27.98657408,28.08055786640768,28.13509915330327,28.12568116969948,28.12568116969948,0.13910708969947905
3,10.0,2902.824,27.9665015,28.07041400913773,28.125105540339447,28.115658587404376,28.115658587404376,0.14915708740437594
3,10.0,2903.307,27.96963793,28.060231562039778,28.11506256970281,28.10558912572767,28.10558912572767,0.13595119572766734
3,10.0,2903.789,27.95112826,28.050074288089114,28.10503308438224,28.095535806717002,28.095535806717002,0.14440754671700162
3,10.0,2904.271,27.94625954,28.03992160743214,28.094996789010068,28.08547828336409,28.08547828336409,0.1392187433640899
3,10.0,2904.753,27.95438752,28.029774025165647,28.08495417478883,28.07541705222596,28.07541705222596,0.12102953222595758
3,10.0,2905.235,27.92362679,28.019632045751287,28.074905734480947,28.065352610872644,28.065352610872644,0.14172582087264374
3,10.0,2905.717,27.9030579,28.0094961729909,28.064851962387543,28.055285457863743,28.055285457863743,0.15222755786374265
3,10.0,2906.199,27.89244735,27.999366910001743,28.054793354326783,28.045216092724324,28.045216092724324,0.15276874272432295
3,10.0,2906.681,27.88530989,27.989244759192026,28.04473040761194,28.035145015920946,28.035145015920946,0.14983512592094783
3,10.0,2907.164,27.88577682,27.979109245981892,28.03464273193486,28.025051831066136,28.025051831066136,0.13927501106613605
3,10.0,2907.646,27.85952237,27.969002841152157,28.024572599311988,28.014978835031492,28.014978835031492,0.15545646503149158
3,10.0,2908.128,27.87314146,27.958905052263212,28.014499629762017,28.00490563518004,28.00490563518004,0.13176417518004158
3,10.0,2908.61,27.84064985,27.948816378640114,28.004424326354048,27.99483273549875,27.99483273549875,0.15418288549875214
3,10.0,2909.092,27.86475016,27.938737318776564,27.994347193536612,27.984760640791098,27.984760640791098,0.12001048079109822
3,10.0,2909.574,27.85109692,27.928668370310575,27.984268737113446,27.974689856651306,27.974689856651306,0.12359293665130622
3,10.0,2910.056,27.83875554,27.918610030000384,27.97418946421886,27.964620889438372,27.964620889438372,0.1258653494383708
3,10.0,2910.538,27.84052825,27.90856279370022,27.964109883292785,27.954554246249792,27.954554246249792,0.11402599624979359
3,10.0,2911.021,27.83316905,27.898506347911773,27.95400959304396,27.94446955891452,27.94446955891452,0.11130050891452115
3,10.0,2911.503,27.81698995,27.888482829059946,27.94393092847998,27.93440909534692,27.93440909534692,0.11741914534691844
3,10.0,2911.985,27.81224496,27.878471897138237,27.933853489845596,27.92435248231683,27.92435248231683,0.11210752231682974
3,10.0,2912.467,27.81690778,27.868474044142694,27.92377779054771,27.91430022960866,27.91430022960866,0.0973924496086589
3,10.0,2912.949,27.81081555,27.858489761045558,27.913704345167943,27.904252847609776,27.904252847609776,0.09343729760977482
3,10.0,2913.431,27.79955183,27.848519537771523,27.903633669435372,27.894210847282718,27.894210847282718,0.0946590172827193
3,10.0,2913.913,27.78653256,27.838563863174087,27.893566280198833,27.884174740136984,27.884174740136984,0.09764218013698311
3,10.0,2914.395,27.79878556,27.82862322501188,27.883502695398924,27.87414503820081,27.87414503820081,0.07535947820080935
3,10.0,2914.877,27.78364862,27.8186981099252,27.8734434340395,27.86412225399242,27.86412225399242,0.08047363399241902
3,10.0,2915.36,27.77167345,27.80876846207724,27.863368161766815,27.854086129829792,27.854086129829792,0.08241267982979039
3,10.0,2915.842,27.77276639,27.798875883191947,27.8533191200807,27.844078737462763,27.844078737462763,0.0713123474627615
3,10.0,2916.324,27.76134914,27.789000281359627,27.84327596602042,27.834079804094866,27.834079804094866,0.07273066409486617
3,10.0,2916.806,27.76987128,27.77914213851059,27.833239222553026,27.824089843913914,27.824089843913914,0.05421856391391344
3,10.0,2917.288,27.74930478,27.769301935340163,27.823209413560996,27.814109371450908,27.814109371450908,0.06480459145090833
3,10.0,2917.77,27.75098139,27.759480151285644,27.813187063811505,27.804138901549784,27.804138901549784,0.05315751154978443
3,10.0,2918.252,27.7342198,27.749677264503188,27.803172698925366,27.79417894933713,27.79417894933713,0.05995914933712854
3,10.0,2918.734,27.72955695,27.739893751844942,27.793166845345585,27.784230030191523,27.784230030191523,0.05467308019152384
3,10.0,2919.217,27.73576478,27.73010985323677,27.78314929978704,27.774272055124133,27.774272055124133,0.038507275124132434
3,10.0,2919.699,27.72316309,27.720366556710804,27.773162071675316,27.764346774668457,27.764346774668457,0.04118368466845723
3,10.0,2920.181,27.72617154,27.710644057792898,27.763184939909888,27.754434075688863,27.754434075688863,0.02826253568886372
3,10.0,2920.663,27.6993481,27.700942827888678,27.753218433902227,27.744534474261634,27.744534474261634,0.04518637426163252
3,10.0,2921.145,27.70441768,27.691263336986232,27.743263083723193,27.734648486558488,27.734648486558488,0.030230806558488865
3,10.0,2921.627,27.67848007,27.681606053633914,27.73331942006941,27.724776628814546,27.724776628814546,0.04629655881454653
3,10.0,2922.109,27.68890467,27.671971444917794,27.72338797422927,27.714919417296237,27.714919417296237,0.026014747296237317
3,10.0,2922.591,27.65812838,27.662359976439586,27.71346927804865,27.705077368268732,27.705077368268732,0.046948988268731284
3,10.0,2923.073,27.65774353,27.65277211229438,27.703563863896036,27.69525099796339,27.69525099796339,0.03750746796339044
3,10.0,2923.556,27.63706598,27.643188498483163,27.693651757367853,27.68542048667628,27.68542048667628,0.048354506676279385
3,10.0,2924.038,27.63383784,27.633649280518668,27.683774536614713,27.675627057415486,27.675627057415486,0.04178921741548436
3,10.0,2924.52,27.62079824,27.62413505086441,27.673912198886697,27.66585085610801,27.66585085610801,0.04505261610800915
3,10.0,2925.002,27.59807869,27.6146462673662,27.66406527828974,27.65609239851839,27.65609239851839,0.05801370851838783
3,10.0,2925.484,27.5984707,27.6051833862538,27.65423430927356,27.646352200210785,27.646352200210785,0.04788150021078508
3,10.0,2925.966,27.60593533,27.595746862119434,27.644419826594877,27.636630776514966,27.636630776514966,0.03069544651496514
3,10.0,2926.448,27.59878939,27.58633714789621,27.634622365280265,27.626928642492192,27.626928642492192,0.028139252492191957
3,10.0,2926.93,27.58155171,27.57695469483682,27.624842460588724,27.61724631290097,27.61724631290097,0.03569460290097126
3,10.0,2927.413,27.57875957,27.567580573429183,27.615060414428733,27.607564277975108,27.607564277975108,0.028804707975108812
3,10.0,2927.895,27.57104996,27.5582540485117,27.605317268704,27.597923143894366,27.597923143894366,0.026873183894366548
3,10.0,2928.377,27.57033566,27.54895612914445,27.5955932875055,27.588303357422998,27.588303357422998,0.01796769742299631
3,10.0,2928.859,27.57290666,27.5396872596426,27.585889006640596,27.57870543176033,27.57870543176033,0.005798771760328947
3,10.0,2929.341,27.56342295,27.53044788253535,27.576204961956705,27.56912987962844,27.56912987962844,0.00570692962844177
3,10.0,2929.823,27.5621508,27.521238438545158,27.566541689301843,27.559577213236633,27.559577213236633,-0.002573586763368496
3,10.0,2930.305,27.5492006,27.512059366567033,27.55689972448494,27.550047944245907,27.550047944245907,0.0008473442459084879
3,10.0,2930.787,27.55183713,27.502911103647993,27.5472796032358,27.540542583733192,27.540542583733192,-0.01129454626680726
3,10.0,2931.27,27.54550503,27.49377520276922,27.53766197247139,27.531041997889268,27.531041997889268,-0.014463032110732854
3,10.0,2931.751,27.54442937,27.48470874381247,27.528107033722115,27.52160562931323,27.52160562931323,-0.022823740686771288
3,10.0,2932.234,27.5362865,27.475636762602207,27.518535864768324,27.51215551560221,27.51215551560221,-0.02413098439778949
3,10.0,2932.716,27.55180676,27.466616136667525,27.509008522405054,27.502750941186072,27.502750941186072,-0.04905581881392962
3,10.0,2933.198,27.50867311,27.45762847747934,27.499505700758768,27.493372821660174,27.493372821660174,-0.015300288339826551
3,10.0,2933.68,27.51691579,27.448674210566512,27.49002793422656,27.484021663835065,27.484021663835065,-0.03289412616493337
3,10.0,2934.162,27.52380683,27.439753759468996,27.480575756837833,27.474697973682325,27.474697973682325,-0.0491088563176767
3,10.0,2934.644,27.52967715,27.43086754571798,27.47114970221204,27.465402256297512,27.465402256297512,-0.06427489370248907
3,10.0,2935.126,27.50802669,27.422015988816412,27.461750303516027,27.456135015863193,27.456135015863193,-0.051891674136808064
3,10.0,2935.608,27.49033804,27.413199506219513,27.452378093421302,27.446896755611668,27.446896755611668,-0.043441284388332946
3,10.0,2936.091,27.50618351,27.40440033266626,27.443014246337807,27.437668903434066,27.437668903434066,-0.06851460656593389
3,10.0,2936.573,27.48067912,27.395655317672457,27.433698068429248,27.428490171983672,27.428490171983672,-0.05218894801632956
3,10.0,2937.055,27.48002901,27.386946617720547,27.42441067483223,27.419341925373246,27.419341925373246,-0.06068708462675332
3,10.0,2937.537,27.47292514,27.37827464187812,27.41515259580148,27.410224662656653,27.410224662656653,-0.06270047734334838
3,10.0,2938.019,27.44398203,27.36963979706942,27.405924360878203,27.401138881749397,27.401138881749397,-0.0428431482506042
3,10.0,2938.501,27.44553719,27.36104248805662,27.396726498845787,27.392085079390657,27.392085079390657,-0.053452110609342185
3,10.0,2938.983,27.42573784,27.35248311742118,27.387559537685277,27.38306375110537,27.38306375110537,-0.042674088894628426
3,10.0,2939.465,27.43285398,27.343962085545392,27.378424004530558,27.374075391165995,27.374075391165995,-0.058778588834005774
3,10.0,2939.948,27.42069906,27.33546223301358,27.369301572111247,27.36510194905082,27.36510194905082,-0.055597110949179296
3,10.0,2940.43,27.40553414,27.327019152513724,27.360230540686796,27.35618107437196,27.35618107437196,-0.04935306562803987
3,10.0,2940.912,27.41372394,27.31861559935621,27.35119251422338,27.34729464397532,27.34729464397532,-0.06642929602467973
3,10.0,2941.394,27.3968875,27.310251964939113,27.342188016012713,27.338443146738005,27.338443146738005,-0.0584443532619936
3,10.0,2941.876,27.40381519,27.30192863837055,27.333217568272456,27.32962707009287,27.32962707009287,-0.07418811990713081
3,10.0,2942.358,27.38191267,27.293646006451034,27.324281692100474,27.32084689998996,27.32084689998996,-0.06106577001003899
3,10.0,2942.84,27.38202251,27.285404453655687,27.315380907428555,27.312103120857913,27.312103120857913,-0.06991938914208617
3,10.0,2943.322,27.37763788,27.2772043621168,27.306515732976237,27.303396215565293,27.303396215565293,-0.07424166443470881
3,10.0,2943.804,27.38652306,27.269046111606546,27.2976866862045,27.294726665381894,27.294726665381894,-0.09179639461810396
3,10.0,2944.287,27.34868816,27.260913285425225,27.28887608021759,27.28607708147757,27.28607708147757,-0.06261107852242986
3,10.0,2944.769,27.36031523,27.25283993551797,27.280120913548775,27.277483758715615,27.277483758715615,-0.08283147128438628
3,10.0,2945.251,27.37156862,27.24480955239325,27.271403419988523,27.268929225878086,27.268929225878086,-0.10263939412191547
3,10.0,2945.733,27.3577252,27.236822506206284,27.262724111492922,27.260413957448165,27.260413957448165,-0.09731124255183587
3,10.0,2946.215,27.35541158,27.228879164667113,27.25408349852514,27.2519384261161,27.2519384261161,-0.10347315388389688
3,10.0,2946.697,27.35023736,27.220979893024072,27.245482090008124,27.243503102740362,27.243503102740362,-0.10673425725963881
3,10.0,2947.179,27.33525124,27.213125054047378,27.236920393277337,27.235108456308804,27.235108456308804,-0.10014278369119722
3,10.0,2947.661,27.34318256,27.20531500801274,27.228398914033242,27.226754953899682,27.226754953899682,-0.11642760610031644
3,10.0,2948.144,27.34930954,27.1975340501248,27.219900604039445,27.21842585962532,27.21842585962532,-0.13088368037468
3,10.0,2948.626,27.31318351,27.18981475552107,27.211461156140217,27.21015612643049,27.21015612643049,-0.10302738356951124
3,10.0,2949.108,27.31783962,27.18214132028782,27.20306343358042,27.20192892760169,27.20192892760169,-0.11591069239831242
3,10.0,2949.59,27.31539804,27.174514094557214,27.194707935040896,27.193744722186135,27.193744722186135,-0.12165331781386612
3,10.0,2950.072,27.30490648,27.16693342588739,27.186395157329102,27.18560396712728,27.18560396712728,-0.11930251287272142
3,10.0,2950.554,27.30367769,27.159399659247068,27.17812559533118,27.177507117225886,27.177507117225886,-0.12617057277411448
3,10.0,2951.036,27.29368609,27.151913137000065,27.1698997419641,27.16945462510148,27.16945462510148,-0.12423146489852144
3,10.0,2951.518,27.29179959,27.14447419889023,27.161718088127696,27.16144694115355,27.16144694115355,-0.1303526488464506
3,10.0,2952.0,27.30397191,27.137083182026274,27.153581122656636,27.153484513522955,27.153484513522955,-0.1504873964770468
3,10.0,2952.483,27.29483467,27.129725237314872,27.145472591621537,27.145551411126995,27.145551411126995,-0.1492832588730053
3,10.0,2952.965,27.28395827,27.12243116480098,27.137426556116512,27.137680927523526,27.137680927523526,-0.1462773424764734
3,10.0,2953.447,27.27923263,27.11518600958011,27.12942666360857,27.129857031635428,27.129857031635428,-0.14937559836457126
3,10.0,2953.929,27.26984016,27.107990098067226,27.121473394187124,27.122080162178843,27.122080162178843,-0.1477599978211579
3,10.0,2954.411,27.28165312,27.10084375396898,27.113567225636334,27.114350755419053,27.114350755419053,-0.16730236458094794
3,10.0,2954.893,27.25478013,27.093747298269594,27.10570863338718,27.10666924513224,27.10666924513224,-0.14811088486775859
3,10.0,2955.375,27.28767465,27.086701049216703,27.097898090469446,27.099036062567368,27.099036062567368,-0.1886385874326315
3,10.0,2955.857,27.25980489,27.079705322307465,27.09013606746391,27.09145163640821,27.09145163640821,-0.16835325359179265
3,10.0,2956.34,27.26583163,27.072746074843348,27.082407081553313,27.083900810869018,27.083900810869018,-0.18193081913098297
3,10.0,2956.822,27.27176762,27.065852434072394,27.074743603161828,27.076415276477547,27.076415276477547,-0.19535234352245112
3,10.0,2957.304,27.26528935,27.059010245931418,27.06713004221001,27.068979769643583,27.068979769643583,-0.19630958035641655
3,10.0,2957.786,27.25389003,27.052219814773814,27.059566858998963,27.06159470840655,27.06159470840655,-0.19229532159345197
3,10.0,2958.268,27.22254105,27.045481442135202,27.052054511142124,27.054260508052327,27.054260508052327,-0.1682805419476736
3,10.0,2958.75,27.24052008,27.038795426720352,27.044593453517674,27.046977581075875,27.046977581075875,-0.19354249892412412
3,10.0,2959.232,27.22109998,27.03216206439032,27.037184138221228,27.03974633714421,27.03974633714421,-0.18135364285579314
3,10.0,2959.714,27.24260455,27.025581648149817,27.029827014518574,27.03256718305936,27.03256718305936,-0.21003736694063946
3,10.0,2960.197,27.22618878,27.019040981805926,27.022507429288996,27.02542579196491,27.02542579196491,-0.20076298803509118
3,10.0,2960.678,27.23653416,27.012580811598795,27.01527112452597,27.01836675709251,27.01836675709251,-0.21816740290748982
3,10.0,2961.161,27.22953913,27.006147699843922,27.008058364768978,27.011331774534664,27.011331774534664,-0.21820735546533498
3,10.0,2961.643,27.22092627,26.999782052952575,27.000914554257562,27.00436510106612,27.00436510106612,-0.2165611689338789
3,10.0,2962.125,27.19912376,26.99347077446844,26.99382513847458,26.99745250800683,26.99745250800683,-0.2016712519931687
3,10.0,2962.607,27.22051269,26.987214139993164,26.986790548715444,26.990594384195166,26.990594384195166,-0.22991830580483352
3,10.0,2963.089,27.21571575,26.981012422187163,26.97981121311872,26.983791115350265,26.983791115350265,-0.23192463464973656
3,10.0,2963.571,27.18343922,26.974865890758267,26.97288755662022,26.977043084036627,26.977043084036627,-0.2063961359633737
3,10.0,2964.053,27.19836086,26.96877481245025,26.966020000907086,26.970350669628594,26.970350669628594,-0.2280101903714069
3,10.0,2964.535,27.21052205,26.96273945103172,26.95920896437216,26.963714248275274,26.963714248275274,-0.24680780172472794
3,10.0,2965.018,27.18160412,26.956747720292523,26.952440908877357,26.95712060014764,26.95712060014764,-0.2244835198523596
3,10.0,2965.5,27.19781775,26.950824688940056,26.945744271874023,26.950597398366494,26.950597398366494,-0.24722035163350498
3,10.0,2965.982,27.19781618,26.944958148347794,26.939105389852276,26.944131299144587,26.944131299144587,-0.2536848808554133
3,10.0,2966.464,27.20174551,26.93914835026871,26.932524667568863,26.937722665376285,26.937722665376285,-0.26402284462371384
3,10.0,2966.946,27.17470366,26.93339554342699,26.926002506261415,26.931371856558442,26.931371856558442,-0.24333180344155636
3,10.0,2967.428,27.19737411,26.927699973507853,26.91953930360432,26.925079228756594,26.925079228756594,-0.27229488124340406
3,10.0,2967.91,27.18563639,26.922061883147453,26.913135453664765,26.91884513457154,26.91884513457154,-0.2667912554284584
3,10.0,2968.392,27.18380446,26.91648151192297,26.906791346859087,26.91266992310613,26.91266992310613,-0.27113453689387157
3,10.0,2968.875,27.18797745,26.910947699456287,26.90049439538398,26.90654131297601,26.90654131297601,-0.2814361370239915
3,10.0,2969.357,27.180535,26.905483593915346,26.894271057216063,26.900485024044965,26.900485024044965,-0.2800499759550341
3,10.0,2969.839,27.17208809,26.900077908265875,26.888108611876714,26.894488644524596,26.894488644524596,-0.2775994454754027
3,10.0,2970.321,27.15733755,26.894730869746724,26.882007434740444,26.88855250919173,26.88855250919173,-0.2687850408082717
3,10.0,2970.803,27.1597895,26.88944270249054,26.875967897317103,26.88267694916322,26.88267694916322,-0.27711255083677955
3,10.0,2971.285,27.16058535,26.884213627514868,26.869990367210118,26.876862291864484,26.876862291864484,-0.2837230581355179
3,10.0,2971.767,27.16198579,26.879043862713264,26.864075208075132,26.871108860998305,26.871108860998305,-0.29087692900169415
3,10.0,2972.249,27.14916688,26.87393362284676,26.858222779578874,26.865416976513945,26.865416976513945,-0.2837499034860542
3,10.0,2972.731,27.14766343,26.868883119535326,26.852433437358428,26.859786954576506,26.859786954576506,-0.28787647542349504
3,10.0,2973.214,27.13695545,26.863882269849864,26.846695719696516,26.854207620832177,26.854207620832177,-0.28274782916782115
3,10.0,2973.696,27.14591723,26.858951986907478,26.841033733312315,26.8487023871482,26.8487023871482,-0.29721484285179756
3,10.0,2974.178,27.13970974,26.85408205686774,26.835435876244084,26.843259942128874,26.843259942128874,-0.29644979787112646
3,10.0,2974.66,27.1177618,26.84927267869846,26.82990248760222,26.83788058649543,26.83788058649543,-0.27988121350457007
3,10.0,2975.142,27.12989529,26.84452404818648,26.824433902269654,26.832564617036986,26.832564617036986,-0.29733067296301385
3,10.0,2975.624,27.12015594,26.839836357930224,26.81903045086346,26.827312326581943,26.827312326581943,-0.2928436134180572
3,10.0,2976.106,27.13077048,26.835209797332297,26.813692459696945,26.822124003969773,26.822124003969773,-0.3086464760302263
3,10.0,2976.588,27.12599668,26.830644552592446,26.80842025074217,26.816999934023197,26.816999934023197,-0.3089967459768026
3,10.0,2977.071,27.12174016,26.826131526882378,26.803203409465123,26.811929967831954,26.811929967831954,-0.3098101921680474
3,10.0,2977.553,27.10480117,26.821689587759785,26.79806385140893,26.80693537622631,26.80693537622631,-0.29786579377369193
3,10.0,2978.035,27.12472954,26.81730950417058,26.79299101570077,26.802005867942135,26.802005867942135,-0.32272367205786523
3,10.0,2978.517,27.1176071,26.812991449427706,26.78798520657235,26.7971417114554,26.7971417114554,-0.3204653885446014
3,10.0,2978.999,27.13600219,26.808735593607867,26.783046723733438,26.7923431710916,26.7923431710916,-0.3436590189084008
3,10.0,2979.481,27.12059767,26.8045421035453,26.778175862337033,26.787610507000146,26.787610507000146,-0.33298716299985287
3,10.0,2979.963,27.10118276,26.80041114282582,26.773372912945234,26.782943975129267,26.782943975129267,-0.31823878487073287
3,10.0,2980.445,27.1109931,26.796342871780926,26.768638161495456,26.778343827201127,26.778343827201127,-0.332649272798875
3,10.0,2980.927,27.10003928,26.792337447482197,26.76397188926723,26.773810310687566,26.773810310687566,-0.32622896931243517
3,10.0,2981.41,27.09485426,26.788386910027214,26.75936490609452,26.76933447157655,26.76933447157655,-0.32551978842345264
3,10.0,2981.892,27.10054522,26.784507768541403,26.754836560843614,26.76493508267165,26.76493508267165,-0.3356101373283522
3,10.0,2982.374,27.09289091,26.780691925704623,26.750377510930203,26.76060304233912,26.76060304233912,-0.3322878676608809
3,10.0,2982.856,27.09419445,26.776939525488423,26.745988018670428,26.7563385808048,26.7563385808048,-0.3378558691951987
3,10.0,2983.338,27.10301283,26.77325070857859,26.741668341564242,26.752141923928505,26.752141923928505,-0.3508709060714956
3,10.0,2983.82,27.1222315,26.769625612370355,26.73741873226535,26.748013293182204,26.748013293182204,-0.3742182068177975
3,10.0,2984.302,27.09954004,26.766064370963996,26.733239438551777,26.74395290562861,26.74395290562861,-0.35558713437139033
3,10.0,2984.784,27.10566042,26.76256711516047,26.72913070329689,26.739960973900224,26.739960973900224,-0.3656994460997751
3,10.0,2985.267,27.09327962,26.759126916486615,26.725084460729768,26.736029638137367,26.736029638137367,-0.35724998186263335
3,10.0,2985.749,27.10324167,26.75575814447284,26.721117698855558,26.732175381221808,26.732175381221808,-0.3710662887781915
3,10.0,2986.231,27.10291334,26.752453730875324,26.717222194820003,26.728390191653638,26.728390191653638,-0.3745231483463627
3,10.0,2986.713,27.09193803,26.749213793250863,26.713398171590153,26.72467426413467,26.72467426413467,-0.3672637658653315
3,10.0,2987.195,27.08311264,26.746038445837744,26.709645847092595,26.72102778883849,26.72102778883849,-0.3620848511615087
3,10.0,2987.677,27.08942324,26.74292779955247,26.70596543418805,26.717450951392266,26.717450951392266,-0.3719722886077328
3,10.0,2988.159,27.0926265,26.73988196198654,26.70235714064668,26.713943932858996,26.713943932858996,-0.3786825671410057
3,10.0,2988.641,27.08144275,26.736901037403484,26.698821169123875,26.710506909720223,26.710506909720223,-0.37093584027977755
3,10.0,2989.124,27.06400614,26.733979144778907,26.695350607069855,26.70713314173663,26.70713314173663,-0.3568729982633698
3,10.0,2989.605,27.07169926,26.73113432758359,26.69196697704124,26.703843532544976,26.703843532544976,-0.36785572745502293
3,10.0,2990.088,27.0853436,26.72834302281487,26.68864232842771,26.700610888811607,26.700610888811607,-0.3847327111883949
3,10.0,2990.57,27.082378,26.72562286170663,26.68539772023385,26.697455666608676,26.697455666608676,-0.384922333391323
3,10.0,2991.052,27.06151207,26.72296808506472,26.682226370174206,26.694371253229008,26.694371253229008,-0.3671408167709913
3,10.0,2991.534,27.0604578,26.720378777124534,26.679128449732886,26.691357797320165,26.691357797320165,-0.3691000026798328
3,10.0,2992.016,27.06071617,26.717855018777207,26.676104125127882,26.68841544284092,26.68841544284092,-0.3723007271590788
3,10.0,2992.498,27.07943594,26.715396887568062,26.673153557292096,26.685544329047918,26.685544329047918,-0.3938916109520818
3,10.0,2992.98,27.08072962,26.71300445769505,26.6702769018549,26.682744590482773,26.682744590482773,-0.39798502951722625
3,10.0,2993.462,27.0528215,26.71067780000748,26.667474309124522,26.68001635695974,26.68001635695974,-0.37280514304026013
3,10.0,2993.945,27.07992339,26.70841235999629,26.664740340757458,26.677354316472094,26.677354316472094,-0.40256907352790705
3,10.0,2994.427,27.08030066,26.70621758262169,26.662086457385076,26.674769612489484,26.674769612489484,-0.4055310475105145
3,10.0,2994.909,27.05910939,26.704088770000602,26.659507055823163,26.672256774746447,26.672256774746447,-0.3868526152535523
3,10.0,2995.391,27.08187527,26.702025979571026,26.65700226492058,26.669815914024497,26.669815914024497,-0.41205935597550436
3,10.0,2995.873,27.0666831,26.700029265418262,26.65457220812666,26.66744713632363,26.66744713632363,-0.39923596367636804
3,10.0,2996.355,27.06729446,26.69809867827459,26.65221700347764,26.66515054285307,26.66515054285307,-0.40214391714692965
3,10.0,2996.837,27.09000843,26.696234265519184,26.649936763583685,26.662926230022464,26.662926230022464,-0.42708219997753716
3,10.0,2997.319,27.08708982,26.69443607117809,26.647731595616722,26.660774289433675,26.660774289433675,-0.426315530566324
3,10.0,2997.802,27.08917609,26.69270061160035,26.645597260434037,26.658690568974592,26.658690568974592,-0.4304855210254068
3,10.0,2998.284,27.09052528,26.691035110335633,26.643542692284864,26.656683778987666,26.656683778987666,-0.4338415010123349
3,10.0,2998.766,27.08682139,26.68943593951452,26.641563485019958,26.65474960728187,26.65474960728187,-0.43207178271812907
3,10.0,2999.248,27.07383336,26.687903129747315,26.639659723938735,26.652888126145946,26.652888126145946,-0.42094523385405225
3,10.0,2999.73,27.07915699,26.686436708293858,26.63783148885181,26.651099403027494,26.651099403027494,-0.42805758697250695
3,10.0,3000.212,27.08124555,26.68503669906457,26.636078854072988,26.6493835005279,26.6493835005279,-0.43186204947209816
3,10.0,3000.694,27.0859575,26.683703122621647,26.634401888412068,26.6477404763978,26.6477404763978,-0.43821702360219916
3,10.0,3001.176,27.06444192,26.682435996180402,26.632800655168225,26.646170383533022,26.646170383533022,-0.41827153646697823
3,10.0,3001.658,27.07154049,26.68123533361083,26.63127521212422,26.644673269971143,26.644673269971143,-0.426867220028857
3,10.0,3002.141,27.06618922,26.680098861457257,26.629822682942518,26.643246300276715,26.643246300276715,-0.42294291972328324
3,10.0,3002.623,27.08112322,26.679031292802026,26.628449129047077,26.641895421600843,26.641895421600843,-0.4392277983991555
3,10.0,3003.105,27.0726157,26.678030209578697,26.62715150563334,26.64061763722838,26.64061763722838,-0.4319980627716191
3,10.0,3003.587,27.06782618,26.677095612287573,26.625929848362897,26.639412975729496,26.639412975729496,-0.42841320427050533
3,10.0,3004.069,27.08775432,26.676227498093773,26.624784187362533,26.638281460806613,26.638281460806613,-0.449472859193385
3,10.0,3004.551,27.07732439,26.675425860829712,26.623714547222725,26.6372231112942,26.6372231112942,-0.44010127870580007
3,10.0,3005.033,27.08721246,26.674690690997817,26.62272094699682,26.636237941158956,26.636237941158956,-0.45097451884104345
3,10.0,3005.515,27.09231435,26.67402197577335,26.621803400201,26.63532595950062,26.63532595950062,-0.45698839049937945
3,10.0,3005.998,27.09294859,26.673418518520204,26.620960248062858,26.634485506411224,26.634485506411224,-0.4584630835887751
3,10.0,3006.48,27.096956,26.67288279851921,26.620194984338614,26.633720061391955,26.633720061391955,-0.4632359386080438
3,10.0,3006.962,27.08268093,26.672413474668755,26.619505781367995,26.63302780294644,26.63302780294644,-0.4496531270535584
3,10.0,3007.444,27.08219116,26.672010520860383,26.618892630520804,26.632408720715006,26.632408720715006,-0.44978243928499495
3,10.0,3007.926,27.09971266,26.671673907675178,26.618355517640204,26.631862799482953,26.631862799482953,-0.4678498605170489
3,10.0,3008.408,27.09361316,26.671403602387628,26.617894423046923,26.63139001918453,26.63139001918453,-0.4622231408154711
3,10.0,3008.89,27.09017236,26.67119956896957,26.617509321544297,26.630990354907443,26.630990354907443,-0.4591820050925577
3,10.0,3009.372,27.1005598,26.671061768094383,26.61720018242392,26.63066377689791,26.63066377689791,-0.46989602310208767
3,10.0,3009.854,27.10062584,26.67099015714126,26.616966969472085,26.630410250566232,26.630410250566232,-0.4702155894337672
3,10.0,3010.337,27.085864,26.67098474758043,26.616809393419064,26.630229437848474,26.630229437848474,-0.455634562151527
3,10.0,3010.819,27.09264512,26.67104551252771,26.616728059464116,26.63012204312729,26.63012204312729,-0.46252307687271
3,10.0,3011.301,27.1091873,26.671172319702972,26.61672250996452,26.630087567256105,26.630087567256105,-0.4790997327438937
3,10.0,3011.783,27.11669464,26.671365113348337,26.616792686752365,26.63012595635778,26.63012595635778,-0.4865686836422185
3,10.0,3012.265,27.10032858,26.67162383443577,26.616938526197142,26.630237151754997,26.630237151754997,-0.47009142824500216
3,10.0,3012.747,27.09429586,26.67194842067233,26.617159959216448,26.63042108997896,26.63042108997896,-0.4638747700210395
3,10.0,3013.229,27.10858272,26.672338806505607,26.617456911287338,26.63067770277865,26.63067770277865,-0.4779050172213495
3,10.0,3013.711,27.10557632,26.672794923129345,26.61782930245839,26.631006917130556,26.631006917130556,-0.47456940286944516
3,10.0,3014.194,27.10388052,26.67331784921104,26.618278054561703,26.631409564062274,26.631409564062274,-0.4724709559377267
3,10.0,3014.676,27.09788538,26.673905343995116,26.618801218478477,26.63188389361382,26.63188389361382,-0.46600148638617966
3,10.0,3015.158,27.12573917,26.674558343519735,26.619399548996135,26.63243057693125,26.63243057693125,-0.4933085930687504
3,10.0,3015.64,27.12035406,26.675276766015593,26.620072944572613,26.633049521998938,26.633049521998938,-0.4873045380010623
3,10.0,3016.122,27.10909648,26.676060526489884,26.620821298308016,26.633740632085228,26.633740632085228,-0.4753558479147735
3,10.0,3016.604,27.10999446,26.67690953673283,26.621644497960816,26.63450380575515,26.63450380575515,-0.47549065424485093
3,10.0,3017.086,27.11796534,26.677823705324393,26.62254242596466,26.635338936883727,26.635338936883727,-0.48262640311627436
3,10.0,3017.568,27.09991205,26.67880293764109,26.623514959445902,26.63624591466977,26.63624591466977,-0.4636661353302287
3,10.0,3018.051,27.12222939,26.679849369711697,26.624564219790596,26.637226728648514,26.637226728648514,-0.48500266135148706
3,10.0,3018.532,27.16076727,26.680956198981054,26.625683324919194,26.638274943714585,26.638274943714585,-0.5224923262854162
3,10.0,3019.015,27.11917517,26.68213252536781,26.626881442246074,26.639399151740918,26.639399151740918,-0.47977601825908067
3,10.0,3019.497,27.13868479,26.68337113655201,26.628151216905152,26.640592463036562,26.640592463036562,-0.4980923269634374
3,10.0,3019.979,27.1323585,26.68467429031059,26.62949490340804,26.641856997074676,26.641856997074676,-0.4905015029253228
3,10.0,3020.461,27.13025069,26.6860418729455,26.63091234743104,26.643192615304226,26.643192615304226,-0.4870580746957742
3,10.0,3020.943,27.15777353,26.68747376760753,26.632403389484004,26.644599174608114,26.644599174608114,-0.5131743553918859
3,10.0,3021.425,27.1521376,26.68896985430443,26.63396786493312,26.64607652732087,26.64607652732087,-0.506061072679131
3,10.0,3021.907,27.12940176,26.690530009909097,26.635605604024082,26.64762452124672,26.64762452124672,-0.48177723875328127
3,10.0,3022.389,27.14789821,26.692154108167973,26.637316431906136,26.649242999678204,26.649242999678204,-0.4986552103217967
3,10.0,3022.872,27.15160444,26.693845587843075,26.639103945016235,26.650935378139902,26.650935378139902,-0.5006690618600977
3,10.0,3023.354,27.17888781,26.695597312164686,26.640960556349008,26.65269448288899,26.65269448288899,-0.5261933271110095
3,10.0,3023.836,27.14934269,26.69741258142266,26.64288970119037,26.654523574786104,26.654523574786104,-0.49481911521389677
3,10.0,3024.318,27.15910464,26.69929125693802,26.64489118454446,26.65642247926265,26.65642247926265,-0.5026821607373506
3,10.0,3024.8,27.16661725,26.70123319694947,26.646964806447535,26.658391017338026,26.658391017338026,-0.5082262326619755
3,10.0,3025.282,27.15469134,26.703238256622694,26.649110361995547,26.66042900564095,26.66042900564095,-0.49426233435904976
3,10.0,3025.764,27.16549919,26.705306288059777,26.65132764137214,26.662536256431128,26.662536256431128,-0.5029629335688703
3,10.0,3026.246,27.15204378,26.707437140308762,26.653616429877303,26.664712577621373,26.664712577621373,-0.4873312023786269
3,10.0,3026.729,27.17594209,26.70963527527632,26.65598147833454,26.666962502337284,26.666962502337284,-0.508979587662715
3,10.0,3027.211,27.19203494,26.71189143364877,26.658412768810223,26.669276513055994,26.669276513055994,-0.5227584269440051
3,10.0,3027.693,27.1834506,26.714209941415636,26.660914894826654,26.671658991630046,26.671658991630046,-0.5117916083699541
3,10.0,3028.175,27.17353859,26.7165906355011,26.663487622436662,26.674109728805792,26.674109728805792,-0.4994288611942075
3,10.0,3028.657,27.20963556,26.719033349825338,26.66613071296087,26.67662851109973,26.67662851109973,-0.5330070489002701
3,10.0,3029.139,27.17250007,26.72153791531494,26.668843923019576,26.679215120823166,26.679215120823166,-0.49328494917683585
3,10.0,3029.621,27.18007317,26.724104159913473,26.671627004565092,26.68186933610717,26.68186933610717,-0.4982038338928305
3,10.0,3030.103,27.19604311,26.72673190859221,26.674479704914724,26.68459093092805,26.68459093092805,-0.5114521790719522
3,10.0,3030.585,27.1967437,26.729420983360985,26.677401766784104,26.687379675133098,26.687379675133098,-0.5093640248669011
3,10.0,3031.068,27.21594388,26.732176972562748,26.68039920569529,26.69024132846466,26.69024132846466,-0.5257025515353426
3,10.0,3031.55,27.20743235,26.734988280032915,26.683459343042042,26.693163802678345,26.693163802678345,-0.5142685473216559
3,10.0,3032.032,27.19811453,26.73786036157398,26.68658804222025,26.69615271080084,26.69615271080084,-0.5019618191991633
3,10.0,3032.514,27.22128589,26.740793027455336,26.689785027873477,26.699207806420755,26.699207806420755,-0.5220780835792453
3,10.0,3032.996,27.21877501,26.743786085041286,26.693050020217918,26.702328839132406,26.702328839132406,-0.5164461708675958
3,10.0,3033.478,27.20707897,26.746839338802776,26.696382735078664,26.705515554563835,26.705515554563835,-0.5015634154361663
3,10.0,3033.96,27.21045776,26.74995259032921,26.69978288392638,26.70876769440519,26.70876769440519,-0.5016900655948113
3,10.0,3034.442,27.21201245,26.753125638340435,26.703250173914405,26.71208499643741,26.71208499643741,-0.49992745356258794
3,10.0,3034.925,27.20818062,26.756365047224467,26.70679170942031,26.715474278842535,26.715474278842535,-0.49270634115746503
3,10.0,3035.407,27.22937742,26.759657195936043,26.71039252380691,26.718921236904066,26.718921236904066,-0.5104561830959327
3,10.0,3035.889,27.21711285,26.763008519757776,26.7140595746291,26.722432546764466,26.722432546764466,-0.49468030323553336
3,10.0,3036.371,27.23924642,26.766418806047614,26.71779255214194,26.726007930853978,26.726007930853978,-0.5132384891460227
3,10.0,3036.853,27.24421621,26.769887839355746,26.72159114247498,26.72964710784227,26.72964710784227,-0.5145691021577328
3,10.0,3037.335,27.23585037,26.773415401437386,26.725455027671956,26.73334979266912,26.73334979266912,-0.5025005773308813
3,10.0,3037.817,27.25998089,26.777001271265647,26.72938388573061,26.737115696575433,26.737115696575433,-0.5228651934245683
3,10.0,3038.299,27.24930191,26.780645225044548,26.73337739064303,26.740944527134463,26.740944527134463,-0.5083573828655368
3,10.0,3038.781,27.25797884,26.78434703622217,26.737435212436264,26.744835988283384,26.744835988283384,-0.5131428517166157
3,10.0,3039.264,27.28557662,26.788114334914237,26.741565634951975,26.748798047826362,26.748798047826362,-0.5367785721736382
3,10.0,3039.746,27.27561722,26.791931289112288,26.745751216623464,26.752813995952522,26.752813995952522,-0.5228032240474789
3,10.0,3040.228,27.28369354,26.795805404161307,26.750000101165707,26.756891664343733,26.756891664343733,-0.5268018756562682
3,10.0,3040.71,27.28431573,26.79973644261409,26.754311943151173,26.761030742707156,26.761030742707156,-0.5232849872928433
3,10.0,3041.192,27.29592961,26.803724164335186,26.75868639339564,26.76523091727602,26.76523091727602,-0.5306986927239805
3,10.0,3041.674,27.30296729,26.8077683265148,26.76312309900083,26.76949187084287,26.76949187084287,-0.5334754191571314
3,10.0,3042.156,27.28834301,26.811868683682818,26.767621703397314,26.773813282793007,26.773813282793007,-0.5145297272069911
3,10.0,3042.638,27.31126806,26.816024987722965,26.772181846387713,26.778194829138258,26.778194829138258,-0.5330732308617421
3,10.0,3043.121,27.32835963,26.820245784197258,26.77681281532318,26.782645458917465,26.782645458917465,-0.5457141710825368
3,10.0,3043.603,27.31183879,26.824513341881,26.78149506638723,26.787146411813424,26.787146411813424,-0.5246923781865753
3,10.0,3044.085,27.32520577,26.828836085820722,26.786237753348146,26.791706506543417,26.791706506543417,-0.5334992634565836
3,10.0,3044.567,27.32164321,26.833213757454132,26.791040501926712,26.796325405960413,26.796325405960413,-0.525317804039588
3,10.0,3045.049,27.32264861,26.837646095645425,26.795902934435738,26.801002769715996,26.801002769715996,-0.5216458402840054
3,10.0,3045.531,27.3320918,26.842132836700095,26.800824669824674,26.805738254295417,26.805738254295417,-0.526353545704584
3,10.0,3046.013,27.31268549,26.84667371438,26.80580532372461,26.810531513052926,26.810531513052926,-0.5021539769470742
3,10.0,3046.495,27.32241234,26.851268459918444,26.81084450849337,26.815382196247207,26.815382196247207,-0.5070301437527931
3,10.0,3046.978,27.33155132,26.855926501422665,26.815952468786943,26.820300192220394,26.820300192220394,-0.5112511277796052
3,10.0,3047.459,27.32545725,26.860618466952786,26.821096903974507,26.82525442171697,26.82525442171697,-0.5002028282830295
3,10.0,3047.942,27.34221648,26.865383097905486,26.826320196930162,26.830285724341138,26.830285724341138,-0.511930755658863
3,10.0,3048.424,27.34319906,26.870190686360566,26.831589682609998,26.83536266300428,26.83536266300428,-0.5078363969957209
3,10.0,3048.906,27.34234177,26.87505076086335,26.836915712602213,26.840495231458874,26.840495231458874,-0.5018465385411268
3,10.0,3049.388,27.37102132,26.879963037794507,26.84229788057734,26.84568306213934,26.84568306213934,-0.5253382578606605
3,10.0,3049.87,27.37924747,26.884927231115167,26.84773577725384,26.85092578463798,26.85092578463798,-0.5283216853620196
3,10.0,3050.352,27.35880327,26.8899430523829,26.853228990444585,26.856223025741656,26.856223025741656,-0.5025802442583434
3,10.0,3050.834,27.38291996,26.895010210767857,26.858777105103478,26.86157440946888,26.86157440946888,-0.5213455505311195
3,10.0,3051.316,27.39893417,26.900128413069044,26.864379703372222,26.866979557106845,26.866979557106845,-0.5319546128931556
3,10.0,3051.799,27.39539583,26.905308140241083,26.870048156343962,26.872449467224985,26.872449467224985,-0.5229463627750128
3,10.0,3052.281,27.39569325,26.910527645726408,26.87575856808664,26.87796110536137,26.87796110536137,-0.5177321446386323
3,10.0,3052.763,27.40058432,26.915797300836406,26.881522192573406,26.883525354450338,26.883525354450338,-0.517058965549662
3,10.0,3053.245,27.41195437,26.921116803044978,26.887338601161243,26.889141825222143,26.889141825222143,-0.5228125447778567
3,10.0,3053.727,27.40946485,26.92648584753761,26.893207362630243,26.894810125863188,26.894810125863188,-0.5146547241368111
3,10.0,3054.209,27.41290884,26.931904127228265,26.899128043230853,26.90052986205377,26.90052986205377,-0.5123789779462307
3,10.0,3054.691,27.43483447,26.937371332776284,26.905100206731277,26.906300637006005,26.906300637006005,-0.5285338329939933
3,10.0,3055.173,27.446124,26.94288715260352,26.911123414464818,26.912122051501797,26.912122051501797,-0.5340019484982044
3,10.0,3055.656,27.44864203,26.94846286671885,26.917209878939392,26.91800593772468,26.91800593772468,-0.5306360922753193
3,10.0,3056.138,27.46810334,26.954075070728692,26.923333953240164,26.923927527091138,26.923927527091138,-0.5441758129088612
3,10.0,3056.62,27.4404263,26.95973494036785,26.929507740712108,26.92989854330108,26.92989854330108,-0.5105277566989201
3,10.0,3057.102,27.46638896,26.965442155276214,26.93573079341898,26.93591857779208,26.93591857779208,-0.5304703822079198
3,10.0,3057.584,27.45770733,26.971196392942968,26.94200266122714,26.941987219762495,26.941987219762495,-0.5157201102375062
3,10.0,3058.066,27.46886236,26.97699732872429,26.948322891853095,26.94810405620987,26.94810405620987,-0.520758303790128
3,10.0,3058.548,27.45655408,26.982844635861046,26.954691030910965,26.95426867196936,26.95426867196936,-0.5022854080306409
3,10.0,3059.03,27.44402803,26.988737985496645,26.96110662195997,26.960480649752114,26.960480649752114,-0.48354738024788446
3,10.0,3059.512,27.47404041,26.994677046694967,26.967569206551893,26.96673957018384,26.96673957018384,-0.5073008398161605
3,10.0,3059.995,27.47793497,27.000673949247314,26.97409187672278,26.9730581417377,26.9730581417377,-0.5048768282623008
3,10.0,3060.477,27.47908055,27.006703525636432,26.980647160363976,26.979409776392238,26.979409776392238,-0.499670773607761
3,10.0,3060.959,27.481699,27.012777807782037,26.987248049667954,26.985807082560658,26.985807082560658,-0.4958919174393408
3,10.0,3061.441,27.51314403,27.018896456606875,26.993894078626827,26.992249632908184,26.992249632908184,-0.5208943970918156
3,10.0,3061.923,27.50243723,27.025059131045197,27.000584779462002,26.998736998207292,26.998736998207292,-0.5037002317927097
3,10.0,3062.405,27.50644033,27.03126548806126,27.00731968267132,27.00526874737646,27.00526874737646,-0.5011715826235417
3,10.0,3062.887,27.517703,27.037515182667818,27.01409831707614,27.011844447518605,27.011844447518605,-0.5058585524813957
3,10.0,3063.369,27.53645441,27.0438078679448,27.02092020986822,27.018463663959647,27.018463663959647,-0.5179907460403541
3,10.0,3063.852,27.53757212,27.05015638297329,27.02779917286867,27.025139826956444,27.025139826956444,-0.5124322930435561
3,10.0,3064.334,27.52414034,27.05653408856829,27.0347062450071,27.03184485306979,27.03184485306979,-0.4922954869302103
3,10.0,3064.816,27.55125107,27.062953731930644,27.04165514680715,27.038592080269204,27.038592080269204,-0.5126589897307952
3,10.0,3065.298,27.54167815,27.06941495859313,27.048645399407206,27.045381067154565,27.045381067154565,-0.49629708284543383
3,10.0,3065.78,27.54733813,27.075917412250142,27.05567652254948,27.052211370741222,27.052211370741222,-0.4951267592587776
3,10.0,3066.262,27.56916263,27.082460734776802,27.062748034626246,27.059082546498388,27.059082546498388,-0.510080083501613
3,10.0,3066.744,27.54049447,27.089044566248198,27.069859452726114,27.065994148387528,27.065994148387528,-0.4745003216124708
3,10.0,3067.226,27.56566657,27.09566854495865,27.07701029268,27.072945728900596,27.072945728900596,-0.4927208410994055
3,10.0,3067.708,27.56663298,27.10233230744097,27.08420006910686,27.079936839098124,27.079936839098124,-0.4866961409018771
3,10.0,3068.191,27.58563556,27.109049436221916,27.091443331410247,27.086981654412824,27.086981654412824,-0.4986539055871759
3,10.0,3068.673,27.57763424,27.115791749535546,27.098709598273192,27.09405055129651,27.09405055129651,-0.48358368870348656
3,10.0,3069.155,27.57597572,27.12257274507921,27.106013337636085,27.101157621898587,27.101157621898587,-0.4748180981014123
3,10.0,3069.637,27.60057038,27.129392052531628,27.11335405972369,27.108302411932502,27.108302411932502,-0.4922679680674982
3,10.0,3070.119,27.60078397,27.136249299907984,27.120731273775778,27.11548446587054,27.11548446587054,-0.48529950412945766
3,10.0,3070.601,27.60637893,27.14314411357973,27.128144488091962,27.122703326981483,27.122703326981483,-0.48367560301851853
3,10.0,3071.083,27.58198747,27.150076118294425,27.135593210076287,27.129958537368267,27.129958537368267,-0.45202893263173394
3,10.0,3071.565,27.60880028,27.157044937195753,27.143076946281692,27.13724963800566,27.13724963800566,-0.47155064199434094
3,10.0,3072.048,27.62786492,27.164064763178143,27.150610836036066,27.144591405558607,27.144591405558607,-0.4832735144413931
3,10.0,3072.53,27.6209861,27.17110614797609,27.158163187234635,27.151952977365106,27.151952977365106,-0.46903312263489383
3,10.0,3073.012,27.62157341,27.17818320617486,27.165749066617906,27.159349054990987,27.159349054990987,-0.46222435500901327
3,10.0,3073.494,27.62681226,27.18529555469964,27.17336797777273,27.166779175269493,27.166779175269493,-0.4600330847305081
3,10.0,3073.976,27.63865589,27.192442808972345,27.181019423653836,27.17424287409198,27.17424287409198,-0.4644130159080184
3,10.0,3074.458,27.62301137,27.199624582931857,27.188702906626744,27.181739686444608,27.181739686444608,-0.44127168355539226
3,10.0,3074.94,27.63941993,27.206840489054436,27.19641792851079,27.189269146445348,27.189269146445348,-0.4501507835546512
3,10.0,3075.422,27.6546878,27.214090138374086,27.204163990621595,27.196830787380378,27.196830787380378,-0.4578570126196233
3,10.0,3075.905,27.62631763,27.22138828486463,27.21195675924589,27.20443992822927,27.20443992822927,-0.4218777017707289
3,10.0,3076.386,27.65835224,27.228689103652588,27.2197472385216,27.212048741258652,27.212048741258652,-0.4463034987413472
3,10.0,3076.869,27.66303278,27.236052914148704,27.227599712812918,27.21972003113183,27.21972003113183,-0.4433127488681734
3,10.0,3077.351,27.66243766,27.243433684809226,27.235465000122222,27.227405775694688,27.227405775694688,-0.43503188430531026
3,10.0,3077.833,27.68122901,27.250846232099903,27.243358827116023,27.23512135544346,27.23512135544346,-0.44610765455653834
3,10.0,3078.315,27.69609803,27.258290158830814,27.251280692967814,27.242866299434276,27.242866299434276,-0.45323173056572585
3,10.0,3078.797,27.68342157,27.265765066514483,27.259230096638433,27.250640136144035,27.250640136144035,-0.4327814338559648
3,10.0,3079.279,27.68357253,27.273270555386624,27.267206536916635,27.25844239350582,27.25844239350582,-0.42513013649417886
3,10.0,3079.761,27.69376957,27.280806224427085,27.275209512459114,27.26627259894411,27.26627259894411,-0.42749697105589135
3,10.0,3080.243,27.69438231,27.288371671380872,27.28323852183058,27.274130279409942,27.274130279409942,-0.4202520305900599
3,10.0,3080.726,27.70927587,27.29598227992405,27.291309800403575,27.282031347416588,27.282031347416588,-0.42724452258341117
3,10.0,3081.208,27.69969891,27.30360613078671,27.29938942436639,27.289942611614915,27.289942611614915,-0.40975629838508354
3,10.0,3081.69,27.72799872,27.311258544755354,27.307493576654007,27.297879928217114,27.297879928217114,-0.4301187917828848
3,10.0,3082.172,27.7142494,27.318939114843566,27.315621755856043,27.305842822627035,27.305842822627035,-0.4084065773729648
3,10.0,3082.654,27.73626937,27.326647432935513,27.32377346066516,27.313830819948027,27.313830819948027,-0.4224385500519716
3,10.0,3083.136,27.72888682,27.33438308980726,27.331948189915103,27.32184344501674,27.32184344501674,-0.40704337498326026
3,10.0,3083.618,27.76119251,27.34214567514802,27.340145442618486,27.329880222437087,27.329880222437087,-0.43131228756291407
3,10.0,3084.1,27.75549923,27.34993477758143,27.348364718004248,27.337940676613794,27.337940676613794,-0.4175585533862076
3,10.0,3084.583,27.76218053,27.357766225658608,27.356622634670234,27.34604112664183,27.34604112664183,-0.41613940335816935
3,10.0,3085.065,27.75166237,27.365607176863573,27.364884497252294,27.354147553568215,27.354147553568215,-0.39751481643178366
3,10.0,3085.547,27.77367387,27.37347340399156,27.373166880834294,27.362276228615478,27.362276228615478,-0.4113976413845215
3,10.0,3086.029,27.79271098,27.38136449161579,27.38146928587924,27.37042667572362,27.37042667572362,-0.42228430427637775
3,10.0,3086.511,27.79482337,27.389280023351123,27.3897912132489,27.37859841879851,27.37859841879851,-0.41622495120148884
3,10.0,3086.993,27.79549716,27.397219581875504,27.398132164239275,27.386790981744326,27.386790981744326,-0.4087061782556738
3,10.0,3087.475,27.79493521,27.405182748951567,27.40649164061578,27.395003888495708,27.395003888495708,-0.39993132150429034
3,10.0,3087.957,27.80617081,27.41316910544822,27.414869144648033,27.4032366630497,27.4032366630497,-0.40293414695030094
3,10.0,3088.439,27.80087064,27.421178231362212,27.423264179144276,27.411488829497454,27.411488829497454,-0.3893818105025453
3,10.0,3088.922,27.82953345,27.429226391588877,27.431693717271916,27.41977709131136,27.41977709131136,-0.40975635868863947
3,10.0,3089.404,27.82368702,27.437279838000286,27.440122357241528,27.42806665211796,27.42806665211796,-0.39562036788204225
3,10.0,3089.886,27.83226814,27.445354787925933,27.448567038644292,27.436374176984348,27.436374176984348,-0.39589396301565216
3,10.0,3090.368,27.84100033,27.45345081808928,27.45702726678232,27.444699190691516,27.444699190691516,-0.3963011393084841
3,10.0,3090.85,27.82999004,27.461567504450223,27.46550254766354,27.45304121826988,27.45304121826988,-0.37694882173011734
3,10.0,3091.332,27.83931382,27.46970442222684,27.473992388034148,27.46139978502969,27.46139978502969,-0.37791403497030984
3,10.0,3091.814,27.84048131,27.477861145917238,27.48249629541059,27.469774416591136,27.469774416591136,-0.3707068934088653
3,10.0,3092.296,27.87836367,27.48603724932134,27.49101377811127,27.47816463891428,27.47816463891428,-0.4001990310857195
3,10.0,3092.779,27.87637649,27.494249327159068,27.49956205682116,27.486587432177945,27.486587432177945,-0.3897890578220533
3,10.0,3093.261,27.86680863,27.502462946696298,27.508105244110318,27.49500744530171,27.49500744530171,-0.3718011846982918
3,10.0,3093.743,27.88754371,27.510694662487538,27.51666053578801,27.503441628421143,27.503441628421143,-0.38410208157885606
3,10.0,3094.225,27.88533289,27.518944045757372,27.525227443691875,27.511889509150834,27.511889509150834,-0.3734433808491673
3,10.0,3094.707,27.91090858,27.52721066714162,27.533805480614472,27.520350615591077,27.520350615591077,-0.39055796440892365
3,10.0,3095.189,27.90598325,27.53549409670927,27.542394160332837,27.528824476356384,27.528824476356384,-0.3771587736436146
3,10.0,3095.671,27.9206398,27.543793903984486,27.550992997637692,27.537310620603698,27.537310620603698,-0.38332917939630207
3,10.0,3096.153,27.91981342,27.5521096579684,27.559601508362086,27.545808578060264,27.545808578060264,-0.3740048419397368
3,10.0,3096.635,27.9316674,27.560440927161245,27.568219209410028,27.554317879051396,27.554317879051396,-0.3773495209486022
3,10.0,3097.118,27.94134909,27.56880461104708,27.576863524617703,27.562855742219416,27.562855742219416,-0.37849334778058363
3,10.0,3097.6,27.93015731,27.57716564421032,27.585498178018188,27.571386344887696,27.571386344887696,-0.3587709651123028
3,10.0,3098.082,27.9329125,27.58554089439847,27.59414057816388,27.57992688495823,27.57992688495823,-0.35298561504177073
3,10.0,3098.564,27.97230761,27.59392992832678,27.602790246521536,27.588476895421913,27.588476895421913,-0.3838307145780888
3,10.0,3099.046,27.96760567,27.602332312319543,27.611446705765516,27.597035910002383,27.597035910002383,-0.3705697599976183
3,10.0,3099.528,27.97061389,27.610747612331995,27.620109479803936,27.605603463182245,27.605603463182245,-0.3650104268177543
3,10.0,3100.01,27.95579575,27.619175393972473,27.628778093804662,27.614179090228987,27.614179090228987,-0.3416166597710131
3,10.0,3100.492,27.97794756,27.6276152225243,27.637452074220644,27.622762327220588,27.622762327220588,-0.3551852327794123
3,10.0,3100.975,27.99849689,27.636084208845254,27.646148959539687,27.631370540552467,27.631370540552467,-0.3671263494475312
3,10.0,3101.457,27.98523186,27.644546848615278,27.654832266099653,27.639967622425317,27.639967622425317,-0.34526423757468194
3,10.0,3101.939,28.00622031,27.653020228513085,27.663519525421865,27.648570926636694,27.648570926636694,-0.3576493833633059
3,10.0,3102.421,28.00739158,27.661503912741864,27.672210269350753,27.657179992760017,27.657179992760017,-0.3502115872399827
3,10.0,3102.903,28.02076288,27.669997465289843,27.680904031138006,27.6657943613036,27.6657943613036,-0.3549685186963991
3,10.0,3103.385,28.00140908,27.67850044995246,27.689600345465987,27.674413573734935,27.674413573734935,-0.3269955062650638
3,10.0,3103.867,28.02129407,27.687012430354308,27.698298748470677,27.683037172504317,27.683037172504317,-0.33825689749568255
3,10.0,3104.349,28.03121131,27.695532969971026,27.706998777764177,27.691664701068554,27.691664701068554,-0.33954660893144606
3,10.0,3104.832,28.02346379,27.704079334611794,27.715718025620745,27.700313613855194,27.700313613855194,-0.32315017614480723
3,10.0,3105.313,28.03345788,27.712597980139652,27.72440187318043,27.70892972658078,27.70892972658078,-0.3245281534192195
3,10.0,3105.796,28.05346392,27.721159309633535,27.733122076298955,27.7175842362717,27.7175842362717,-0.33587968372829735
3,10.0,3106.278,28.04091776,27.729709732337767,27.7418240162595,27.72622294343998,27.72622294343998,-0.31469481656002074
3,10.0,3106.76,28.04861603,27.738266529265097,27.75052529253696,27.73486331265599,27.73486331265599,-0.31375271734401267
3,10.0,3107.242,28.05739958,27.74682926345942,27.75922545205858,27.743504893898017,27.743504893898017,-0.3138946861019818
3,10.0,3107.724,28.0582415,27.755397497969483,27.76792404337605,27.752147238308567,27.752147238308567,-0.3060942616914346
3,10.0,3108.206,28.04761403,27.7639707958708,27.77662061668528,27.760789898215776,27.760789898215776,-0.28682413178422195
3,10.0,3108.688,28.07672224,27.772548720287507,27.785314723845673,27.76943242715452,27.76943242715452,-0.30728981284547885
3,10.0,3109.17,28.06440116,27.781130834414306,27.79400591839932,27.77807437988759,27.77807437988759,-0.2863267801124074
3,10.0,3109.653,28.0728663,27.78973451813894,27.80271177635047,27.786733238304237,27.786733238304237,-0.28613306169576447
3,10.0,3110.135,28.09595295,27.798323708088112,27.81139580479646,27.79537270443394,27.79537270443394,-0.30058024556606
3,10.0,3110.617,28.10949409,27.806915777067672,27.820075590629106,27.804010265303802,27.804010265303802,-0.3054838246961964
3,10.0,3111.099,28.11299967,27.815510288773098,27.828750694308127,27.8126454807946,27.8126454807946,-0.30035418920540025
3,10.0,3111.581,28.08652299,27.824106807079502,27.83742067806595,27.821277912115715,27.821277912115715,-0.2652450778842841
3,10.0,3112.063,28.09461399,27.832704896063344,27.846085105924622,27.82990712182448,27.82990712182448,-0.26470686817551936
3,10.0,3112.545,28.12074669,27.841304120024212,27.8547435437125,27.838532673845314,27.838532673845314,-0.2822140161546862
3,10.0,3113.027,28.13186631,27.8499040435065,27.863395559080608,27.847154133488658,27.847154133488658,-0.2847121765113414
3,10.0,3113.51,28.14866467,27.858522074007308,27.872058650118802,27.855788939921535,27.855788939921535,-0.2928757300784639
3,10.0,3113.992,28.15727209,27.86712209044719,27.880696515418766,27.864400905644192,27.864400905644192,-0.29287118435580695
3,10.0,3114.474,28.16744978,27.875721500825534,27.88932667146193,27.873007482529353,27.873007482529353,-0.29444229747064554
3,10.0,3114.956,28.15838866,27.88431987088297,27.89794869334994,27.88160824161754,27.88160824161754,-0.2767804183824616
3,10.0,3115.438,28.18195442,27.892916766713043,27.90656215808352,27.890202755425715,27.890202755425715,-0.29175166457428503
3,10.0,3115.92,28.18661839,27.901511754783638,27.915166644576924,27.898790597964485,27.898790597964485,-0.28782779203551456
3,10.0,3116.402,28.17216658,27.91010440195859,27.92376173367179,27.90737134475524,27.90737134475524,-0.26479523524475823
3,10.0,3116.884,28.18854519,27.918694275519048,27.932347008150945,27.915944572846904,27.915944572846904,-0.27260061715309547
3,10.0,3117.366,28.2091581,27.927280943184943,27.940922052751688,27.924509860832487,27.924509860832487,-0.28464823916751314
3,10.0,3117.849,28.19740823,27.935881776171662,27.949504211297224,27.933084532847495,27.933084532847495,-0.2643236971525056
3,10.0,3118.331,28.20380237,27.944460728179966,27.958057534874868,27.941632664011696,27.941632664011696,-0.2621697059883026
3,10.0,3118.813,28.20069634,27.95303517940624,27.96659939379442,27.95017159941223,27.95017159941223,-0.2505247405877711
3,10.0,3119.295,28.22418385,27.961604699539933,27.975129380742487,27.958700923982278,27.958700923982278,-0.2654829260177216
3,10.0,3119.777,28.20350078,27.97016885881585,27.9836470904222,27.967220224278094,27.967220224278094,-0.23628055572190476
3,10.0,3120.259,28.23062051,27.978727228035275,27.992152119564786,27.975729088494138,27.975729088494138,-0.25489142150586375
3,10.0,3120.741,28.21677648,27.98727937858707,28.000644066940673,27.984227106477718,27.984227106477718,-0.2325493735222821
3,10.0,3121.223,28.24075745,27.995824882468924,28.00912253337045,27.992713869743795,27.992713869743795,-0.24804358025620488
3,10.0,3121.706,28.23077812,28.004381019243368,28.01760466842143,28.001206542284308,28.001206542284308,-0.22957157771569214
3,10.0,3122.188,28.25122621,28.012911932313486,28.02605495365232,28.009669551947045,28.009669551947045,-0.24155665805295357
3,10.0,3122.67,28.26555225,28.021434917686065,28.03449057199081,28.01812009074891,28.01812009074891,-0.2474321592510904
3,10.0,3123.152,28.25433499,28.02994955000516,28.04291113256525,28.026557757019265,28.026557757019265,-0.22777723298073482
3,10.0,3123.634,28.26212552,28.03845540462847,28.051316246604152,28.034982150824153,28.034982150824153,-0.22714336917584887
3,10.0,3124.116,28.27092578,28.04695205764805,28.059705527445296,28.043392873979528,28.043392873979528,-0.22753290602047116
3,10.0,3124.598,28.25870733,28.055439085911086,28.068078590544616,28.05178953006401,28.05178953006401,-0.20691779993599013
3,10.0,3125.08,28.29441267,28.06391606704065,28.07643505348479,28.060171724431687,28.060171724431687,-0.2342409455683132
3,10.0,3125.562,28.28936669,28.072382579456296,28.084774535983527,28.06853906422438,28.06853906422438,-0.22082762577561965
3,10.0,3126.045,28.30903327,28.08085573356992,28.093113907413432,28.07690847026204,28.07690847026204,-0.23212479973796007
3,10.0,3126.527,28.317307,28.089300023206192,28.10141825957929,28.0852448967015,28.0852448967015,-0.23206210329849952
3,10.0,3127.009,28.30574712,28.097732583503692,28.10970450257251,28.09356530003724,28.09356530003724,-0.2121818199627583
3,10.0,3127.491,28.31549616,28.10615299627544,28.117972264733005,28.101869294685837,28.101869294685837,-0.2136268653141613
3,10.0,3127.973,28.3291293,28.114560844233477,28.12622117657313,28.110156496910253,28.110156496910253,-0.21897280308974842
3,10.0,3128.455,28.33277408,28.122955711009222,28.134450870784452,28.118426524831033,28.118426524831033,-0.21434755516896686
3,10.0,3128.937,28.35318653,28.131337181173713,28.14266098224415,28.12667899843711,28.12667899843711,-0.22650753156288772
3,10.0,3129.419,28.34504167,28.139704840257785,28.15085114802126,28.13491353959641,28.13491353959641,-0.21012813040358935
3,10.0,3129.902,28.3441646,28.14807559047659,28.159037935940663,28.14314679889983,28.14314679889983,-0.20101780110016776
3,10.0,3130.384,28.35225033,28.156414357136963,28.16718708711182,28.151344309187706,28.151344309187706,-0.20090602081229392
3,10.0,3130.866,28.36130616,28.164738074416956,28.175315216279515,28.159522763238694,28.159522763238694,-0.2017833967613072
3,10.0,3131.348,28.35542159,28.173046331889697,28.183421969341506,28.167681790542396,28.167681790542396,-0.18773979945760289
3,10.0,3131.83,28.36277475,28.181338720188258,28.191506994414695,28.175821022517354,28.175821022517354,-0.1869537274826456
3,10.0,3132.312,28.36318722,28.189614831025413,28.19956994183964,28.183940092520174,28.183940092520174,-0.17924712747982596
3,10.0,3132.794,28.36891973,28.197874257213503,28.207610464185265,28.192038635854818,28.192038635854818,-0.17688109414518038
3,10.0,3133.276,28.38409694,28.20611659268409,28.215628216252988,28.20011628978137,28.20011628978137,-0.1839806502186292
3,10.0,3133.759,28.39539972,28.214358478023563,28.223639417205522,28.20818938571671,28.20818938571671,-0.18721033428328937
3,10.0,3134.24,28.38730526,28.222548372912392,28.231594039946998,28.21620748828368,28.21620748828368,-0.17109777171632246
3,10.0,3134.723,28.36796878,28.23075398087815,28.2395578957741,28.2242369182845,28.2242369182845,-0.14373186171550145
3,10.0,3135.205,28.38338154,28.238923876642733,28.24748110912381,28.232227379928236,28.232227379928236,-0.15115416007176208
3,10.0,3135.687,28.39691593,28.24707466799047,28.255379859133246,28.240195167374985,28.240195167374985,-0.15672076262501378
3,10.0,3136.169,28.39184901,28.25520595598011,28.2632538140805,28.24813992980191,28.24813992980191,-0.14370908019809292
3,10.0,3136.651,28.42220707,28.263317342925394,28.271102644499784,28.25606131839917,28.25606131839917,-0.16614575160082978
3,10.0,3137.133,28.41774783,28.271408432414233,28.278926023183928,28.26395898637713,28.26395898637713,-0.15378884362286982
3,10.0,3137.615,28.42140557,28.279478829327743,28.28672362518671,28.27183258897363,28.27183258897363,-0.1495729810263704
3,10.0,3138.097,28.42545971,28.287528139859162,28.29449512782496,28.279681783460788,28.279681783460788,-0.1457779265392105
3,10.0,3138.58,28.42801631,28.29557260418637,28.302256251632677,28.28752243648009,28.28752243648009,-0.14049387351991172
3,10.0,3139.062,28.44103335,28.303578520097012,28.309974540751803,28.29532174233676,28.29532174233676,-0.14571160766324098
3,10.0,3139.544,28.43424021,28.31156217545916,28.317665775400258,28.30309562347704,28.30309562347704,-0.13114458652295724
3,10.0,3140.026,28.43855352,28.319523181905396,28.3253296419689,28.31084374538048,28.31084374538048,-0.12770977461951816
3,10.0,3140.508,28.4358085,28.327461152474026,28.332965829119313,28.318565775592937,28.318565775592937,-0.11724272440706329
3,10.0,3140.99,28.44007279,28.33537570162761,28.340574027784676,28.3262613837324,28.3262613837324,-0.11381140626759745
3,10.0,3141.472,28.46602215,28.343266445271283,28.348153931170607,28.33393024149477,28.33393024149477,-0.132091908505231
3,10.0,3141.954,28.45018541,28.351133000771053,28.35570523475572,28.34157202265923,28.34157202265923,-0.10861338734077108
3,10.0,3142.437,28.45243617,28.358991230849593,28.363243212682175,28.34920217185672,28.34920217185672,-0.10323399814327772
3,10.0,3142.919,28.47761015,28.366808215939294,28.370736351300184,28.3567887716735,28.3567887716735,-0.1208213783265002
3,10.0,3143.401,28.49104194,28.374599873147314,28.378199989579485,28.36434732812105,28.36434732812105,-0.12669461187894981
3,10.0,3143.883,28.49106142,28.3823658258678,28.385633832098044,28.371877523368006,28.371877523368006,-0.11918389663199491
3,10.0,3144.365,28.47786875,28.390105699045996,28.393037585707297,28.37937904169137,28.37937904169137,-0.09848970830863024
3,10.0,3144.847,28.48616565,28.397819119196086,28.400410959531712,28.38685156948104,28.38685156948104,-0.09931408051896184
3,10.0,3145.329,28.49967311,28.405505714418858,28.40775366496828,28.394294795244086,28.394294795244086,-0.10537831475591375
3,10.0,3145.811,28.50297225,28.41316511441935,28.415065415685763,28.401708409609036,28.401708409609036,-0.10126384039096337
3,10.0,3146.293,28.53008602,28.42079695052425,28.422345927623766,28.40909210532979,28.40909210532979,-0.12099391467020837
3,10.0,3146.776,28.5273962,28.428416602148452,28.429609925433226,28.416460801827498,28.416460801827498,-0.11093539817250075
3,10.0,3147.258,28.54368976,28.43599215193152,28.436827050445387,28.42378368339581,28.42378368339581,-0.11990607660418817
3,10.0,3147.74,28.5353586,28.443539040950295,28.444012097538682,28.43107573675055,28.43107573675055,-0.10428286324944835
3,10.0,3148.222,28.52959568,28.45105690719506,28.451164791729447,28.438336663189194,28.438336663189194,-0.09125901681080606
3,10.0,3148.704,28.53798028,28.458545390363987,28.45828486029835,28.445566166152556,28.445566166152556,-0.09241411384744325
3,10.0,3149.186,28.55164632,28.466004131880005,28.46537203278875,28.45276395122798,28.45276395122798,-0.09888236877202061
3,10.0,3149.668,28.5575721,28.473432774907728,28.47242604100477,28.45992972615231,28.45992972615231,-0.09764237384769103
3,10.0,3150.15,28.55853823,28.480830964370103,28.47944661900929,28.467063200814756,28.467063200814756,-0.09147502918524353
3,10.0,3150.633,28.5593488,28.488213599723494,28.486447963525762,28.474178785315225,28.474178785315225,-0.08517001468477403
3,10.0,3151.115,28.5487591,28.495549758932718,28.493400821603803,28.48124672924564,28.48124672924564,-0.06751237075436123
3,10.0,3151.597,28.56194422,28.502854409338124,28.50031946465488,28.488281514936407,28.488281514936407,-0.07366270506359385
3,10.0,3152.079,28.56039954,28.51012720306541,28.507203635759453,28.49528286091666,28.49528286091666,-0.06511667908333862
3,10.0,3152.561,28.57365255,28.517367794080922,28.514053080245034,28.50225048788013,28.50225048788013,-0.07140206211986921
3,10.0,3153.043,28.58095229,28.524575838207756,28.520867545683394,28.50918411868732,28.50918411868732,-0.0717681713126801
3,10.0,3153.525,28.58867432,28.531750993141785,28.527646781887867,28.516083478367413,28.516083478367413,-0.07259084163258578
3,10.0,3154.007,28.58548326,28.538892918467575,28.534390540910287,28.522948294120013,28.522948294120013,-0.06253496587998697
3,10.0,3154.49,28.60610287,28.546015988175533,28.541112456822365,28.529792429067705,28.529792429067705,-0.07631044093229633
3,10.0,3154.972,28.59713271,28.553090369982193,28.547784451704807,28.536587274190687,28.536587274190687,-0.060545435809313375
3,10.0,3155.454,28.60621104,28.560130511732044,28.554420238463244,28.54334676947417,28.54334676947417,-0.06286427052583221
3,10.0,3155.936,28.62841341,28.567136080725714,28.56101957807715,28.55007065082,28.55007065082,-0.07834275917999989
3,10.0,3156.418,28.62385179,28.57410674623065,28.56758223374837,28.556758656307764,28.556758656307764,-0.0670931336922358
3,10.0,3156.9,28.63841246,28.581042179496322,28.57410797089767,28.56341052619593,28.56341052619593,-0.07500193380407083
3,10.0,3157.382,28.61603612,28.58794205376953,28.580596557161087,28.570026002922898,28.570026002922898,-0.046010117077102564
3,10.0,3157.864,28.6290511,28.594806044309358,28.587047762386206,28.576604831107808,28.576604831107808,-0.052446268892193615
3,10.0,3158.346,28.65142857,28.601633828402093,28.593461358628446,28.583146757551333,28.583146757551333,-0.06828181244866727
3,10.0,3158.829,28.64184431,28.608439136929796,28.5998503083836,28.589664987824346,28.589664987824346,-0.05217932217565391
3,10.0,3159.311,28.66942955,28.61519347139747,28.606187932448133,28.59613228206291,28.59613228206291,-0.07329726793708957
3,10.0,3159.793,28.64503701,28.62191064293407,28.612487276446743,28.602561927548383,28.602561927548383,-0.042475082451616686
3,10.0,3160.275,28.64820423,28.628590337086713,28.618748121231064,28.60895367981795,28.60895367981795,-0.03925055018205015
3,10.0,3160.757,28.64831146,28.635232241502912,28.62497024984046,28.61530729659284,28.61530729659284,-0.03300416340715984
3,10.0,3161.239,28.65414399,28.64183604594487,28.63115344749766,28.621622537778304,28.621622537778304,-0.032521452221697444
3,10.0,3161.721,28.65644432,28.64840144230359,28.637297501604543,28.627899165463873,28.627899165463873,-0.028545154536125494
3,10.0,3162.203,28.651017,28.654928124613022,28.643402201737718,28.634136943923274,28.634136943923274,-0.016880056076725936
3,10.0,3162.686,28.64848371,28.661429208180085,28.64947988164957,28.64034845919157,28.64034845919157,-0.008135250808429362
3,10.0,3163.167,28.65639491,28.667864134017577,28.655492709236203,28.646495021178843,28.646495021178843,-0.009899888821156111
3,10.0,3163.65,28.66567175,28.67428611474147,28.661490482733555,28.652627514939105,28.652627514939105,-0.013044235060895915
3,10.0,3164.132,28.64710855,28.68065484141468,28.66743562251881,28.65870750016464,28.65870750016464,0.011598950164639632
3,10.0,3164.614,28.64786542,28.686983356225202,28.673340388264727,28.664747489825224,28.664747489825224,0.016882069825225443
3,10.0,3165.096,28.66402393,28.69327136635735,28.67920458250532,28.670747261299326,28.670747261299326,0.006723331299326674
3,10.0,3165.578,28.6624663,28.699518581233413,28.685028009917023,28.676706594147188,28.676706594147188,0.014240294147189303
3,10.0,3166.06,28.67481088,28.705724712526735,28.69081047731382,28.68262527011011,28.68262527011011,0.007814390110109315
3,10.0,3166.542,28.66945372,28.711889474174626,28.696551793642346,28.688503073109644,28.688503073109644,0.01904935310964362
3,10.0,3167.024,28.68905569,28.718012582391374,28.702251769977046,28.694339789246914,28.694339789246914,0.005284099246914309
3,10.0,3167.507,28.69952273,28.724106328437614,28.707921915741558,28.700147187413975,28.700147187413975,0.0006244574139735448
3,10.0,3167.989,28.71170803,28.730145199736036,28.713538567069207,28.70590101051056,28.70590101051056,-0.005807019489441956
3,10.0,3168.471,28.71289907,28.736141579461997,28.719113323966468,28.711613117687673,28.711613117687673,-0.0012859523123260885
3,10.0,3168.953,28.72883463,28.74209519306821,28.724646005973163,28.71728330375914,28.71728330375914,-0.011551326240862636
3,10.0,3169.435,28.71524639,28.748005768346722,28.730136434731648,28.722911365713014,28.722911365713014,0.007664975713012723
3,10.0,3169.917,28.72450451,28.75387303544105,28.73558443398172,28.72849710271041,28.72849710271041,0.003992592710410747
3,10.0,3170.399,28.72784965,28.75969672685808,28.74098982955539,28.73404031608414,28.73404031608414,0.006190666084140872
3,10.0,3170.881,28.7446817,28.7654765774801,28.74635244937169,28.73954080933739,28.73954080933739,-0.005140890662609365
3,10.0,3171.364,28.72976481,28.7712241784401,28.751683115340832,28.745009666176756,28.745009666176756,0.015244856176757082
3,10.0,3171.846,28.74265234,28.776915469368316,28.75695958610088,28.75042404874172,28.75042404874172,0.007771708741721284
3,10.0,3172.328,28.74044272,28.782562137984094,28.762192776988492,28.75579513431136,28.75579513431136,0.015352414311358586
3,10.0,3172.81,28.7503129,28.78816392879194,28.767382524222562,28.7611227350599,28.7611227350599,0.010809835059898631
3,10.0,3173.292,28.73841711,28.79372058872911,28.772528666082618,28.76640666532419,28.76640666532419,0.027989555324190007
3,10.0,3173.774,28.73369296,28.799231867176594,28.777631042903476,28.771646741602034,28.771646741602034,0.03795378160203455
3,10.0,3174.256,28.72212587,28.804697515970247,28.78268949706994,28.776842782550425,28.776842782550425,0.054716912550425434
3,10.0,3174.738,28.73494191,28.81011728941148,28.787703873011345,28.7819946089837,28.7819946089837,0.0470526989837019
3,10.0,3175.22,28.72121587,28.815490944277986,28.79267401719627,28.787102043871784,28.787102043871784,0.06588617387178175
3,10.0,3175.703,28.73533562,28.820829243958766,28.797609951307855,28.792175369767786,28.792175369767786,0.05683974976778572
3,10.0,3176.185,28.74378747,28.82610984504563,28.802491086969916,28.79719340608974,28.79719340608974,0.05340593608973876
3,10.0,3176.667,28.73284272,28.831343612367363,28.807327542158703,28.802166532338365,28.802166532338365,0.06932381233836438
3,10.0,3177.149,28.73021708,28.83653031271655,28.812119171449837,28.807094580090645,28.807094580090645,0.07687750009064587
3,10.0,3177.631,28.7468735,28.841669715413623,28.816865831431116,28.811977383069163,28.811977383069163,0.06510388306916326
3,10.0,3178.113,28.73898279,28.846761592316806,28.82156738069711,28.816814777139932,28.816814777139932,0.07783198713993045
3,10.0,3178.595,28.76773146,28.851805717831837,28.826223679843714,28.821606600310325,28.821606600310325,0.05387514031032481
3,10.0,3179.077,28.75804822,28.85680186892171,28.830834591462782,28.82635269272685,28.82635269272685,0.06830447272685092
3,10.0,3179.56,28.7688453,28.861760040335312,28.835409404483542,28.831062600324167,28.831062600324167,0.062217300324167724
3,10.0,3180.042,28.7674004,28.866659483073704,28.839929041919596,28.835716664530516,28.835716664530516,0.06831626453051598
3,10.0,3180.524,28.77734215,28.87151029726939,28.844402891254454,28.840324530918803,28.840324530918803,0.06298238091880393
3,10.0,3181.006,28.77918735,28.87631227021322,28.848830823013657,28.844886048173947,28.844886048173947,0.06569869817394647
3,10.0,3181.488,28.77942185,28.881065191799465,28.85321270969168,28.849401067108573,28.849401067108573,0.06997921710857469
3,10.0,3181.97,28.76810673,28.885768854534632,28.857548425746497,28.853869440660624,28.853869440660624,0.08576271066062446
3,10.0,3182.452,28.77317785,28.890423053546158,28.861837847594263,28.85829102389099,28.85829102389099,0.08511317389099204
3,10.0,3182.934,28.77386864,28.89502758659095,28.866080853603883,28.862665673981,28.862665673981,0.08879703398099892
3,10.0,3183.417,28.75594812,28.899591651609228,28.870285982006514,28.86700217957439,28.86700217957439,0.11105405957438919
3,10.0,3183.899,28.78199701,28.904096152484144,28.874435702319047,28.871282445303677,28.871282445303677,0.08928543530367605
3,10.0,3184.381,28.77382933,28.908550396123168,28.878538653325336,28.875515361853928,28.875515361853928,0.10168603185392655
3,10.0,3184.863,28.77128086,28.912954190889472,28.882594721156195,28.879700794867993,28.879700794867993,0.1084199348679924
3,10.0,3185.345,28.77816051,28.917307347816546,28.88660379386861,28.883838612096657,28.883838612096657,0.10567810209665751
3,10.0,3185.827,28.78806861,28.921609680615738,28.890565761440566,28.88792868339612,28.88792868339612,0.09986007339611902
3,10.0,3186.309,28.7731686,28.925861005683984,28.894480515765743,28.891970880725385,28.891970880725385,0.11880228072538301
3,10.0,3186.791,28.79290582,28.9300611421112,28.89834795064833,28.895965078143668,28.895965078143668,0.10305925814366645
3,10.0,3187.273,28.81521253,28.934209911687613,28.90216796179783,28.899911151807736,28.899911151807736,0.08469862180773546
3,10.0,3187.756,28.81293359,28.938315585683895,28.905948224083033,28.90381701651536,28.90381701651536,0.09088342651536152
3,10.0,3188.238,28.81982484,28.94236099029571,28.909672983576762,28.907666379052966,28.907666379052966,0.08784153905296677
3,10.0,3188.72,28.79859618,28.946354509350186,28.913350017643623,28.911467258624082,28.911467258624082,0.11287107862408163
3,10.0,3189.202,28.79093906,28.950295975514706,28.91697922956688,28.9152195397537,28.9152195397537,0.12428047975370049
3,10.0,3189.684,28.82320441,28.954185224191413,28.92056052450952,28.91892310905108,28.91892310905108,0.09571869905107988
3,10.0,3190.166,28.81879689,28.958022093523688,28.92409380950921,28.922577855207024,28.922577855207024,0.10378096520702229
3,10.0,3190.648,28.80627206,28.96180642440244,28.927578993473333,28.926183668991257,28.926183668991257,0.11991160899125575
3,10.0,3191.13,28.80303566,28.96553806047235,28.931015987174035,28.92974044324967,28.92974044324967,0.1267047832496715
3,10.0,3191.613,28.82135658,28.969224425436565,28.934411683530435,28.933255298984065,28.933255298984065,0.11189871898406523
3,10.0,3192.094,28.82038335,28.972842636569062,28.937745056167813,28.93670645493705,28.93670645493705,0.11632310493704878
3,10.0,3192.577,28.8274707,28.976422634478347,28.941043741547986,28.940122509731026,28.940122509731026,0.11265180973102673
3,10.0,3193.059,28.82718072,28.979941872328006,28.944287018273574,28.943481993083537,28.943481993083537,0.11630127308353622
3,10.0,3193.541,28.81953406,28.983407674811858,28.947481686232006,28.946791931987974,28.946791931987974,0.12725787198797534
3,10.0,3194.023,28.79419228,28.98681990222463,28.950627667285286,28.950052231694205,28.950052231694205,0.15585995169420386
3,10.0,3194.505,28.82950036,28.990178417654107,28.953724885126352,28.95326279950907,28.95326279950907,0.1237624395090684
3,10.0,3194.987,28.83231863,28.99348308698614,28.956773265274403,28.956423544793708,28.956423544793708,0.12410491479370833
3,10.0,3195.469,28.83921778,28.99673377890958,28.959772735070267,28.959534378960793,28.959534378960793,0.12031659896079461
3,10.0,3195.951,28.83041816,28.999930364920974,28.962723223671794,28.96259521547173,28.96259521547173,0.13217705547172898
3,10.0,3196.434,28.83317288,29.00307918227746,28.96563063059652,28.965612164094598,28.965612164094598,0.13243928409459826
3,10.0,3196.916,28.84105359,29.006167069313985,28.96848284955628,28.968572649698785,28.968572649698785,0.12751905969878408
3,10.0,3197.398,28.83770207,29.009200481573856,28.971285885518228,28.97148289013169,28.97148289013169,0.13378082013169035
3,10.0,3197.88,28.83282032,29.012179301835147,28.97403967486693,28.974342807026673,28.974342807026673,0.14152248702667336
3,10.0,3198.362,28.84208438,29.015103415705234,28.97674415578161,28.97715232405216,28.97715232405216,0.13506794405216027
3,10.0,3198.844,28.85467452,29.017972711624804,28.97939926823184,28.979911366908922,28.979911366908922,0.12523684690892267
3,10.0,3199.326,28.85523754,29.020787080871486,28.9820049539732,28.98261986332735,28.98261986332735,0.12738232332734967
3,10.0,3199.808,28.83879324,29.023546417563537,28.9845611565431,28.98527774306475,28.98527774306475,0.14648450306474814
3,10.0,3200.291,28.85140823,29.026256171655703,28.987072970274255,28.987890294287453,28.987890294287453,0.1364820642874527
3,10.0,3200.773,28.83602075,29.02890502227347,28.989529941280395,28.990446632668558,28.990446632668558,0.1544258826685585
3,10.0,3201.255,28.844561,29.03149853956976,28.99193727027195,28.992952155643778,28.992952155643778,0.14839115564377892
3,10.0,3201.737,28.85840806,29.034036629064225,28.994294907875613,28.995406801055168,28.995406801055168,0.1369987410551694
3,10.0,3202.219,28.84459892,29.036519199132975,28.99660280647935,28.99781050875818,28.99781050875818,0.15321158875818242
3,10.0,3202.701,28.84412485,29.038946161011243,28.998860920228417,29.000163220619015,29.000163220619015,0.15603837061901515
3,10.0,3203.183,28.85660611,29.04131742879605,29.001069205021487,29.002464880511955,29.002464880511955,0.1458587705119534
3,10.0,3203.665,28.87451146,29.04363291944862,29.00322761850677,29.004715434316736,29.004715434316736,0.13020397431673558
3,10.0,3204.147,28.86009102,29.045892552796644,29.00533612007823,29.006914829915885,29.006914829915885,0.14682380991588673
3,10.0,3204.63,28.85104865,29.048100765329593,29.00739888977435,29.00906742074757,29.00906742074757,0.15801877074757087
3,10.0,3205.112,28.84821673,29.050248338751512,29.009407348917527,29.01116424519128,29.01116424519128,0.1629475151912807
3,10.0,3205.594,28.83863834,29.05233983142625,29.011365784694256,29.013209766973894,29.013209766973894,0.17457142697389472
3,10.0,3206.076,28.8330699,29.05437517467351,29.013274163448045,29.01520394196711,29.01520394196711,0.1821340419671067
3,10.0,3206.558,28.85356755,29.05635430268879,29.015132453249826,29.017146728032394,29.017146728032394,0.16357917803239275
3,10.0,3207.04,28.85883462,29.058277152544825,29.016940623894588,29.019038085018476,29.019038085018476,0.16020346501847627
3,10.0,3207.522,28.85998552,29.060143664192836,29.018698646897825,29.02087797475869,29.02087797475869,0.16089245475869163
3,10.0,3208.004,28.85581869,29.061953780463707,29.020406495492235,29.022666361068552,29.022666361068552,0.16684767106855247
3,10.0,3208.487,28.85323058,29.063711026666017,29.022067531531775,29.024406759567782,29.024406759567782,0.1711761795677802
3,10.0,3208.969,28.85347294,29.065408074925042,29.023674853638923,29.026091931355865,29.026091931355865,0.1726189913558649
3,10.0,3209.451,28.856016,29.06704857348891,29.02523193126222,29.027725502967073,29.027725502967073,0.17170950296707232
3,10.0,3209.933,28.8585283,29.068632476721525,29.026738744473825,29.029307446124484,29.029307446124484,0.17077914612448453
3,10.0,3210.415,28.87102836,29.070159741869926,29.028195275046983,29.03083773452086,29.03083773452086,0.15980937452085797
3,10.0,3210.897,28.87226246,29.071630329064536,29.029601506452956,29.03231634381622,29.03231634381622,0.160053883816218
3,10.0,3211.379,28.85493265,29.073044201319362,29.030957423858013,29.033743251635368,29.033743251635368,0.17881060163536944
3,10.0,3211.861,28.84367849,29.074401324531888,29.032263014120502,29.035118437565544,29.035118437565544,0.19143994756554505
3,10.0,3212.344,28.83631097,29.07570430624685,29.033520817710667,29.036444575096034,29.036444575096034,0.20013360509603473
3,10.0,3212.826,28.86040896,29.07694772271268,29.034725616550837,29.037716156452504,29.037716156452504,0.17730719645250304
3,10.0,3213.308,28.85808645,29.07813430507754,29.035880058932328,29.03893596640416,29.03893596640416,0.18084951640416236
3,10.0,3213.79,28.84795814,29.079264030775832,29.036984138456994,29.040103992368174,29.040103992368174,0.19214585236817427
3,10.0,3214.272,28.82748871,29.08033688012314,29.038037850404855,29.041220223712312,29.041220223712312,0.21373151371231103
3,10.0,3214.754,28.83276423,29.081352836315453,29.039041191731545,29.042284651752677,29.042284651752677,0.2095204217526785
3,10.0,3215.236,28.8470844,29.08231188542801,29.03999416106575,29.043297269751413,29.043297269751413,0.19621286975141317
3,10.0,3215.718,28.82075658,29.08321401641421,29.040896758706694,29.04425807291438,29.04425807291438,0.22350149291438015
3,10.0,3216.2,28.82624385,29.084059221104248,29.04174898662174,29.045167058388998,29.045167058388998,0.21892320838899693
3,10.0,3216.683,28.82667031,29.084849070442672,29.04255245970573,29.046025949751556,29.046025949751556,0.21935563975155503
3,10.0,3217.165,28.82505687,29.085580291409883,29.043303856255378,29.04683119154362,29.04683119154362,0.2217743215436201
3,10.0,3217.647,28.82931311,29.08625457882095,29.044004898982575,29.04758461872451,29.04758461872451,0.2182715087245093
3,10.0,3218.129,28.83642919,29.086871936003178,29.04465559650739,29.04828623618956,29.04828623618956,0.2118570461895608
3,10.0,3218.611,28.82903019,29.08743236915197,29.045255959106676,29.04893605076463,29.04893605076463,0.21990586076463003
3,10.0,3219.093,28.82323514,29.08793588732857,29.045805998711984,29.049534071203972,29.049534071203972,0.2262989312039707
3,10.0,3219.575,28.81965909,29.088382502457804,29.046305728907512,29.050080308188097,29.050080308188097,0.23042121818809846
3,10.0,3220.057,28.83816149,29.088772229325585,29.04675516492813,29.050574774321724,29.050574774321724,0.21241328432172324
3,10.0,3220.54,28.83671862,29.089105717046372,29.047155099537115,29.051018348827277,29.051018348827277,0.2142997288272781
3,10.0,3221.021,28.8298882,29.089381091710173,29.047503223626013,29.051408454064642,29.051408454064642,0.22152025406464304
3,10.0,3221.504,28.8406488,29.089600666755594,29.04780245243075,29.051748352569838,29.051748352569838,0.2110995525698378
3,10.0,3221.986,28.85137348,29.089762927750304,29.048050792887295,29.052035792517795,29.052035792517795,0.20066231251779598
3,10.0,3222.468,28.8623888,29.08986841729675,29.048248940088257,29.052271553477084,29.052271553477084,0.1898827534770824
3,10.0,3222.95,28.85860039,29.089917167293695,29.048396919137392,29.052455659558273,29.052455659558273,0.1938552695582736
3,10.0,3223.432,28.84586115,29.08990921247983,29.048494756776844,29.052588136781914,29.052588136781914,0.2067269867819128
3,10.0,3223.914,28.84724426,29.089844590430125,29.048542481385525,29.052669013076564,29.052669013076564,0.2054247530765636
3,10.0,3224.396,28.84536213,29.08972334155213,29.048540122977677,29.052698318276835,29.052698318276835,0.20733618827683387
3,10.0,3224.878,28.85173395,29.089545509082114,29.04848771320143,29.052676084121497,29.052676084121497,0.20094213412149742
3,10.0,3225.361,28.84455806,29.08931059409907,29.048385020861783,29.052602137748593,29.052602137748593,0.20804407774859257
3,10.0,3225.843,28.83782541,29.08901961830484,29.048232506159707,29.05247682095908,29.05247682095908,0.21465141095907825
3,10.0,3226.325,28.8373884,29.08867220566901,29.04803004490092,29.052300071515813,29.052300071515813,0.21491167151581436
3,10.0,3226.807,28.84176457,29.088268410707038,29.04777767525922,29.052071928759197,29.052071928759197,0.2103073587591986
3,10.0,3227.289,28.82533262,29.087808290741613,29.047475437035956,29.051792433924426,29.051792433924426,0.22645981392442494
3,10.0,3227.771,28.80536125,29.08729190589801,29.04712337165885,29.05146163013965,29.05146163013965,0.24610038013964797
3,10.0,3228.253,28.81093518,29.08671931909922,29.046721522181016,29.051079562424174,29.051079562424174,0.24014438242417313
3,10.0,3228.735,28.80868403,29.08609059606099,29.04626993327988,29.05064627768668,29.05064627768668,0.24196224768668273
3,10.0,3229.218,28.81301056,29.085404326325683,29.045767559629205,29.050160766479955,29.050160766479955,0.23715020647995644
3,10.0,3229.7,28.81487271,29.084663423001874,29.045216529459033,29.04962508997408,29.04962508997408,0.23475237997407916
3,10.0,3230.182,28.81923761,29.08386659744704,29.044615903739064,29.049038348601762,29.049038348601762,0.22980073860176375
3,10.0,3230.664,28.82278052,29.083013926501152,29.043965733638387,29.048400596815473,29.048400596815473,0.22562007681547414
3,10.0,3231.146,28.82404577,29.08210548977,29.043266071946146,29.04771189094828,29.04771189094828,0.22366612094827687
3,10.0,3231.628,28.7986869,29.081141369619374,29.0425169730708,29.046972289212203,29.046972289212203,0.248285389212203
3,10.0,3232.11,28.81809767,29.080121651169165,29.04171849303949,29.04618185169648,29.04618185169648,0.22808418169648093
3,10.0,3232.592,28.8118891,29.079046422287274,29.040870689497417,29.045340640365964,29.045340640365964,0.23345154036596583
3,10.0,3233.074,28.83804473,29.07791577358344,29.039973621707297,29.044448719059343,29.044448719059343,0.20640398905934276
3,10.0,3233.557,28.8061231,29.076727280427995,29.039025336226945,29.043504145359364,29.043504145359364,0.23738104535936344
3,10.0,3234.039,28.80606535,29.07548596036093,29.038029822310275,29.0425108982447,29.0425108982447,0.2364455482446992
3,10.0,3234.521,28.80870482,29.074189508895977,29.036985231768302,29.041467144043015,29.041467144043015,0.23276232404301567
3,10.0,3235.003,28.81409977,29.07283802755121,29.035891630332316,29.040372954076076,29.040372954076076,0.22627318407607788
3,10.0,3235.485,28.81396653,29.07143162055354,29.034749085348913,29.039228401531375,29.039228401531375,0.22526187153137656
3,10.0,3235.967,28.82509911,29.069970394831742,29.033557665779785,29.03803356146056,29.03803356146056,0.21293445146055845
3,10.0,3236.449,28.8069271,29.068454460009317,29.03231744220138,29.03678851077779,29.03678851077779,0.2298614107777901
3,10.0,3236.931,28.80543081,29.066883928397253,29.03102848680475,29.035493328258227,29.035493328258227,0.23006251825822588
3,10.0,3237.414,28.80829575,29.065255487037017,29.029688047736016,29.034145251623933,29.034145251623933,0.2258495016239337
3,10.0,3237.896,28.80311343,29.063575996826977,29.028301751019384,29.03274994560974,29.03274994560974,0.22963651560974085
3,10.0,3238.378,28.7986783,29.06184226306304,29.026866948905216,29.03130475541122,29.03130475541122,0.2326264554112214
3,10.0,3238.86,28.80469254,29.060054408736498,29.02538372004498,29.029809767235562,29.029809767235562,0.22511722723556105
3,10.0,3239.342,28.78294599,29.058212559487885,29.023852144704282,29.028265069143117,29.028265069143117,0.24531907914311546
3,10.0,3239.824,28.79843711,29.056316843598985,29.022272304762918,29.026670751045867,29.026670751045867,0.2282336410458683
3,10.0,3240.306,28.79979108,29.054367391984627,29.02064428371493,29.025026904705875,29.025026904705875,0.22523582470587655
3,10.0,3240.788,28.79527247,29.052364338184468,29.018968166668706,29.023333623733762,29.023333623733762,0.228061153733762
3,10.0,3241.271,28.78131379,29.05030349623395,29.017240413477083,29.02158733697194,29.02158733697194,0.2402735469719417
3,10.0,3241.753,28.75987294,29.048193538646707,29.015468266889616,29.019795372894873,29.019795372894873,0.2599224328948715
3,10.0,3242.235,28.78519275,29.046030395452647,29.013648289505078,29.017954266301178,29.017954266301178,0.2327615163011778
3,10.0,3242.717,28.75526063,29.043814210610638,29.01178057289436,29.016064118184268,29.016064118184268,0.2608034881842691
3,10.0,3243.199,28.77441342,29.04154513066102,29.009865210243767,29.014125031378455,29.014125031378455,0.23971161137845698
3,10.0,3243.681,28.75535128,29.039223304716614,29.007902296355297,29.01213711055746,29.01213711055746,0.25678583055746174
3,10.0,3244.163,28.76932297,29.036848884453512,29.00589192764702,29.01010046223291,29.01010046223291,0.24077749223290823
3,10.0,3244.645,28.75061078,29.034422024101858,29.0038342021534,29.008015194752765,29.008015194752765,0.25740441475276654
3,10.0,3245.127,28.74647887,29.031942880436397,29.001729219525718,29.00588141829985,29.00588141829985,0.25940254829984966
3,10.0,3245.61,28.75391057,29.0294063071034,28.999572567067627,29.00369466732976,29.00369466732976,0.24978409732976203
3,10.0,3246.092,28.74097174,29.026822969629976,28.997373278082925,29.001464110758675,29.001464110758675,0.2604923707586764
3,10.0,3246.574,28.74853787,29.02418783468248,28.995127040841837,28.99918538699892,28.99918538699892,0.25064751699892085
3,10.0,3247.056,28.74871599,29.021501069122934,28.992833961470836,28.996858613561166,28.996858613561166,0.248142623561165
3,10.0,3247.538,28.75467947,29.01876284230911,28.990494147715616,28.99448390978324,28.99448390978324,0.23980443978324217
3,10.0,3248.02,28.74339037,29.01597332608447,28.988107708941634,28.992061396828575,28.992061396828575,0.24867102682857478
3,10.0,3248.502,28.75903705,29.013132694767894,28.985674756134703,28.98959119768467,28.98959119768467,0.2305541476846713
3,10.0,3248.984,28.74223393,29.01024112514331,28.983195401901625,28.987073437161484,28.987073437161484,0.24483950716148328
3,10.0,3249.467,28.72639169,29.007292639394635,28.98066447251548,28.98450287068857,28.98450287068857,0.2581111806885694
3,10.0,3249.948,28.73498424,29.004305890368325,28.978097947692675,28.98189574032021,28.98189574032021,0.24691150032020914
3,10.0,3250.431,28.74084074,29.001256224862544,28.975474601991735,28.97923049576893,28.97923049576893,0.23838975576893162
3,10.0,3250.913,28.72896706,28.998162614809928,28.972810705387758,28.97652367675985,28.97652367675985,0.24755661675985152
3,10.0,3251.395,28.73069426,28.995018987368848,28.970100994980484,28.97376994798288,28.97376994798288,0.2430756879828806
3,10.0,3251.877,28.73417891,28.9918255338946,28.967345593119518,28.97096944515323,28.97096944515323,0.23679053515322934
3,10.0,3252.359,28.71205646,28.988582448131737,28.964544623780192,28.96812230579735,28.96812230579735,0.2560658457973517
3,10.0,3252.841,28.72160425,28.985289926202867,28.961698212564208,28.965228669251232,28.965228669251232,0.24362441925123335
3,10.0,3253.323,28.70396431,28.981948166597185,28.95880648670046,28.962288676658787,28.962288676658787,0.2583243666587869
3,10.0,3253.805,28.70824049,28.978557370159045,28.955869575045824,28.959302470970087,28.959302470970087,0.2510619809700856
3,10.0,3254.288,28.70810867,28.97511055329404,28.952881374688907,28.95626385812824,28.95626385812824,0.24815518812823711
3,10.0,3254.77,28.71634663,28.971622194413307,28.9498543914754,28.95318556719371,28.95318556719371,0.23683893719370985
3,10.0,3255.252,28.69184998,28.968085415680775,28.94678261909607,28.950061503142877,28.950061503142877,0.2582115231428759
3,10.0,3255.734,28.70927318,28.964500427248833,28.943666192930667,28.94689181613704,28.94689181613704,0.23761863613703937
3,10.0,3256.216,28.68311828,28.960867441565796,28.940505249990828,28.943676658134983,28.943676658134983,0.2605583781349843
3,10.0,3256.698,28.70588699,28.957186673363765,28.93729992892088,28.940416182891088,28.940416182891088,0.2345291928910882
3,10.0,3257.18,28.71220032,28.953458339646346,28.934050369998612,28.93711054595358,28.93711054595358,0.2249102259535789
3,10.0,3257.662,28.68569143,28.949682659676327,28.930756715136095,28.933759904662615,28.933759904662615,0.24806847466261672
3,10.0,3258.145,28.69324575,28.945851875001836,28.927412137796203,28.930357327065416,28.930357327065416,0.2371115770654164
3,10.0,3258.627,28.67285375,28.941982072218135,28.924030632596384,28.926917063708768,28.926917063708768,0.254063313708766
3,10.0,3259.109,28.68380263,28.938065594870828,28.920605467312683,28.9234322790912,28.9234322790912,0.23962964909120288
3,10.0,3259.591,28.6799023,28.934102671138042,28.917136790405827,28.919903137705226,28.919903137705226,0.24000083770522807
3,10.0,3260.073,28.67271531,28.930093531393585,28.91362475197483,28.916329805825598,28.916329805825598,0.24361449582559658
3,10.0,3260.555,28.65801232,28.926038408193982,28.91006950375781,28.9127124515073,28.9127124515073,0.254700131507299
3,10.0,3261.037,28.67624901,28.92193753626537,28.906471199132795,28.909051244583452,28.909051244583452,0.23280223458345262
3,10.0,3261.519,28.66618386,28.917791152490302,28.902829993118463,28.90534635666328,28.90534635666328,0.2391624966632797
3,10.0,3262.001,28.66854677,28.913599495894427,28.899146042374912,28.901597961129937,28.901597961129937,0.23305119112993822
3,10.0,3262.484,28.65391846,28.909353971181616,28.895411729641793,28.897798321561307,28.897798321561307,0.24387986156130737
3,10.0,3262.966,28.64171746,28.905072401858945,28.891642678135334,28.893963348686967,28.893963348686967,0.25224588868696785
3,10.0,3263.448,28.63500624,28.900746290028003,28.887831362073054,28.890085399343484,28.890085399343484,0.25507915934348446
3,10.0,3263.93,28.6504148,28.896375883156352,28.88397794469163,28.88616465399157,28.88616465399157,0.235749853991571
3,10.0,3264.412,28.64030423,28.89196143078666,28.88008259087279,28.882201294854717,28.882201294854717,0.24189706485471518
3,10.0,3264.894,28.64895468,28.887503184522867,28.876145467144035,28.878195505916874,28.878195505916874,0.22924082591687522
3,10.0,3265.376,28.64862028,28.88300139801622,28.872166741679266,28.874147472920072,28.874147472920072,0.2255271929200724
3,10.0,3265.858,28.63004969,28.87845632695116,28.86814658429944,28.87005738336198,28.87005738336198,0.24000769336198147
3,10.0,3266.341,28.62866849,28.8738586656094,28.864076697524794,28.86591681058006,28.86591681058006,0.2372483205800613
3,10.0,3266.823,28.6519596,28.869227712085664,28.85997410730657,28.861743091136887,28.861743091136887,0.20978349113688566
3,10.0,3267.305,28.62280649,28.864554253659115,28.855830604888723,28.857527888535998,28.857527888535998,0.23472139853599927
3,10.0,3267.787,28.62466392,28.85983855400861,28.851646366689724,28.85327139727607,28.85327139727607,0.22860747727607134
3,10.0,3268.269,28.64703466,28.855080878774494,28.847421570777893,28.848973813598604,28.848973813598604,0.20193915359860526
3,10.0,3268.751,28.61754829,28.850281495543975,28.84315639687192,28.844635335485208,28.844635335485208,0.22708704548520942
3,10.0,3269.233,28.63623704,28.845440673836382,28.838851026341317,28.84025616265488,28.84025616265488,0.20401912265488065
3,10.0,3269.715,28.64617121,28.84055868508839,28.834505642206803,28.835836496561157,28.835836496561157,0.18966528656115855
3,10.0,3270.198,28.60291555,28.835625546871853,28.830111289915198,28.83136724562865,28.83136724562865,0.22845169562864953
3,10.0,3270.68,28.61736219,28.83066196196479,28.82568635219055,28.82686712134266,28.82686712134266,0.20950493134265713
3,10.0,3271.162,28.61347544,28.825658036259128,28.821221960226875,28.822327118962967,28.822327118962967,0.20885167896296863
3,10.0,3271.644,28.61782445,28.82061404871515,28.81671830365667,28.81774744685579,28.81774744685579,0.19992299685578985
3,10.0,3272.126,28.59125325,28.815530280135228,28.812175573765273,28.813128315107164,28.813128315107164,0.22187506510716304
3,10.0,3272.608,28.60971858,28.810407013148485,28.807593963490923,28.808469935519618,28.808469935519618,0.19875135551961876
3,10.0,3273.09,28.60912072,28.805244532195445,28.80297366742501,28.803772521609133,28.803772521609133,0.1946518016091332
3,10.0,3273.572,28.60054716,28.800043123512534,28.79831488181211,28.799036288601812,28.799036288601812,0.19848912860181045
3,10.0,3274.054,28.58483077,28.794803075116562,28.793617804550074,28.794261453430572,28.794261453430572,0.20943068343057192
3,10.0,3274.537,28.5992577,28.78951368609254,28.788872771729913,28.789438209053905,28.789438209053905,0.19018050905390638
3,10.0,3275.019,28.58058717,28.784197150709083,28.78409963307473,28.78458674821742,28.78458674821742,0.2039995782174202
3,10.0,3275.501,28.58622567,28.778842850798817,28.779288806805994,28.77969734668502,28.77969734668502,0.19347167668501797
3,10.0,3275.983,28.55286266,28.773451081346547,28.774440497437624,28.774770228186,28.774770228186,0.22190756818600121
3,10.0,3276.465,28.58773224,28.768022139038546,28.769554911136346,28.769805618138896,28.769805618138896,0.18207337813889524
3,10.0,3276.947,28.58195125,28.76255632224646,28.76463225572139,28.76480374364781,28.76480374364781,0.1828524936478111
3,10.0,3277.429,28.57825412,28.757053931011306,28.759672740664215,28.759764833498593,28.759764833498593,0.18151071349859293
3,10.0,3277.911,28.55970428,28.751515267027287,28.75467657708814,28.754689118155063,28.754689118155063,0.19498483815506518
3,10.0,3278.394,28.56577513,28.745929030817223,28.749633498964066,28.749566185491844,28.749566185491844,0.18379105549184516
3,10.0,3278.875,28.54508423,28.74033033575774,28.744575157128963,28.744428202106103,28.744428202106103,0.199343972106103
3,10.0,3279.358,28.56248283,28.734672930460313,28.739459703045785,28.73923267661241,28.73923267661241,0.17674984661240956
3,10.0,3279.84,28.54191921,28.72899215252056,28.734319015626767,28.73401200438437,28.73401200438437,0.19209279438436866
3,10.0,3280.322,28.53516645,28.723276635174066,28.729142760522283,28.728755704806865,28.728755704806865,0.1935892548068665
3,10.0,3280.804,28.54420828,28.717526689693926,28.72393115875867,28.723464018329558,28.723464018329558,0.17925573832955877
3,10.0,3281.286,28.55365325,28.711742628891223,28.718684433009678,28.71813718705097,28.71813718705097,0.16448393705097075
3,10.0,3281.768,28.53019344,28.705924767098416,28.71340280759554,28.712775454714006,28.712775454714006,0.18258201471400426
3,10.0,3282.25,28.53166729,28.700073420152464,28.70808650848202,28.707379066701378,28.707379066701378,0.17571177670137672
3,10.0,3282.732,28.53561379,28.69418890537802,28.702735763279286,28.701948270031032,28.701948270031032,0.16633448003103268
3,10.0,3283.215,28.50006473,28.688259230957538,28.69733959371205,28.69647193993111,28.69647193993111,0.19640720993111316
3,10.0,3283.697,28.504842,28.682309271212883,28.6919205754644,28.690973003425377,28.690973003425377,0.18613100342537692
3,10.0,3284.179,28.49806674,28.67632710503919,28.686467804297166,28.685440409603622,28.685440409603622,0.18737366960362323
3,10.0,3284.661,28.49317112,28.670313055544952,28.680981514389487,28.67987441197989,28.67987441197989,0.18670329197988877
3,10.0,3285.143,28.48823248,28.66426744724116,28.675461941558492,28.67427526567901,28.67427526567901,0.18604278567901034
3,10.0,3285.625,28.49881901,28.658190606024014,28.66990932325762,28.66864322743136,28.66864322743136,0.169824217431362
3,10.0,3286.107,28.47936599,28.652082859157694,28.664323898575095,28.66297855556769,28.66297855556769,0.1836125655676888
3,10.0,3286.589,28.47530614,28.64594453525694,28.65870590823209,28.65728151001374,28.65728151001374,0.1819753700137383
3,10.0,3287.072,28.4625005,28.639763135192474,28.65304383850753,28.651540432867186,28.651540432867186,0.18903993286718546
3,10.0,3287.554,28.43829807,28.63356458666184,28.647361379230027,28.645779360260292,28.645779360260292,0.2074812902602936
3,10.0,3288.036,28.43452006,28.627336455561853,28.641647086746104,28.6399867038063,28.6399867038063,0.2054666438063002
3,10.0,3288.518,28.44578202,28.621079075737846,28.635901208293085,28.634162729758884,28.634162729758884,0.188380709758885
3,10.0,3289.0,28.44413554,28.614792782298217,28.63012399273122,28.628307705938642,28.628307705938642,0.18417216593864083
3,10.0,3289.482,28.44823323,28.608477911596747,28.624315690541344,28.62242190172706,28.62242190172706,0.17418867172705887
3,10.0,3289.964,28.44616358,28.602134801214874,28.61847655382248,28.616505588060548,28.616505588060548,0.17034200806054756
3,10.0,3290.446,28.44585244,28.59576378994395,28.61260683628931,28.61055903742431,28.61055903742431,0.16470659742430982
3,10.0,3290.928,28.4514577,28.58936521776735,28.606706793269574,28.604582523846098,28.604582523846098,0.15312482384609893
3,10.0,3291.411,28.43927807,28.582926066266626,28.600764347488184,28.598563831224084,28.598563831224084,0.15928576122408344
3,10.0,3291.893,28.42244205,28.576473341502172,28.59480436434032,28.592528159255565,28.592528159255565,0.1700861092555641
3,10.0,3292.375,28.45259119,28.56999408346956,28.5888148318809,28.586463356199452,28.586463356199452,0.13387216619945264
3,10.0,3292.857,28.42167052,28.563488636743642,28.58279601186478,28.580369702192513,28.580369702192513,0.1586991821925139
3,10.0,3293.339,28.42440534,28.55695734700153,28.57674816764508,28.574247478881297,28.574247478881297,0.14984213888129716
3,10.0,3293.821,28.41776124,28.550400561004434,28.570671564169892,28.568096969415283,28.568096969415283,0.15033572941528206
3,10.0,3294.303,28.41813698,28.54381862657962,28.564566467978974,28.561918458439976,28.561918458439976,0.14378147843997624
3,10.0,3294.785,28.41565071,28.537211892602087,28.55843314720002,28.555712232089682,28.555712232089682,0.14006152208968103
3,10.0,3295.268,28.41585163,28.530566926162034,28.55225905994456,28.54946561677729,28.54946561677729,0.13361398677729142
3,10.0,3295.75,28.40269887,28.52391159417237,28.546070043554955,28.54320476799655,28.54320476799655,0.140505897996551
3,10.0,3296.232,28.41755967,28.51723251609065,28.53985361701954,28.536917071708693,28.536917071708693,0.1193574017086938
3,10.0,3296.714,28.40196669,28.510530044802522,28.533610054783804,28.53060281993329,28.53060281993329,0.128636129933291
3,10.0,3297.196,28.43544249,28.50380453414987,28.527339632861768,28.524262306141544,28.524262306141544,0.08881981614154455
3,10.0,3297.678,28.41691979,28.497056338912422,28.521042628831747,28.517895825248576,28.517895825248576,0.1009760352485749
3,10.0,3298.16,28.40271415,28.490285814789324,28.514719321831883,28.511503673605404,28.511503673605404,0.1087895236054024
3,10.0,3298.642,28.4002393,28.483493318380564,28.508369992555625,28.505086148990976,28.505086148990976,0.10484684899097729
3,10.0,3299.125,28.40390543,28.476665047788295,28.501981670402117,28.49863015836152,28.49863015836152,0.09472472836152335
3,10.0,3299.607,28.41171891,28.46982963639183,28.49558109233344,28.492162735729085,28.492162735729085,0.08044382572908404
3,10.0,3300.089,28.38877113,28.462973328475876,28.489155343946685,28.48567084257565,28.48567084257565,0.09689971257565233
3,10.0,3300.571,28.38385354,28.456096484060225,28.482704712111556,28.47915478231198,28.47915478231198,0.09530124231197945
3,10.0,3301.053,28.3737947,28.449199463972583,28.476229485228263,28.47261485973469,28.47261485973469,0.09882015973468938
3,10.0,3301.535,28.38142292,28.44228262982994,28.46972995322215,28.46605138101754,28.46605138101754,0.08462846101754096
3,10.0,3302.017,28.3582747,28.43534634401982,28.4632064075382,28.45946465370252,28.45946465370252,0.10118995370251938
3,10.0,3302.499,28.36821684,28.428390969681583,28.456659141135297,28.45285498669078,28.45285498669078,0.08463814669078218
3,10.0,3302.981,28.34433697,28.42141687068765,28.4500884484805,28.446222690233462,28.446222690233462,0.10188572023346154
3,10.0,3303.464,28.33300357,28.414409885616323,28.443480921574697,28.4395542466863,28.4395542466863,0.10655067668630025
3,10.0,3303.946,28.32607303,28.40739939481324,28.436864218759013,28.43287758211774,28.43287758211774,0.10680455211774031
3,10.0,3304.428,28.31760897,28.400371275942145,28.43022498270271,28.42617922751706,28.42617922751706,0.10857025751706217
3,10.0,3304.91,28.309864,28.393325895621025,28.423563513847235,28.419459498443985,28.419459498443985,0.10959549844398353
3,10.0,3305.392,28.29785038,28.38626362110675,28.416880114110782,28.412718711760448,28.412718711760448,0.11486833176044797
3,10.0,3305.874,28.29722425,28.379184820276155,28.41017508688158,28.405957185620686,28.405957185620686,0.10873293562068653
3,10.0,3306.356,28.3045402,28.372089861607208,28.403448737011015,28.399175239461083,28.399175239461083,0.09463503946108176
3,10.0,3306.838,28.30986595,28.364979114159954,28.396701370806536,28.392373193989997,28.392373193989997,0.08250724398999765
3,10.0,3307.321,28.31330059,28.3578381472082,28.389919233063264,28.385537197683504,28.385537197683504,0.0722366076835037
3,10.0,3307.802,28.30884274,28.350711731967856,28.383144821862512,28.378710094244106,28.378710094244106,0.0698673542441064
3,10.0,3308.285,28.30395289,28.343540976829757,28.376322112637325,28.371835434783527,28.371835434783527,0.06788254478352584
3,10.0,3308.767,28.2816144,28.336370746552753,28.369493732331993,28.3649561855501,28.3649561855501,0.08334178555010041
3,10.0,3309.249,28.28440567,28.32918658163778,28.362645889464634,28.35805845993795,28.35805845993795,0.07365278993794888
3,10.0,3309.731,28.28568898,28.321988854240242,28.355778898924736,28.35114258606705,28.35114258606705,0.06545360606704875
3,10.0,3310.213,28.27658375,28.31477793696468,28.348893077003922,28.344208893253892,28.344208893253892,0.0676251432538919
3,10.0,3310.695,28.27669677,28.307554202845694,28.341988741387453,28.337257712000028,28.337257712000028,0.06056094200002704
3,10.0,3311.177,28.26506363,28.30031802532896,28.33506621114573,28.33028937398065,28.33028937398065,0.06522574398065117
3,10.0,3311.659,28.26430011,28.29306977825213,28.328125806725524,28.323304212032934,28.323304212032934,0.05900410203293305
3,10.0,3312.142,28.26652648,28.285794761807026,28.321153396324483,28.31628801698666,28.31628801698666,0.049761536986661525
3,10.0,3312.624,28.2678179,28.27852347549789,28.31417817494018,28.30927017711581,28.30927017711581,0.04145227711580901
3,10.0,3313.106,28.24828846,28.271241244080795,28.307186049560784,28.302236519380507,28.302236519380507,0.05394805938050595
3,10.0,3313.588,28.25660946,28.263948442771138,28.30017734605056,28.295187381149116,28.295187381149116,0.03857792114911618
3,10.0,3314.07,28.22767972,28.256645447080768,28.29315239160374,28.288123100891582,28.288123100891582,0.060443380891580745
3,10.0,3314.552,28.23024238,28.249332632799025,28.28611151473484,28.28104401816706,28.28104401816706,0.05080163816705863
3,10.0,3315.034,28.22781786,28.242010375973507,28.279055045268624,28.273950473611194,28.273950473611194,0.046132613611195694
3,10.0,3315.516,28.23428169,28.234679052891067,28.27198331432988,28.2668428089234,28.2668428089234,0.0325611189234003
3,10.0,3315.999,28.22571407,28.22732380304459,28.264881936431593,28.259706577994518,28.259706577994518,0.03399250799451892
3,10.0,3316.481,28.21666588,28.21997546031487,28.25778065113743,28.25257167481861,28.25257167481861,0.03590579481861056
3,10.0,3316.963,28.21370212,28.212619182215114,28.250665106137326,28.24542368357759,28.24542368357759,0.03172156357759093
3,10.0,3317.445,28.21375166,28.205255345798296,28.243535637653473,28.238262950096924,28.238262950096924,0.024511290096924654
3,10.0,3317.927,28.20614379,28.197884328261125,28.236392583154487,28.23108982119967,28.23108982119967,0.024946031199672092
3,10.0,3318.409,28.21260152,28.190506506924848,28.22923628134402,28.223904644692638,28.223904644692638,0.011303124692638278
3,10.0,3318.891,28.17181073,28.183122259216265,28.222067072149326,28.216707769352695,28.216707769352695,0.04489703935269418
3,10.0,3319.373,28.19532801,28.175731962648612,28.214885296709518,28.209499544912664,28.209499544912664,0.014171534912662764
3,10.0,3319.855,28.1772562,28.168335994802444,28.207691297363773,28.202280322047287,28.202280322047287,0.02502412204728799
3,10.0,3320.338,28.1567349,28.16091937275163,28.200470455570564,28.195035441806308,28.195035441806308,0.03830054180630782
3,10.0,3320.82,28.18577406,28.15351318545782,28.19325301659608,28.18779525681997,28.18779525681997,0.0020211968199710384
3,10.0,3321.302,28.1638351,28.146102460624455,28.186024388530257,28.180545131674315,28.180545131674315,0.016710031674314507
3,10.0,3321.784,28.1640602,28.13868757591102,28.178784918391997,28.173285420669067,28.173285420669067,0.009225220669065948
3,10.0,3322.266,28.14913483,28.131268908949124,28.17153495433785,28.166016478972857,28.166016478972857,0.0168816489728556
3,10.0,3322.748,28.14844793,28.12384683732353,28.164274845648986,28.158738662608222,28.158738662608222,0.010290732608222442
3,10.0,3323.23,28.15974485,28.116421738553054,28.157004942717894,28.151452328436385,28.151452328436385,-0.008292521563614486
3,10.0,3323.712,28.14150421,28.108993990071777,28.149725597035,28.144157834141904,28.144157834141904,0.002653624141903066
3,10.0,3324.195,28.15464947,28.101548552128385,28.142422030734668,28.13684038036502,28.13684038036502,-0.01780908963498007
3,10.0,3324.677,28.15004603,28.09411663255341,28.13512484058522,28.129530627028263,28.129530627028263,-0.020515402971735597
3,10.0,3325.159,28.13777859,28.086683195653176,28.12781926934194,28.12221379215488,28.12221379215488,-0.015564797845119216
3,10.0,3325.641,28.13697357,28.07924861833254,28.120505672750376,28.114890236567973,28.114890236567973,-0.022083333432025398
3,10.0,3326.123,28.12277996,28.071813277316792,28.113184407583603,28.107560321835013,28.107560321835013,-0.015219638164985838
3,10.0,3326.605,28.10154653,28.064377549132928,28.105855831627633,28.10022441025163,28.10022441025163,-0.001322119748369488
3,10.0,3327.087,28.10442697,28.056941810090635,28.098520303666483,28.0928828648251,28.0928828648251,-0.011544105174898789
3,10.0,3327.569,28.09753133,28.049506436263627,28.091178183467143,28.085536049257897,28.085536049257897,-0.01199528074210221
3,10.0,3328.052,28.11412549,28.042056379952236,28.08381457999441,28.07816907055071,28.07816907055071,-0.03595641944928829
3,10.0,3328.534,28.07913974,28.03462286644541,28.07646034667338,28.070812799465976,28.070812799465976,-0.008326940534022498
3,10.0,3329.016,28.0760738,28.027190845548986,28.069100606912272,28.063452354110645,28.063452354110645,-0.012621445889354987
3,10.0,3329.498,28.0880822,28.01976069220406,28.061735724256916,28.056088100800682,28.056088100800682,-0.031994099199316395
3,10.0,3329.98,28.07549171,28.0123327810219,28.054366063157623,28.048720406462206,28.048720406462206,-0.026771303537795887
3,10.0,3330.462,28.07763759,28.004907486265296,28.046991988952872,28.041349638614072,28.041349638614072,-0.03628795138592622
3,10.0,3330.944,28.06061189,27.99748518182986,28.039613867852832,28.033976165350257,28.033976165350257,-0.02663572464974351
3,10.0,3331.426,28.05392751,27.9900662412255,28.032232066922575,28.02660035532214,28.02660035532214,-0.02732715467785951
3,10.0,3331.908,28.05498764,27.982651037557794,28.024846954065207,28.01922257772058,28.01922257772058,-0.035765062279420334
3,10.0,3332.391,28.04613007,27.975224572325853,28.01744356728435,28.011827890946076,28.011827890946076,-0.034302179053923965
3,10.0,3332.873,28.03433349,27.96781796982326,28.010052932593446,28.004447285676193,28.004447285676193,-0.02988620432380884
3,10.0,3333.355,28.03838677,27.960416221733585,28.002660095309693,27.997065824231086,27.997065824231086,-0.041320945768912765
3,10.0,3333.837,28.03076899,27.953019699358997,27.995265426516543,27.989683877778873,27.989683877778873,-0.04108511222112554
3,10.0,3334.319,28.0425312,27.945628773504843,27.987869298047727,27.982301817935543,27.982301817935543,-0.06022938206445616
3,10.0,3334.801,28.02313942,27.93824381446135,27.980472082469113,27.974920016746164,27.974920016746164,-0.048219403253835225
3,10.0,3335.283,28.04988885,27.930865191985276,27.973074153060395,27.967538846666066,27.967538846666066,-0.08235000333393216
3,10.0,3335.765,28.01062057,27.92349327528161,27.9656758837964,27.960158680541756,27.960158680541756,-0.05046188945824426
3,10.0,3336.248,28.03035735,27.916113160838727,27.958262300590714,27.952764584591637,27.952764584591637,-0.07759276540836169
3,10.0,3336.729,28.02366406,27.90877103314297,27.950879824965348,27.945402853387222,27.945402853387222,-0.07826120661277969
3,10.0,3337.212,28.0383035,27.90140620345593,27.943467441179855,27.938012641650207,27.938012641650207,-0.10029085834979412
3,10.0,3337.694,28.03488303,27.89406480756282,27.936071568290494,27.930640232537186,27.930640232537186,-0.10424279746281329
3,10.0,3338.176,28.02662261,27.886731955311667,27.92867723596747,27.923270697581415,27.923270697581415,-0.1033519124185851
3,10.0,3338.658,28.01558551,27.879408012213347,27.921284821956867,27.91590441156945,27.91590441156945,-0.09968109843055117
3,10.0,3339.14,27.99256391,27.87209334309996,27.913894704564278,27.908541749541833,27.908541749541833,-0.08402216045816857
3,10.0,3339.622,28.00033755,27.864788312106885,27.906507262634626,27.90118308677295,27.90118308677295,-0.09915446322705179
3,10.0,3340.104,28.00909817,27.857493282654843,27.89912287553181,27.89382879875078,27.89382879875078,-0.11526937124922298
3,10.0,3340.586,27.99258533,27.850208617432035,27.891741923118115,27.886479261156424,27.886479261156424,-0.10610606884357665
3,10.0,3341.069,27.95784844,27.842919598616913,27.884349484698905,27.879119618065353,27.879119618065353,-0.07872882193464648
3,10.0,3341.551,27.96477405,27.835656770275627,27.876976552240794,27.871780720846367,27.871780720846367,-0.09299332915363223
3,10.0,3342.033,27.96481757,27.828405390401866,27.869608197631447,27.864447702832084,27.864447702832084,-0.10036986716791674
3,10.0,3342.515,27.9434585,27.82116581857427,27.862244802517637,27.85712094026982,27.85712094026982,-0.08633755973017898
3,10.0,3342.997,27.9521404,27.81393841355034,27.85488674893867,27.849800809496077,27.849800809496077,-0.10233959050392372
3,10.0,3343.479,27.93410735,27.806723533248793,27.84753441930452,27.8424876869153,27.8424876869153,-0.09161966308469971
3,10.0,3343.961,27.92408089,27.799521534732072,27.840188196373912,27.835181948978658,27.835181948978658,-0.08889894102134122
3,10.0,3344.443,27.92730941,27.792332774188893,27.83284846323216,27.827883972162514,27.827883972162514,-0.09942543783748548
3,10.0,3344.926,27.92803736,27.78514273505381,27.82550039727725,27.820579017519414,27.820579017519414,-0.10745834248058728
3,10.0,3345.408,27.93091291,27.777981544746684,27.818174809618576,27.81329771042202,27.81329771042202,-0.11761519957797972
3,10.0,3345.89,27.90735218,27.770834656295293,27.81085686353694,27.806025294590707,27.806025294590707,-0.1013268854092928
3,10.0,3346.372,27.90031473,27.763702422217868,27.803546943199407,27.798762146386157,27.798762146386157,-0.10155258361384512
3,10.0,3346.854,27.90112969,27.756585194072386,27.79624543298605,27.791508642085322,27.791508642085322,-0.10962104791467908
3,10.0,3347.336,27.90587692,27.749483322439403,27.78895271746671,27.78426515785939,27.78426515785939,-0.12161176214060987
3,10.0,3347.818,27.89536107,27.742397156905,27.781669181377545,27.777032069751428,27.777032069751428,-0.11832900024857196
3,10.0,3348.3,27.91205242,27.735327046043864,27.77439520959747,27.769809753654215,27.769809753654215,-0.14224266634578342
3,10.0,3348.782,27.90913907,27.728273337402236,27.767131187124278,27.76259858528759,27.76259858528759,-0.146540484712407
3,10.0,3349.265,27.91335872,27.721221795629184,27.75986246091508,27.7553840153918,27.7553840153918,-0.1579747046082005
3,10.0,3349.747,27.90397099,27.714201965690656,27.752619515044792,27.748196293917545,27.748196293917545,-0.15577469608245664
3,10.0,3350.229,27.89737898,27.707199574984696,27.74538767474685,27.741020846848237,27.741020846848237,-0.1563581331517625
3,10.0,3350.711,27.90532347,27.700214966773423,27.738167325253222,27.733858048985116,27.733858048985116,-0.17146542101488293
3,10.0,3351.193,27.8871247,27.693248483206737,27.730958851793154,27.726708274842757,27.726708274842757,-0.1604164251572442
3,10.0,3351.675,27.89340491,27.686300465305795,27.72376263956832,27.719571898625922,27.719571898625922,-0.1738330113740787
3,10.0,3352.157,27.88839468,27.679371252946463,27.71657907372782,27.712449294206422,27.712449294206422,-0.17594538579357888
3,10.0,3352.639,27.89333731,27.67246118484287,27.709408539343027,27.705340835099797,27.705340835099797,-0.18799647490020277
3,10.0,3353.122,27.88784768,27.665556323193744,27.702236586803156,27.698232192073387,27.698232192073387,-0.18961548792661276
3,10.0,3353.604,27.8866933,27.658685596480936,27.695093299139558,27.69115317387933,27.69115317387933,-0.1955401261206724
3,10.0,3354.086,27.8867831,27.65183502372703,27.687964198223433,27.68408941994562,27.68408941994562,-0.20269368005437727
3,10.0,3354.568,27.85787766,27.645004938833956,27.68084966856012,27.677041302127673,27.677041302127673,-0.18083635787232666
3,10.0,3355.05,27.87586486,27.63819567446085,27.67375009444906,27.670009191807,27.670009191807,-0.20585566819299927
3,10.0,3355.532,27.85037488,27.631407562007993,27.666665859957636,27.662993459867444,27.662993459867444,-0.18738142013255654
3,10.0,3356.014,27.87360564,27.62464093160097,27.65959734889499,27.655994476671346,27.655994476671346,-0.21761116332865527
3,10.0,3356.496,27.88069473,27.617896112074718,27.652544944785667,27.649012612035644,27.649012612035644,-0.231682117964354
3,10.0,3356.979,27.84886089,27.611159506725905,27.64549445091833,27.642033804727554,27.642033804727554,-0.20682708527244742
3,10.0,3357.461,27.84647825,27.604459337170002,27.638475445422017,27.635087321790888,27.635087321790888,-0.21139092820911287
3,10.0,3357.943,27.83662809,27.597781957771197,27.631473696272103,27.62815906411521,27.62815906411521,-0.2084690258847921
3,10.0,3358.425,27.83433226,27.591127692042118,27.62448958558719,27.62124939909356,27.62124939909356,-0.21308286090643946
3,10.0,3358.907,27.82798902,27.584496862126592,27.617523495067225,27.614358693452797,27.614358693452797,-0.2136303265472037
3,10.0,3359.389,27.82164715,27.57788978878427,27.610575805966313,27.607487313229228,27.607487313229228,-0.21415983677077222
3,10.0,3359.871,27.82734144,27.571306791375235,27.603646899065403,27.60063562374421,27.60063562374421,-0.2267058162557909
3,10.0,3360.353,27.8118467,27.564748187844884,27.596737154644828,27.593803989579694,27.593803989579694,-0.2180427104203062
3,10.0,3360.835,27.80411182,27.55821429470867,27.58984695245681,27.586992774553714,27.586992774553714,-0.21711904544628524
3,10.0,3361.318,27.80739616,27.551691949393913,27.582962438974246,27.580188275515248,27.580188275515248,-0.22720788448475204
3,10.0,3361.8,27.80523017,27.545208473693066,27.576112500766353,27.57341903128585,27.57341903128585,-0.23181113871414993
3,10.0,3362.282,27.79178159,27.5387506498489,27.569283241385065,27.566671293568568,27.566671293568568,-0.22511029643143132
3,10.0,3362.764,27.78178062,27.53231878850417,27.562475038190833,27.55994542287779,27.55994542287779,-0.22183519712221056
3,10.0,3363.246,27.77681555,27.5259131987971,27.55568826787641,27.553241778840686,27.553241778840686,-0.22357377115931243
3,10.0,3363.728,27.77898096,27.519534188346743,27.548923306438706,27.546560720172348,27.546560720172348,-0.23242023982765048
3,10.0,3364.21,27.77948025,27.513182063238382,27.542180529150414,27.539902604650973,27.539902604650973,-0.23957764534902637
3,10.0,3364.692,27.76871864,27.506857128009077,27.5354603105317,27.533267789093056,27.533267789093056,-0.2354508509069433
3,10.0,3365.174,27.76282271,27.500559685633235,27.528763024321623,27.52665662932848,27.52665662932848,-0.23616608067152
3,10.0,3365.656,27.75629074,27.494290037508307,27.52208904344966,27.520069480175515,27.520069480175515,-0.23622125982448594
3,10.0,3366.139,27.73417206,27.488035563569028,27.515424967567178,27.51349310525157,27.51349310525157,-0.22067895474842913
3,10.0,3366.621,27.76425059,27.481822460973234,27.508798763056557,27.50695508925213,27.50695508925213,-0.257295500747869
3,10.0,3367.103,27.73110475,27.475638047830632,27.502196978294958,27.50044214272885,27.50044214272885,-0.2306626072711495
3,10.0,3367.585,27.7307749,27.469482619085955,27.495619982683973,27.493954616201922,27.493954616201922,-0.23682028379807818
3,10.0,3368.067,27.76332469,27.463356468036736,27.489068144671425,27.48749285905502,27.48749285905502,-0.27583183094498054
3,10.0,3368.549,27.75515654,27.457259886319452,27.482541831722415,27.4810572195103,27.4810572195103,-0.2740993204897002
3,10.0,3369.031,27.75580466,27.451193163895837,27.476041410290176,27.47464804460334,27.47464804460334,-0.28115661539665737
3,10.0,3369.513,27.74896997,27.44515658903936,27.469567245786948,27.468265680158154,27.468265680158154,-0.2807042898418466
3,10.0,3369.996,27.73472757,27.43913801928287,27.463106353834004,27.46189731414633,27.46189731414633,-0.2728302558536697
3,10.0,3370.478,27.73984343,27.43316266158757,27.4566858514769,27.455569660531655,27.455569660531655,-0.2842737694683457
3,10.0,3370.96,27.72809598,27.427218306600867,27.450292696497545,27.449269848039023,27.449269848039023,-0.27882613196097594
3,10.0,3371.442,27.74560234,27.421305235705237,27.443927249849438,27.442998217392958,27.442998217392958,-0.3026041226070433
3,10.0,3371.924,27.70632858,27.415423728528253,27.437589871298574,27.436755107981142,27.436755107981142,-0.26957347201885895
3,10.0,3372.406,27.73221768,27.409574062929504,27.431280919394126,27.430540857829456,27.430540857829456,-0.3016768221705455
3,10.0,3372.888,27.72271988,27.403756514987773,27.42500075143893,27.424355803577015,27.424355803577015,-0.2983640764229847
3,10.0,3373.37,27.70582569,27.397971358988055,27.418749723460095,27.418200280451146,27.418200280451146,-0.2876254095488555
3,10.0,3373.853,27.70746665,27.392206966921798,27.412515313339142,27.41206194468333,27.41206194468333,-0.2954047053166704
3,10.0,3374.335,27.71808601,27.386487479033025,27.406323690435872,27.405966546715305,27.405966546715305,-0.3121194632846951
3,10.0,3374.817,27.69734991,27.380801195608157,27.400162268369876,27.39990167752093,27.39990167752093,-0.29744823247906993
3,10.0,3375.299,27.72618149,27.37514838362723,27.394031397767428,27.393867666428246,27.393867666428246,-0.3323138235717522
3,10.0,3375.781,27.69988291,27.36952930821382,27.38793142783152,27.38786484122908,27.38786484122908,-0.312018068770918
3,10.0,3376.263,27.71261454,27.363944232622902,27.3818627063123,27.38189352815425,27.38189352815425,-0.33072101184574976
3,10.0,3376.745,27.71624357,27.35839341822865,27.375825579477578,27.37595405184887,27.37595405184887,-0.3402895181511312
3,10.0,3377.227,27.70915253,27.352877124512375,27.36982039208329,27.3700467353476,27.3700467353476,-0.33910579465240076
3,10.0,3377.709,27.68788946,27.347395609050682,27.36384748734409,27.36417190005011,27.36417190005011,-0.32371755994989115
3,10.0,3378.192,27.69506297,27.34193786434332,27.357894916819504,27.35831777961051,27.35831777961051,-0.3367451903894896
3,10.0,3378.674,27.71913771,27.336526743915787,27.35198766946473,27.352508933297347,27.352508933297347,-0.36662877670265104
3,10.0,3379.156,27.7139935,27.331151163446673,27.346113725566674,27.346733522985435,27.346733522985435,-0.3672599770145659
3,10.0,3379.638,27.69819845,27.325811372772243,27.340273421876688,27.340991863285286,27.340991863285286,-0.35720658671471384
3,10.0,3380.12,27.67826183,27.320507619765895,27.334467093457622,27.335284267049946,27.335284267049946,-0.342977562950054
3,10.0,3380.602,27.70042941,27.315240150326815,27.32869507365455,27.329611045350752,27.329611045350752,-0.37081836464924933
3,10.0,3381.084,27.69434116,27.31000920836883,27.32295769406548,27.32397250745312,27.32397250745312,-0.3703686525468797
3,10.0,3381.566,27.69592088,27.304815035809284,27.317255284512125,27.31836896079243,27.31836896079243,-0.37755191920756914
3,10.0,3382.049,27.68730619,27.29964721168568,27.311576452436846,27.312789195466337,27.312789195466337,-0.37451699453366416
3,10.0,3382.531,27.67862443,27.294527373156562,27.305945039416223,27.30725662031972,27.30725662031972,-0.3713678096802795
3,10.0,3383.013,27.67541877,27.289445018176966,27.300349575618416,27.301759948120047,27.301759948120047,-0.37365882187995325
3,10.0,3383.495,27.67593038,27.284400380565337,27.294790383465074,27.296299478738874,27.296299478738874,-0.37963090126112675
3,10.0,3383.977,27.65240534,27.279393692089723,27.289267783456324,27.290875510098342,27.290875510098342,-0.3615298299016594
3,10.0,3384.459,27.65482098,27.27442518245743,27.28378209414199,27.28548833814751,27.28548833814751,-0.36933264185249115
3,10.0,3384.941,27.66249316,27.26949507930464,27.278333632092828,27.280138256838917,27.280138256838917,-0.3823549031610831
3,10.0,3385.423,27.6841179,27.264603608186167,27.272922711871885,27.274825558105157,27.274825558105157,-0.40929234189484376
3,10.0,3385.906,27.6506477,27.259740965442212,27.267538538131575,27.269539627158085,27.269539627158085,-0.38110807284191495
3,10.0,3386.387,27.64732499,27.254937453804228,27.262214744957042,27.264313465853103,27.264313465853103,-0.3830115241468981
3,10.0,3386.87,27.65019292,27.25015334708472,27.25690736886024,27.259103899911473,27.259103899911473,-0.39108902008852553
3,10.0,3387.352,27.63800009,27.245418699875337,27.25164980120327,27.253943689821693,27.253943689821693,-0.3840564001783058
3,10.0,3387.834,27.64857859,27.240723781348127,27.24643131770691,27.248822291441193,27.248822291441193,-0.3997562985588061
3,10.0,3388.316,27.65034433,27.236068804357018,27.241252220287397,27.2437399840934,27.2437399840934,-0.4066043459066009
3,10.0,3388.798,27.64736199,27.231453979606094,27.236112808655477,27.238697044921103,27.238697044921103,-0.40866494507889684
3,10.0,3389.28,27.6446346,27.226879515640356,27.231013380288736,27.233693748864116,27.233693748864116,-0.41094085113588363
3,10.0,3389.762,27.64908498,27.222345618836485,27.225954230403918,27.228730368636967,27.228730368636967,-0.42035461136303454
3,10.0,3390.244,27.64338509,27.217852493393742,27.220935651929434,27.223807174706646,27.223807174706646,-0.41957791529335253
3,10.0,3390.727,27.62201716,27.213391147225657,27.215947650941743,27.218914347343002,27.218914347343002,-0.40310281265699643
3,10.0,3391.209,27.62719032,27.20898025397625,27.211011170455166,27.214072413064336,27.214072413064336,-0.4131179069356641
3,10.0,3391.691,27.6073279,27.20461073193973,27.206116126751862,27.209271463323407,27.209271463323407,-0.39805643667659396
3,10.0,3392.173,27.6069764,27.20028277651247,27.201262803329747,27.204511759373503,27.204511759373503,-0.4024646406264978
3,10.0,3392.655,27.61890412,27.195996580869647,27.19645148126297,27.19979356011169,27.19979356011169,-0.4191105598883098
3,10.0,3393.137,27.61595697,27.191752335956874,27.19168243917549,27.195117122057535,27.195117122057535,-0.42083984794246376
3,10.0,3393.619,27.62787604,27.187550230481932,27.186955953214486,27.190482699331948,27.190482699331948,-0.43739334066805213
3,10.0,3394.101,27.6208406,27.183390450906565,27.18227229702421,27.185890543636294,27.185890543636294,-0.4349500563637072
3,10.0,3394.583,27.64568545,27.179273181438468,27.177631741719914,27.181340904231533,27.181340904231533,-0.4643445457684656
3,10.0,3395.066,27.61955762,27.1751901950465,27.17302506339928,27.17682472217384,27.17682472217384,-0.44273289782615777
3,10.0,3395.548,27.62420921,27.171158578490918,27.168471603771998,27.17236094274858,27.17236094274858,-0.451848267251421
3,10.0,3396.03,27.62904461,27.167170011428286,27.163962043488198,27.167940413048658,27.167940413048658,-0.46110419695134297
3,10.0,3396.512,27.61168062,27.163224668967228,27.1594966432847,27.163563372363868,27.163563372363868,-0.4481172476361337
3,10.0,3396.994,27.60719561,27.159322723923804,27.15507566124183,27.159230057442276,27.159230057442276,-0.44796555255772574
3,10.0,3397.476,27.58756235,27.15546434681425,27.150699352758448,27.15494070247049,27.15494070247049,-0.4326216475295084
3,10.0,3397.958,27.62260978,27.15164970584771,27.14636797052738,27.150695539054134,27.150695539054134,-0.47191424094586765
3,10.0,3398.44,27.61746028,27.147878966919194,27.142081764510856,27.146494796198517,27.146494796198517,-0.47096548380148207
3,10.0,3398.923,27.61392448,27.144144607833496,27.13783223099974,27.14233012424991,27.14233012424991,-0.4715943557500921
3,10.0,3399.405,27.59894013,27.140462253297585,27.13363721125459,27.138218992358393,27.138218992358393,-0.46072113764160605
3,10.0,3399.887,27.60989182,27.136824284857898,27.129488101484533,27.13415295270715,27.13415295270715,-0.47573886729285064
4,15.0,2000.302,34.72914727,34.01094121814431,33.78943597987001,33.86321490096977,33.86321490096977,-0.8659323690302259
4,15.0,2000.784,34.67835888,33.987557524425405,33.771457019210374,33.84373886104548,33.84373886104548,-0.8346200189545172
4,15.0,2001.266,34.66527663,33.96405890265969,33.7533646555878,33.82414823279335,33.82414823279335,-0.8411283972066528
4,15.0,2001.749,34.63346489,33.94039753051957,33.73512136770456,33.80440258233767,33.80440258233767,-0.8290623076623262
4,15.0,2002.23,34.6245947,33.91672201085362,33.71684119023688,33.78462547773598,33.78462547773598,-0.839969222264024
4,15.0,2002.713,34.5914616,33.892836751948394,33.69837248235105,33.7646530300002,33.7646530300002,-0.8268085699998053
4,15.0,2003.195,34.56412649,33.86889105934091,33.679829988672495,33.74460952233631,33.74460952233631,-0.819516967663688
4,15.0,2003.677,34.54994133,33.84483689369579,33.661175974301784,33.72445430768232,33.72445430768232,-0.8254870223176809
4,15.0,2004.159,34.52291004,33.820675556313745,33.64241083057844,33.70418797841556,33.70418797841556,-0.8187220615844382
4,15.0,2004.641,34.49973739,33.79640835194961,33.623534954007,33.68381113246408,33.68381113246408,-0.8159262575359207
4,15.0,2005.123,34.47987813,33.77203658874512,33.60454874632271,33.66332437335033,33.66332437335033,-0.8165537566496752
4,15.0,2005.605,34.44680853,33.74756157816189,33.58545261455761,33.64272831023478,33.64272831023478,-0.8040802197652184
4,15.0,2006.087,34.42912701,33.72298463491414,33.56624697110654,33.62202355795941,33.62202355795941,-0.8071034520405931
4,15.0,2006.57,34.39233108,33.69825577497545,33.54689204861432,33.60116744506114,33.60116744506114,-0.7911636349388615
4,15.0,2007.052,34.36567529,33.67347871858702,33.52746841574483,33.580246959679656,33.580246959679656,-0.7854283303203431
4,15.0,2007.534,34.35166199,33.64860369526958,33.507936542109476,33.55921966550186,33.55921966550186,-0.7924423244981398
4,15.0,2008.016,34.32313273,33.62363203208061,33.488296862229745,33.53808620053795,33.53808620053795,-0.7850465294620506
4,15.0,2008.498,34.2930936,33.59856505899319,33.46854981632229,33.51684720869363,33.51684720869363,-0.7762463913063655
4,15.0,2008.98,34.25569415,33.573404108828186,33.44869585036568,33.49550333981218,33.49550333981218,-0.7601908101878152
4,15.0,2009.462,34.23395233,33.54815051718697,33.428735416167314,33.4740552497162,33.4740552497162,-0.7598970802837997
4,15.0,2009.944,34.2017196,33.52280562238358,33.40866897143002,33.452503600249244,33.452503600249244,-0.7492159997507528
4,15.0,2010.427,34.1995432,33.49731790338045,33.38845501982351,33.430804026394775,33.430804026394775,-0.7687391736052263
4,15.0,2010.909,34.16245834,33.4717942452495,33.36817773352417,33.4090470566416,33.4090470566416,-0.7534112833584032
4,15.0,2011.391,34.13678153,33.446183317292935,33.34779584683074,33.387188551001884,33.387188551001884,-0.7495929789981162
4,15.0,2011.873,34.11661538,33.420486468003425,33.327309841710495,33.36522919582498,33.36522919582498,-0.7513861841750185
4,15.0,2012.355,34.07916659,33.394705048247495,33.306720206360936,33.34316968368415,33.34316968368415,-0.7359969063158474
4,15.0,2012.837,34.06582548,33.3688404111975,33.286027435276885,33.32101071341633,33.32101071341633,-0.7448147665836728
4,15.0,2013.319,34.041321,33.3428939122639,33.26523202931721,33.29875299016112,33.29875299016112,-0.7425680098388838
4,15.0,2013.801,34.00465368,33.316866909027475,33.24433449577187,33.27639722539997,33.27639722539997,-0.7282564546000287
4,15.0,2014.283,33.99701354,33.29076076117124,33.22333534842841,33.253944136994235,33.253944136994235,-0.7430694030057623
4,15.0,2014.766,33.9563765,33.2645224269954,33.20219122648384,33.231347565729976,33.231347565729976,-0.7250289342700214
4,15.0,2015.248,33.94158776,33.238261919891094,33.18099021113973,33.20870181119613,33.20870181119613,-0.7328859488038688
4,15.0,2015.73,33.88166476,33.211926361985924,33.159689164127535,33.18596092679713,33.18596092679713,-0.6957038332028702
4,15.0,2016.212,33.88987231,33.18551712069673,33.13828862590596,33.163125656304445,33.163125656304445,-0.7267466536955567
4,15.0,2016.694,33.85747152,33.15903556520288,33.116789143763995,33.14019675005561,33.14019675005561,-0.7172747699443889
4,15.0,2017.176,33.80593425,33.13248306637854,33.09519127188715,33.11717496498984,33.11717496498984,-0.6887592850101569
4,15.0,2017.658,33.80192359,33.10586099672454,33.07349557142326,33.094061064683565,33.094061064683565,-0.7078625253164361
4,15.0,2018.14,33.76006666,33.07917073030053,33.05170261054825,33.07085581938494,33.07085581938494,-0.6892108406150612
4,15.0,2018.623,33.72530539,33.05235806152179,33.029767450227446,33.04751158088274,33.04751158088274,-0.6777938091172615
4,15.0,2019.105,33.68204784,33.0255353952887,33.00778150272561,33.02412579774725,33.02412579774725,-0.6579220422527499
4,15.0,2019.587,33.64721291,32.998648665999916,32.98570004339491,33.00065102238237,33.00065102238237,-0.6465618876176293
4,15.0,2020.069,33.62653331,32.9716992532744,32.96352366919244,32.977088052075274,32.977088052075274,-0.6494452579247252
4,15.0,2020.551,33.61536338,32.94468853795058,32.941252984429134,32.95343769095082,32.95343769095082,-0.6619256890491769
4,15.0,2021.033,33.58194642,32.9176179020186,32.91888860083397,32.92970075000317,32.92970075000317,-0.6522456699968302
4,15.0,2021.515,33.55563397,32.89048872855238,32.89643113761795,32.90587804712642,32.90587804712642,-0.649755922873581
4,15.0,2021.997,33.51118832,32.86330240164237,32.873881221538035,32.88197040714499,32.88197040714499,-0.6292179128550117
4,15.0,2022.479,33.49988204,32.83606030632739,32.85123948696022,32.85797866184304,32.85797866184304,-0.641903378156961
4,15.0,2022.962,33.47349041,32.80870714126202,32.82845931787863,32.833853615866346,32.833853615866346,-0.6396367941336507
4,15.0,2023.444,33.42653429,32.78135755920221,32.80563569302042,32.80969601314551,32.80969601314551,-0.6168382768544873
4,15.0,2023.926,33.42275419,32.75395637174874,32.782722200417766,32.78545684427776,32.78545684427776,-0.6372973457222386
4,15.0,2024.408,33.38146094,32.72650496706036,32.75971950551579,32.76113696918331,32.76113696918331,-0.6203239708166848
4,15.0,2024.89,33.34944925,32.69900473390647,32.7366282816798,32.736737254879756,32.736737254879756,-0.6127119951202431
4,15.0,2025.372,33.32345942,32.67145706160001,32.71344921025639,32.71225857550754,32.71225857550754,-0.6112008444924584
4,15.0,2025.854,33.28691965,32.64386333992995,32.69018298063378,32.68770181235456,32.68770181235456,-0.5992178376454405
4,15.0,2026.336,33.24455421,32.61622495909419,32.66683029030171,32.66306785387993,32.66306785387993,-0.5814863561200667
4,15.0,2026.819,33.20639797,32.58848583481139,32.643343128782426,32.63830625095315,32.63830625095315,-0.5680917190468477
4,15.0,2027.301,33.18900548,32.56076222209966,32.61981946651697,32.61352044053068,32.61352044053068,-0.5754850394693207
4,15.0,2027.783,33.14898017,32.532998125483545,32.59621148671868,32.588660145313696,32.588660145313696,-0.5603200246863054
4,15.0,2028.265,33.11767528,32.50519493612529,32.572519919889224,32.56372628268375,32.56372628268375,-0.5539489973162475
4,15.0,2028.747,33.10105008,32.477354045260874,32.548745504923446,32.538719777300905,32.538719777300905,-0.5623303026990953
4,15.0,2029.229,33.06134938,32.449476844132896,32.52488898916558,32.51364156112237,32.51364156112237,-0.5477078188776332
4,15.0,2029.711,33.02423199,32.42156472392397,32.500951128465154,32.48849257342061,32.48849257342061,-0.5357394165793892
4,15.0,2030.193,32.98319861,32.39361907569012,32.47693268723209,32.4632737608002,32.4632737608002,-0.5199248491998034
4,15.0,2030.676,32.96795989,32.36558321265451,32.45278435970561,32.43793354221503,32.43793354221503,-0.5300263477849754
4,15.0,2031.157,32.92456468,32.33763275833928,32.428657163935576,32.41263048397979,32.41263048397979,-0.5119341960202135
4,15.0,2031.64,32.90470868,32.30953667065869,32.40435125057272,32.38715513703521,32.38715513703521,-0.5175535429647908
4,15.0,2032.122,32.88107783,32.281470759448496,32.38001814458636,32.36166650214146,32.36166650214146,-0.5194113278585419
4,15.0,2032.604,32.82620595,32.25337827415039,32.355608412087186,32.33611288791681,32.33611288791681,-0.49009306208319003
4,15.0,2033.086,32.81676322,32.22526060366554,32.33112286998233,32.3104952852807,32.3104952852807,-0.5062679347192969
4,15.0,2033.568,32.79400385,32.19711913630442,32.306562344104194,32.284814692577505,32.284814692577505,-0.5091891574224974
4,15.0,2034.05,32.76444623,32.1689552597214,32.281927669259225,32.25907211558588,32.25907211558588,-0.5053741144141171
4,15.0,2034.532,32.74003943,32.14077036084868,32.257219689275814,32.23326856752691,32.23326856752691,-0.5067708624730898
4,15.0,2035.014,32.70992439,32.11256582583088,32.232439257051105,32.20740506907105,32.20740506907105,-0.5025193209289469
4,15.0,2035.497,32.67263317,32.084284468450704,32.20753560056959,32.181428806855976,32.181428806855976,-0.49120436314402127
4,15.0,2035.979,32.64396425,32.05604478254465,32.18261271325038,32.15544838042935,32.15544838042935,-0.48851586957065507
4,15.0,2036.461,32.61899058,32.02778961641662,32.15761998908581,32.12941111254011,32.12941111254011,-0.48957946745989034
4,15.0,2036.943,32.57812399,31.999520352404982,32.13255831771764,32.10331805372071,32.10331805372071,-0.4748059362792887
4,15.0,2037.425,32.54893314,31.97123837173436,32.10742859807659,32.077170261971695,32.077170261971695,-0.47176287802830785
4,15.0,2037.907,32.50019919,31.94294505445059,32.08223173842278,32.05096880276187,32.05096880276187,-0.44923038723812425
4,15.0,2038.389,32.47685269,31.914641779356167,32.05696865638562,32.02471474902751,32.02471474902751,-0.4521379409724915
4,15.0,2038.871,32.43292957,31.88632992394562,32.03164027900232,31.998409181169947,31.998409181169947,-0.43452038883005173
4,15.0,2039.354,32.40157713,31.857952104570646,32.00619479448343,31.97199845490733,31.97199845490733,-0.4295786750926709
4,15.0,2039.836,32.37579598,31.829627204791457,31.98073851476363,31.9455930286476,31.9455930286476,-0.43020295135239905
4,15.0,2040.318,32.35713412,31.801297851536155,31.9552197796152,31.91913937651544,31.91913937651544,-0.437994743484559
4,15.0,2040.8,32.29527151,31.772965416421677,31.929639554087274,31.892638608741905,31.892638608741905,-0.4026329012580945
4,15.0,2041.282,32.25846746,31.74463126943627,31.903998812811103,31.86609184299347,31.86609184299347,-0.3923756170065289
4,15.0,2041.764,32.23143537,31.71629677887592,31.878298540031043,31.839500204362324,31.839500204362324,-0.39193516563767616
4,15.0,2042.246,32.18792012,31.687963311280903,31.85253972963423,31.812864825355124,31.812864825355124,-0.3750552946448771
4,15.0,2042.728,32.16809411,31.659632231372377,31.82672338517882,31.7861868458805,31.7861868458805,-0.3819072641194978
4,15.0,2043.21,32.12890923,31.631304901989214,31.800850519920814,31.759467413235193,31.759467413235193,-0.36944181676480525
4,15.0,2043.693,32.11538193,31.60292393049314,31.77486830658001,31.7326521228891,31.7326521228891,-0.38272980711089843
4,15.0,2044.175,32.07122295,31.574608197668706,31.748885366484004,31.705853175284325,31.705853175284325,-0.3653697747156741
4,15.0,2044.657,32.03656538,31.546300294776593,31.722849005960274,31.679016263001653,31.679016263001653,-0.3575491169983458
4,15.0,2045.139,32.0097006,31.518001576494,31.696760277315768,31.652142562738536,31.652142562738536,-0.35755803726146596
4,15.0,2045.621,31.991675,31.489713395302537,31.670620242667233,31.62523325848997,31.62523325848997,-0.3664417415100303
4,15.0,2046.103,31.95065224,31.461437101426142,31.64442997395915,31.59828954152608,31.59828954152608,-0.35236269847392165
4,15.0,2046.585,31.93366579,31.433174042768968,31.61819055297952,31.571312610368064,31.571312610368064,-0.3623531796319348
4,15.0,2047.067,31.88334229,31.40492556485404,31.59190307137465,31.54430367076289,31.54430367076289,-0.33903861923711176
4,15.0,2047.55,31.83076945,31.376634454480666,31.565513946847908,31.517207805454095,31.517207805454095,-0.31356164454590285
4,15.0,2048.032,31.8195296,31.34841920199551,31.539133564468074,31.49013843487557,31.49013843487557,-0.3293911651244308
4,15.0,2048.514,31.7782669,31.320222554691643,31.512708458005967,31.463040718721533,31.463040718721533,-0.31522618127846513
4,15.0,2048.996,31.75805044,31.29204584794727,31.486239758670983,31.435915891371778,31.435915891371778,-0.3221345486282239
4,15.0,2049.478,31.70322422,31.263890414453382,31.459728607577063,31.408765194281628,31.408765194281628,-0.29445902571837124
4,15.0,2049.96,31.68131103,31.23575758415317,31.433176155746324,31.38158987594717,31.38158987594717,-0.29972115405282906
4,15.0,2050.442,31.65233085,31.20764868418148,31.40658356411109,31.354391191868935,31.354391191868935,-0.2979396581310638
4,15.0,2050.924,31.61669585,31.17956503880495,31.37995200351407,31.327170404513897,31.327170404513897,-0.2895254454861025
4,15.0,2051.406,31.58629526,31.151507969361894,31.35328265470637,31.299928783276066,31.299928783276066,-0.2863664767239342
4,15.0,2051.889,31.54807902,31.123420672295882,31.326521264603997,31.272611026531568,31.272611026531568,-0.27546799346843187
4,15.0,2052.371,31.52131993,31.095420768688975,31.29977984905778,31.245331536634325,31.245331536634325,-0.27598839336567593
4,15.0,2052.853,31.50630548,31.06745138958368,31.273004249478042,31.21803506486018,31.21803506486018,-0.2882704151398201
4,15.0,2053.335,31.45111259,31.03951384400349,31.246195686211582,31.19072290789567,31.19072290789567,-0.2603896821043321
4,15.0,2053.817,31.44524475,31.011609437747076,31.21935538947431,31.16339636913135,31.16339636913135,-0.28184838086865227
4,15.0,2054.299,31.40567291,30.983739473329578,31.19248459933697,31.136056758612153,31.136056758612153,-0.2696161513878472
4,15.0,2054.781,31.35445386,30.955905249924516,31.165584565708855,31.108705392985872,31.108705392985872,-0.24574846701412767
4,15.0,2055.263,31.32027562,30.928108063305217,31.13865654831946,31.081343595450242,31.081343595450242,-0.23893202454975793
4,15.0,2055.746,31.30215822,30.90029165553412,31.111645867134435,31.053915901062872,31.053915901062872,-0.24824231893712678
4,15.0,2056.228,31.27769191,30.872572499449404,31.084665649153045,31.026537220506157,31.026537220506157,-0.2511546894938448
4,15.0,2056.71,31.25231516,30.84489424915542,31.057661287986456,30.999152119166975,30.999152119166975,-0.253163040833023
4,15.0,2057.192,31.19086987,30.81725818624124,31.030634082435846,30.97176194588949,30.97176194588949,-0.21910792411051006
4,15.0,2057.674,31.19489061,30.78966558860852,31.00358534099651,30.944368055775747,30.944368055775747,-0.2505225542242542
4,15.0,2058.156,31.14420158,30.762117730415028,30.97651638182584,30.916971810122064,30.916971810122064,-0.22722976987793686
4,15.0,2058.638,31.12464384,30.73461588201783,30.94942853270865,30.88957457635324,30.88957457635324,-0.23506926364676062
4,15.0,2059.12,31.08618929,30.707161309917332,30.922323131020363,30.862177727955558,30.862177727955558,-0.22401156204444206
4,15.0,2059.603,31.06013892,30.67969846904101,30.895145238886457,30.83472581092904,30.83472581092904,-0.2254131090709599
4,15.0,2060.084,31.02622016,30.652399040988907,30.86806506714671,30.80739071110825,30.80739071110825,-0.21882944889174993
4,15.0,2060.567,30.99109387,30.62503726155378,30.84085878655911,30.779946504680268,30.779946504680268,-0.21114736531973222
4,15.0,2061.049,30.94556492,30.59778449036458,30.81369671503895,30.752565065173613,30.752565065173613,-0.19299985482638604
4,15.0,2061.531,30.93273004,30.570585270754716,30.78652392310191,30.72519096982078,30.72519096982078,-0.20753907017921946
4,15.0,2062.013,30.89262786,30.543440844909,30.759341804772347,30.697825626970932,30.697825626970932,-0.19480223302906907
4,15.0,2062.495,30.87933503,30.51635245076914,30.732151763337093,30.67047045051195,30.67047045051195,-0.2088645794880506
4,15.0,2062.977,30.83741078,30.489321321979546,30.704955211288027,30.643126859787937,30.643126859787937,-0.19428392021206164
4,15.0,2063.459,30.81302989,30.462348687833398,30.677753570262375,30.615796279515486,30.615796279515486,-0.19723361048451338
4,15.0,2063.941,30.75844171,30.435435773219112,30.650548270980217,30.588480139697676,30.588480139697676,-0.1699615703023234
4,15.0,2064.424,30.72694761,30.40852815326712,30.623284304744118,30.561123253485185,30.561123253485185,-0.16582435651481475
4,15.0,2064.906,30.69903152,30.381738464711116,30.596076017026736,30.533840342717554,30.533840342717554,-0.1651911772824448
4,15.0,2065.388,30.65279568,30.355012145900098,30.56886842007797,30.506576196250315,30.506576196250315,-0.14621948374968596
4,15.0,2065.87,30.63479945,30.3283504035632,30.541662980288464,30.47933226434664,30.47933226434664,-0.15546718565336093
4,15.0,2066.352,30.5824004,30.301754439761098,30.514461172778432,30.452110002098827,30.452110002098827,-0.1302903979011738
4,15.0,2066.834,30.55487473,30.27522545183372,30.487264481318658,30.424910869330695,30.424910869330695,-0.12996386066930654
4,15.0,2067.316,30.5017804,30.24876463234881,30.46007439824864,30.397736330498756,30.397736330498756,-0.10404406950124567
4,15.0,2067.798,30.48643492,30.222373169050584,30.432892424392037,30.370587854591108,30.370587854591108,-0.115847065408893
4,15.0,2068.281,30.4430747,30.195997711225132,30.405663705837537,30.34341067716371,30.34341067716371,-0.09966402283628994
4,15.0,2068.763,30.4367457,30.16974865399537,30.378502511062226,30.316318813414075,30.316318813414075,-0.12042688658592482
4,15.0,2069.245,30.38726936,30.14357248916312,30.35135398116131,30.289257448784287,30.289257448784287,-0.09801191121571406
4,15.0,2069.727,30.36577431,30.11747038466058,30.324219650008402,30.262228069350204,30.262228069350204,-0.1035462406497949
4,15.0,2070.209,30.34250152,30.09144350334398,30.297101059494906,30.235232165186,30.235232165186,-0.10726935481399735
4,15.0,2070.691,30.28482594,30.06549300294422,30.269999759427918,30.20827123025183,30.20827123025183,-0.07655470974816936
4,15.0,2071.173,30.25669329,30.039620036017467,30.242917307425373,30.18134676227973,30.18134676227973,-0.07534652772027073
4,15.0,2071.655,30.22324377,30.013825749896302,30.21585526880795,30.15446026265748,30.15446026265748,-0.06878350734251981
4,15.0,2072.137,30.20560693,29.988111286641235,30.188815216488578,30.127613236310914,30.127613236310914,-0.07799369368908415
4,15.0,2072.62,30.14986796,29.962424686392154,30.16174270565569,30.100751621031442,30.100751621031442,-0.0491163389685596
4,15.0,2073.102,30.12246304,29.936873445205606,30.134751428309468,30.07398815929801,30.07398815929801,-0.048474880701988354
4,15.0,2073.584,30.09773853,29.911405423281558,30.107786903714402,30.04726870878374,30.04726870878374,-0.05046982121626087
4,15.0,2074.066,30.05103128,29.886021741100194,30.080850733997266,30.020594787356032,30.020594787356032,-0.030436492643968194
4,15.0,2074.548,30.03835456,29.86072351363067,30.05394452827705,29.993967915802344,29.993967915802344,-0.04438664419765459
4,15.0,2075.03,29.99559302,29.835511850284785,30.027069902536226,29.967389617701727,29.967389617701727,-0.028203402298274227
4,15.0,2075.512,29.9746564,29.810387854870484,30.00022847948871,29.940861419293704,29.940861419293704,-0.03379498070629694
4,15.0,2075.994,29.93885143,29.785352625545524,29.97342188844476,29.914384849345645,29.914384849345645,-0.02446658065435514
4,15.0,2076.477,29.91227508,29.760355595053237,29.9465962645444,29.887906674987953,29.887906674987953,-0.024368405012047845
4,15.0,2076.959,29.87256847,29.735501359360605,29.91986433190822,29.86153807276702,29.86153807276702,-0.01103039723298238
4,15.0,2077.441,29.8481523,29.710739152111206,29.89317216081526,29.835225702311465,29.835225702311465,-0.012926597688533548
4,15.0,2077.923,29.82041276,29.686070048396157,29.86652140556299,29.808971101143104,29.808971101143104,-0.011441658856895742
4,15.0,2078.405,29.78349514,29.661495117430935,29.839913726324262,29.782775808621786,29.782775808621786,-0.0007193313782138944
4,15.0,2078.887,29.76445986,29.637015422511322,29.813350788994185,29.756641365802373,29.756641365802373,-0.00781849419762537
4,15.0,2079.369,29.73487439,29.612632020969407,29.786834265033768,29.730569315289934,29.730569315289934,-0.004305074710067913
4,15.0,2079.851,29.72984302,29.588345964130248,29.760365831310526,29.70456120109291,29.70456120109291,-0.02528181890708936
4,15.0,2080.333,29.66480916,29.564158297268854,29.733947169936243,29.678618568475283,29.678618568475283,0.013809408475282225
4,15.0,2080.816,29.6389962,29.54002018804432,29.70752531902833,29.652689350727854,29.652689350727854,0.013693150727853265
4,15.0,2081.298,29.59824562,29.51603262204655,29.68121138086979,29.62688246521244,29.62688246521244,0.028636845212439255
4,15.0,2081.78,29.57490617,29.49214654724859,29.65495229471739,29.60114570630581,29.60114570630581,0.02623953630581255
4,15.0,2082.262,29.5365711,29.46836298428768,29.6287497619855,29.57548062277943,29.57548062277943,0.038909522779430716
4,15.0,2082.744,29.52125776,29.44468294754034,29.602605488475376,29.549888763894053,29.549888763894053,0.028631003894052043
4,15.0,2083.226,29.47512718,29.421107445081518,29.57652118419508,29.52437167924203,29.52437167924203,0.049244499242028894
4,15.0,2083.708,29.43778339,29.397637478643794,29.55049856317623,29.498930918587835,29.498930918587835,0.0611475285878349
4,15.0,2084.19,29.42762333,29.374274043577,29.524539343287614,29.473568031707114,29.473568031707114,0.04594470170711418
4,15.0,2084.673,29.40115681,29.3509699924721,29.498591592743733,29.448232196540964,29.448232196540964,0.047075386540964104
4,15.0,2085.155,29.34891313,29.327822806592472,29.472764483606532,29.423029875368485,29.423029875368485,0.07411674536848523
4,15.0,2085.637,29.32701521,29.304785101457032,29.44700595391353,29.397910078944605,29.397910078944605,0.07089486894460606
4,15.0,2086.119,29.28905328,29.281857846474836,29.42131773496923,29.37287435544934,29.37287435544934,0.08382107544933959
4,15.0,2086.601,29.24759112,29.25904200447578,29.39570156094086,29.347924252247005,29.347924252247005,0.10033313224700535
4,15.0,2087.083,29.22070109,29.236338531672416,29.370159168655046,29.32306131571672,29.32306131571672,0.10236022571672265
4,15.0,2087.565,29.19347827,29.21374837762194,29.344692297391664,29.298287091081505,29.298287091081505,0.10480882108150524
4,15.0,2088.047,29.19104307,29.191272485189074,29.319302688674966,29.27360312223633,29.27360312223633,0.08256005223633167
4,15.0,2088.53,29.1388903,29.168865519419285,29.293939657775386,29.24896002696638,29.24896002696638,0.11006972696637973
4,15.0,2089.011,29.11839627,29.14666722294846,29.26876223492834,29.224512119812573,29.224512119812573,0.10611584981257138
4,15.0,2089.494,29.07400742,29.124493919669955,29.24356279628983,29.20005763489752,29.20005763489752,0.12605021489751778
4,15.0,2089.976,29.05715653,29.10248461289643,29.21849986703248,29.175750297127795,29.175750297127795,0.11859376712779479
4,15.0,2090.458,29.01387178,29.080594182265024,29.193522937740703,29.151540911768492,29.151540911768492,0.1376691317684937
4,15.0,2090.94,28.99868052,29.058823529703137,29.16863375887035,29.127431011055837,29.127431011055837,0.12875049105583614
4,15.0,2091.422,28.98865822,29.03717355019328,29.14383408158496,29.10342212465866,29.10342212465866,0.11476390465865904
4,15.0,2091.904,28.9332476,29.01564513173855,29.11912565752572,29.079515779496756,29.079515779496756,0.1462681794967544
4,15.0,2092.386,28.90285528,28.994239155328508,29.094510238579662,29.055713499558458,29.055713499558458,0.1528582195584569
4,15.0,2092.868,28.88827186,28.972956494905294,29.0699895766448,29.032016805717106,29.032016805717106,0.14374494571710628
4,15.0,2093.351,28.85869297,28.95175424975928,29.0455148524118,29.00837838687314,29.00837838687314,0.1496854168731403
4,15.0,2093.833,28.84375236,28.930721075093523,29.02118916473024,28.98489764138266,28.98489764138266,0.14114528138265925
4,15.0,2094.315,28.80411702,28.909813797386303,28.996963491071806,28.961527027200912,28.961527027200912,0.15741000720091236
4,15.0,2094.797,28.78608728,28.88903326204519,28.97283958098548,28.938268050880474,28.938268050880474,0.15218077088047366
4,15.0,2095.279,28.75826692,28.868380307267064,28.948819182823996,28.915122214927976,28.915122214927976,0.15685529492797556
4,15.0,2095.761,28.72720115,28.84785576400672,28.924904043496028,28.89209101761553,28.89209101761553,0.16488986761553193
4,15.0,2096.243,28.69317948,28.827460455945523,28.90109590821598,28.869175952791423,28.869175952791423,0.1759964727914216
4,15.0,2096.725,28.65280736,28.80719519946086,28.877396520252283,28.846378509690233,28.846378509690233,0.19357114969023215
4,15.0,2097.208,28.63842672,28.787019167576773,28.853758797106618,28.823653247088437,28.823653247088437,0.18522652708843879
4,15.0,2097.69,28.63808232,28.767016707996305,28.830282359166834,28.80109574744085,28.80109574744085,0.1630134274408519
4,15.0,2098.172,28.58225736,28.74714670663879,28.806919887722323,28.778660310682664,28.778660310682664,0.1964029506826641
4,15.0,2098.654,28.56705399,28.72740995035035,28.783673115693176,28.75634840567126,28.75634840567126,0.18929441567125949
4,15.0,2099.136,28.54183305,28.70780721852504,28.760543772765132,28.734161495691875,28.734161495691875,0.19232844569187435
4,15.0,2099.618,28.51304239,28.68833928307651,28.737533585126783,28.71210103826438,28.71210103826438,0.1990586482643799
4,15.0,2100.1,28.48458665,28.669006908409905,28.714644275205202,28.690168484950036,28.690168484950036,0.2055818349500349
4,15.0,2100.582,28.45499367,28.64981085139436,28.69187756140023,28.668365281157698,28.668365281157698,0.21337161115769732
4,15.0,2101.064,28.44015737,28.63075186133559,28.66923515781709,28.646692865949866,28.646692865949866,0.20653549594986487
4,15.0,2101.547,28.40832638,28.611791568148288,28.646672191689024,28.625108121082615,28.625108121082615,0.21678174108261672
4,15.0,2102.029,28.40296237,28.593009217724,28.624283799099278,28.603701852627427,28.603701852627427,0.20073948262742647
4,15.0,2102.511,28.35457155,28.57436613802639,28.602024834107006,28.582430652859134,28.582430652859134,0.22785910285913502
4,15.0,2102.993,28.34418032,28.555863047827405,28.579896990928248,28.561295933496055,28.561295933496055,0.21711561349605546
4,15.0,2103.475,28.30837142,28.537500658205182,28.557901958128134,28.54029909893709,28.54029909893709,0.23192767893709032
4,15.0,2103.957,28.30013379,28.51927967251947,28.536041418346436,28.519441546067476,28.519441546067476,0.21930775606747588
4,15.0,2104.439,28.27574506,28.50120078638688,28.51431704802208,28.498724664063857,28.498724664063857,0.22297960406385897
4,15.0,2104.921,28.24798536,28.483264687656906,28.492730517116843,28.478149834200114,28.478149834200114,0.23016447420011232
4,15.0,2105.404,28.2346078,28.465435291817155,28.471239139091615,28.45767619088508,28.45767619088508,0.22306839088508212
4,15.0,2105.886,28.2148048,28.44778709999298,28.449933564192268,28.437389878347016,28.437389878347016,0.22258507834701646
4,15.0,2106.368,28.19191455,28.43028371365285,28.42877080037306,28.417249715215952,28.417249715215952,0.22533516521595232
4,15.0,2106.85,28.13693272,28.412925789328764,28.407752488893316,28.397257049195126,28.397257049195126,0.26032432919512516
4,15.0,2107.332,28.12882907,28.395713975671196,28.38688026314294,28.37741321911555,28.37741321911555,0.24858414911555116
4,15.0,2107.814,28.1279175,28.378648913427426,28.366155748362324,28.357719554743223,28.357719554743223,0.22980205474322446
4,15.0,2108.296,28.10041797,28.36173123542021,28.345580561362286,28.33817737658681,28.33817737658681,0.23775940658681094
4,15.0,2108.778,28.05646357,28.344961566526962,28.325156310243727,28.318787995706018,28.318787995706018,0.2623244257060193
4,15.0,2109.26,28.04014428,28.3283405236594,28.304884594117222,28.29955271352027,28.29955271352027,0.2594084335202709
4,15.0,2109.743,28.01312255,28.31183469741549,28.284725426391248,28.280433399198753,28.280433399198753,0.26731084919875414
4,15.0,2110.225,27.98175125,28.29551303685313,28.264763864891645,28.26151050551878,28.26151050551878,0.2797592555187798
4,15.0,2110.707,27.9643733,28.27934180627984,28.244959582215863,28.242745557675377,28.242745557675377,0.2783722576753789
4,15.0,2111.189,27.95747607,28.263321590530886,28.225314138687022,28.224139816606478,28.224139816606478,0.2666637466064792
4,15.0,2111.671,27.93890423,28.247452966379498,28.20582908423591,28.20569453266387,28.20569453266387,0.26679030266387116
4,15.0,2112.153,27.91252658,28.231736502518757,28.186505958121572,28.18741094542635,28.18741094542635,0.27488436542634886
4,15.0,2112.635,27.87428577,28.216172759544076,28.167346288652418,28.169290283514087,28.169290283514087,0.29500451351408685
4,15.0,2113.117,27.87070409,28.200762289936,28.148351592907865,28.151333764403937,28.151333764403937,0.2806296744039365
4,15.0,2113.6,27.85277335,28.185474145504838,28.129484487863934,28.133505855814562,28.133505855814562,0.2807325058145622
4,15.0,2114.082,27.83205176,28.17037216831612,28.110824594539704,28.1158815760078,28.1158815760078,0.28382981600780255
4,15.0,2114.564,27.81851417,28.155425074166924,28.092334159093145,28.09842502518354,28.09842502518354,0.279910855183541
4,15.0,2115.046,27.79278897,28.14063338289713,28.074014650893517,28.081137374394388,28.081137374394388,0.28834840439438736
4,15.0,2115.528,27.78237356,28.125997606151696,28.055867526700858,28.064019782642017,28.064019782642017,0.2816462226420171
4,15.0,2116.01,27.7439392,28.111518247365936,28.03789423039325,28.04707339669976,28.04707339669976,0.3031341966997587
4,15.0,2116.492,27.74253247,28.0971958017512,28.02009619269507,28.03029935093601,28.03029935093601,0.2877668809360081
4,15.0,2116.974,27.72980373,28.08303075628085,28.002474830906788,28.01369876713939,28.01369876713939,0.2838950371393878
4,15.0,2117.457,27.70197616,28.06899469360745,27.984995545333344,27.997238857709192,27.997238857709192,0.295262697709191
4,15.0,2117.938,27.67533911,28.05517477239621,27.967767735530707,27.98102240866399,27.98102240866399,0.3056832986639897
4,15.0,2118.421,27.64848541,28.04145652951795,27.950649514102928,27.96491564987706,27.96491564987706,0.31643023987706087
4,15.0,2118.903,27.64203041,28.027926120027082,27.933749130527957,27.94902024422459,27.94902024422459,0.30698983422459136
4,15.0,2119.385,27.63376107,28.014555422434817,27.917032301429572,27.93330371694626,27.93330371694626,0.29954264694626076
4,15.0,2119.867,27.61778041,28.001344873999784,27.900500357944278,27.917767110735845,27.917767110735845,0.2999867007358432
4,15.0,2120.349,27.58885361,27.988294903656538,27.884154615937426,27.90241145452635,27.90241145452635,0.3135578445263505
4,15.0,2120.831,27.5726715,27.975405932004882,27.867996375747268,27.887237763328248,27.887237763328248,0.3145662633282491
4,15.0,2121.313,27.55454948,27.962678371299614,27.85202692193079,27.872247038069606,27.872247038069606,0.3176975580696073
4,15.0,2121.795,27.53541319,27.950112625440738,27.836247523012084,27.85744026543804,27.85744026543804,0.3220270754380401
4,15.0,2122.278,27.50455365,27.937683525375114,27.820627290516885,27.842788274836874,27.842788274836874,0.3382346248368755
4,15.0,2122.76,27.49833923,27.925442925178945,27.805232142329636,27.82835269641663,27.82835269641663,0.33001346641663076
4,15.0,2123.242,27.49401279,27.91336530208518,27.790030758445496,27.814103945634862,27.814103945634862,0.3200911556348629
4,15.0,2123.724,27.47532465,27.901451026466898,27.77502434075325,27.800042950646667,27.800042950646667,0.3247183006466656
4,15.0,2124.206,27.45502846,27.88970046029936,27.76021407388722,27.786170624606978,27.786170624606978,0.33114216460697676
4,15.0,2124.688,27.42860976,27.878113957152586,27.745601124991236,27.772487865525044,27.772487865525044,0.34387810552504305
4,15.0,2125.17,27.41794815,27.866691862184403,27.731186643485483,27.758995556121256,27.758995556121256,0.3410474061212554
4,15.0,2125.652,27.41702234,27.85543451213384,27.716971760836394,27.74569456368618,27.74569456368618,0.3286722236861799
4,15.0,2126.135,27.37407783,27.844319394109025,27.70292872468932,27.732558743553625,27.732558743553625,0.358480913553624
4,15.0,2126.617,27.38792289,27.833392853871462,27.689116781017802,27.719643325800828,27.719643325800828,0.331720435800829
4,15.0,2127.099,27.34971689,27.82263201883415,27.675507722838766,27.70692173462101,27.70692173462101,0.357204844621009
4,15.0,2127.581,27.3408735,27.81203719198625,27.66210260752638,27.6943947741906,27.6943947741906,0.353521274190598
4,15.0,2128.063,27.34015167,27.801608667871548,27.648902473398188,27.68206323258746,27.68206323258746,0.3419115625874589
4,15.0,2128.545,27.31593478,27.79134673258438,27.635908339505054,27.66992788166451,27.66992788166451,0.3539931016645106
4,15.0,2129.027,27.30016762,27.781251663765836,27.623121205424397,27.65798947692622,27.65798947692622,0.3578218569262184
4,15.0,2129.509,27.28514865,27.771323730600642,27.610542051057482,27.646248757407548,27.646248757407548,0.36110010740754817
4,15.0,2129.991,27.27381895,27.761563193814162,27.598171836430115,27.634706445555743,27.634706445555743,0.36088749555574395
4,15.0,2130.474,27.2602594,27.75195057785322,27.585986491397605,27.62333992096641,27.62333992096641,0.36308052096640964
4,15.0,2130.956,27.23944145,27.74252593072328,27.574037394137942,27.612196940095597,27.612196940095597,0.37275549009559583
4,15.0,2131.438,27.2302947,27.733269411849143,27.562299997354398,27.60125443494081,27.60125443494081,0.3709597349408078
4,15.0,2131.92,27.21444922,27.724181248080804,27.550775179615307,27.590513060434347,27.590513060434347,0.37606384043434815
4,15.0,2132.402,27.21793565,27.71526165780072,27.539463798676973,27.57997345437029,27.57997345437029,0.36203780437028854
4,15.0,2132.884,27.2126499,27.706510850923337,27.528366691308843,27.569636237303126,27.569636237303126,0.3569863373031268
4,15.0,2133.366,27.19225709,27.697929028895082,27.51748467312288,27.559502012449087,27.559502012449087,0.367244922449089
4,15.0,2133.848,27.15767098,27.689516384694787,27.50681853840745,27.549571365590637,27.549571365590637,0.3919003855906382
4,15.0,2134.331,27.16596343,27.681256176765068,27.496347606287937,27.53982489811622,27.53982489811622,0.37386146811621757
4,15.0,2134.813,27.13519459,27.673182785207494,27.486115987098287,27.530303519643155,27.530303519643155,0.395108929643154
4,15.0,2135.295,27.15262536,27.665279099957317,27.476102506197776,27.52098737208595,27.52098737208595,0.368362012085953
4,15.0,2135.777,27.12800992,27.657545280117215,27.466307870962222,27.511876970558745,27.511876970558745,0.38386705055874515
4,15.0,2136.259,27.10336326,27.649981476330193,27.45673276668031,27.50297281230894,27.50297281230894,0.3996095523089416
4,15.0,2136.741,27.08580808,27.642587830782414,27.447377856414924,27.494275376640047,27.494275376640047,0.40846729664004755
4,15.0,2137.223,27.08382734,27.635364477206373,27.43824378086933,27.485785124837445,27.485785124837445,0.40195778483744604
4,15.0,2137.705,27.08002811,27.628311540884553,27.42933115825816,27.477502500097586,27.477502500097586,0.39747439009758523
4,15.0,2138.188,27.07043936,27.621415037156822,27.420622785166707,27.469411391789585,27.469411391789585,0.39897203178958307
4,15.0,2138.67,27.05532927,27.614703631547954,27.412155294948075,27.461545710970615,27.461545710970615,0.4062164409706135
4,15.0,2139.152,27.02883508,27.6081629685811,27.40391097727719,27.45388887839551,27.45388887839551,0.42505379839550983
4,15.0,2139.634,27.03394963,27.60179313976511,27.395890359175233,27.446441264221583,27.446441264221583,0.41249163422158475
4,15.0,2140.116,27.01230506,27.59559422818281,27.388093944604112,27.43920322021076,27.43920322021076,0.42689816021076155
4,15.0,2140.598,27.00228039,27.58956630849701,27.380522214367552,27.432175079678213,27.432175079678213,0.4298946896782141
4,15.0,2141.08,26.98840037,27.583709446956867,27.37317562601742,27.42535715744416,27.42535715744416,0.43695678744416
4,15.0,2141.562,26.98415754,27.578023701404696,27.366054613765243,27.41874974978917,27.41874974978917,0.43459220978916946
4,15.0,2142.044,26.97528967,27.572509121283165,27.359159588399,27.41235313441267,27.41235313441267,0.4370634644126703
4,15.0,2142.527,26.96747479,27.567154839798082,27.352477337400806,27.40615495683167,27.40615495683167,0.43868016683167
4,15.0,2143.009,26.97858821,27.561983060601488,27.346035894863906,27.400181123200472,27.400181123200472,0.4215929132004703
4,15.0,2143.491,26.9725035,27.556982544884924,27.339821530963498,27.394418803535814,27.394418803535814,0.4219153035358154
4,15.0,2143.973,26.9528509,27.552153308554725,27.3338345620178,27.388868200826586,27.388868200826586,0.43601730082658463
4,15.0,2144.455,26.95257127,27.547495359159335,27.32807528058497,27.383529499323846,27.383529499323846,0.43095822932384564
4,15.0,2144.937,26.94363887,27.54300869589894,27.322543955411987,27.37840286451968,27.37840286451968,0.4347639945196775
4,15.0,2145.419,26.94439285,27.538693309635278,27.317240831388933,27.373488443129407,27.373488443129407,0.42909559312940715
4,15.0,2145.901,26.93714635,27.534549182902026,27.31216612950874,27.36878636307731,27.36878636307731,0.4316400130773097
4,15.0,2146.384,26.92425011,27.53056822537357,27.307310230492064,27.364287639808925,27.364287639808925,0.44003752980892585
4,15.0,2146.865,26.92122513,27.526774596585557,27.302702756459638,27.360019644667464,27.360019644667464,0.4387945146674639
4,15.0,2147.348,26.92224924,27.523136706178622,27.298305541121437,27.355946956647465,27.355946956647465,0.43369771664746537
4,15.0,2147.83,26.90157923,27.519677631658922,27.2941467340514,27.35209558631502,27.35209558631502,0.4505163563150205
4,15.0,2148.312,26.9076411,27.516389604673616,27.290217094790346,27.348456914864833,27.348456914864833,0.440815814864834
4,15.0,2148.794,26.89686855,27.513272558008794,27.286516700359602,27.345030957326408,27.345030957326408,0.4481624073264072
4,15.0,2149.276,26.88872073,27.51032641620541,27.283045603754964,27.341817709933594,27.341817709933594,0.4530969799335942
4,15.0,2149.758,26.8799738,27.507551095572676,27.279803833950332,27.338817150137682,27.338817150137682,0.45884335013768407
4,15.0,2150.24,26.87771549,27.504946504201836,27.276791395906855,27.33602923662375,27.33602923662375,0.4583137466237517
4,15.0,2150.722,26.87589651,27.502512541980245,27.27400827058755,27.3334539093305,27.3334539093305,0.45755739933050066
4,15.0,2151.205,26.88410271,27.500244581845894,27.271449354804545,27.331086408193933,27.331086408193933,0.44698369819393236
4,15.0,2151.687,26.87268523,27.498151898251663,27.269125177374214,27.328936438862275,27.328936438862275,0.45625120886227677
4,15.0,2152.169,26.85520315,27.496229494125537,27.267030111583164,27.32699876307761,27.32699876307761,0.4717956130776102
4,15.0,2152.651,26.8526282,27.494477236671404,27.26516404260788,27.325273246020163,27.325273246020163,0.4726450460201619
4,15.0,2153.133,26.83933769,27.49289498496561,27.263526831781753,27.323759734273484,27.323759734273484,0.484422044273483
4,15.0,2153.615,26.84844821,27.491482589973373,27.262118316642365,27.32245805586444,27.32245805586444,0.4740098458644404
4,15.0,2154.097,26.8297955,27.49023989456548,27.260938310984084,27.321368020306465,27.321368020306465,0.49157252030646603
4,15.0,2154.579,26.82933394,27.48916673353543,27.25998660491605,27.32048941864614,27.32048941864614,0.49115547864613873
4,15.0,2155.062,26.8359737,27.488261234439253,27.259261700497344,27.31982085825703,27.31982085825703,0.4838471582570314
4,15.0,2155.544,26.82601176,27.487526965125404,27.258766341867364,27.319364861326797,27.319364861326797,0.49335310132679666
4,15.0,2156.026,26.8428085,27.486961685881663,27.258498511096615,27.319119560580972,27.319119560580972,0.47631106058097217
4,15.0,2156.508,26.82777366,27.486565199354246,27.258457904190458,27.319084673692032,27.319084673692032,0.4913110136920338
4,15.0,2156.99,26.82464654,27.48633730020319,27.2586441938382,27.31925990014742,27.31925990014742,0.49461336014741875
4,15.0,2157.472,26.82803705,27.486277775121625,27.259057029502472,27.3196449213155,27.3196449213155,0.49160787131550165
4,15.0,2157.954,26.82112369,27.486386402855473,27.259696037513688,27.320239400514666,27.320239400514666,0.4991157105146655
4,15.0,2158.436,26.80328607,27.486662954223434,27.260560821169634,27.32104298308557,27.32104298308557,0.5177569130855701
4,15.0,2158.918,26.80789598,27.487107192137383,27.261650960840026,27.322055296466445,27.322055296466445,0.5141593164664435
4,15.0,2159.401,26.80020007,27.487720314548575,27.262968975880366,27.323278699037413,27.323278699037413,0.5230786290374141
4,15.0,2159.883,26.81346226,27.48849952936314,27.264508942690465,27.324707716096732,27.324707716096732,0.5112454560967308
4,15.0,2160.365,26.81768662,27.489445671678443,27.26627286914028,27.326344238763923,27.326344238763923,0.5086576187639231
4,15.0,2160.847,26.79545862,27.490558472973706,27.268260244985022,27.32818782364563,27.32818782364563,0.5327292036456299
4,15.0,2161.329,26.81295568,27.491837656928528,27.27047053764842,27.330238009868463,27.330238009868463,0.5172823298684612
4,15.0,2161.811,26.79727263,27.493282939445425,27.272903192356388,27.332494319172373,27.332494319172373,0.5352216891723742
4,15.0,2162.293,26.81183012,27.494894028672643,27.275557632275174,27.334956256006862,27.334956256006862,0.5231261360068622
4,15.0,2162.775,26.81510136,27.49667062502735,27.278433258654317,27.337623307630096,27.337623307630096,0.5225219476300964
4,15.0,2163.258,26.80074369,27.49861662134944,27.28153610344522,27.340501114251992,27.340501114251992,0.5397574242519916
4,15.0,2163.74,26.80806897,27.500723644156324,27.284852675158795,27.3435772117097,27.3435772117097,0.5355082417096995
4,15.0,2164.222,26.83599007,27.502995228515392,27.288388505677496,27.346856782428702,27.346856782428702,0.510866712428701
4,15.0,2164.704,26.80923293,27.505431044142377,27.292142910057585,27.350339245914004,27.350339245914004,0.5411063159140035
4,15.0,2165.186,26.82735049,27.508030753143014,27.296115182219612,27.35402400501662,27.35402400501662,0.5266735150166184
4,15.0,2165.668,26.82813557,27.510794010038328,27.300304595117417,27.357910446049093,27.357910446049093,0.5297748760490926
4,15.0,2166.15,26.81482464,27.513720461790122,27.30471040091125,27.361997938903585,27.361997938903585,0.5471732989035836
4,15.0,2166.632,26.81265637,27.51680974782692,27.309331831144885,27.366285837172516,27.366285837172516,0.5536294671725166
4,15.0,2167.115,26.81736082,27.520068415067957,27.31417835343619,27.370782995894498,27.370782995894498,0.5534221758944966
4,15.0,2167.597,26.81037567,27.52348259385074,27.319229088807603,27.37547011346897,27.37547011346897,0.565094443468972
4,15.0,2168.079,26.81270126,27.527058479465914,27.324493019640943,27.380355599223687,27.380355599223687,0.5676543392236866
4,15.0,2168.561,26.80252279,27.53079568145904,27.32996929682291,27.38543874277608,27.38543874277608,0.5829159527760801
4,15.0,2169.043,26.82718703,27.534693801976864,27.33565705156788,27.39071881808443,27.39071881808443,0.563531788084429
4,15.0,2169.525,26.80923508,27.538752435795168,27.341555395617757,27.39619508358306,27.39619508358306,0.5869600035830587
4,15.0,2170.007,26.81946605,27.542971170347005,27.347663421445272,27.401866782319768,27.401866782319768,0.5824007323197691
4,15.0,2170.489,26.83509661,27.547349585751142,27.353980202460722,27.4077331420955,27.4077331420955,0.5726365320954976
4,15.0,2170.971,26.83525168,27.55188725484095,27.36050479322199,27.41379337560612,27.41379337560612,0.5785416956061198
4,15.0,2171.454,26.83063639,27.556593651732165,27.367250409620546,27.420059854381044,27.420059854381044,0.5894234643810456
4,15.0,2171.936,26.8455131,27.561448845817786,27.37418813527523,27.42650581175919,27.42650581175919,0.5809927117591869
4,15.0,2172.418,26.84378529,27.566461967730834,27.381330721288847,27.433143190038685,27.433143190038685,0.589357900038685
4,15.0,2172.9,26.86895531,27.57163256144265,27.388677148936832,27.439971142925373,27.439971142925373,0.5710158329253723
4,15.0,2173.382,26.87069282,27.576960163788055,27.396226381739975,27.446988809760466,27.446988809760466,0.5762959897604674
4,15.0,2173.864,26.85085332,27.58244430449604,27.40397736569264,27.454195315674482,27.454195315674482,0.6033419956744837
4,15.0,2174.346,26.87971079,27.588084506220756,27.411929029493724,27.461589771742947,27.461589771742947,0.5818789817429462
4,15.0,2174.828,26.88175123,27.59388028457287,27.420080284780305,27.469171275143935,27.469171275143935,0.5874200451439364
4,15.0,2175.311,26.87781462,27.599843655207163,27.42844755502958,27.47695521758036,27.47695521758036,0.5991405975803623
4,15.0,2175.792,26.87927231,27.60593659857434,27.436977132468453,27.484891744126013,27.484891744126013,0.6056194341260124
4,15.0,2176.275,26.86544225,27.612209276907322,27.44573880784523,27.493045908824545,27.493045908824545,0.6276036588245439
4,15.0,2176.757,26.88691648,27.618622696189345,27.454677616027226,27.501366680285116,27.501366680285116,0.6144502002851162
4,15.0,2177.239,26.9048819,27.625189164532202,27.46381032385799,27.509869780114503,27.509869780114503,0.6049878801145034
4,15.0,2177.721,26.90991561,27.631908155945645,27.47313574561335,27.518554225482028,27.518554225482028,0.6086386154820289
4,15.0,2178.203,26.93792098,27.638779137623565,27.48265268020932,27.527419020808857,27.527419020808857,0.5894980408088557
4,15.0,2178.685,26.92858706,27.645801569977618,27.492359911453406,27.53646315793796,27.53646315793796,0.6078760979379574
4,15.0,2179.167,26.94295056,27.652974906671226,27.5022562082979,27.545685616305676,27.545685616305676,0.6027350563056757
4,15.0,2179.649,26.95440369,27.660298594653792,27.512340325094872,27.555085363114397,27.555085363114397,0.6006816731143978
4,15.0,2180.132,26.95270945,27.667787734655654,27.52263250335779,27.56468140318018,27.56468140318018,0.6119719531801806
4,15.0,2180.614,26.97662304,27.675410748383968,27.53308884907606,27.574432942765224,27.574432942765224,0.5978099027652242
4,15.0,2181.096,26.9850781,27.683182413116786,27.54372919008901,27.584358598512125,27.584358598512125,0.5992804985121261
4,15.0,2181.578,27.00441875,27.691102149282155,27.55455222490081,27.59445729041547,27.59445729041547,0.5900385404154704
4,15.0,2182.06,27.02214952,27.69916937076972,27.56555663871343,27.604727927117718,27.604727927117718,0.5825784071177189
4,15.0,2182.542,26.9980283,27.70738348496662,27.576741103689976,27.615169406088565,27.615169406088565,0.6171411060885639
4,15.0,2183.024,27.01488247,27.715743892793675,27.58810427921925,27.625780613805382,27.625780613805382,0.6108981438053824
4,15.0,2183.506,27.02382407,27.72424998874189,27.59964481218111,27.636560425934466,27.636560425934466,0.6127363559344658
4,15.0,2183.989,27.04497692,27.732919259777628,27.611385827345856,27.6475305930067,27.6475305930067,0.6025536730066996
4,15.0,2184.471,27.0474333,27.74171518896411,27.623277327940944,27.658644542498998,27.658644542498998,0.6112112424989959
4,15.0,2184.953,27.03129282,27.75065495023219,27.635342051328713,27.669923657952662,27.669923657952662,0.6386308379526611
4,15.0,2185.435,27.05537396,27.759737912710595,27.64757859700139,27.681366773597574,27.681366773597574,0.6259928135975734
4,15.0,2185.917,27.06821698,27.76896343928465,27.65998555328193,27.692972713770775,27.692972713770775,0.6247557337707761
4,15.0,2186.399,27.07802289,27.778330886634265,27.672561497593563,27.704740293101928,27.704740293101928,0.626717403101928
4,15.0,2186.881,27.08930148,27.787839605272346,27.685304996729826,27.71666831669951,27.71666831669951,0.6273668366995118
4,15.0,2187.363,27.09936553,27.797488939583218,27.698214607124577,27.728755580337168,27.728755580337168,0.6293900503371681
4,15.0,2187.845,27.10657423,27.807278227861516,27.711288875122605,27.741000870640818,27.741000870640818,0.6344266406408181
4,15.0,2188.328,27.11528393,27.817227545374678,27.724553969483928,27.753428857907764,27.753428857907764,0.6381449279077636
4,15.0,2188.81,27.11961809,27.82729501918163,27.737953486702203,27.76598684724744,27.76598684724744,0.6463687572474406
4,15.0,2189.292,27.1063693,27.83750042427706,27.75151323964382,27.778699167538555,27.778699167538555,0.6723298675385543
4,15.0,2189.774,27.15317553,27.847843074977533,27.7652317369838,27.791564570675366,27.791564570675366,0.6383890406753672
4,15.0,2190.256,27.16542302,27.858322279707725,27.779107478660787,27.80458180034433,27.80458180034433,0.6391587803443315
4,15.0,2190.738,27.15804651,27.868937341040667,27.793138956146887,27.817749592212763,27.817749592212763,0.659703082212765
4,15.0,2191.22,27.19371649,27.879687555738293,27.807324652717178,27.83106667411733,27.83106667411733,0.6373501841173308
4,15.0,2191.702,27.20520155,27.890572214792154,27.821663043718843,27.84453176625296,27.84453176625296,0.6393302162529579
4,15.0,2192.185,27.19858207,27.90161360170463,27.8361828142188,27.85817197326287,27.85817197326287,0.6595899032628694
4,15.0,2192.667,27.20624443,27.91276527476906,27.850822298569433,27.871929517189372,27.871929517189372,0.6656850871893703
4,15.0,2193.149,27.22348059,27.924049229440786,27.865609855291105,27.885831185259406,27.885831185259406,0.6623505952594044
4,15.0,2193.631,27.23127157,27.93546473403029,27.880543930684233,27.89987566897269,27.89987566897269,0.6686040989726898
4,15.0,2194.113,27.24934919,27.947011051284854,27.895622964457676,27.914061653129977,27.914061653129977,0.6647124631299768
4,15.0,2194.595,27.27016013,27.958687438430744,27.91084538999362,27.92838781602124,27.92838781602124,0.6582276860212382
4,15.0,2195.077,27.28351452,27.970493147215528,27.926209634611354,27.9428528296134,27.9428528296134,0.6593383096133998
4,15.0,2195.559,27.2955288,27.982427423950497,27.941714119830035,27.95745535973771,27.95745535973771,0.6619265597377115
4,15.0,2196.042,27.30724816,27.994514666954906,27.957389859312737,27.97222478512858,27.97222478512858,0.6649766251285811
4,15.0,2196.524,27.32467096,28.00670405977277,27.973170351113723,27.987098600532338,27.987098600532338,0.6624276405323393
4,15.0,2197.006,27.33806996,28.019019725683698,27.989086312570276,28.00210589220807,28.00210589220807,0.6640359322080727
4,15.0,2197.488,27.34777147,28.031460889672925,28.00513614459605,28.01724530330057,28.01724530330057,0.6694738333005681
4,15.0,2197.97,27.37492691,28.044026771505425,28.02131824360104,28.032515471750635,28.032515471750635,0.6575885617506358
4,15.0,2198.452,27.38096333,28.056716585769664,28.0376310017468,28.047915030479743,28.047915030479743,0.6669517004797427
4,15.0,2198.934,27.38716303,28.069529541921593,28.05407280720002,28.06344260757416,28.06344260757416,0.6762795775741601
4,15.0,2199.416,27.41750723,28.08246484432886,28.070642044384734,28.079096826468447,28.079096826468447,0.6615895964684491
4,15.0,2199.898,27.42973615,28.095521692315163,28.087337094232826,28.094876306128448,28.094876306128448,0.665140156128448
4,15.0,2200.381,27.43842568,28.108726744546004,28.10419135709053,28.110812783550674,28.110812783550674,0.6723871035506725
4,15.0,2200.863,27.45890646,28.122024509678585,28.121133414927773,28.126838877346973,28.126838877346973,0.6679324173469716
4,15.0,2201.345,27.45723161,28.135441386847226,28.138196406370565,28.142986060915717,28.142986060915717,0.6857544509157165
4,15.0,2201.827,27.49902226,28.148976555637407,28.15537870084834,28.159252937153255,28.159252937153255,0.6602306771532547
4,15.0,2202.309,27.50214903,28.162629190815466,28.17267866552534,28.17563810539003,28.17563810539003,0.6734890753900267
4,15.0,2202.791,27.51852097,28.176398462374234,28.190094665540567,28.19214016156894,28.19214016156894,0.6736191915689389
4,15.0,2203.273,27.53158851,28.19028353557852,28.20762506424551,28.20875769842219,28.20875769842219,0.6771691884221909
4,15.0,2203.755,27.56542902,28.20428357101113,28.225268223439695,28.22548930564759,28.22548930564759,0.6600602856475888
4,15.0,2204.238,27.56400917,28.218427125132703,28.24305945258273,28.24236863281543,28.24236863281543,0.6783594628154326
4,15.0,2204.719,27.60176972,28.232625147758554,28.26088626413538,28.25928907588381,28.25928907588381,0.6575193558838102
4,15.0,2205.202,27.61954818,28.246994854210328,28.278895260004766,28.27638992311123,28.27638992311123,0.6568417431112294
4,15.0,2205.684,27.63004233,28.261446482912586,28.296973274868634,28.29356387764612,28.29356387764612,0.6635215476461198
4,15.0,2206.166,27.63828661,28.276008806350106,28.315155840639143,28.3108448086657,28.3108448086657,0.6725581986656977
4,15.0,2206.648,27.66654541,28.290680957976893,28.33344131463714,28.328231291298856,28.328231291298856,0.6616858812988546
4,15.0,2207.13,27.67786818,28.3054620668908,28.35182805422219,28.34572189884411,28.34572189884411,0.6678537188441105
4,15.0,2207.612,27.6970782,28.32035125788056,28.370314417010608,28.363315202936935,28.363315202936935,0.6662370029369349
4,15.0,2208.094,27.72061155,28.33534765147337,28.38889876109132,28.38100977371602,28.38100977371602,0.6603982237160189
4,15.0,2208.576,27.73780677,28.35045036398217,28.407579445238994,28.39880417998822,28.39880417998822,0.6609974099882194
4,15.0,2209.059,27.7479279,28.365690168695668,28.426393879506314,28.41673421269895,28.41673421269895,0.6688063126989512
4,15.0,2209.541,27.78071801,28.381003067313202,28.44526251527553,28.43472419155904,28.43472419155904,0.6540061815590406
4,15.0,2210.023,27.78181752,28.396419607114673,28.46422257025012,28.45280970299558,28.45280970299558,0.6709921829955796
4,15.0,2210.505,27.80095758,28.411938888026086,28.483272408034864,28.470989312110262,28.470989312110262,0.6700317321102638
4,15.0,2210.987,27.83949708,28.427560005999,28.50241039395014,28.489261583478562,28.489261583478562,0.6497645034785613
4,15.0,2211.469,27.84595934,28.44328205305908,28.521634895229976,28.50762508130645,28.50762508130645,0.6616657413064502
4,15.0,2211.951,27.88011186,28.459104117354343,28.54094428121755,28.52607836958594,28.52607836958594,0.6459665095859393
4,15.0,2212.433,27.88981518,28.47502528320407,28.560336923558417,28.544620012249396,28.544620012249396,0.6548048322493969
4,15.0,2212.916,27.89553029,28.49107796772918,28.579851683174393,28.563287311144233,28.563287311144233,0.667757021144233
4,15.0,2213.398,27.90209179,28.507194775393593,28.599406127621105,28.58200153075287,28.58200153075287,0.6799097407528691
4,15.0,2213.88,27.92213596,28.523407913158287,28.619038955702408,28.60079979472544,28.60079979472544,0.678663834725441
4,15.0,2214.362,27.94724473,28.539716450508447,28.63874855015584,28.619680668268195,28.619680668268195,0.6724359382681939
4,15.0,2214.844,27.97271239,28.55611945334555,28.658533296946402,28.638642717276376,28.638642717276376,0.6659303272763744
4,15.0,2215.326,27.98915022,28.572615984036602,28.67839158544335,28.657684508479093,28.657684508479093,0.6685342884790941
4,15.0,2215.808,28.01792333,28.589205101464,28.69832180859439,28.676804609583332,28.676804609583332,0.6588812795833334
4,15.0,2216.29,28.02456089,28.605885861074775,28.718322363096902,28.696001589415598,28.696001589415598,0.6714406994155979
4,15.0,2216.772,28.06894324,28.622657314930528,28.73839164956651,28.71527401806247,28.71527401806247,0.6463307780624703
4,15.0,2217.255,28.07694353,28.639553586119227,28.758569918198287,28.73466068082402,28.73466068082402,0.6577171508240198
4,15.0,2217.737,28.10141861,28.656503754570863,28.778772021284354,28.754079872219098,28.754079872219098,0.6526612622190981
4,15.0,2218.219,28.12146876,28.673541751647704,28.79903808005119,28.773570228673954,28.773570228673954,0.6521014686739548
4,15.0,2218.701,28.14034701,28.69066661636217,28.819366512427337,28.79313032669142,28.79313032669142,0.6527833166914192
4,15.0,2219.183,28.1515964,28.70787738459154,28.839755741061072,28.812758744712497,28.812758744712497,0.6611623447124977
4,15.0,2219.665,28.16161269,28.725173089128106,28.86020419347209,28.832454063247205,28.832454063247205,0.6708413732472067
4,15.0,2220.147,28.19850573,28.74255275972986,28.880710302200786,28.85221486500323,28.85221486500323,0.6537091350032291
4,15.0,2220.629,28.20758062,28.7600154231707,28.901272504954008,28.87203973501355,28.87203973501355,0.6644591150135497
4,15.0,2221.112,28.21088612,28.777596587620096,28.921932073681848,28.891968585340614,28.891968585340614,0.6810824653406122
4,15.0,2221.594,28.23748201,28.79522247248694,28.94260190730574,28.91191748248754,28.91191748248754,0.6744354724875379
4,15.0,2222.076,28.25267425,28.812928411077923,28.963323177293876,28.931926215269517,28.931926215269517,0.6792519652695184
4,15.0,2222.558,28.29199296,28.830713418732625,28.984094343437903,28.95199337926536,28.95199337926536,0.6600004192653586
4,15.0,2223.04,28.30436417,28.848576508060567,29.00491387138529,28.97211757299028,28.97211757299028,0.6677534029902787
4,15.0,2223.522,28.32941272,28.86651668899252,29.02578023276886,28.992297398013278,28.992297398013278,0.6628846780132776
4,15.0,2224.004,28.33949099,28.884532968831287,29.046691905333024,29.012531459072132,29.012531459072132,0.6730404690721308
4,15.0,2224.486,28.40455646,28.902624352302936,29.0676473730579,29.032818364187335,29.032818364187335,0.6282619041873367
4,15.0,2224.969,28.40476483,28.92082760568469,29.08868873299518,29.05319897306908,29.05319897306908,0.6484341430690783
4,15.0,2225.451,28.43385526,28.939066351179967,29.109727351578695,29.073587506489858,29.073587506489858,0.6397322464898565
4,15.0,2225.933,28.45526716,28.957377197456395,29.130805252774604,29.094024725972236,29.094024725972236,0.638757565972238
4,15.0,2226.415,28.47524568,28.97575913944133,29.151920946701562,29.114509253776617,29.114509253776617,0.639263573776617
4,15.0,2226.897,28.49782441,28.99421116974249,29.17307295029149,29.135039715988608,29.135039715988608,0.6372153059886081
4,15.0,2227.379,28.52375174,29.012732278699197,29.194259787396685,29.15561474262187,29.15561474262187,0.6318630026218699
4,15.0,2227.861,28.55888355,29.031321454434106,29.215479988894423,29.176232967719876,29.176232967719876,0.6173494177198755
4,15.0,2228.343,28.582844,29.04997768290481,29.236732092788696,29.196893029455488,29.196893029455488,0.6140490294554866
4,15.0,2228.825,28.59310221,29.06869994795548,29.258014644309412,29.21759357022901,29.21759357022901,0.6244913602290083
4,15.0,2229.308,28.60869622,29.08752627601403,29.27937043999175,29.2383763048529,29.2383763048529,0.6296800848529003
4,15.0,2229.79,28.61974163,29.10637768927667,29.30070960752537,29.25915382526884,29.25915382526884,0.6394121952688394
4,15.0,2230.272,28.65905617,29.125292076366314,29.32207489971754,29.27996777545777,29.27996777545777,0.6209116054577706
4,15.0,2230.754,28.66726177,29.14426841318739,29.343464891655547,29.300816815684584,29.300816815684584,0.6335550456845844
4,15.0,2231.236,28.72975544,29.163305673790113,29.3648781661086,29.32169961090573,29.32169961090573,0.5919441709057267
4,15.0,2231.718,28.73002059,29.18240283042236,29.386313313610927,29.342614830856714,29.342614830856714,0.6125942408567155
4,15.0,2232.2,28.75920274,29.201558853581666,29.40776893254273,29.363561150138054,29.363561150138054,0.6043584101380546
4,15.0,2232.682,28.76510118,29.220772712067102,29.42924362920818,29.384537248299466,29.384537248299466,0.6194360682994677
4,15.0,2233.165,28.8011899,29.240083411984532,29.45078062536294,29.405585416528684,29.405585416528684,0.6043955165286832
4,15.0,2233.646,28.80357469,29.25936980203309,29.472244721028233,29.42657352469972,29.42657352469972,0.6229988346997182
4,15.0,2234.129,28.81491834,29.278791229140058,29.493813038540317,29.447674801372827,29.447674801372827,0.6327564613728285
4,15.0,2234.611,28.85876016,29.298226195094195,29.515350297029606,29.468756961965493,29.468756961965493,0.6099968019654938
4,15.0,2235.093,28.86465555,29.317713814558203,29.536899783394745,29.489862373568897,29.489862373568897,0.6252068235688988
4,15.0,2235.575,28.9176958,29.337253047230753,29.558460153002123,29.510989747110372,29.510989747110372,0.5932939471103715
4,15.0,2236.057,28.92282543,29.356842851476713,29.580030069619543,29.5321377990078,29.5321377990078,0.6093123690077995
4,15.0,2236.539,28.94717933,29.376482184379206,29.60160820547462,29.55330525124036,29.55330525124036,0.6061259212403591
4,15.0,2237.021,28.96784618,29.396170001791564,29.623193241310688,29.57449083141733,29.57449083141733,0.60664465141733
4,15.0,2237.503,28.96479555,29.415905258389834,29.644783866440882,29.59569327284565,29.59569327284565,0.6308977228456492
4,15.0,2237.986,29.00874844,29.435727995989197,29.666423585079706,29.61695535077338,29.61695535077338,0.6082069107733794
4,15.0,2238.468,29.03806293,29.455555083524906,29.688021496143016,29.638187766202385,29.638187766202385,0.6001248362023865
4,15.0,2238.95,29.0478899,29.47542646555378,29.709621113703456,29.65943327505065,29.65943327505065,0.6115433750506476
4,15.0,2239.432,29.0642385,29.495341092560814,29.731221161861843,29.68069063406744,29.68069063406744,0.6164521340674405
4,15.0,2239.914,29.09887472,29.515297914114186,29.752820373523043,29.70195860601163,29.70195860601163,0.6030838860116283
4,15.0,2240.396,29.1108456,29.535295878917214,29.774417490436093,29.72323595970907,29.72323595970907,0.6123903597090674
4,15.0,2240.878,29.13444136,29.555333934860545,29.79601126323233,29.74452147010893,29.74452147010893,0.6100801101089282
4,15.0,2241.36,29.17097143,29.57541102907422,29.817600451461065,29.7658139183377,29.7658139183377,0.5948424883376973
4,15.0,2241.843,29.18942961,29.59556787926217,29.83922859550851,29.787156283947436,29.787156283947436,0.5977266739474345
4,15.0,2242.325,29.19872306,29.6157199641469,29.860804913221934,29.80845898431201,29.80845898431201,0.6097359243120124
4,15.0,2242.807,29.19982315,29.635907922459218,29.882372976343397,29.8297650009879,29.8297650009879,0.6299418509879011
4,15.0,2243.289,29.25336196,29.656130698805402,29.903931580430097,29.851073140337952,29.851073140337952,0.5977111803379529
4,15.0,2243.771,29.25363713,29.6763872372913,29.925479530105676,29.87238221515144,29.87238221515144,0.6187450851514384
4,15.0,2244.253,29.28771253,29.69667648157393,29.94701563908352,29.89369104468914,29.89369104468914,0.6059785146891414
4,15.0,2244.735,29.31103853,29.716997374913415,29.968538730188616,29.914998454727318,29.914998454727318,0.6039599247273166
4,15.0,2245.217,29.33566356,29.737348860224984,29.99004763537708,29.936303277599656,29.936303277599656,0.6006397175996554
4,15.0,2245.699,29.35282468,29.75772988013048,30.01154119575403,29.957604352238157,29.957604352238157,0.6047796722381555
4,15.0,2246.182,29.37653855,29.778181749232743,30.033062801878472,29.978944701248093,29.978944701248093,0.6024061512480934
4,15.0,2246.664,29.39158615,29.7986187210642,30.054522194854812,30.000234809061993,30.000234809061993,0.6086486590619948
4,15.0,2247.146,29.41879962,29.819082051918073,30.075962819041266,30.021517723053396,30.021517723053396,0.6027181030533946
4,15.0,2247.628,29.45200715,29.83957068376032,30.09738355229888,30.04279230894027,30.04279230894027,0.5907851589402711
4,15.0,2248.11,29.47521237,29.860083558521907,30.118783281699223,30.06405743922116,30.06405743922116,0.5888450692211578
4,15.0,2248.592,29.49620579,29.880619618150504,30.14016090353131,30.08531199320764,30.08531199320764,0.5891062032076384
4,15.0,2249.074,29.51206237,29.901177804661906,30.161515323306958,30.106554857054874,30.106554857054874,0.5944924870548753
4,15.0,2249.556,29.53594946,29.921757060191283,30.182845455764152,30.127784923791435,30.127784923791435,0.5918354637914334
4,15.0,2250.039,29.55848734,29.942399084181005,30.204194398528315,30.14904509509091,30.14904509509091,0.5905577550909094
4,15.0,2250.521,29.57838644,29.963017343111034,30.22547268153958,30.17024624209249,30.17024624209249,0.5918598020924897
4,15.0,2251.003,29.60491115,29.983653496501695,30.24672347463169,30.19143131033743,30.19143131033743,0.5865201603374288
4,15.0,2251.485,29.61844961,30.004306487479532,30.267945729470675,30.212599220630434,30.212599220630434,0.5941496106304349
4,15.0,2251.967,29.64024111,30.024975259546828,30.289138406942836,30.233748900777226,30.233748900777226,0.5935077907772239
4,15.0,2252.449,29.68061938,30.045658756632243,30.310300477148836,30.254879285606393,30.254879285606393,0.5742599056063931
4,15.0,2252.931,29.69229984,30.06635592314202,30.331430919396233,30.275989316989648,30.275989316989648,0.5836894769896475
4,15.0,2253.413,29.7223496,30.087065704010726,30.352528722190808,30.29707794386112,30.29707794386112,0.5747283438611177
4,15.0,2253.896,29.73142338,30.107830046370772,30.37363654914425,30.318187803943914,30.318187803943914,0.5867644239439151
4,15.0,2254.378,29.75901567,30.128561913829728,30.394666002408236,30.339230447134685,30.339230447134685,0.5802147771346853
4,15.0,2254.86,29.78750208,30.149303231944145,30.415659834784904,30.360248573035197,30.360248573035197,0.5727464930351971
4,15.0,2255.342,29.81060761,30.170052948270154,30.436617071475684,30.381241159011704,30.381241159011704,0.5706335490117027
4,15.0,2255.824,29.81870371,30.190810011145345,30.45753674681545,30.402207189570923,30.402207189570923,0.583503479570922
4,15.0,2256.306,29.8504089,30.21157336973883,30.478417904255387,30.42314565637202,30.42314565637202,0.57273675637202
4,15.0,2256.788,29.8843702,30.23234197410187,30.499259596345006,30.444055558237594,30.444055558237594,0.5596853582375942
4,15.0,2257.27,29.91668185,30.253114775217604,30.520060884712613,30.46493590116369,30.46493590116369,0.548254051163692
4,15.0,2257.752,29.9107565,30.27389072505133,30.540820840044578,30.485785698328243,30.485785698328243,0.5750291983282416
4,15.0,2258.235,29.95113196,30.29471188605001,30.561581480292016,30.50664712808787,30.50664712808787,0.5555151680878687
4,15.0,2258.717,29.9643248,30.315490994497438,30.582255927240233,30.527432833600187,30.527432833600187,0.5631080336001872
4,15.0,2259.199,30.00043814,30.33627011178359,30.602886305474456,30.548185074053713,30.548185074053713,0.5477469340537127
4,15.0,2259.681,30.0129015,30.357048194302912,30.62347172170264,30.568902891435783,30.568902891435783,0.5560013914357818
4,15.0,2260.163,30.03270468,30.377824199680553,30.6440112915705,30.589585334943667,30.589585334943667,0.5568806549436687
4,15.0,2260.645,30.08214194,30.398597086821987,30.664504139634147,30.610231460987038,30.610231460987038,0.528089520987038
4,15.0,2261.127,30.07728954,30.419365815962056,30.68494939933163,30.630840333189546,30.630840333189546,0.5535507931895474
4,15.0,2261.609,30.09166959,30.44012934871433,30.70534621295376,30.65141102238928,30.65141102238928,0.5597414323892806
4,15.0,2262.092,30.1300112,30.46092970585836,30.725735894556347,30.671985162000908,30.671985162000908,0.5419739620009096
4,15.0,2262.573,30.14920507,30.48163667869681,30.74599111521531,30.692434171201604,30.692434171201604,0.5432291012016037
4,15.0,2263.056,30.16388434,30.502421429771182,30.766279483885196,30.71292719409294,30.71292719409294,0.5490428540929422
4,15.0,2263.538,30.2031184,30.52315380195455,30.78647400379006,30.733335916207427,30.733335916207427,0.5302175162074256
4,15.0,2264.02,30.22145603,30.543875806072855,30.806615919089168,30.753701915833872,30.753701915833872,0.5322458858338734
4,15.0,2264.502,30.2270266,30.564586413040544,30.826704424537674,30.77402430707086,30.77402430707086,0.5469977070708616
4,15.0,2264.984,30.24066794,30.585284595491594,30.84673872351199,30.794302211209384,30.794302211209384,0.5536342712093827
4,15.0,2265.466,30.27477566,30.60596932782756,30.86671802797305,30.814534756725955,30.814534756725955,0.5397590967259553
4,15.0,2265.948,30.31373659,30.62663958626557,30.8866415584293,30.834721079275397,30.834721079275397,0.5209844892753956
4,15.0,2266.43,30.32083904,30.647294348886206,30.906508543898426,30.854860321682104,30.854860321682104,0.5340212816821044
4,15.0,2266.913,30.34822185,30.667975395746005,30.92635926069022,30.874993266742564,30.874993266742564,0.5267714167425623
4,15.0,2267.395,30.34976481,30.688596071232084,30.94611075584369,30.895035703910224,30.895035703910224,0.5452708939102244
4,15.0,2267.877,30.38577756,30.709198194694274,30.96580344218996,30.915028530605824,30.915028530605824,0.5292509706058226
4,15.0,2268.359,30.42507093,30.729780752147388,30.985436582407,30.93497091824885,30.93497091824885,0.5098999882488506
4,15.0,2268.841,30.43388826,30.75034273170699,31.005009447481328,30.9548620453752,30.9548620453752,0.520973785375201
4,15.0,2269.323,30.46022294,30.770883123636438,31.024521316665812,30.974701097624212,30.974701097624212,0.514478157624211
4,15.0,2269.805,30.48422569,30.791400920393677,31.043971477437186,30.994487267725212,30.994487267725212,0.5102615777252133
4,15.0,2270.287,30.50745084,30.811895116678087,31.063359225452512,31.01421975548304,31.01421975548304,0.5067689154830397
4,15.0,2270.77,30.51776977,30.832407151241927,31.08272389103743,31.033938536341232,31.033938536341232,0.5161687663412309
4,15.0,2271.252,30.54881426,30.852851085717354,31.101984599945297,31.05356117159137,31.05356117159137,0.5047469115913685
4,15.0,2271.734,30.56412464,30.87326841566187,31.121180830307345,31.073127764604262,31.073127764604262,0.5090031246042628
4,15.0,2272.216,30.59738924,30.893658145209002,31.140311910075113,31.09263754334522,31.09263754334522,0.4952483033452211
4,15.0,2272.698,30.61076195,30.914019280964673,31.159377175155875,31.112089742773456,31.112089742773456,0.5013277927734556
4,15.0,2273.18,30.65948835,30.934350832053074,31.178375969366456,31.131483604824233,31.131483604824233,0.47199525482423255
4,15.0,2273.662,30.67260066,30.954651810162066,31.197307644386253,31.150818378389715,31.150818378389715,0.4782177183897147
4,15.0,2274.144,30.68118115,30.974921229588695,31.216171559710034,31.170093319299987,31.170093319299987,0.4889121692999865
4,15.0,2274.626,30.70157365,30.99515810728424,31.23496708260025,31.189307690302776,31.189307690302776,0.4877340403027759
4,15.0,2275.109,30.73116132,31.015403343050114,31.253732367537154,31.208500433480054,31.208500433480054,0.4773391134800562
4,15.0,2275.591,30.74626055,31.03557212638912,31.27238909307107,31.227591351052357,31.227591351052357,0.4813308010523585
4,15.0,2276.073,30.76986336,31.055705433206594,31.290975572825843,31.246619526780243,31.246619526780243,0.4767561667802447
4,15.0,2276.555,30.773381,31.075802291525306,31.309491204666458,31.26558425088669,31.26558425088669,0.49220325088668915
4,15.0,2277.037,30.79927134,31.095861732245893,31.32793539398184,31.284484820404934,31.284484820404934,0.4852134804049335
4,15.0,2277.519,30.8216136,31.11588278919069,31.346307553635057,31.303320539154996,31.303320539154996,0.4817069391549964
4,15.0,2278.001,30.84125135,31.135864499147882,31.36460710391334,31.322090717720663,31.322090717720663,0.4808393677206624
4,15.0,2278.483,30.87155719,31.15580590191493,31.382833472477806,31.340794673425076,31.340794673425076,0.46923748342507565
4,15.0,2278.966,30.87681949,31.17574728338022,31.40102367830655,31.359470326393232,31.359470326393232,0.48265083639323336
4,15.0,2279.448,30.89806929,31.195605114835683,31.419101840936353,31.37803967430674,31.37803967430674,0.47997038430674266
4,15.0,2279.93,30.94301662,31.215419775015533,31.437105147438373,31.39654079015184,31.39654079015184,0.4535241701518373
4,15.0,2280.412,30.95987627,31.235190316195396,31.455033054476775,31.414973017975253,31.414973017975253,0.45509674797525435
4,15.0,2280.894,30.96540936,31.254915793876208,31.472885025834895,31.433335708436825,31.433335708436825,0.46792634843682634
4,15.0,2281.376,31.02214693,31.27459526682679,31.490660532363577,31.451628218783164,31.451628218783164,0.42948128878316183
4,15.0,2281.858,31.02977328,31.29422779712613,31.508359051929347,31.469849912820543,31.469849912820543,0.4400766328205421
4,15.0,2282.34,31.05503621,31.31381245020566,31.525980069362944,31.48800016088819,31.48800016088819,0.4329639508881904
4,15.0,2282.823,31.07501551,31.333388774308936,31.543559391246646,31.50611577108107,31.50611577108107,0.43110026108107036
4,15.0,2283.305,31.06876156,31.352874778713307,31.56102372309985,31.524121112782105,31.524121112782105,0.45535955278210594
4,15.0,2283.787,31.10487874,31.37231012081095,31.578409047557486,31.54205315719019,31.54205315719019,0.4371744171901888
4,15.0,2284.269,31.09498521,31.39169387986759,31.595714876799597,31.559911300509683,31.559911300509683,0.4649260905096817
4,15.0,2284.751,31.12414645,31.411025138708926,31.612940729709052,31.577694945336496,31.577694945336496,0.453548495336495
4,15.0,2285.233,31.14157958,31.430302983761642,31.630086131819553,31.595403500629118,31.595403500629118,0.45382392062911947
4,15.0,2285.715,31.15845427,31.449526505094184,31.647150615262994,31.613036381679223,31.613036381679223,0.4545821116792226
4,15.0,2286.197,31.17958069,31.468694796456965,31.664133718716947,31.630593010081938,31.630593010081938,0.4510123200819365
4,15.0,2286.679,31.18501295,31.487806955322746,31.68103498735222,31.648072813705973,31.648072813705973,0.46305986370597196
4,15.0,2287.162,31.1947774,31.506901556481075,31.69788878110016,31.665511250417985,31.665511250417985,0.4707338504179859
4,15.0,2287.644,31.22678634,31.525898636753745,31.714624869236772,31.68283555073392,31.68283555073392,0.45604921073391935
4,15.0,2288.126,31.24394454,31.544836897835815,31.731277795603916,31.70008134607422,31.70008134607422,0.4561368060742197
4,15.0,2288.608,31.25460554,31.563715452495245,31.747847130833094,31.71724808911069,31.71724808911069,0.46264254911069
4,15.0,2289.09,31.27917434,31.58253341742018,31.764332451786334,31.734335238635726,31.734335238635726,0.4551608986357252
4,15.0,2289.572,31.28519022,31.601289913257776,31.780733341503932,31.751342259531015,31.751342259531015,0.46615203953101414
4,15.0,2290.054,31.3084568,31.61998406465296,31.79704938915191,31.768268622736063,31.768268622736063,0.45981182273606436
4,15.0,2290.536,31.3114718,31.63861500028662,31.813280189969852,31.785113805216497,31.785113805216497,0.47364200521649735
4,15.0,2291.019,31.31954936,31.657220306141603,31.82945875208959,31.801911983666436,31.801911983666436,0.482362623666436
4,15.0,2291.5,31.34482773,31.675683759402567,31.845484462128333,31.818558565807216,31.818558565807216,0.473730835807217
4,15.0,2291.983,31.35592828,31.69415804094459,31.861490202106687,31.83519147821581,31.83519147821581,0.47926319821580776
4,15.0,2292.465,31.38232174,31.71252734321041,31.877375907157038,31.851706653709307,31.851706653709307,0.4693849137093089
4,15.0,2292.947,31.40089343,31.730829133228216,31.893174430081217,31.868138121566552,31.868138121566552,0.46724469156655246
4,15.0,2293.429,31.39845292,31.749062564697617,31.90888540147848,31.884485394250895,31.884485394250895,0.48603247425089435
4,15.0,2293.911,31.42740382,31.76722679561642,31.924508457658142,31.900747990026726,31.900747990026726,0.4733441700267278
4,15.0,2294.393,31.45494547,31.785320988317444,31.940043240588118,31.916925432926707,31.916925432926707,0.4619799629267085
4,15.0,2294.875,31.44143851,31.80334430950436,31.95548939784353,31.93301725271928,31.93301725271928,0.49157874271928037
4,15.0,2295.357,31.46268702,31.821295930287874,31.970846582555737,31.949022984875455,31.949022984875455,0.4863359648754546
4,15.0,2295.84,31.491603,31.83921204382252,31.986146036366364,31.964975107612233,31.964975107612233,0.4733721076122315
4,15.0,2296.322,31.48218523,31.85701764192089,32.00132407101543,31.980807112591027,31.980807112591027,0.4986218825910278
4,15.0,2296.804,31.50766353,31.874749078059065,32.01641212466362,31.99655166931138,31.99655166931138,0.4888881393113813
4,15.0,2297.286,31.52047186,31.892405541339876,32.03140987217018,32.01220833573747,32.01220833573747,0.4917364757374685
4,15.0,2297.768,31.51651216,31.90998622544961,32.04631699369763,32.02777667537123,32.02777667537123,0.5112645153712272
4,15.0,2298.25,31.5641043,31.927490328692066,32.06113317466143,32.04325625721908,32.04325625721908,0.4791519572190772
4,15.0,2298.732,31.57315822,31.94491705402286,32.07585810568038,32.058646655758764,32.058646655758764,0.4854884357587643
4,15.0,2299.214,31.58295824,31.96226560908339,32.090491482527014,32.0739474509062,32.0739474509062,0.4909892109062035
4,15.0,2299.697,31.60270698,31.97957095265388,32.105063079528094,32.089189691752765,32.089189691752765,0.4864827117527639
4,15.0,2300.179,31.59469305,31.99676064276158,32.11951226423645,32.104309853419785,32.104309853419785,0.5096168034197852
4,15.0,2300.661,31.63719685,32.01386981236392,32.133869011925086,32.11933918290668,32.11933918290668,0.4821423329066796
4,15.0,2301.143,31.64510082,32.030897688189604,32.148133038500234,32.1342772815611,32.1342772815611,0.4891764615610974
4,15.0,2301.625,31.65230818,32.04784350181875,32.162304064777224,32.14912375600256,32.14912375600256,0.496815576002561
4,15.0,2302.107,31.66650819,32.06470648971538,32.17638181643233,32.16387821808972,32.16387821808972,0.49737002808972264
4,15.0,2302.589,31.68961688,32.08148589325948,32.19036602395493,32.178540284886935,32.178540284886935,0.4889234048869362
4,15.0,2303.071,31.69954354,32.09818095877883,32.20425642259983,32.19310957863136,32.19310957863136,0.4935660386313572
4,15.0,2303.553,31.71060145,32.114790937580494,32.218052752339915,32.20758572669991,32.20758572669991,0.4969842766999122
4,15.0,2304.036,31.72391206,32.131349278713884,32.23178308699179,32.22199810360852,32.22199810360852,0.49808604360852016
4,15.0,2304.518,31.71552741,32.14778667770626,32.24539032100683,32.23628666771357,32.23628666771357,0.5207592577135713
4,15.0,2305.0,31.72962888,32.16413677257228,32.25890273336863,32.250480998045425,32.250480998045425,0.5208521180454255
4,15.0,2305.482,31.72490618,32.180398834856575,32.27232008246362,32.26458074222067,32.26458074222067,0.5396745622206716
4,15.0,2305.964,31.74662399,32.19657214123647,32.2856421311636,32.278585552831146,32.278585552831146,0.531961562831146
4,15.0,2306.446,31.74807651,32.21265597355223,32.2988686467801,32.29249508741134,32.29249508741134,0.5444185774113386
4,15.0,2306.928,31.75716331,32.22864961883632,32.31199940101899,32.30630900840572,32.30630900840572,0.5491456984057201
4,15.0,2307.41,31.76966239,32.2445523693427,32.32503416993553,32.32002698313635,32.32002698313635,0.5503645931363508
4,15.0,2307.893,31.74458026,32.26039623009906,32.337999477228365,32.333676844258584,32.333676844258584,0.5890965842585842
4,15.0,2308.375,31.75640274,32.2761148966402,32.350841420576735,32.34720174703472,32.34720174703472,0.5907990070347182
4,15.0,2308.857,31.77764834,32.291740575354446,32.36358673198499,32.36062973379981,32.36062973379981,0.5829813937998125
4,15.0,2309.339,31.79849058,32.307272579680614,32.376235204470206,32.373960491073056,32.373960491073056,0.575469911073057
4,15.0,2309.821,31.80222566,32.32271022842168,32.38878663517818,32.3871937100903,32.3871937100903,0.5849680500902998
4,15.0,2310.303,31.81619258,32.33805284577195,32.40124082534043,32.40032908677213,32.40032908677213,0.5841365067721327
4,15.0,2310.785,31.83943141,32.35329976134459,32.41359758023125,32.41336632169221,32.41336632169221,0.5739349116922092
4,15.0,2311.267,31.85648405,32.36845031019858,32.42585670912541,32.42630512004575,32.42630512004575,0.569821070045748
4,15.0,2311.75,31.8849194,32.3835349629272,32.43804315439871,32.43917172794553,32.43917172794553,0.5542523279455267
4,15.0,2312.232,31.89323552,32.39849060210536,32.45010627141727,32.451912581366756,32.451912581366756,0.5586770613667547
4,15.0,2312.714,31.92106983,32.41334791134268,32.4620712134789,32.46455414064377,32.46455414064377,0.5434843106437697
4,15.0,2313.196,31.93566407,32.42810624775714,32.47393780544999,32.47709612915423,32.47709612915423,0.5414320591542321
4,15.0,2313.678,31.93843407,32.44276497404317,32.485705875990035,32.48953827474135,32.48953827474135,0.5511042047413497
4,15.0,2314.16,31.98232819,32.45732345849693,32.497375257511315,32.50188030968347,32.50188030968347,0.5195521196834711
4,15.0,2314.642,31.95917723,32.47178107504128,32.50894578613869,32.51412197066337,32.51412197066337,0.5549447406633661
4,15.0,2315.124,32.00072255,32.48613720325043,32.52041730167002,32.52626299873797,32.52626299873797,0.5255404487379707
4,15.0,2315.606,31.99377803,32.500391228374255,32.531789647536854,32.53830313930811,32.53830313930811,0.5445251093081112
4,15.0,2316.089,32.00693473,32.514571793744395,32.5430859554305,32.55026680650005,32.55026680650005,0.5433320765000502
4,15.0,2316.571,32.00930059,32.52861957629922,32.55425930007634,32.562104214896976,32.562104214896976,0.5528036248969741
4,15.0,2317.053,32.01637509,32.54256344457752,32.5653330264669,32.573839997259036,32.573839997259036,0.557464907259039
4,15.0,2317.535,32.02321308,32.5564028067813,32.5763069921892,32.58547391607307,32.58547391607307,0.5622608360730723
4,15.0,2318.017,32.02304874,32.57013707690561,32.58718105827252,32.59700573802144,32.59700573802144,0.573956998021437
4,15.0,2318.499,32.02372517,32.58376567476085,32.59795508915127,32.60843523395307,32.60843523395307,0.584710063953068
4,15.0,2318.981,32.02938592,32.59728802599521,32.60862895262818,32.61976217885429,32.61976217885429,0.5903762588542847
4,15.0,2319.463,32.02375474,32.61070356211639,32.619202519837806,32.63098635182027,32.63098635182027,0.6072316118202679
4,15.0,2319.946,32.04737067,32.62403921879459,32.62969728925441,32.642130501818116,32.642130501818116,0.5947598318181164
4,15.0,2320.427,32.04147618,32.637211944478054,32.64004826643712,32.65312551870075,32.65312551870075,0.6116493387007509
4,15.0,2320.91,32.07553051,32.650330731359894,32.65034141078741,32.66406262779783,32.66406262779783,0.5885321177978327
4,15.0,2321.392,32.06777263,32.663313213283324,32.66051236045391,32.67487336997886,32.67487336997886,0.6071007399788613
4,15.0,2321.874,32.06000087,32.676186125160925,32.670582418024786,32.68558029592977,32.68558029592977,0.6255794259297645
4,15.0,2322.356,32.07727585,32.68894893411393,32.68055147388834,32.696183208815306,32.696183208815306,0.6189073588153065
4,15.0,2322.838,32.09881299,32.70160111326787,32.69041942151996,32.70668191571371,32.70668191571371,0.60786892571371
4,15.0,2323.32,32.08742888,32.71414214177243,32.700186157449,32.71707622758965,32.71707622758965,0.6296473475896534
4,15.0,2323.802,32.12204187,32.72657150482027,32.70985158122549,32.72736595926759,32.72736595926759,0.6053240892675902
4,15.0,2324.284,32.13710621,32.7388886936661,32.719415595387666,32.73755092940502,32.73755092940502,0.6004447194050186
4,15.0,2324.767,32.15115091,32.751118408736396,32.72889763161578,32.747651764188646,32.747651764188646,0.5965008541886476
4,15.0,2325.249,32.1926139,32.76320951197032,32.73825833508235,32.75762646416389,32.75762646416389,0.5650125641638937
4,15.0,2325.731,32.21357436,32.77518695031003,32.7475173539755,32.767495880958386,32.767495880958386,0.553921520958383
4,15.0,2326.213,32.23156095,32.78705023945258,32.75667460247253,32.77725984830836,32.77725984830836,0.545698898308359
4,15.0,2326.695,32.25833148,32.79879890124637,32.76572999758096,32.7869182036536,32.7869182036536,0.5285867236535964
4,15.0,2327.177,32.2782697,32.81043246370824,32.77468345910836,32.796470788112224,32.796470788112224,0.518201088112221
4,15.0,2327.659,32.28787062,32.821950461039805,32.783534909632124,32.80591744645573,32.80591744645573,0.5180468264557305
4,15.0,2328.141,32.34780629,32.833352433644095,32.79228427446996,32.81525802708428,32.81525802708428,0.4674517370842821
4,15.0,2328.624,32.33949701,32.84466122064038,32.80094931567339,32.82451142989284,32.82451142989284,0.4850144198928348
4,15.0,2329.106,32.35264447,32.8558295468395,32.809494083748426,32.83363919385191,32.83363919385191,0.4809947238519072
4,15.0,2329.588,32.37613892,32.866880505977704,32.81793655810613,32.84266044653634,32.84266044653634,0.46652152653634005
4,15.0,2330.07,32.39140783,32.87781366343263,32.826276674742026,32.851575050625975,32.851575050625975,0.46016722062597637
4,15.0,2330.552,32.41577758,32.888628590859966,32.8345143722493,32.86038287230929,32.86038287230929,0.4446052923092907
4,15.0,2331.034,32.40952704,32.899324866207834,32.8426495917916,32.86908378126025,32.86908378126025,0.4595567412602506
4,15.0,2331.516,32.41613865,32.90990207373077,32.85068227707594,32.87767765061528,32.87767765061528,0.4615390006152822
4,15.0,2331.998,32.42819883,32.920359804003695,32.85861237432622,32.886164356950516,32.886164356950516,0.45796552695051673
4,15.0,2332.48,32.45125926,32.930697653935155,32.86643983225692,32.894543780259454,32.894543780259454,0.44328452025945353
4,15.0,2332.963,32.46066902,32.94093629976486,32.8741805217641,32.90283285408466,32.90283285408466,0.44216383408465987
4,15.0,2333.445,32.44607679,32.95103295439012,32.88180234384414,32.91099714170825,32.91099714170825,0.4649203517082512
4,15.0,2333.927,32.4512205,32.96100855674116,32.88932138734667,32.919053806343975,32.919053806343975,0.4678333063439766
4,15.0,2334.409,32.45598953,32.970862729202345,32.896737610699034,32.92700274144151,32.92700274144151,0.471013211441516
4,15.0,2334.891,32.43009869,32.9805951005543,32.90405097469382,32.93484384375935,32.93484384375935,0.5047451537593517
4,15.0,2335.373,32.43953201,32.99020530598502,32.9112614424648,32.942577013343666,32.942577013343666,0.5030450033436651
4,15.0,2335.855,32.44530768,32.9996929871014,32.91836897946351,32.95020215350779,32.95020215350779,0.5048944735077896
4,15.0,2336.337,32.44508677,33.00905779193981,32.92537355343591,32.95771917081174,32.95771917081174,0.5126324008117393
4,15.0,2336.82,32.43294856,33.01831842006066,32.9322893459519,32.96514323345727,32.96514323345727,0.5321946734572691
4,15.0,2337.302,32.43216551,33.02743618552485,32.939087692410716,32.97244351283025,32.97244351283025,0.5402780028302558
4,15.0,2337.784,32.41878254,33.03643005681833,32.94578299257131,32.97963540813287,32.97963540813287,0.5608528681328693
4,15.0,2338.266,32.43497531,33.0452997078115,32.95237522313779,32.98671883871982,32.98671883871982,0.5517435287198182
4,15.0,2338.748,32.41792963,33.054044818853725,32.9588643629984,32.99369372709454,32.99369372709454,0.5757640970945346
4,15.0,2339.23,32.39762005,33.06266507678242,32.96525039320457,33.00055999889029,33.00055999889029,0.6029399488902882
4,15.0,2339.712,32.43125109,33.071160174931535,32.97153329695029,33.007317582851655,33.007317582851655,0.5760664928516519
4,15.0,2340.194,32.39760266,33.079529813139885,32.977713059551995,33.01396641081631,33.01396641081631,0.616363750816312
4,15.0,2340.677,32.41017282,33.08779067033333,32.983802168265406,33.020519873013264,33.020519873013264,0.610347053013264
4,15.0,2341.159,32.42219897,33.09590825244595,32.98977539887583,33.02695077081898,33.02695077081898,0.6047518008189812
4,15.0,2341.641,32.47531051,33.10389951266563,32.995645456813854,33.033272726401414,33.033272726401414,0.557962216401414
4,15.0,2342.123,32.47105257,33.111764176940206,33.00141233569494,33.03948568379944,33.03948568379944,0.5684331137994434
4,15.0,2342.605,32.49711556,33.11950197775893,33.00707603116141,33.04558959005769,33.04558959005769,0.5484740300576902
4,15.0,2343.087,32.51759022,33.12711265415862,33.01263654086442,33.05158439520986,33.05158439520986,0.5339941752098554
4,15.0,2343.569,32.53432799,33.13459595172984,33.01809386444626,33.05747005226239,33.05747005226239,0.5231420622623872
4,15.0,2344.051,32.55418267,33.141951622622386,33.0234480035232,33.06324651717833,33.06324651717833,0.5090638471783251
4,15.0,2344.533,32.54506663,33.149179425550805,33.028698961668475,33.06891374886157,33.06891374886157,0.5238471188615677
4,15.0,2345.016,32.58011782,33.1562937221461,33.033857317197224,33.074483126566875,33.074483126566875,0.49436530656687694
4,15.0,2345.498,32.54179567,33.16326482509408,33.03890171791201,33.07993155336993,33.07993155336993,0.5381358833699323
4,15.0,2345.98,32.57640944,33.170107375205276,33.0438429600144,33.08527064107821,33.08527064107821,0.5088612010782114
4,15.0,2346.462,32.59145282,33.17682115751355,33.04868105474752,33.090500360211855,33.090500360211855,0.4990475402118548
4,15.0,2346.944,32.57015484,33.18340596363939,33.05341601523231,33.09562068415666,33.09562068415666,0.5254658441566562
4,15.0,2347.426,32.58936988,33.189861591793175,33.05804785645264,33.10063158914992,33.10063158914992,0.5112617091499203
4,15.0,2347.908,32.59459877,33.19618784677844,33.06257659524103,33.105533054266516,33.105533054266516,0.5109342842665185
4,15.0,2348.39,32.62966615,33.20238453999449,33.06700225026448,33.110325061405184,33.110325061405184,0.480658911405186
4,15.0,2348.873,32.62848372,33.20846394147989,33.07133370292468,33.11501719626954,33.11501719626954,0.4865334762695426
4,15.0,2349.354,32.63115287,33.21438851970955,33.07554439277523,33.1195806433833,33.1195806433833,0.48842777338330023
4,15.0,2349.837,32.65992437,33.22020737426509,33.07966936010613,33.12405334267787,33.12405334267787,0.46412897267786946
4,15.0,2350.319,32.65775294,33.22588379599972,33.08368268931151,33.128407165719025,33.128407165719025,0.4706542257190236
4,15.0,2350.801,32.65027279,33.23142981165708,33.0875930551963,33.13265148216981,33.13265148216981,0.4823786921698101
4,15.0,2351.283,32.6500819,33.23684527226497,33.091400487162566,33.136786290606466,33.136786290606466,0.4867043906064623
4,15.0,2351.765,32.67357113,33.24213003545734,33.095105016358204,33.14081159234109,33.14081159234109,0.4672404623410884
4,15.0,2352.247,32.6569253,33.24728396547442,33.09870667566565,33.144727391410164,33.144727391410164,0.48780209141016684
4,15.0,2352.729,32.68316373,33.252306933162586,33.102205499691024,33.148533694563326,33.148533694563326,0.4653699645633296
4,15.0,2353.211,32.68332965,33.257198815973894,33.105601524753396,33.15223051125237,33.15223051125237,0.4689008612523722
4,15.0,2353.694,32.69391904,33.261969238439114,33.10890151458043,33.15582518245125,33.15582518245125,0.46190614245125516
4,15.0,2354.176,32.72302364,33.266598337734635,33.11209184440313,33.15930283824591,33.15930283824591,0.4362791982459058
4,15.0,2354.658,32.73575722,33.271096023927925,33.115179494485005,33.16267105207848,33.16267105207848,0.4269138320784762
4,15.0,2355.14,32.73135465,33.27546220089651,33.11816450790151,33.165929844110806,33.165929844110806,0.43457519411080625
4,15.0,2355.622,32.74741829,33.27969677911644,33.121046929393174,33.169079237156105,33.169079237156105,0.4216609471561057
4,15.0,2356.104,32.75008572,33.283799675660035,33.12382680535701,33.17211925666963,33.17211925666963,0.4220335366696304
4,15.0,2356.586,32.7610097,33.28777081419308,33.126504183838314,33.175049930739554,33.175049930739554,0.4140402307395519
4,15.0,2357.068,32.75951148,33.29161012497188,33.12907911452271,33.17787129007817,33.17787129007817,0.41835981007817225
4,15.0,2357.551,32.72925825,33.29532509944183,33.13155667206324,33.18058888115786,33.18058888115786,0.4513306311578589
4,15.0,2358.033,32.72262926,33.29890029802183,33.13392665045961,33.18319148701336,33.18319148701336,0.46056222701336225
4,15.0,2358.515,32.73749403,33.302343499027664,33.1361943399986,33.18568488601732,33.18568488601732,0.44819085601731956
4,15.0,2358.997,32.71964546,33.305654659054795,33.13835979685791,33.188069119300735,33.188069119300735,0.4684236593007327
4,15.0,2359.479,32.76717984,33.308833741269325,33.14042307882096,33.1903442305785,33.1903442305785,0.4231643905785063
4,15.0,2359.961,32.77135189,33.311880715403134,33.14238424527076,33.192510266142094,33.192510266142094,0.4211583761420954
4,15.0,2360.443,32.76488449,33.31479555774864,33.14424335718443,33.19456727485258,33.19456727485258,0.4296827848525808
4,15.0,2360.925,32.80883805,33.317578251153236,33.14600047712783,33.19651530813388,33.19651530813388,0.3876772581338841
4,15.0,2361.407,32.81696763,33.32022878501347,33.147655669250526,33.19835441996631,33.19835441996631,0.3813867899663066
4,15.0,2361.89,32.83188663,33.32275224272044,33.14921211611868,33.20008814347996,33.20008814347996,0.3682015134799599
4,15.0,2362.372,32.81648827,33.32513817766102,33.1506634402391,33.20170935887482,33.20170935887482,0.38522108887482176
4,15.0,2362.854,32.78367184,33.32739196050409,33.15201303858922,33.203221830169156,33.203221830169156,0.41954999016915906
4,15.0,2363.336,32.79219226,33.32951360679157,33.1532609816131,33.20462562151407,33.20462562151407,0.4124333615140685
4,15.0,2363.818,32.75880327,33.3315031385806,33.1544073413183,33.205920799588384,33.205920799588384,0.44711752958838247
4,15.0,2364.3,32.72608054,33.3333605844358,33.15545219127265,33.207107433593656,33.207107433593656,0.4810268935936577
4,15.0,2364.782,32.72830375,33.335085979421265,33.156395606601535,33.20818559524944,33.20818559524944,0.47988184524943733
4,15.0,2365.264,32.70726531,33.3366793650922,33.15723766398536,33.20915535878879,33.20915535878879,0.5018900487887947
4,15.0,2365.747,32.73874076,33.338143684350534,33.157979873315675,33.210018475633355,33.210018475633355,0.47127771563335585
4,15.0,2366.229,32.76491448,33.33947292837474,33.158619241185654,33.21077145118767,33.21077145118767,0.4458569711876663
4,15.0,2366.711,32.77348848,33.34067032674214,33.159157490631856,33.21141626653706,33.21141626653706,0.43792778653705966
4,15.0,2367.193,32.79709236,33.341735946896385,33.15959470453904,33.21195300593402,33.21195300593402,0.41486064593402006
4,15.0,2367.675,32.85181244,33.34266986272599,33.15993096733906,33.21238175612589,33.21238175612589,0.3605693161258898
4,15.0,2368.157,32.88722201,33.34347215455415,33.16016636501016,33.212702606351804,33.212702606351804,0.3254805963518024
4,15.0,2368.639,32.91383717,33.344142909128266,33.1603009850766,33.21291564833993,33.21291564833993,0.2990784783399292
4,15.0,2369.121,32.93966194,33.34468221960921,33.16033491660851,33.21302097630494,33.21302097630494,0.27335903630493874
4,15.0,2369.604,32.95150641,33.34509089550281,33.160268007402635,33.213018570396564,33.213018570396564,0.26151216039656333
4,15.0,2370.086,32.95597704,33.34536735071348,33.16010062683959,33.2129085399323,33.2129085399323,0.2569314999322998
4,15.0,2370.568,32.95673261,33.34551267992168,33.15983283442741,33.212691093199716,33.212691093199716,0.2559584831997128
4,15.0,2371.05,32.92933661,33.34552700184156,33.159464725428045,33.21236633434407,33.21236633434407,0.28302972434406826
4,15.0,2371.532,32.9307055,33.3454104415423,33.158996396653244,33.21193436998796,33.21193436998796,0.28122886998795593
4,15.0,2372.014,32.93055761,33.345163130435616,33.15842794646626,33.21139530923027,33.21139530923027,0.28083769923026836
4,15.0,2372.496,32.92879505,33.34478520626285,33.15775947478381,33.21074926364521,33.21074926364521,0.2819542136452142
4,15.0,2372.978,32.91991992,33.34427681308182,33.156991083078196,33.20999634728167,33.20999634728167,0.2900764272816687
4,15.0,2373.46,32.93165754,33.34363810125341,33.156122874379946,33.209136676662794,33.209136676662794,0.2774791366627909
4,15.0,2373.943,32.91776859,33.34286749706285,33.15515284156811,33.20816825523856,33.20816825523856,0.2903996652385601
4,15.0,2374.425,32.94062518,33.34196835463148,33.154085107682405,33.2070952147194,33.2070952147194,0.2664700347194042
4,15.0,2374.907,32.9624909,33.34093938267216,33.152917875498936,33.205915784618284,33.205915784618284,0.24342488461828538
4,15.0,2375.389,32.97298901,33.33978075663049,33.15165125431477,33.2046300913604,33.2046300913604,0.23164108136040085
4,15.0,2375.871,32.96418328,33.33849265818344,33.15028535500188,33.203238263846266,33.203238263846266,0.2390549838462661
4,15.0,2376.353,32.98723114,33.33707527522419,33.14882029001132,33.20174043345267,33.20174043345267,0.21450929345267156
4,15.0,2376.835,33.00298239,33.335528801846564,33.14725617337762,33.20013673403366,33.20013673403366,0.19715434403366316
4,15.0,2377.317,33.00981571,33.33385343832939,33.14559312072358,33.19842730192196,33.19842730192196,0.18861159192196197
4,15.0,2377.799,33.03058867,33.3320493911203,33.14383124926518,33.1966122759304,33.1966122759304,0.16602360593039833
4,15.0,2378.281,33.03557578,33.3301168728195,33.14197067781689,33.1946917973537,33.1946917973537,0.1591160173536963
4,15.0,2378.764,33.07524422,33.32805169354235,33.1400073597797,33.19266169772487,33.19266169772487,0.11741747772487088
4,15.0,2379.246,33.07140588,33.325862630006206,33.137949547075905,33.19053052977362,33.19053052977362,0.11912464977361736
4,15.0,2379.728,33.10129881,33.32354577041201,33.13579340073105,33.1882943483442,33.1882943483442,0.0869955383441976
4,15.0,2380.21,33.08443534,33.32110135181369,33.133539046014675,33.18595330468541,33.18595330468541,0.10151796468541363
4,15.0,2380.692,33.11698083,33.31852961733172,33.131186609824965,33.18350755253968,33.18350755253968,0.06652672253967751
4,15.0,2381.174,33.11664508,33.315830816135154,33.12873622069564,33.18095724814597,33.18095724814597,0.06431216814597462
4,15.0,2381.656,33.13398024,33.313005203423295,33.126188008803034,33.17830255024299,33.17830255024299,0.044322310242989715
4,15.0,2382.138,33.15707813,33.31005304040714,33.1235421059734,33.175543620072474,33.175543620072474,0.018465490072472335
4,15.0,2382.621,33.1686459,33.306968076390476,33.120792852547034,33.17267457348751,33.17267457348751,0.004028673487511014
4,15.0,2383.103,33.18880232,33.30376335920769,33.11795176798074,33.16970745714705,33.16970745714705,-0.019094862852952588
4,15.0,2383.585,33.19295864,33.30043291181916,33.11501339821858,33.166636607671784,33.166636607671784,-0.02632203232821695
4,15.0,2384.067,33.2119116,33.296977019303725,33.11197788176843,33.163462196358246,33.163462196358246,-0.04844940364175443
4,15.0,2384.549,33.20904838,33.293395972654906,33.108845358828574,33.16018439702562,33.16018439702562,-0.04886398297438177
4,15.0,2385.031,33.2531424,33.289690068760734,33.105615971296515,33.15680338602021,33.15680338602021,-0.09633901397979372
4,15.0,2385.513,33.23511328,33.28585961038321,33.10228986277803,33.153319342220136,33.153319342220136,-0.08179393777986377
4,15.0,2385.995,33.23352027,33.281904906137676,33.098867178596514,33.149732447040165,33.149732447040165,-0.08378782295983456
4,15.0,2386.478,33.251844,33.27781767996687,33.09534066460432,33.146035123149005,33.146035123149005,-0.10580887685099327
4,15.0,2386.96,33.25935665,33.27361517702136,33.0917250723905,33.142242867204914,33.142242867204914,-0.11711378279508722
4,15.0,2387.442,33.28847379,33.269289389644634,33.08801335120023,33.138348319790936,33.138348319790936,-0.15012547020906197
4,15.0,2387.924,33.27455829,33.26484064966448,33.08420565332882,33.13435167252558,33.13435167252558,-0.1402066174744192
4,15.0,2388.406,33.27423455,33.26026929465432,33.08030213283932,33.13025311959085,33.13025311959085,-0.14398143040915556
4,15.0,2388.888,33.26782207,33.255575667910904,33.07630294557318,33.12605285773804,33.12605285773804,-0.1417692122619627
4,15.0,2389.37,33.26630453,33.250760118431714,33.07220824916129,33.12175108629384,33.12175108629384,-0.1445534437061582
4,15.0,2389.852,33.26233231,33.245823000892244,33.06801820303509,33.11734800716652,33.11734800716652,-0.1449843028334783
4,15.0,2390.334,33.26004197,33.24076467562281,33.06373296843797,33.112843824852234,33.112843824852234,-0.14719814514776886
4,15.0,2390.817,33.26485445,33.23557463806769,33.05934352209605,33.10822908760088,33.10822908760088,-0.15662536239911873
4,15.0,2391.299,33.25577993,33.23027475128401,33.05486820496014,33.10352311411244,33.10352311411244,-0.15225681588756146
4,15.0,2391.781,33.25284454,33.224854772244505,33.05029819442045,33.09871666696219,33.09871666696219,-0.15412787303780817
4,15.0,2392.263,33.24020713,33.21931508367486,33.045633659090484,33.0938099610701,33.0938099610701,-0.1463971689299015
4,15.0,2392.745,33.2571595,33.213656073836475,33.04087476945604,33.0888032139782,33.0888032139782,-0.16835628602179753
4,15.0,2393.227,33.23086676,33.207878136501904,33.03602169788783,33.08369664585779,33.08369664585779,-0.14717011414220593
4,15.0,2393.709,33.24439175,33.2019816709301,33.03107461865449,33.07849047951688,33.07849047951688,-0.16590127048311842
4,15.0,2394.191,33.26360029,33.19596708184129,33.02603370793564,33.073184940407764,33.073184940407764,-0.19041534959223583
4,15.0,2394.674,33.23620271,33.189821934697235,33.020888393984805,33.067768940696865,33.067768940696865,-0.16843376930313525
4,15.0,2395.156,33.24667654,33.18357209153292,33.01566016280504,33.062265138049895,33.062265138049895,-0.18441140195010775
4,15.0,2395.638,33.2304546,33.17720537240495,33.01033864065853,33.056662655421675,33.056662655421675,-0.17379194457832625
4,15.0,2396.12,33.24296342,33.170722203634526,33.00492401150825,33.05096172892526,33.05096172892526,-0.19200169107474352
4,15.0,2396.602,33.21927346,33.1641230168753,32.999416461296896,33.0451625973577,33.0451625973577,-0.17411086264229425
4,15.0,2397.084,33.22365981,33.157408249086856,32.99381617796112,33.03926550220846,33.03926550220846,-0.18439430779154264
4,15.0,2397.566,33.20022825,33.15057834250794,32.98812335144609,33.033270687667745,33.033270687667745,-0.16695756233225723
4,15.0,2398.048,33.2140269,33.143633744629646,32.98233817372024,33.02717840063525,33.02717840063525,-0.1868484993647499
4,15.0,2398.531,33.21062998,33.13656014484531,32.976448549487685,33.02097594853351,33.02097594853351,-0.18965403146648896
4,15.0,2399.012,33.1988411,33.12940229103717,32.970491542715266,33.01470241029253,33.01470241029253,-0.18413868970747416
4,15.0,2399.495,33.19869129,33.12210112280435,32.96441781356382,33.008305870905374,33.008305870905374,-0.1903854190946248
4,15.0,2399.977,33.20421487,33.114702105091695,32.958265001913446,33.001826017546705,33.001826017546705,-0.2023888524532964
4,15.0,2400.459,33.18976592,33.107190712347446,32.95202083019221,32.99524996768688,32.99524996768688,-0.19451595231311813
4,15.0,2400.941,33.17288802,33.099567423008274,32.94568550283144,32.98857798467398,32.98857798467398,-0.1843100353260212
4,15.0,2401.423,33.17620475,33.0918327205682,32.93925922639379,32.98181033462867,32.98181033462867,-0.1943944153713275
4,15.0,2401.905,33.17280842,33.08398709354974,32.93274220958937,32.97494728645353,32.97494728645353,-0.19786113354647483
4,15.0,2402.387,33.16326876,33.0760310354751,32.92613466329214,32.967989111842655,32.967989111842655,-0.19527964815734578
4,15.0,2402.869,33.16063287,33.06796504483677,32.91943680055622,32.960936085291145,32.960936085291145,-0.19969678470885555
4,15.0,2403.352,33.12466405,33.05977255021722,32.912634660210664,32.95377355694072,32.95377355694072,-0.17089049305928228
4,15.0,2403.834,33.13317417,33.051487984219,32.905756626311266,32.94653146590774,32.94653146590774,-0.18664270409225736
4,15.0,2404.316,33.12835804,33.04309501173242,32.898788928842706,32.939195363913456,32.939195363913456,-0.18916267608654636
4,15.0,2404.798,33.1282927,33.03459415084588,32.891731789752896,32.93176553676097,32.93176553676097,-0.19652716323903263
4,15.0,2405.28,33.1163261,33.02598592446914,32.884585433254856,32.924242273103815,32.924242273103815,-0.1920838268961873
4,15.0,2405.762,33.1004132,33.01727086030294,32.877350085844114,32.916625864455945,32.916625864455945,-0.18378733554405358
4,15.0,2406.244,33.0986918,33.00844949080828,32.87002597631625,32.90891660520194,32.90891660520194,-0.1897751947980595
4,15.0,2406.726,33.09129624,32.99952235317564,32.86261333578462,32.90111479260719,32.90111479260719,-0.19018144739280984
4,15.0,2407.208,33.07944284,32.99048998929396,32.85511239769822,32.89322072682816,32.89322072682816,-0.18622211317183712
4,15.0,2407.691,33.06258746,32.98133388076484,32.847507561671605,32.88521804705495,32.88521804705495,-0.1773694129450547
4,15.0,2408.173,33.05848247,32.972092493231216,32.83983055629776,32.87714019717987,32.87714019717987,-0.1813422728201317
4,15.0,2408.655,33.03850918,32.96274753415055,32.8320659684119,32.86897101268396,32.86897101268396,-0.1695381673160412
4,15.0,2409.137,33.05504469,32.95329956390076,32.82421404099171,32.86071080539802,32.86071080539802,-0.1943338846019813
4,15.0,2409.619,33.04197942,32.943749147399956,32.81627501944174,32.85235989009608,32.85235989009608,-0.18961952990391495
4,15.0,2410.101,33.03627203,32.9340968540744,32.80824915161209,32.843918584506035,32.843918584506035,-0.19235344549396416
4,15.0,2410.583,33.01642817,32.92434325782597,32.80013668781713,32.83538720932022,32.83538720932022,-0.18104096067978048
4,15.0,2411.065,33.01034813,32.91448893699962,32.791937880854384,32.82676608820605,32.82676608820605,-0.18358204179394733
4,15.0,2411.548,33.02006544,32.9045137182481,32.78363570813537,32.81803738343331,32.81803738343331,-0.20202805656669653
4,15.0,2412.03,33.01205871,32.89445949497775,32.775264805456246,32.8092375689299,32.8092375689299,-0.2028211410700962
4,15.0,2412.512,33.00452747,32.884306309726284,32.766808333633826,32.80034899815102,32.80034899815102,-0.20417847184897653
4,15.0,2412.994,32.99488209,32.874054758290555,32.75826655559436,32.79137200677758,32.79137200677758,-0.2035100832224188
4,15.0,2413.476,32.98704407,32.863705440744894,32.74963973684319,32.782306933519195,32.782306933519195,-0.2047371364808086
4,15.0,2413.958,32.9810271,32.85325896140736,32.74092814548426,32.773154120124865,32.773154120124865,-0.20787297987513398
4,15.0,2414.44,32.97204673,32.84271592880598,32.73213205223969,32.76391391139383,32.76391391139383,-0.20813281860617394
4,15.0,2414.922,32.94250579,32.832076955644716,32.72325173046946,32.75458665518624,32.75458665518624,-0.187919134813761
4,15.0,2415.405,32.93679623,32.821320289785085,32.714268771036245,32.745153081535946,32.745153081535946,-0.19164314846405262
4,15.0,2415.887,32.93160642,32.81049109431794,32.70522064963925,32.735652607489655,32.735652607489655,-0.19595381251034638
4,15.0,2416.369,32.91303329,32.79956782241652,32.69608913640808,32.7260661487648,32.7260661487648,-0.18696714123520053
4,15.0,2416.851,32.90855164,32.78855110315331,32.68687451545804,32.716394065579465,32.716394065579465,-0.19215757442053416
4,15.0,2417.333,32.88292962,32.77744156960414,32.677577073641785,32.706636721266406,32.706636721266406,-0.17629289873359255
4,15.0,2417.815,32.87754765,32.76623985881311,32.66819710056956,32.69679448228388,32.69679448228388,-0.18075316771611938
4,15.0,2418.297,32.8801069,32.75494661175742,32.65873488862925,32.68686771822622,32.68686771822622,-0.19323918177378374
4,15.0,2418.779,32.83848894,32.74356247331212,32.649190733006655,32.67685680183454,32.67685680183454,-0.16163213816545863
4,15.0,2419.261,32.82678717,32.73208809221455,32.63956493170585,32.666762109007365,32.666762109007365,-0.1600250609926377
4,15.0,2419.744,32.83743535,32.720500036713396,32.62983756191452,32.6565628160148,32.6565628160148,-0.18087253398520176
4,15.0,2420.226,32.82669544,32.708846947969455,32.6200492068264,32.64630153886355,32.64630153886355,-0.18039390113645482
4,15.0,2420.708,32.8233843,32.69710558697564,32.610180117824,32.63595763282523,32.63595763282523,-0.18742666717476908
4,15.0,2421.19,32.80168061,32.685276617568476,32.60023060439395,32.62553148653993,32.62553148653993,-0.17614912346007117
4,15.0,2421.672,32.78577534,32.67336070726711,32.59020097894326,32.61502349185758,32.61502349185758,-0.17075184814242306
4,15.0,2422.154,32.76534869,32.66135852723688,32.5800915568197,32.60443404384833,32.60443404384833,-0.1609146461516744
4,15.0,2422.636,32.74009313,32.64927075225282,32.569902656332474,32.59376354081275,32.59376354081275,-0.14632958918724626
4,15.0,2423.118,32.74630236,32.63709806066305,32.55963459877265,32.58301238429206,32.58301238429206,-0.16328997570794002
4,15.0,2423.601,32.74046832,32.624815617957374,32.5492661601365,32.57215842414753,32.57215842414753,-0.1683098958524667
4,15.0,2424.083,32.71380259,32.6124749696845,32.538840601803265,32.56124701307553,32.56124701307553,-0.15255557692447042
4,15.0,2424.565,32.72875661,32.600051462352525,32.52833686905651,32.55025617354375,32.55025617354375,-0.1785004364562468
4,15.0,2425.047,32.71046725,32.58754578823949,32.51775529532718,32.53918632016337,32.53918632016337,-0.1712809298366338
4,15.0,2425.529,32.70535322,32.57495864301102,32.50709621713094,32.528037870836044,32.528037870836044,-0.17731534916395475
4,15.0,2426.011,32.68285486,32.56229072568294,32.49635997408896,32.516811246763645,32.516811246763645,-0.1660436132363543
4,15.0,2426.493,32.67190245,32.549542738583604,32.48554690894829,32.50550687245785,32.50550687245785,-0.16639557754214707
4,15.0,2426.975,32.64319439,32.53671538731629,32.474657367602475,32.49412517574963,32.49412517574963,-0.14906921425036757
4,15.0,2427.458,32.64115908,32.52378252350542,32.46366886987239,32.48264273516723,32.48264273516723,-0.1585163448327691
4,15.0,2427.939,32.65032478,32.510825430837826,32.452650255725,32.471131543102445,32.471131543102445,-0.17919323689755373
4,15.0,2428.422,32.63072267,32.49773707520612,32.44151025071642,32.45949631144635,32.45949631144635,-0.1712263585536462
4,15.0,2428.904,32.60710201,32.48459922948443,32.43031817177932,32.44780951381089,32.44780951381089,-0.15929249618911
4,15.0,2429.386,32.59177392,32.47138559690508,32.419051394772616,32.436047583967614,32.436047583967614,-0.15572633603238728
4,15.0,2429.868,32.59126288,32.45809690192795,32.40771028490478,32.42421096986321,32.42421096986321,-0.16705191013679155
4,15.0,2430.35,32.55827695,32.44473387202028,32.39629521067353,32.41230012282694,32.41230012282694,-0.14597682717305815
4,15.0,2430.832,32.5460894,32.431297237618026,32.38480654388587,32.400315497578966,32.400315497578966,-0.14577390242103405
4,15.0,2431.314,32.53429409,32.417787732087234,32.37324465967836,32.38825755223873,32.38825755223873,-0.146036537761276
4,15.0,2431.796,32.53381116,32.40420609168502,32.36160993653709,32.3761267483332,32.3761267483332,-0.15768441166679992
4,15.0,2432.279,32.51859588,32.390524656018044,32.34987839250969,32.36389815803905,32.36389815803905,-0.15469772196095022
4,15.0,2432.761,32.50622895,32.37680082020237,32.338098991332956,32.351622886520445,32.351622886520445,-0.1546060634795552
4,15.0,2433.243,32.4936988,32.36300707679116,32.32624790778673,32.339276162524314,32.339276162524314,-0.1544226374756832
4,15.0,2433.725,32.46725418,32.34914417322097,32.314325533960954,32.32685846129331,32.32685846129331,-0.1403957187066851
4,15.0,2434.207,32.46711559,32.33521285962363,32.30233226539394,32.314370261516224,32.314370261516224,-0.15274532848377476
4,15.0,2434.689,32.44743448,32.321213888786616,32.29026850109191,32.301812045334835,32.301812045334835,-0.14562243466516378
4,15.0,2435.171,32.45508044,32.30714801611377,32.27813464354839,32.28918429835126,32.28918429835126,-0.16589614164874433
4,15.0,2435.653,32.41937958,32.29301599958532,32.26593109876327,32.2764875096344,32.2764875096344,-0.1428920703655976
4,15.0,2436.135,32.40781829,32.278818599718385,32.25365827626206,32.263722171726656,32.263722171726656,-0.144096118273346
4,15.0,2436.618,32.40054719,32.26452692363162,32.241290912658656,32.250862084962634,32.250862084962634,-0.14968510503736354
4,15.0,2437.1,32.38251112,32.25020091690568,32.228880635926174,32.23796100059515,32.23796100059515,-0.14455011940484752
4,15.0,2437.582,32.36073503,32.23581182481066,32.216402332272224,32.224992866615224,32.224992866615224,-0.1357421633847764
4,15.0,2438.064,32.38089587,32.221360417616836,32.20385642552041,32.211958189528346,32.211958189528346,-0.16893768047165736
4,15.0,2438.546,32.33632265,32.206847467931375,32.191243343113356,32.19885747934326,32.19885747934326,-0.13746517065673913
4,15.0,2439.028,32.31265533,32.1922737506581,32.17856351613095,32.18569124957736,32.18569124957736,-0.1269640804226384
4,15.0,2439.51,32.31387633,32.17764004295711,32.16581737930821,32.172460017261606,32.172460017261606,-0.14141631273839295
4,15.0,2439.992,32.28778904,32.162947124204614,32.15300537105343,32.15916430294551,32.15916430294551,-0.12862473705448707
4,15.0,2440.475,32.29104283,32.14816511130128,32.140101149085154,32.145776847420464,32.145776847420464,-0.14526598257953793
4,15.0,2440.957,32.27278006,32.1333559984547,32.12715859361692,32.13235361380091,32.13235361380091,-0.1404264461990934
4,15.0,2441.439,32.23771869,32.118490027208566,32.11415150509225,32.118867482089925,32.118867482089925,-0.11885120791007608
4,15.0,2441.921,32.23774574,32.10356798540221,32.10108033679436,32.10531898696119,32.10531898696119,-0.13242675303881413
4,15.0,2442.403,32.20401031,32.08859066288796,32.087945545765976,32.09170866662695,32.09170866662695,-0.11230164337305126
4,15.0,2442.885,32.21527238,32.0735588514905,32.07474759282594,32.07803706284153,32.07803706284153,-0.1372353171584706
4,15.0,2443.367,32.17853964,32.05847334496617,32.061486942585795,32.06430472090416,32.06430472090416,-0.11423491909583561
4,15.0,2443.849,32.18473503,32.04333493896179,32.048164063465684,32.05051218966162,32.05051218966162,-0.1342228403383814
4,15.0,2444.332,32.1537082,32.028112861791676,32.03475159489047,32.03663122096532,32.03663122096532,-0.11707697903467817
4,15.0,2444.814,32.15361844,32.01287094552103,32.02130555194496,32.0227198498607,32.0227198498607,-0.13089859013930294
4,15.0,2445.296,32.1475995,31.997578529309422,32.007798709390485,32.00874995846388,32.00874995846388,-0.13884954153611773
4,15.0,2445.778,32.11280105,31.982236415960315,31.994231551047093,31.994722109840488,31.994722109840488,-0.11807894015951348
4,15.0,2446.26,32.11937615,31.966845409962616,31.980604564620734,31.980636870612617,31.980636870612617,-0.13873927938738362
4,15.0,2446.742,32.09234038,31.951406317449653,31.966918241717984,31.966494810959922,31.966494810959922,-0.12584556904008082
4,15.0,2447.224,32.07337198,31.93591994615781,31.953173077860185,31.95229650462,31.95229650462,-0.12107547537999608
4,15.0,2447.706,32.06466201,31.920387105385522,31.939369572497608,31.938042528888623,31.938042528888623,-0.12661948111137633
4,15.0,2448.188,32.05585278,31.90480860595174,31.9255082290231,31.92373346461968,31.92373346461968,-0.13211931538032218
4,15.0,2448.671,32.04322041,31.889152800520932,31.911560618627075,31.909340040040675,31.909340040040675,-0.1338803699593285
4,15.0,2449.153,32.04261057,31.873485331590082,31.89758500759646,31.894922444242347,31.894922444242347,-0.14768812575765367
4,15.0,2449.635,32.0140155,31.857774646857933,31.88355309349442,31.880451525041146,31.880451525041146,-0.13356397495885375
4,15.0,2450.117,32.00750784,31.842021562815496,31.86946539562382,31.865927877522612,31.865927877522612,-0.14157996247739035
4,15.0,2450.599,31.98016878,31.826226897267457,31.855322437294095,31.851352100324497,31.851352100324497,-0.12881667967550214
4,15.0,2451.081,31.98117276,31.810391469290703,31.841124745832992,31.83672479563465,31.83672479563465,-0.144447964365348
4,15.0,2451.563,31.96243249,31.79451609919297,31.826872852598107,31.822046569188277,31.822046569188277,-0.14038592081172396
4,15.0,2452.045,31.92739927,31.77860160847124,31.812567292987808,31.807318030265044,31.807318030265044,-0.12008123973495444
4,15.0,2452.528,31.93063436,31.76261568345901,31.798178761796976,31.79250908020402,31.79250908020402,-0.13812527979597888
4,15.0,2453.01,31.90687679,31.7466253436395,31.783767383320807,31.77768165713708,31.77768165713708,-0.12919513286291817
4,15.0,2453.492,31.89433751,31.73059835611982,31.769303970154496,31.762805771952955,31.762805771952955,-0.13153173804704466
4,15.0,2453.974,31.88564997,31.714535546740827,31.75478907397111,31.747882048078644,31.747882048078644,-0.13776792192135545
4,15.0,2454.456,31.86292829,31.698437742324863,31.74022325053422,31.73291111246479,31.73291111246479,-0.13001717753520836
4,15.0,2454.938,31.85172081,31.682305770634187,31.725607059706313,31.717893595580325,31.717893595580325,-0.13382721441967504
4,15.0,2455.42,31.81396206,31.666140460329334,31.71094106545737,31.702830131406508,31.702830131406508,-0.11113192859349397
4,15.0,2455.902,31.80807625,31.6499426409276,31.696225835872557,31.687721357430966,31.687721357430966,-0.12035489256903276
4,15.0,2456.385,31.79836001,31.633679439249708,31.68143126249076,31.672536429976184,31.672536429976184,-0.1258235800238161
4,15.0,2456.867,31.78317206,31.617419030289902,31.66661918382398,31.657338872186592,31.657338872186592,-0.1258331878134058
4,15.0,2457.349,31.75992442,31.601128607235772,31.651759600048685,31.6420979393747,31.6420979393747,-0.11782648062530043
4,15.0,2457.831,31.76841681,31.584809002616783,31.636853095789185,31.626814282989436,31.626814282989436,-0.14160252701056564
4,15.0,2458.313,31.74117986,31.568461049611194,31.621900259817636,31.611488557948363,31.611488557948363,-0.12969130205163637
4,15.0,2458.795,31.70463282,31.552085582004207,31.606901685059093,31.596121422628947,31.596121422628947,-0.10851139737105342
4,15.0,2459.277,31.69473644,31.535683434146627,31.591857968596123,31.58071353885902,31.58071353885902,-0.11402290114098079
4,15.0,2459.759,31.70817065,31.51925544091315,31.576769711673013,31.565265571907183,31.565265571907183,-0.1429050780928165
4,15.0,2460.241,31.67643331,31.502802437660847,31.561637519699282,31.549778190472466,31.549778190472466,-0.12665511952753405
4,15.0,2460.724,31.65633597,31.486291050623283,31.5464304731653,31.534219814994092,31.534219814994092,-0.12211615500590867
4,15.0,2461.206,31.6322473,31.46979048757716,31.53121215602268,31.518655546086375,31.518655546086375,-0.11359175391362442
4,15.0,2461.688,31.63624468,31.45326742479879,31.515951746364813,31.50305389067828,31.50305389067828,-0.1331907893217199
4,15.0,2462.17,31.61729465,31.4367226991604,31.500649866297028,31.487415531085766,31.487415531085766,-0.12987911891423565
4,15.0,2462.652,31.59417927,31.420157147809142,31.485307142100297,31.47174115299681,31.47174115299681,-0.12243811700319185
4,15.0,2463.134,31.58432093,31.403571608125596,31.469924204231578,31.456031445458265,31.456031445458265,-0.12828948454173528
4,15.0,2463.616,31.57191655,31.38696691768232,31.45450168732375,31.44028710086214,31.44028710086214,-0.13162944913786134
4,15.0,2464.098,31.54581265,31.37034391420264,31.439040230184887,31.424508814931507,31.424508814931507,-0.12130383506849185
4,15.0,2464.581,31.515323,31.353668894120368,31.423508279268574,31.408664448636685,31.408664448636685,-0.10665855136331359
4,15.0,2465.062,31.50798674,31.337046319532718,31.408003071314216,31.39285321852541,31.39285321852541,-0.11513352147458988
4,15.0,2465.545,31.48927433,31.320338797217794,31.392396318014086,31.37694434585885,31.37694434585885,-0.11232998414115158
4,15.0,2466.027,31.46758385,31.303650890223736,31.376785496762277,31.361037254079896,31.361037254079896,-0.10654659592010418
4,15.0,2466.509,31.44936938,31.28694886136271,31.361138993255402,31.34509975049567,31.34509975049567,-0.10426962950432994
4,15.0,2466.991,31.43656007,31.27023354839511,31.345457471313747,31.32913255049545,31.32913255049545,-0.10742751950454732
4,15.0,2467.473,31.41110991,31.253505788943315,31.32974159891122,31.313136372685662,31.313136372685662,-0.09797353731433844
4,15.0,2467.955,31.38654729,31.23676642045067,31.31399204816978,31.29711193887139,31.29711193887139,-0.08943535112861056
4,15.0,2468.438,31.38501896,31.219981518195418,31.29817671763349,31.281026643092176,31.281026643092176,-0.10399231690782429
4,15.0,2468.919,31.36874416,31.20325620497497,31.282394620860472,31.26498120632957,31.26498120632957,-0.10376295367042943
4,15.0,2469.402,31.33966341,31.18645223192122,31.266515200227914,31.24884292791069,31.24884292791069,-0.0908204820893097
4,15.0,2469.884,31.36215324,31.16967478041186,31.25063767659105,31.23271269962902,31.23271269962902,-0.1294405403709824
4,15.0,2470.366,31.31636745,31.15288990469304,31.234729898647394,31.216557873200475,31.216557873200475,-0.09980957679952596
4,15.0,2470.848,31.30254988,31.136098440273514,31.218792563262305,31.200379189211677,31.200379189211677,-0.10217069078832353
4,15.0,2471.33,31.29461809,31.11930122219687,31.202826371391787,31.184177391303436,31.184177391303436,-0.11044069869656425
4,15.0,2471.812,31.26760978,31.102499085001014,31.186832028071425,31.167953226147993,31.167953226147993,-0.09965655385200733
4,15.0,2472.294,31.28510287,31.08569286267744,31.17081024240482,31.151707443425465,31.151707443425465,-0.13339542657453407
4,15.0,2472.776,31.25456158,31.068883388630937,31.154761727551204,31.135440795799838,31.135440795799838,-0.11912078420016314
4,15.0,2473.259,31.23495764,31.052036614255837,31.138653824531755,31.11912022856434,31.11912022856434,-0.11583741143565973
4,15.0,2473.741,31.21604338,31.035223132000585,31.12255395521995,31.102814081579588,31.102814081579588,-0.11322929842041063
4,15.0,2474.223,31.20495299,31.018408896035844,31.106429521906534,31.086489346919834,31.086489346919834,-0.11846364308016533
4,15.0,2474.705,31.18796159,31.00159473701385,31.090281253843123,31.07014678893779,31.07014678893779,-0.11781480106220954
4,15.0,2475.187,31.18799243,30.984781484798418,31.07410988426389,31.05378717484073,31.05378717484073,-0.13420525515927295
4,15.0,2475.669,31.18093292,30.967969968424924,31.05791615036894,31.037411274662745,31.037411274662745,-0.14352164533725542
4,15.0,2476.151,31.14401277,30.95116101606032,31.04170079330659,31.021019861236677,31.021019861236677,-0.12299290876332236
4,15.0,2476.633,31.10877891,30.934355454963196,31.025464558155015,31.00461371016511,31.00461371016511,-0.10416519983489181
4,15.0,2477.115,31.11070794,30.91755411144387,31.009208193903014,30.98819359979099,30.98819359979099,-0.12251434020901186
4,15.0,2477.598,31.08159575,30.90072296954214,30.992898666716584,30.97172620405211,30.97172620405211,-0.10986954594789111
4,15.0,2478.08,31.06616335,30.883932549146806,30.976604268932213,30.955280496013582,30.955280496013582,-0.11088285398641773
4,15.0,2478.562,31.03981604,30.86714882088077,30.96029201385651,30.938823181473452,30.938823181473452,-0.10099285852654916
4,15.0,2479.044,31.03628127,30.850372606862603,30.943962665921365,30.922355049434223,30.922355049434223,-0.1139262205657765
4,15.0,2479.526,31.01694429,30.833604728064646,30.92761699336159,30.905876891482237,30.905876891482237,-0.11106739851776481
4,15.0,2480.008,31.02996564,30.8168460042737,30.91125576819065,30.889389501754053,30.889389501754053,-0.1405761382459474
4,15.0,2480.49,30.97301417,30.800097254051863,30.89487976617604,30.872893676902986,30.872893676902986,-0.10012049309701254
4,15.0,2480.972,30.97804845,30.783359294697462,30.878489766813583,30.856390216064554,30.856390216064554,-0.12165823393544528
4,15.0,2481.455,30.954049,30.766598252860447,30.862052508546633,30.839845660549745,30.839845660549745,-0.11420333945025618
4,15.0,2481.937,30.95231462,30.749884348502015,30.845636842793194,30.823329323221913,30.823329323221913,-0.12898529677808668
4,15.0,2482.419,30.94551619,30.733183680618964,30.829209541923348,30.806807763527697,30.806807763527697,-0.1387084264723022
4,15.0,2482.901,30.93894707,30.716497061062014,30.81277140007971,30.79028179017903,30.79028179017903,-0.1486652798209711
4,15.0,2483.383,30.90592642,30.699825300223935,30.79632321499213,30.773752214188264,30.773752214188264,-0.13217420581173656
4,15.0,2483.865,30.87327639,30.683169207000958,30.779865787946648,30.75721984882972,30.75721984882972,-0.11605654117028052
4,15.0,2484.347,30.86848243,30.66652958875448,30.763399923753845,30.74068550960113,30.74068550960113,-0.1277969203988718
4,15.0,2484.829,30.86749991,30.64990725127256,30.74692643071638,30.724150014183802,30.724150014183802,-0.14334989581619695
4,15.0,2485.312,30.85586316,30.633268569431603,30.730411922559277,30.70757987591785,30.70757987591785,-0.1482832840821473
4,15.0,2485.794,30.80556554,30.616683244378578,30.713925598937912,30.69104453156362,30.69104453156362,-0.11452100843638036
4,15.0,2486.276,30.79825955,30.600117609294006,30.697434093694554,30.67451049847359,30.67451049847359,-0.12374905152640991
4,15.0,2486.758,30.79668967,30.583572463289176,30.680938228763285,30.65797860265991,30.65797860265991,-0.13871106734008976
4,15.0,2487.24,30.79135942,30.567048603712237,30.66443882939383,30.641449672111126,30.641449672111126,-0.14990974788887357
4,15.0,2487.722,30.75672521,30.55054682611091,30.64793672411372,30.624924536748722,30.624924536748722,-0.1318006732512771
4,15.0,2488.204,30.74489921,30.534067924194822,30.63143274468927,30.608404028383095,30.608404028383095,-0.13649518161690466
4,15.0,2488.686,30.73007575,30.5176126897983,30.614927726085945,30.591888980669054,30.591888980669054,-0.13818676933094665
4,15.0,2489.168,30.70023251,30.501181912843034,30.598422506427603,30.575380229060322,30.575380229060322,-0.12485228093967748
4,15.0,2489.651,30.70446054,30.484742371716784,30.581883686339395,30.558844383037886,30.558844383037886,-0.14561615696211305
4,15.0,2490.133,30.66771202,30.46836292639633,30.565380595326666,30.54235075437989,30.54235075437989,-0.12536126562011063
4,15.0,2490.615,30.64275831,30.45201029806109,30.548879837921056,30.525865940265643,30.525865940265643,-0.11689236973435868
4,15.0,2491.097,30.62059486,30.435685268608605,30.532382264460644,30.509390782882537,30.509390782882537,-0.11120407711746338
4,15.0,2491.579,30.60971256,30.419388617839758,30.515888728224418,30.492926125980887,30.492926125980887,-0.1167864340191116
4,15.0,2492.061,30.60449629,30.403121123422192,30.499400085386085,30.476472814824714,30.476472814824714,-0.12802347517528645
4,15.0,2492.543,30.58198106,30.38688356085413,30.48291719496673,30.460031696142128,30.460031696142128,-0.12194936385787258
4,15.0,2493.025,30.58152895,30.37067670342816,30.466440918786798,30.443603618074818,30.443603618074818,-0.13792533192518164
4,15.0,2493.508,30.55230789,30.3544677965662,30.44993796216292,30.42715539082414,30.42715539082414,-0.12515249917586146
4,15.0,2493.99,30.5544432,30.338324727995825,30.433477529092794,30.41075597527988,30.41075597527988,-0.14368722472012152
4,15.0,2494.472,30.50177179,30.322214672440207,30.417026313831162,30.394372154514123,30.394372154514123,-0.10739963548587639
4,15.0,2494.954,30.48643978,30.306138394006084,30.400585188900692,30.378004781809516,30.378004781809516,-0.10843499819048574
4,15.0,2495.436,30.47476316,30.29009665441599,30.384155029368443,30.36165471160106,30.36165471160106,-0.11310844839893974
4,15.0,2495.918,30.47365227,30.274090212972833,30.36773671279201,30.345322799421957,30.345322799421957,-0.12832947057804134
4,15.0,2496.4,30.45634317,30.258119826524982,30.351331119164804,30.329009901849037,30.329009901849037,-0.1273332681509629
4,15.0,2496.882,30.44993936,30.242186249431242,30.33493913086034,30.312716876447325,30.312716876447325,-0.13722248355267297
4,15.0,2497.365,30.43117826,30.226257293804757,30.318527670040712,30.296410843912085,30.296410843912085,-0.13476741608791443
4,15.0,2497.846,30.4263632,30.21043252808422,30.3021995112737,30.280193877022725,30.280193877022725,-0.14616932297727558
4,15.0,2498.329,30.381645550000002,30.19458110213188,30.285819761088764,30.263931977921096,30.263931977921096,-0.11771357207890532
4,15.0,2498.811,30.39213745,30.178802338381416,30.269491099935536,30.24772708390841,30.24772708390841,-0.1444103660915914
4,15.0,2499.293,30.37533464,30.163064118757106,30.253180491515163,30.231546364525812,30.231546364525812,-0.14378827547418638
4,15.0,2499.775,30.3682891,30.147367181948876,30.23688883126377,30.215390682073895,30.215390682073895,-0.15289841792610304
4,15.0,2500.257,30.3632172,30.131712263916597,30.22061701658152,30.199260899437437,30.199260899437437,-0.16395630056256394
4,15.0,2500.739,30.3345083,30.11610009785636,30.204365946769013,30.18315788002532,30.18315788002532,-0.1513504199746798
4,15.0,2501.221,30.32010918,30.100531414167015,30.188136522963447,30.1670824877101,30.1670824877101,-0.15302669228989885
4,15.0,2501.703,30.28505157,30.085006940416733,30.171929648073466,30.151035586766568,30.151035586766568,-0.13401598323343222
4,15.0,2502.186,30.26823698,30.06949533329416,30.15571267615852,30.13498484150471,30.13498484150471,-0.1332521384952905
4,15.0,2502.668,30.25325605,30.054061546109438,30.13955366606281,30.1189975810279,30.1189975810279,-0.13425846897209937
4,15.0,2503.15,30.23365145,30.03867413574183,30.12341992545806,30.10304140833678,30.10304140833678,-0.1306100416632212
4,15.0,2503.632,30.24280015,30.02333381810054,30.10731236367282,30.087117188693284,30.087117188693284,-0.15568296130671655
4,15.0,2504.114,30.20144236,30.008041306099894,30.09123189146787,30.071225787447368,30.071225787447368,-0.13021657255263364
4,15.0,2504.596,30.18084899,29.9927973096269,30.075179420965842,30.05536806997275,30.05536806997275,-0.12548092002725042
4,15.0,2505.078,30.18277413,29.97760253550913,30.059155865579584,30.039544901601825,30.039544901601825,-0.1432292283981731
4,15.0,2505.56,30.1628641,29.962457687482814,30.04316213993991,30.023757147560175,30.023757147560175,-0.13910695243982474
4,15.0,2506.042,30.15764801,29.947363466160926,30.027199159822437,30.00800567290065,30.00800567290065,-0.1496423370993476
4,15.0,2506.525,30.14087713,29.932289413505,30.011234823096462,29.992258779302446,29.992258779302446,-0.14861835069755358
4,15.0,2507.007,30.12351159,29.91729864342205,29.99533615410646,29.97658253729617,29.97658253729617,-0.14692905270382894
4,15.0,2507.489,30.10206831,29.902360584258766,29.979470985995825,29.96094516991877,29.96094516991877,-0.1411231400812305
4,15.0,2507.971,30.0679013,29.887475923814442,29.96364023837124,29.945347540861036,29.945347540861036,-0.12255375913896316
4,15.0,2508.453,30.06543794,29.872645346608977,29.9478448316049,29.929790513303516,29.929790513303516,-0.1356474266964831
4,15.0,2508.935,30.05810788,29.857869533852085,29.93208568675607,29.91427494984747,29.91427494984747,-0.14383293015253074
4,15.0,2509.417,30.03749094,29.84314916341299,29.91636372549189,29.89880171244573,29.89880171244573,-0.13868922755426993
4,15.0,2509.899,30.01651724,29.828484909789985,29.90067987000722,29.88337166233257,29.88337166233257,-0.13314557766742752
4,15.0,2510.382,30.01394801,29.813847197629528,29.88500262600673,29.867953785170958,29.867953785170958,-0.14599422482904245
4,15.0,2510.864,29.98757654,29.7992973073938,29.86939783421837,29.852612784174575,29.852612784174575,-0.13496375582542441
4,15.0,2511.346,29.96435124,29.784805538318047,29.85383391906406,29.837317550935378,29.837317550935378,-0.1270336890646213
4,15.0,2511.828,29.95898004,29.77037255111066,29.838311804033374,29.82206894310529,29.82206894310529,-0.13691109689471048
4,15.0,2512.31,29.93567821,29.755999002960536,29.822832412731103,29.806867817262226,29.806867817262226,-0.12881039273777262
4,15.0,2512.792,29.92185526,29.74168554750788,29.80739666879243,29.79171502883772,29.79171502883772,-0.13014023116227946
4,15.0,2513.274,29.90510794,29.727432834815396,29.79200549579729,29.776611432044305,29.776611432044305,-0.12849650795569545
4,15.0,2513.756,29.90305855,29.71324151133951,29.77665981718409,29.76155787980244,29.76155787980244,-0.14150067019756207
4,15.0,2514.239,29.87606482,29.69908297094532,29.761328863848284,29.746524151320703,29.746524151320703,-0.12954066867929726
4,15.0,2514.721,29.85195655,29.685016481389518,29.746077042487393,29.73157334964714,29.73157334964714,-0.12038320035286176
4,15.0,2515.203,29.84363476,29.671013299812298,29.730873486012964,29.716675144556458,29.716675144556458,-0.12695961544354262
4,15.0,2515.685,29.84291701,29.657074057954205,29.71571911641782,29.70183038305937,29.70183038305937,-0.14108662694063057
4,15.0,2516.167,29.8154981,29.643199383808774,29.70061485511046,29.687039910503632,29.687039910503632,-0.12845818949636723
4,15.0,2516.649,29.80900331,29.629389901595317,29.685561622824324,29.672304570498888,29.672304570498888,-0.13669873950111366
4,15.0,2517.131,29.77827699,29.61564623173142,29.67056033952671,29.65762520484146,29.65762520484146,-0.12065178515853958
4,15.0,2517.613,29.79155782,29.601968990806068,29.655611924326756,29.643002653438394,29.643002653438394,-0.14855516656160717
4,15.0,2518.095,29.77996559,29.58835879155269,29.6407172953828,29.628437754231676,29.628437754231676,-0.15152783576832363
4,15.0,2518.578,29.76874964,29.574788216991195,29.62584663908165,29.613901308210156,29.613901308210156,-0.15484833178984303
4,15.0,2519.06,29.73721779,29.561314065961742,29.611062449199757,29.599454342919493,29.599454342919493,-0.13776344708050559
4,15.0,2519.542,29.69427943,29.54790877264875,29.596334795306422,29.585067532819377,29.585067532819377,-0.10921189718062507
4,15.0,2520.024,29.71448628,29.534572934090882,29.58166459081658,29.570741707221377,29.570741707221377,-0.14374457277862263
4,15.0,2520.506,29.68170178,29.521307143340326,29.567052747722414,29.556477693088127,29.556477693088127,-0.12522408691187437
4,15.0,2520.988,29.67419979,29.508111989436998,29.55250017649734,29.5422763149559,29.5422763149559,-0.1319234750441005
4,15.0,2521.47,29.64762523,29.49498805738328,29.538007785999326,29.528138394856946,29.528138394856946,-0.11948683514305358
4,15.0,2521.952,29.6599943,29.4819359281189,29.52357648337395,29.51406475224179,29.51406475224179,-0.145929547758211
4,15.0,2522.435,29.64585934,29.46892932519137,29.50917742718018,29.500027208753462,29.500027208753462,-0.14583213124653938
4,15.0,2522.917,29.6298531,29.45602267989601,29.494871145826888,29.48608470632404,29.48608470632404,-0.14376839367595906
4,15.0,2523.399,29.61267441,29.443189556760824,29.480628664397507,29.472208925139302,29.472208925139302,-0.1404654848606981
4,15.0,2523.881,29.60951899,29.430430520219556,29.46645088220248,29.45840067353564,29.45840067353564,-0.15111831646436258
4,15.0,2524.363,29.58848376,29.417746130520992,29.452338696346857,29.444660756876466,29.444660756876466,-0.1438230031235328
4,15.0,2524.845,29.57048675,29.405136943705216,29.438293001630605,29.430989977473505,29.430989977473505,-0.1394967725264955
4,15.0,2525.327,29.56938821,29.39260351158009,29.42431469044837,29.417389134508092,29.417389134508092,-0.15199907549190783
4,15.0,2525.809,29.54875009,29.380146381697838,29.410404652688882,29.403859023952517,29.403859023952517,-0.1448910660474816
4,15.0,2526.292,29.54444145,29.3677404923501,29.39653513262791,29.39037259101301,29.39037259101301,-0.1540688589869923
4,15.0,2526.773,29.51294189,29.35546319745481,29.382792943857616,29.377014167441793,29.377014167441793,-0.13592772255820762
4,15.0,2527.256,29.51528391,29.34321293504877,29.369064690423514,29.363673452520818,29.363673452520818,-0.15161045747918322
4,15.0,2527.738,29.51843836,29.331066567052243,29.35543674147125,29.350434318480737,29.350434318480737,-0.1680040415192643
4,15.0,2528.22,29.49328601,29.318999175512793,29.34188147606703,29.33726984742771,29.33726984742771,-0.15601616257228912
4,15.0,2528.702,29.4625882,29.307011281963415,29.328399766927312,29.324180814415612,29.324180814415612,-0.1384073855843866
4,15.0,2529.184,29.47654975,29.29510340352467,29.31499248354967,29.311167990736962,29.311167990736962,-0.16538175926303822
4,15.0,2529.666,29.45669363,29.283276052883288,29.301660492109942,29.298232143843904,29.298232143843904,-0.1584614861560958
4,15.0,2530.148,29.43809543,29.27152973827104,29.28840465535949,29.285374037269737,29.285374037269737,-0.15272139273026397
4,15.0,2530.63,29.43425736,29.25986496344359,29.275225832521734,29.272594430549873,29.272594430549873,-0.16166292945012728
4,15.0,2531.113,29.3996799,29.248258282711035,29.262097780324602,29.259867812774324,29.259867812774324,-0.13981208722567473
4,15.0,2531.595,29.40630772,29.23675825245587,29.249075712559886,29.247247634752686,29.247247634752686,-0.15906008524731519
4,15.0,2532.077,29.39894385,29.225341247202593,29.236133215933013,29.234708211965362,29.234708211965362,-0.16423563803463637
4,15.0,2532.559,29.3738887,29.21400775258833,29.223271134513748,29.222250287162833,29.222250287162833,-0.1516384128371655
4,15.0,2533.041,29.36763001,29.20275824967287,29.210490308326335,29.209874598705767,29.209874598705767,-0.15775541129423232
4,15.0,2533.523,29.34852489,29.191593214919067,29.197791573245713,29.197581880486954,29.197581880486954,-0.15094300951304618
4,15.0,2534.005,29.34320484,29.180513120173487,29.18517576089397,29.185372861853715,29.185372861853715,-0.1578319781462838
4,15.0,2534.487,29.32982257,29.16951843264754,29.172643698536525,29.173248267530088,29.173248267530088,-0.1565743024699131
4,15.0,2534.969,29.32402344,29.158609614898513,29.16019620897862,29.161208817539634,29.161208817539634,-0.16281462246036682
4,15.0,2535.452,29.3033619,29.14776476156458,29.147808552283237,29.149230516892402,29.149230516892402,-0.15413138310759678
4,15.0,2535.934,29.29696606,29.137029232843393,29.135532838071462,29.13736367679174,29.13736367679174,-0.15960238320825937
4,15.0,2536.416,29.26034268,29.126380934387623,29.12334413895112,29.12558411357942,29.12558411357942,-0.13475856642057948
4,15.0,2536.898,29.25915032,29.11582030994524,29.111243258841508,29.113892527697026,29.113892527697026,-0.1452577923029743
4,15.0,2537.38,29.25644682,29.10534779851969,29.0992309966847,29.102289614502148,29.102289614502148,-0.15415720549785306
4,15.0,2537.862,29.25868736,29.094963834352654,29.08730814634263,29.090776064192667,29.090776064192667,-0.16791129580733255
4,15.0,2538.344,29.24701583,29.084668846906933,29.075475496494466,29.079352561731042,29.079352561731042,-0.1676632682689565
4,15.0,2538.826,29.21551036,29.07446326084956,29.063733830534108,29.068019786769373,29.068019786769373,-0.14749057323062686
4,15.0,2539.309,29.21669755,29.06432660262898,29.052059852465547,29.05675518670014,29.05675518670014,-0.15994236329985867
4,15.0,2539.791,29.22205538,29.054301261724184,29.040502675589924,29.045606075788182,29.045606075788182,-0.17644930421181826
4,15.0,2540.273,29.19980572,29.044366568115976,29.029038801636883,29.034549700093674,29.034549700093674,-0.16525601990632666
4,15.0,2540.755,29.19370921,29.034522927115116,29.017668991828273,29.02358671727075,29.02358671727075,-0.17012249272925217
4,15.0,2541.237,29.16830865,29.024770739156217,29.006394001592568,29.012717779292764,29.012717779292764,-0.1555908707072362
4,15.0,2541.719,29.1692609,29.015110399782426,28.995214580464264,29.00194353237938,29.00194353237938,-0.16731736762062255
4,15.0,2542.201,29.14360459,29.005542299630335,28.984131471983815,28.991264616924234,28.991264616924234,-0.1523399730757653
4,15.0,2542.683,29.14249196,28.99606682441518,28.973145413597912,28.980681667422985,28.980681667422985,-0.16181029257701596
4,15.0,2543.166,29.12094654,28.986664986152647,28.962234648921193,28.97017365732119,28.97017365732119,-0.15077288267880817
4,15.0,2543.648,29.13767919,28.977376092323997,28.951445083312628,28.959784721604066,28.959784721604066,-0.1778944683959338
4,15.0,2544.13,29.12232807,28.968180951669773,28.94075474407009,28.94949362050057,28.94949362050057,-0.1728344494994296
4,15.0,2544.612,29.09249212,28.95907993006642,28.93016434326414,28.939300964192235,28.939300964192235,-0.15319115580776455
4,15.0,2545.094,29.10303331,28.950073388398682,28.9196745863802,28.929207356610313,28.929207356610313,-0.17382595338968798
4,15.0,2545.576,29.06373791,28.941161682546422,28.909286172222057,28.919213395366963,28.919213395366963,-0.14452451463303717
4,15.0,2546.058,29.07683999,28.93234516337157,28.89899979281586,28.909319671687125,28.909319671687125,-0.1675203183128744
4,15.0,2546.54,29.06909675,28.923624176705317,28.88881613331478,28.899526770340604,28.899526770340604,-0.16956997965939635
4,15.0,2547.022,29.04477481,28.91499906333567,28.878735871904333,28.88983526957516,28.88983526957516,-0.15493954042484148
4,15.0,2547.505,29.04313195,28.906452564412078,28.868739090855723,28.880225952155545,28.880225952155545,-0.16290599784445448
4,15.0,2547.987,29.04341109,28.898020400395787,28.858867849817383,28.870739174191126,28.870739174191126,-0.17267191580887342
4,15.0,2548.469,29.04715469,28.889685102329764,28.849102000039117,28.861355492908338,28.861355492908338,-0.18579919709166148
4,15.0,2548.951,29.04420206,28.88144699069865,28.83944219088797,28.852075459794253,28.852075459794253,-0.19212660020574646
4,15.0,2549.433,29.01255875,28.873306380885197,28.829889064300602,28.84289961948781,28.84289961948781,-0.16965913051219061
4,15.0,2549.915,28.99311414,28.86526358315929,28.820443254693046,28.833828509716728,28.833828509716728,-0.15928563028327147
4,15.0,2550.397,29.00929285,28.857318902667277,28.811105388871447,28.824862661235006,28.824862661235006,-0.1844301887649955
4,15.0,2550.879,28.98895649,28.849472639421506,28.80187608594349,28.816002597761234,28.816002597761234,-0.17295389223876612
4,15.0,2551.362,28.98353373,28.841709117345466,28.792737149708145,28.807230785440716,28.807230785440716,-0.17630294455928563
4,15.0,2551.844,28.97124281,28.834060773738386,28.783727027035855,28.798584056816793,28.798584056816793,-0.17265875318320667
4,15.0,2552.326,28.97821277,28.8265117170954,28.77482727874522,28.790044642571974,28.790044642571974,-0.1881681274280247
4,15.0,2552.808,28.98606403,28.819062226783124,28.766038492266432,28.781613037665323,28.781613037665323,-0.204450992334678
4,15.0,2553.29,28.95091325,28.811712576985958,28.757361246902388,28.773289729722944,28.773289729722944,-0.17762352027705575
4,15.0,2553.772,28.93453296,28.8044630366972,28.748796113745684,28.76507519898078,28.76507519898078,-0.16945776101921695
4,15.0,2554.254,28.92697065,28.797313869710454,28.740343655596966,28.756969918228293,28.756969918228293,-0.17000073177170805
4,15.0,2554.736,28.9159377,28.790265334611295,28.732004426884032,28.748974352753066,28.748974352753066,-0.1669633472469343
4,15.0,2555.219,28.92224056,28.783303375600838,28.723762026969833,28.741072715388643,28.741072715388643,-0.18116784461135538
4,15.0,2555.7,28.92941888,28.776471168329728,28.715667833135644,28.733314190947702,28.733314190947702,-0.19610468905229794
4,15.0,2556.183,28.91155734,28.769712139686447,28.70765506428843,28.725634703150266,28.725634703150266,-0.1859226368497353
4,15.0,2556.665,28.89519838,28.763068824616564,28.699774367248846,28.718082731500793,28.718082731500793,-0.1771156484992069
4,15.0,2557.147,28.90054949,28.756527356445076,28.69200954449308,28.71064268803224,28.71064268803224,-0.18990680196775855
4,15.0,2557.629,28.88452214,28.750087962338128,28.684361098559027,28.703314991886966,28.703314991886966,-0.1812071481130353
4,15.0,2558.111,28.89324298,28.743750864202816,28.676829523077423,28.696100054341073,28.696100054341073,-0.19714292565892677
4,15.0,2558.593,28.89339246,28.737516278681003,28.669415302700298,28.6889982787561,28.6889982787561,-0.2043941812439023
4,15.0,2559.075,28.86508473,28.731384417143293,28.662118913030568,28.682010060531503,28.682010060531503,-0.18307466946849615
4,15.0,2559.557,28.87609701,28.72535548568336,28.654940820552977,28.67513578705821,28.67513578705821,-0.20096122294178898
4,15.0,2560.04,28.86025524,28.719417498261212,28.647866960394204,28.668361931980193,28.668361931980193,-0.1918933080198073
4,15.0,2560.522,28.85751464,28.71359523867294,28.64092707271223,28.661716916258577,28.661716916258577,-0.1957977237414248
4,15.0,2561.004,28.84291793,28.70787649611798,28.63410682719664,28.655186959703858,28.655186959703858,-0.1877309702961405
4,15.0,2561.486,28.83561869,28.702261455519555,28.62740665317506,28.64877241721001,28.64877241721001,-0.1868462727899889
4,15.0,2561.968,28.82836842,28.69675029649934,28.620826970531024,28.64247363544451,28.64247363544451,-0.18589478455549013
4,15.0,2562.45,28.83000159,28.691343193373427,28.614368189642907,28.636290952807734,28.636290952807734,-0.19371063719226456
4,15.0,2562.932,28.83284395,28.686040315148446,28.60803071132413,28.63022469939343,28.63022469939343,-0.2026192506065705
4,15.0,2563.414,28.80877566,28.680841825517934,28.601814926764998,28.62427519695026,28.62427519695026,-0.1845004630497371
4,15.0,2563.896,28.80351976,28.67574788285907,28.595721217475777,28.618442758844296,28.618442758844296,-0.18507700115570458
4,15.0,2564.379,28.8077879,28.670748398042505,28.589737694256506,28.61271595524544,28.61271595524544,-0.19507194475455947
4,15.0,2564.861,28.79398903,28.66586422085416,28.583889496202165,28.607118796622963,28.607118796622963,-0.1868702333770358
4,15.0,2565.343,28.80869248,28.661085034131215,28.57816446004189,28.601639592370336,28.601639592370336,-0.2070528876296649
4,15.0,2565.825,28.80120908,28.65641097494622,28.57256292800591,28.596278621952287,28.596278621952287,-0.2049304580477127
4,15.0,2566.307,28.78128108,28.65184217504264,28.567085232382052,28.591036156279515,28.591036156279515,-0.19024492372048485
4,15.0,2566.789,28.77075638,28.647378760833124,28.56173169546782,28.58591245767786,28.58591245767786,-0.1848439223221412
4,15.0,2567.271,28.79360256,28.64302085339803,28.55650262952409,28.5809077798583,28.5809077798583,-0.21269478014169962
4,15.0,2567.753,28.7679649,28.638768568484174,28.551398336730134,28.57602236788819,28.57602236788819,-0.19194253211180978
4,15.0,2568.236,28.75185236,28.63461352368179,28.546408908994927,28.571246694765733,28.571246694765733,-0.18060566523426758
4,15.0,2568.718,28.75784888,28.6305730293987,28.541555288839675,28.566600763617945,28.566600763617945,-0.19124811638205585
4,15.0,2569.2,28.75436141,28.626638473069264,28.53682728801112,28.562074781834177,28.562074781834177,-0.19228662816582442
4,15.0,2569.682,28.74178942,28.622809949088204,28.53222516792426,28.557668959623797,28.557668959623797,-0.184120460376203
4,15.0,2570.164,28.74291956,28.61908754651452,28.52774917971205,28.553383498425447,28.553383498425447,-0.18953606157455383
4,15.0,2570.646,28.7454518,28.61547134907189,28.523399564190136,28.549218590885175,28.549218590885175,-0.19623320911482622
4,15.0,2571.128,28.73813698,28.611961435149276,28.519176551823215,28.545174420835508,28.545174420835508,-0.19296255916449212
4,15.0,2571.61,28.73762684,28.60855787780179,28.5150803626931,28.541251163275877,28.541251163275877,-0.1963756767241236
4,15.0,2572.093,28.72592007,28.60525401489873,28.511103103894722,28.537441221987518,28.537441221987518,-0.18847884801248327
4,15.0,2572.575,28.72180169,28.602063589525304,28.50726144396902,28.533760530666477,28.533760530666477,-0.1880411593335225
4,15.0,2573.057,28.71651175,28.59897970801483,28.50354720531401,28.53020122395443,28.53020122395443,-0.1863105260455704
4,15.0,2573.539,28.69931378,28.596002422089974,28.499960566171595,28.526763441326548,28.526763441326548,-0.17255033867345304
4,15.0,2574.021,28.70577344,28.59313177814786,28.496501694265863,28.52344731334408,28.52344731334408,-0.18232612665592285
4,15.0,2574.503,28.70123038,28.590367817262518,28.493170746781207,28.52025296164177,28.52025296164177,-0.18097741835822845
4,15.0,2574.985,28.7098092,28.58771057518755,28.48996787034206,28.517180498916424,28.517180498916424,-0.19262870108357433
4,15.0,2575.467,28.69665267,28.585160082359113,28.486893200994427,28.514230028916685,28.514230028916685,-0.1824226410833134
4,15.0,2575.949,28.69108431,28.582716363899127,28.483946864189075,28.51140164643399,28.51140164643399,-0.17968266356601248
4,15.0,2576.432,28.68233715,28.58037470225127,28.481123262117606,28.50868994980658,28.50868994980658,-0.17364720019341817
4,15.0,2576.914,28.66694101,28.57814480826075,28.478434191100064,28.506106244570198,28.506106244570198,-0.1608347654298008
4,15.0,2577.396,28.66791268,28.576021732168577,28.47587376544668,28.50364485754097,28.50364485754097,-0.16426782245903127
4,15.0,2577.878,28.6444269,28.574005477866006,28.473442068071677,28.501305847596395,28.501305847596395,-0.14312105240360395
4,15.0,2578.36,28.66066363,28.572096043950012,28.47113917123592,28.499089264629497,28.499089264629497,-0.16157436537050174
4,15.0,2578.842,28.65903806,28.570293423728018,28.46896513654046,28.496995149547015,28.496995149547015,-0.16204291045298547
4,15.0,2579.324,28.6612226,28.568597605222923,28.466920014921865,28.495023534268725,28.495023534268725,-0.16619906573127352
4,15.0,2579.806,28.65514021,28.567008571178363,28.46500384664922,28.493174441727994,28.493174441727994,-0.1619657682720046
4,15.0,2580.289,28.66513693,28.56552333477118,28.46321308756187,28.4914444311889,28.4914444311889,-0.17369249881109994
4,15.0,2580.771,28.66056522,28.564148018196995,28.46155517176519,28.489840671222424,28.489840671222424,-0.17072454877757437
4,15.0,2581.253,28.6547926,28.562879402621135,28.460026266119453,28.488359448880995,28.488359448880995,-0.16643315111900492
4,15.0,2581.735,28.66539982,28.561717449717047,28.45862636820687,28.487000751163237,28.487000751163237,-0.17839906883676449
4,15.0,2582.217,28.64429724,28.560662115909093,28.457355464953434,28.485764556102097,28.485764556102097,-0.15853268389790287
4,15.0,2582.699,28.66460144,28.559713352379305,28.45621353263636,28.484650832772616,28.484650832772616,-0.17995060722738287
4,15.0,2583.181,28.64993432,28.55887110507443,28.45520053689325,28.483659541300824,28.483659541300824,-0.16627477869917584
4,15.0,2583.663,28.66640847,28.55813531471325,28.454316432733002,28.48279063287388,28.48279063287388,-0.18361783712612123
4,15.0,2584.146,28.64634661,28.55750472153639,28.453559731482414,28.482042627935748,28.482042627935748,-0.16430398206425068
4,15.0,2584.627,28.66459663,28.55698284160259,28.452934666130485,28.48141972527772,28.48141972527772,-0.1831769047222771
4,15.0,2585.11,28.67073969,28.55656525982228,28.452435961610327,28.48091666906081,28.48091666906081,-0.18982302093919046
4,15.0,2585.592,28.64972638,28.556254820310986,28.452067028492284,28.480536879550318,28.480536879550318,-0.16918950044968284
4,15.0,2586.074,28.64321838,28.556050463007672,28.451826602858375,28.480279095171305,28.480279095171305,-0.16293928482869546
4,15.0,2586.556,28.6475635,28.555952097419507,28.451714576248257,28.48014321373791,28.48014321373791,-0.1674202862620895
4,15.0,2587.038,28.63738824,28.555959627883674,28.451730829697098,28.480129124229247,28.480129124229247,-0.1572591157707528
4,15.0,2587.52,28.66326125,28.556072953576685,28.45187523376009,28.4802367068089,28.4802367068089,-0.1830245431911024
4,15.0,2588.002,28.6537671,28.556291968523862,28.452147648538624,28.480465832845592,28.480465832845592,-0.1733012671544074
4,15.0,2588.484,28.65572301,28.556616561609125,28.452547923708128,28.480816364934984,28.480816364934984,-0.17490664506501474
4,15.0,2588.967,28.64102651,28.55704761835922,28.453077126557556,28.481289261687476,28.481289261687476,-0.15973724831252412
4,15.0,2589.449,28.66191726,28.557583232276194,28.453732894377758,28.481882409781015,28.481882409781015,-0.18003485021898413
4,15.0,2589.931,28.66149318,28.558224059968193,28.45451600897563,28.482596498962536,28.482596498962536,-0.1788966810374646
4,15.0,2590.413,28.67153697,28.558969969845453,28.455426278612816,28.483431356958206,28.483431356958206,-0.18810561304179174
4,15.0,2590.895,28.66894247,28.559820825229323,28.456463501288944,28.484386802847204,28.484386802847204,-0.1845556671527966
4,15.0,2591.377,28.67056303,28.56077648436344,28.457627464779176,28.48546264709025,28.48546264709025,-0.18510038290974862
4,15.0,2591.859,28.66814513,28.561836800425205,28.45891794667343,28.48665869155926,28.48665869155926,-0.1814864384407393
4,15.0,2592.341,28.67272912,28.5630016215375,28.46033471441721,28.487974729568137,28.487974729568137,-0.1847543904318627
4,15.0,2592.823,28.67962306,28.564270790780583,28.46187752535386,28.489410545904548,28.489410545904548,-0.19021251409545314
4,15.0,2593.306,28.67005158,28.565647103675612,28.463549719175415,28.490969267890602,28.490969267890602,-0.17908231210939718
4,15.0,2593.788,28.64822696,28.567124693942223,28.465344108491426,28.4926442086157,28.4926442086157,-0.15558275138429778
4,15.0,2594.27,28.66144588,28.56870613108573,28.46726375228821,28.49443823070071,28.49443823070071,-0.1670076492992898
4,15.0,2594.752,28.65022296,28.570391238129726,28.46930836793436,28.496351085150867,28.496351085150867,-0.15387187484913412
4,15.0,2595.234,28.67236821,28.572179833118454,28.471477662931154,28.49838251462048,28.49838251462048,-0.17398569537951758
4,15.0,2595.716,28.66094287,28.574071729130154,28.47377133496397,28.50053225345104,28.50053225345104,-0.16041061654895827
4,15.0,2596.198,28.64464452,28.576066734290627,28.47618907195518,28.502800027710435,28.502800027710435,-0.14184449228956453
4,15.0,2596.68,28.64995311,28.578164651787052,28.47873055211849,28.505185555233165,28.505185555233165,-0.14476755476683323
4,15.0,2597.163,28.66190179,28.580369952125302,28.481401100887233,28.507693860484355,28.507693860484355,-0.1542079295156462
4,15.0,2597.645,28.64887074,28.582673296616747,28.48418931845376,28.510314258074423,28.510314258074423,-0.13855648192557624
4,15.0,2598.127,28.64026854,28.585078933071596,28.487100255409064,28.513051512803454,28.513051512803454,-0.12721702719654715
4,15.0,2598.609,28.65101981,28.587586645055154,28.4901335516843,28.515905309977633,28.515905309977633,-0.13511450002236813
4,15.0,2599.091,28.66722262,28.590196211266655,28.493288837794864,28.51887532688572,28.51887532688572,-0.14834729311428063
4,15.0,2599.573,28.65388345,28.59290740555438,28.49656573490303,28.52196123284508,28.52196123284508,-0.13192221715491925
4,15.0,2600.055,28.65380558,28.595719996931162,28.499963854881926,28.52516268924873,28.52516268924873,-0.12864289075126933
4,15.0,2600.537,28.65768712,28.598633749589933,28.503482800380823,28.528479349613256,28.528479349613256,-0.12920777038674203
4,15.0,2601.02,28.66630604,28.601654782165877,28.50712984032883,28.531918098078968,28.531918098078968,-0.13438794192103032
4,15.0,2601.502,28.64758163,28.604770339378902,28.510889456785474,28.535464332798604,28.535464332798604,-0.11211729720139729
4,15.0,2601.984,28.67214559,28.60798632116918,28.514768651148167,28.539124684487877,28.539124684487877,-0.1330209055121223
4,15.0,2602.466,28.66648513,28.611302472601086,28.518766989830212,28.54289877563913,28.54289877563913,-0.12358635436087084
4,15.0,2602.948,28.67505206,28.614718534000623,28.522884030366395,28.546786221121508,28.546786221121508,-0.12826583887849097
4,15.0,2603.43,28.69164951,28.618234240972424,28.52711932148558,28.55078662823417,28.55078662823417,-0.1408628817658304
4,15.0,2603.912,28.68891393,28.62184932441689,28.53147240318459,28.55489959676037,28.55489959676037,-0.13401433323962664
4,15.0,2604.394,28.68137051,28.625563510547583,28.535942806803153,28.55912471902237,28.55912471902237,-0.12224579097762955
4,15.0,2604.876,28.69214515,28.629376520908863,28.540530055099953,28.56346157993714,28.56346157993714,-0.12868357006286146
4,15.0,2605.359,28.67755612,28.63329628988003,28.545243541464387,28.5679191010721,28.5679191010721,-0.10963701892789857
4,15.0,2605.841,28.67920623,28.637306298290785,28.550063253320367,28.572478394308753,28.572478394308753,-0.10672783569124533
4,15.0,2606.323,28.69357018,28.641414267117714,28.55499832637028,28.57714813617234,28.57714813617234,-0.11642204382765797
4,15.0,2606.805,28.68847405,28.645619899399076,28.560048249813935,28.58192788251681,28.58192788251681,-0.10654616748319157
4,15.0,2607.287,28.68999805,28.649922893595154,28.56521250466657,28.586817182081205,28.586817182081205,-0.10318086791879466
4,15.0,2607.769,28.69782394,28.654322943607138,28.57049056384118,28.591815576550022,28.591815576550022,-0.10600836344997688
4,15.0,2608.251,28.71900022,28.658819738796208,28.575881892231813,28.596922600614228,28.596922600614228,-0.12207761938577377
4,15.0,2608.733,28.71230278,28.663412964002806,28.581385946797695,28.602137782032987,28.602137782032987,-0.11016499796701495
4,15.0,2609.216,28.71712707,28.668112128160438,28.587013944797143,28.60747179656864,28.60747179656864,-0.10965527343136117
4,15.0,2609.698,28.72166869,28.672897448324843,28.5927420222622,28.61290207044051,28.61290207044051,-0.10876661955949274
4,15.0,2610.18,28.72361876,28.677778225413455,28.598581148844055,28.61843904295214,28.61843904295214,-0.10517971704786078
4,15.0,2610.662,28.72026487,28.68275412637163,28.604530750606862,28.624082214752562,28.624082214752562,-0.09618265524743919
4,15.0,2611.144,28.73905401,28.68782481372359,28.610590246114388,28.629831079877906,28.629831079877906,-0.10922293012209394
4,15.0,2611.626,28.72469807,28.692989945592906,28.616759046519157,28.635685125816927,28.635685125816927,-0.0890129441830716
4,15.0,2612.108,28.72225867,28.69824917572314,28.623036555652586,28.641643833577312,28.641643833577312,-0.08061483642268641
4,15.0,2612.59,28.73263541,28.703602153498846,28.629422170115824,28.647706677752552,28.647706677752552,-0.08492873224744812
4,15.0,2613.073,28.73084045,28.709059920323277,28.635928861865484,28.653886027376075,28.653886027376075,-0.07695442262392405
4,15.0,2613.554,28.74855693,28.71458792785633,28.642515265834525,28.660142642055135,28.660142642055135,-0.08841428794486461
4,15.0,2614.037,28.74730754,28.72023178247862,28.649235528339506,28.666528006094044,28.666528006094044,-0.08077953390595738
4,15.0,2614.519,28.75777087,28.72595634935569,28.656047607215037,28.67300222693291,28.67300222693291,-0.08476864306709331
4,15.0,2615.001,28.7694479,28.731772845383976,28.662964667867513,28.67957786215779,28.67957786215779,-0.08987003784221059
4,15.0,2615.483,28.7736113,28.73768089423481,28.66998606544787,28.6862543492987,28.6862543492987,-0.08735695070129879
4,15.0,2615.965,28.77877088,28.74368011537225,28.677111148531296,28.693031119954508,28.693031119954508,-0.08573976004549166
4,15.0,2616.447,28.79045625,28.74977012407555,28.68433925921309,28.69990759986392,28.69990759986392,-0.09054865013607838
4,15.0,2616.929,28.78293394,28.755950531461725,28.691669733205025,28.706883208976897,28.706883208976897,-0.076050731023102
4,15.0,2617.411,28.80777418,28.762220944508474,28.699101899932277,28.713957361526514,28.713957361526514,-0.09381681847348489
4,15.0,2617.894,28.80438106,28.768594254012623,28.706650816173543,28.72114444739382,28.72114444739382,-0.08323661260618209
4,15.0,2618.376,28.78640375,28.775043667528507,28.71428453943356,28.72841410836712,28.72841410836712,-0.05798964163288289
4,15.0,2618.858,28.81687664,28.781581882187364,28.72201790552493,28.73578052064399,28.73578052064399,-0.0810961193560118
4,15.0,2619.34,28.82195861,28.788208488632705,28.729850219692022,28.74324307630542,28.74324307630542,-0.07871553369458084
4,15.0,2619.822,28.81532851,28.794923073485492,28.737780781383698,28.750801162080883,28.750801162080883,-0.06452734791911752
4,15.0,2620.304,28.84860805,28.80172521936808,28.745808884352762,28.75845415942254,28.75845415942254,-0.09015389057745793
4,15.0,2620.786,28.82303827,28.80861450492818,28.753933816755477,28.766201444579515,28.766201444579515,-0.05683682542048629
4,15.0,2621.268,28.84182214,28.815590504863174,28.762154861251645,28.774042388672814,28.774042388672814,-0.06777975132718694
4,15.0,2621.75,28.84572365,28.822652789944588,28.770471295104862,28.7819763577704,28.7819763577704,-0.06374729222959985
4,15.0,2622.233,28.84122812,28.829815846142925,28.778899938580217,28.79001946074088,28.79001946074088,-0.05120865925912099
4,15.0,2622.715,28.86676157,28.837049575003718,28.787405155961704,28.798137747879412,28.798137747879412,-0.06862382212058904
4,15.0,2623.197,28.8747351,28.84436827709807,28.79600356158243,28.806347127311412,28.806347127311412,-0.06838797268858698
4,15.0,2623.679,28.88228015,28.85177150773354,28.80469441211781,28.81464694563854,28.81464694563854,-0.06763320436146003
4,15.0,2624.161,28.9015885,28.85925881841647,28.81347695935169,28.823036544788728,28.823036544788728,-0.07855195521127101
4,15.0,2624.643,28.89394918,28.86682975687745,28.822350450277817,28.831515262092655,28.831515262092655,-0.062433917907345204
4,15.0,2625.125,28.87874856,28.874483867096895,28.831314127201306,28.840082430360447,28.840082430360447,-0.03866612963955163
4,15.0,2625.607,28.91172093,28.882220689330776,28.840367227840233,28.848737377958475,28.848737377958475,-0.06298355204152628
4,15.0,2626.09,28.91532405,28.89005606744892,28.849528043353736,28.857497655994003,28.857497655994003,-0.05782639400599621
4,15.0,2626.572,28.91441128,28.897957088894813,28.85875786826913,28.86632630855304,28.86632630855304,-0.04808497144695778
4,15.0,2627.054,28.91963843,28.905939420056235,28.86807480193571,28.87524069822584,28.87524069822584,-0.044397731774157734
4,15.0,2627.536,28.94064074,28.914002586544868,28.8774780647318,28.88424013636709,28.88424013636709,-0.056400603632909
4,15.0,2628.018,28.94521811,28.922146110379195,28.88696687295743,28.893323930274377,28.893323930274377,-0.051894179725621825
4,15.0,2628.5,28.95598685,28.930369510011282,28.89654043893595,28.902491383265737,28.902491383265737,-0.053495466734261754
4,15.0,2628.982,28.97031319,28.938672300353527,28.90619797111564,28.911741794757283,28.911741794757283,-0.058571395242715596
4,15.0,2629.464,28.96054632,28.947053992805813,28.91593867417114,28.921074460341032,28.921074460341032,-0.039471859658966935
4,15.0,2629.947,28.96785697,28.955531728526157,28.925782213997607,28.9305082876953,28.9305082876953,-0.037348682304699565
4,15.0,2630.429,28.98223366,28.964069906614405,28.935687026635385,28.94000350029474,28.94000350029474,-0.042230159705258785
4,15.0,2630.911,28.99236918,28.97268549917024,28.945672600868654,28.94957883010711,28.94957883010711,-0.04279034989288988
4,15.0,2631.393,28.98548518,28.981378003809183,28.95573812728311,28.959233558198328,28.959233558198328,-0.026251621801673508
4,15.0,2631.875,29.00463702,28.990146914771504,28.96588279319645,28.968966962199215,28.968966962199215,-0.035670057800786026
4,15.0,2632.357,29.00940804,28.998991722950038,28.976105782758708,28.97877831638324,28.97877831638324,-0.030629723616758753
4,15.0,2632.839,29.02666011,29.00791191591834,28.986406277052755,28.988666891744348,28.988666891744348,-0.037993218255653716
4,15.0,2633.321,29.01434723,29.016906977958715,28.996783454194123,28.998631956074426,28.998631956074426,-0.01571527392557215
4,15.0,2633.803,29.04200477,29.025976390090676,29.00723648943087,29.008672774041074,29.008672774041074,-0.033331995958924665
4,15.0,2634.286,29.05569933,29.03513867585671,29.01778647512164,29.01880967193514,29.01880967193514,-0.03688965806485811
4,15.0,2634.768,29.07050049,29.044355369852404,29.028388894397857,29.028999932390082,29.028999932390082,-0.04150055760991833
4,15.0,2635.25,29.08396088,29.053644836605926,29.039064679570878,29.039263720965565,29.039263720965565,-0.04469715903443472
4,15.0,2635.732,29.1065767,29.063006544364484,29.0498129954048,29.049600290599912,29.049600290599912,-0.05697640940008952
4,15.0,2636.214,29.09486454,29.072439958256048,29.060633004290327,29.060008891493705,29.060008891493705,-0.0348556485062943
4,15.0,2636.696,29.12399246,29.081944540318364,29.071523866342464,29.070488771186625,29.070488771186625,-0.053503688813375305
4,15.0,2637.178,29.10022352,29.09151974952829,29.08248473949775,29.081039174634192,29.081039174634192,-0.019184345365808042
4,15.0,2637.66,29.13989588,29.101165041831067,29.093514779611265,29.091659344284405,29.091659344284405,-0.04823653571559561
4,15.0,2638.143,29.12885007,29.1109000973168,29.10463623662931,29.102370768070724,29.102370768070724,-0.026479301929274612
4,15.0,2638.625,29.15295531,29.120684054212937,29.11580220948222,29.113128328612326,29.113128328612326,-0.039826981387673044
4,15.0,2639.107,29.16794067,29.13053644299332,29.127034803566406,29.123953366829202,29.123953366829202,-0.04398730317079824
4,15.0,2639.589,29.18040091,29.140456707766898,29.13833316736712,29.134845115896372,29.134845115896372,-0.045555794103627534
4,15.0,2640.071,29.17102144,29.150444289759637,29.14969644776572,29.145802806861262,29.145802806861262,-0.02521863313873851
4,15.0,2640.553,29.21212914,29.16049862734479,29.161123790133797,29.156825668719026,29.156825668719026,-0.055303471280971905
4,15.0,2641.035,29.20318258,29.170619156072853,29.172614338426555,29.16791292848754,29.16791292848754,-0.03526965151246131
4,15.0,2641.517,29.22015789,29.18080530870205,29.184167235275787,29.179063811282198,29.179063811282198,-0.04109407871780135
4,15.0,2642.0,29.22144802,29.191077850518496,29.195805781642786,29.190300870177367,29.190300870177367,-0.031147149822633224
4,15.0,2642.481,29.23001469,29.201372202917728,29.207456639107413,29.201553337345892,29.201553337345892,-0.02846135265410865
4,15.0,2642.964,29.2391052,29.21177339678864,29.219215833127194,29.21291400609113,29.21291400609113,-0.026191193908871924
4,15.0,2643.446,29.25480204,29.22221644860722,29.23100964859149,29.224311721413372,29.224311721413372,-0.030490318586629428
4,15.0,2643.928,29.27110702,29.232722246093918,29.24286150734207,29.235769157772022,29.235769157772022,-0.0353378622279763
4,15.0,2644.41,29.28207774,29.24329020589021,29.254770545987927,29.24728553041868,29.24728553041868,-0.0347922095813189
4,15.0,2644.892,29.27225597,29.253919742060397,29.266735900448836,29.25886005321765,29.25886005321765,-0.013395916782350525
4,15.0,2645.374,29.29826434,29.26461026612295,29.278756706043488,29.270491938718337,29.270491938718337,-0.027772401281662695
4,15.0,2645.856,29.28763593,29.27536118708168,29.290832097576853,29.28218039822713,29.28218039822713,-0.005455531772870614
4,15.0,2646.338,29.30309773,29.286171911456986,29.302961209426932,29.293924641878846,29.293924641878846,-0.00917308812115536
4,15.0,2646.821,29.29112101,29.297064456174645,29.315168503760543,29.305748415068514,29.305748415068514,0.0146274050685129
4,15.0,2647.303,29.34712512,29.307993118140704,29.32740256505801,29.31760196470696,29.31760196470696,-0.029523155293041725
4,15.0,2647.785,29.33658077,29.318979787250996,29.339687746303373,29.329508920927882,29.329508920927882,-0.007071849072119107
4,15.0,2648.267,29.33830882,29.33002386040336,29.352023181019867,29.341468489886413,29.341468489886413,0.003159669886411365
4,15.0,2648.749,29.34851007,29.34112473217047,29.364408002726936,29.353479876918307,29.353479876918307,0.004969806918307285
4,15.0,2649.231,29.35563854,29.352281794831864,29.37684134502277,29.36554228660914,29.36554228660914,0.009903746609140285
4,15.0,2649.713,29.3630578,29.363494438405894,29.389322341665896,29.37765492286306,29.37765492286306,0.014597122863058587
4,15.0,2650.195,29.36997965,29.37476205068181,29.401850126656196,29.389816988971127,29.389816988971127,0.019837338971125718
4,15.0,2650.677,29.39658976,29.386084017251903,29.414423834315,29.402027687679166,29.402027687679166,0.005437927679164289
4,15.0,2651.16,29.40437764,29.397483378021406,29.427068825611983,29.41431170306803,29.41431170306803,0.009934063068030241
4,15.0,2651.642,29.41280216,29.40891231089111,29.439731874041165,29.426617370125896,29.426617370125896,0.013815210125898147
4,15.0,2652.124,29.4299964,29.420393740682886,29.452438249029218,29.43896927376484,29.43896927376484,0.008972873764840017
4,15.0,2652.606,29.45948993,29.431927044520165,29.465187086970822,29.451366615218973,29.451366615218973,-0.008123314781027346
4,15.0,2653.088,29.44649086,29.443511597491426,29.47797752497119,29.463808595509697,29.463808595509697,0.017317735509696064
4,15.0,2653.57,29.47479291,29.455146772682916,29.490808700921686,29.476294415511,29.476294415511,0.0015015055109977027
4,15.0,2654.052,29.45807812,29.466831941211254,29.503679753574225,29.48882327601384,29.48882327601384,0.030745156013839647
4,15.0,2654.534,29.46952268,29.47856647225626,29.516589822615195,29.501394377790433,29.501394377790433,0.03187169779043231
4,15.0,2655.017,29.49138573,29.490374229907435,29.52956495134638,29.514033131285625,29.514033131285625,0.02264740128562437
4,15.0,2655.499,29.50224841,29.502205685063554,29.542550552816564,29.52668640165924,29.52668640165924,0.024437991659240765
4,15.0,2655.981,29.49199559,29.514084597660986,29.555572594288464,29.53937951448604,29.53937951448604,0.04738392448604145
4,15.0,2656.463,29.500663,29.526010329457378,29.568630219909366,29.552111671094067,29.552111671094067,0.05144867109406803
4,15.0,2656.945,29.52352747,29.53798224043841,29.581722575117272,29.564882073105487,29.564882073105487,0.041354603105485666
4,15.0,2657.427,29.53892996,29.54999968885088,29.59484880670948,29.57768992249747,29.57768992249747,0.03875996249746905
4,15.0,2657.909,29.56783474,29.562062031236035,29.60800806291062,29.59053442166275,29.59053442166275,0.022699681662750493
4,15.0,2658.391,29.5656726,29.574168622462718,29.62119949343949,29.60341477346948,29.60341477346948,0.037742173469482054
4,15.0,2658.874,29.58650785,29.58634406850518,29.634449714653996,29.616357012660863,29.616357012660863,0.029849162660863016
4,15.0,2659.356,29.57747857,29.59853730393882,29.647703011654897,29.629306750804776,29.629306750804776,0.051828180804776025
4,15.0,2659.838,29.62068626,29.610772841769414,29.660985940009354,29.642289951988655,29.642289951988655,0.021603691988655527
4,15.0,2660.32,29.60926422,29.62305003050671,29.674297656068774,29.655305821572014,29.655305821572014,0.0460416015720142
4,15.0,2660.802,29.6140706,29.635368217155296,29.687637318000647,29.66835356568127,29.66835356568127,0.054282965681267115
4,15.0,2661.284,29.63441856,29.647726747247983,29.701004085850286,29.68143239126632,29.68143239126632,0.04701383126631953
4,15.0,2661.766,29.64801058,29.66012496487954,29.714397121601444,29.694541506156433,29.694541506156433,0.04653092615643217
4,15.0,2662.248,29.64827261,29.672562212740225,29.727815589236553,29.707680119115786,29.707680119115786,0.05940750911578618
4,15.0,2662.73,29.68256192,29.685037832149717,29.741258654795637,29.720847439898385,29.720847439898385,0.038285519898384024
4,15.0,2663.213,29.70834041,29.697577163100476,29.75475345004794,29.734070083792002,29.734070083792002,0.025729673792000085
4,15.0,2663.695,29.69403163,29.710127620431237,29.768243264820228,29.747292509181825,29.747292509181825,0.053260879181824095
4,15.0,2664.177,29.7025127,29.722714464006508,29.78175518684499,29.760541276503904,29.760541276503904,0.05802857650390436
4,15.0,2664.659,29.72314274,29.735337029997996,29.795288390970242,29.7738156000109,29.7738156000109,0.050672860010898546
4,15.0,2665.141,29.74002147,29.747994653375777,29.808842054383746,29.78711469521094,29.78711469521094,0.04709322521093995
4,15.0,2665.623,29.74337651,29.76068666794205,29.822415356666582,29.80043777891895,29.80043777891895,0.05706126891895025
4,15.0,2666.105,29.75752351,29.773412406365225,29.836007479846224,29.81378406930759,29.81378406930759,0.05626055930759222
4,15.0,2666.587,29.75913811,29.786171200213797,29.84961760844819,29.82715278595715,29.82715278595715,0.06801467595715138
4,15.0,2667.07,29.79006095,29.79898895090777,29.863273219306812,29.840570952706102,29.840570952706102,0.050510002706101176
4,15.0,2667.552,29.78988459,29.81181191118484,29.876916955725054,29.853982228988336,29.853982228988336,0.06409763898833631
4,15.0,2668.034,29.81159421,29.82466591393907,29.890576264965055,29.86741359760383,29.86741359760383,0.05581938760382954
4,15.0,2668.516,29.8204613,29.837550286677526,29.904250342052716,29.880864284257203,29.880864284257203,0.06040298425720181
4,15.0,2668.998,29.8358999,29.850464355977493,29.917938384758695,29.894333516302765,29.894333516302765,0.058433616302764335
4,15.0,2669.48,29.81132124,29.863407447520647,29.93163959364506,29.90782052279122,29.90782052279122,0.09649928279121767
4,15.0,2669.962,29.84750046,29.8763788861272,29.945353172111073,29.921324534515435,29.921324534515435,0.07382407451543571
4,15.0,2670.444,29.86323263,29.889377995789932,29.95907832643814,29.934844784056,29.934844784056,0.07161215405600174
4,15.0,2670.927,29.88148321,29.902431152410813,29.97284277429725,29.948408603789424,29.948408603789424,0.06692539378942541
4,15.0,2671.408,29.87699584,29.915456520323016,29.986560202474436,29.96193093611462,29.96193093611462,0.08493509611462002
4,15.0,2671.891,29.89155119,29.9285617384319,30.000343898235784,29.97552346896294,29.97552346896294,0.08397227896293913
4,15.0,2672.373,29.88832722,29.94166480797115,30.014107494665247,29.98910105945147,29.98910105945147,0.10077383945147034
4,15.0,2672.855,29.92168439,29.954792155903927,30.027878741491925,30.00269107744897,30.00269107744897,0.08100668744896922
4,15.0,2673.337,29.93236486,29.967943101974424,30.041656863190298,30.016292767184844,30.016292767184844,0.08392790718484378
4,15.0,2673.819,29.9397153,29.981116965338636,30.055441087406997,30.029905374976778,30.029905374976778,0.09019007497677833
4,15.0,2674.301,29.9553065,29.994313064598455,30.069230644998846,30.043528149271346,30.043528149271346,0.08822164927134679
4,15.0,2674.783,29.95924395,30.007530717835863,30.08302477006989,30.057160340683726,30.057160340683726,0.09791639068372504
4,15.0,2675.265,29.97385698,30.020769242647056,30.096822700007763,30.070801202037273,30.070801202037273,0.09694422203727271
4,15.0,2675.748,29.98103219,30.03405548439332,30.11065231088937,30.084478313108583,30.084478313108583,0.10344612310858281
4,15.0,2676.23,29.99345031,30.04733374312584,30.12445558000163,30.098134295970187,30.098134295970187,0.10468398597018691
4,15.0,2676.712,29.99644259,30.060630822229136,30.138260384637977,30.11179671934158,30.11179671934158,0.11535412934157918
4,15.0,2677.194,30.02092066,30.073946037697326,30.152065975674013,30.12546484526426,30.12546484526426,0.10454418526425968
4,15.0,2677.676,30.02111017,30.0872787052095,30.165871607437982,30.139137938175296,30.139137938175296,0.11802776817529548
4,15.0,2678.158,30.02913566,30.100628140163927,30.179676537742086,30.152815264943065,30.152815264943065,0.12367960494306374
4,15.0,2678.64,30.04705651,30.113993657712157,30.193480027913296,30.1664960949025,30.1664960949025,0.11943958490249784
4,15.0,2679.122,30.05780327,30.127374572793066,30.207281342822817,30.18017969988944,30.18017969988944,0.12237642988943875
4,15.0,2679.604,30.08819512,30.140770200166905,30.221079750915187,30.193865354274664,30.193865354274664,0.10567023427466182
4,15.0,2680.087,30.08508767,30.154207689414363,30.234903139816502,30.207580732101246,30.207580732101246,0.12249306210124544
4,15.0,2680.569,30.10658277,30.167630712077454,30.24869354424682,30.221268319210967,30.221268319210967,0.11468554921096796
4,15.0,2681.051,30.09208507,30.181066389160755,30.26247886741924,30.234955792884655,30.234955792884655,0.14287072288465552
4,15.0,2681.533,30.12414421,30.194514035050332,30.276258392352542,30.24864243796572,30.24864243796572,0.12449822796572008
4,15.0,2682.015,30.12202433,30.207972964123783,30.290031405771813,30.26232754199345,30.26232754199345,0.14030321199345153
4,15.0,2682.497,30.14713569,30.221442490784153,30.30379719813258,30.27601039523328,30.27601039523328,0.12887470523327949
4,15.0,2682.979,30.17139021,30.23492192949368,30.317555063644356,30.289690290706694,30.289690290706694,0.11830008070669606
4,15.0,2683.461,30.16710824,30.248410594807865,30.33130430029344,30.303366524220568,30.303366524220568,0.13625828422056685
4,15.0,2683.944,30.19881183,30.261935812315805,30.34507270572346,30.317066754250817,30.317066754250817,0.11825492425081663
4,15.0,2684.426,30.2022115,30.275440890634478,30.3588025723117,30.330733551324254,30.330733551324254,0.12852205132425354
4,15.0,2684.908,30.21350499,30.28895313870051,30.37252172544432,30.34439458941428,30.34439458941428,0.13088959941427802
4,15.0,2685.39,30.20440271,30.302471871780533,30.38622947843539,30.35804917575633,30.35804917575633,0.15364646575633145
4,15.0,2685.872,30.23784711,30.31599640540327,30.39992514847856,30.371696620509056,30.371696620509056,0.13384951050905514
4,15.0,2686.354,30.25161663,30.32952605539303,30.413608056665336,30.385336236780027,30.385336236780027,0.13371960678002637
4,15.0,2686.836,30.25197259,30.34306013790347,30.427277528002854,30.398967340651346,30.398967340651346,0.14699475065134493
4,15.0,2687.318,30.26030551,30.35659796945122,30.440932891430883,30.412589251204274,30.412589251204274,0.15228374120427546
4,15.0,2687.801,30.27103574,30.37016696281073,30.454601763994592,30.426229520559083,30.426229520559083,0.15519378055908462
4,15.0,2688.283,30.28234727,30.383710247836618,30.468226881517865,30.439830991256862,30.439830991256862,0.15748372125686316
4,15.0,2688.765,30.30591907,30.397255232546428,30.48183590034241,30.45342124272392,30.45342124272392,0.14750217272391808
4,15.0,2689.247,30.29324891,30.410801235243827,30.49542816530273,30.466999606281412,30.466999606281412,0.17375069628141304
4,15.0,2689.729,30.31220815,30.42434757476247,30.509003025240666,30.48056541636555,30.48056541636555,0.16835726636555037
4,15.0,2690.211,30.34323483,30.43789357049925,30.522559833018313,30.49411801054891,30.49411801054891,0.15088318054890948
4,15.0,2690.693,30.34384662,30.45143854244762,30.536097945530358,30.507656729561674,30.507656729561674,0.1638101095616733
4,15.0,2691.175,30.36630296,30.464981811230537,30.549616723715694,30.52118091731198,30.52118091731198,0.15487795731198162
4,15.0,2691.657,30.37008866,30.47852269813376,30.563115532568478,30.53468992090597,30.53468992090597,0.16460126090596816
4,15.0,2692.14,30.38578285,30.492088608266073,30.576621682387422,30.548211067887173,30.548211067887173,0.1624282178871752
4,15.0,2692.622,30.410975,30.50562268962614,30.590078619141593,30.56168772251459,30.56168772251459,0.15071272251459078
4,15.0,2693.104,30.41867882,30.519152355867263,30.60351370469042,30.575147252353165,30.575147252353165,0.1564684323531651
4,15.0,2693.586,30.40456233,30.532676931257548,30.61692632035552,30.588589017497345,30.588589017497345,0.18402668749734374
4,15.0,2694.068,30.44029714,30.546195740892244,30.63031585155974,30.602012381331853,30.602012381331853,0.161715241331855
4,15.0,2694.55,30.44707859,30.559708110726767,30.643681687834473,30.615416710548704,30.615416710548704,0.16833812054870378
4,15.0,2695.032,30.44970027,30.573213367609107,30.657023222826496,30.62880137516355,30.62880137516355,0.17910110516355005
4,15.0,2695.514,30.46738738,30.586710839312587,30.670339854304295,30.642165748531802,30.642165748531802,0.1747783685318005
4,15.0,2695.997,30.46420689,30.600227830821446,30.683658532200276,30.655536868717284,30.655536868717284,0.19132997871728463
4,15.0,2696.479,30.49303947,30.613707699719235,30.69692351171465,30.668858747774756,30.668858747774756,0.1758192777747567
4,15.0,2696.961,30.51388452,30.62717777124668,30.710161804584622,30.682158474566783,30.682158474566783,0.16827395456678218
4,15.0,2697.443,30.51668084,30.6406373772045,30.72337282512516,30.69543543596479,30.69543543596479,0.17875459596479004
4,15.0,2697.925,30.52394874,30.65408585048045,30.736555991795623,30.70868902225255,30.70868902225255,0.18474028225254813
4,15.0,2698.407,30.54386659,30.667522525081463,30.749710727203052,30.721918627139658,30.721918627139658,0.17805203713965767
4,15.0,2698.889,30.53664088,30.680946736165666,30.76283645810441,30.735123647773904,30.735123647773904,0.1984827677739034
4,15.0,2699.371,30.59883741,30.69435782007436,30.775932615408614,30.748303484753706,30.748303484753706,0.149466074753704
4,15.0,2699.854,30.57915671,30.707782894787023,30.789025710382056,30.76148480550605,30.76148480550605,0.1823280955060511
4,15.0,2700.335,30.57689606,30.721137957837144,30.802033953629007,30.774585227467284,30.774585227467284,0.19768916746728493
4,15.0,2700.818,30.60660525,30.73453340829654,30.815064963643636,30.787713103248198,30.787713103248198,0.18110785324819645
4,15.0,2701.3,30.61719111,30.747885338292164,30.828037152163148,30.800786223254192,30.800786223254192,0.1835951132541922
4,15.0,2701.782,30.64276853,30.7612208403159,30.84097698280918,30.813831213551197,30.813831213551197,0.17106268355119525
4,15.0,2702.264,30.65160264,30.774539258476906,30.853883911424163,30.826847495681335,30.826847495681335,0.17524485568133485
4,15.0,2702.746,30.66161724,30.787839938288737,30.866757398002424,30.839834494710907,30.839834494710907,0.17821725471090488
4,15.0,2703.228,30.66891286,30.801122226700578,30.879596906688377,30.852791639239236,30.852791639239236,0.18387877923923668
4,15.0,2703.71,30.6735557,30.81438547212848,30.892401905774307,30.865718361407183,30.865718361407183,0.1921626614071812
4,15.0,2704.192,30.69389431,30.827629024486214,30.90517186769741,30.878614096904997,30.878614096904997,0.1847197869049957
4,15.0,2704.675,30.67396317,30.840879647669375,30.917932651630622,30.891504940986387,30.891504940986387,0.2175417709863865
4,15.0,2705.157,30.71651379,30.854081825557827,30.93063089771256,30.90433695726664,30.90433695726664,0.1878231672666395
4,15.0,2705.639,30.7144472,30.867262368076034,30.943292547715753,30.917136314173867,30.917136314173867,0.20268911417386803
4,15.0,2706.121,30.71762779,30.880420631440877,30.955917090630585,30.929902461676008,30.929902461676008,0.21227467167600622
4,15.0,2706.603,30.73048414,30.893555973520847,30.968504019572677,30.942634853324662,30.942634853324662,0.21215071332466096
4,15.0,2707.085,30.76169496,30.90666775386635,30.981052831777586,30.955332946260942,30.955332946260942,0.19363798626094209
4,15.0,2707.567,30.80089563,30.9197553337401,30.993563028595382,30.967996201220572,30.967996201220572,0.16710057122057265
4,15.0,2708.049,30.77430687,30.932818076147356,31.006034115484677,30.98062408253915,30.98062408253915,0.20631721253915103
4,15.0,2708.531,30.80367303,30.94585534586595,31.018465602006422,30.993216058156534,30.993216058156534,0.18954302815653534
4,15.0,2709.014,30.81841292,30.958893476016073,31.030882668110255,31.00579761022459,31.00579761022459,0.18738469022459014
4,15.0,2709.496,30.84591191,30.97187784580351,31.04323341428862,31.018316115476157,31.018316115476157,0.17240420547615543
4,15.0,2709.978,30.85133559,30.98483484686619,31.05554311233977,31.030797139435535,31.030797139435535,0.17946154943553339
4,15.0,2710.46,30.86783111,30.997763851375026,31.067811288172273,31.04324016450665,31.04324016450665,0.17540905450664823
4,15.0,2710.942,30.86723894,31.010664233422357,31.080037471760306,31.05564467671568,31.05564467671568,0.18840573671567995
4,15.0,2711.424,30.87327897,31.02353536905143,31.092221197135373,31.06801016571359,31.06801016571359,0.1947311957135902
4,15.0,2711.906,30.88946644,31.036376636285475,31.104362002377616,31.08033612477834,31.08033612477834,0.19086968477834176
4,15.0,2712.388,30.89885307,31.0491874151572,31.116459429606913,31.09262205081692,31.09262205081692,0.19376898081691962
4,15.0,2712.871,30.91047812,31.06199356881845,31.128537986557042,31.10489280726963,31.10489280726963,0.19441468726962796
4,15.0,2713.353,30.92147797,31.074741452793067,31.140547207896887,31.11709708686632,31.11709708686632,0.19561911686631817
4,15.0,2713.835,30.93117439,31.087456999577462,31.15251170080707,31.12925984492858,31.12925984492858,0.19808545492858087
4,15.0,2714.317,30.93622228,31.100139597534902,31.16443102347931,31.141380592899786,31.141380592899786,0.20515831289978692
4,15.0,2714.799,30.96195633,31.112788637182042,31.176304738095922,31.15345884585722,31.15345884585722,0.1915025158572199
4,15.0,2715.281,30.93960774,31.125403511217176,31.18813241081923,31.16549412251226,31.16549412251226,0.225886382512261
4,15.0,2715.763,30.97761065,31.13798361454866,31.199913611780588,31.177485945210236,31.177485945210236,0.19987529521023717
4,15.0,2716.245,30.99231306,31.15052834432285,31.211647915069328,31.18943383992989,31.18943383992989,0.19712077992988952
4,15.0,2716.728,30.99423365,31.16306301391704,31.223359096096026,31.201361985856778,31.201361985856778,0.20712833585677615
4,15.0,2717.21,31.02285467,31.17553512061152,31.23499824260916,31.21322052352193,31.21322052352193,0.19036585352192859
4,15.0,2717.692,31.02258701,31.18797005766204,31.246589236494785,31.22503373197989,31.22503373197989,0.20244672197989289
4,15.0,2718.174,31.03622404,31.200367231451132,31.258131667565593,31.236801151740675,31.236801151740675,0.2005771117406745
4,15.0,2718.656,31.05212568,31.212726050738205,31.269625129532848,31.24852232694152,31.24852232694152,0.19639664694151904
4,15.0,2719.138,31.0697833,31.225045926686796,31.281069219993828,31.260196805344673,31.260196805344673,0.19041350534467227
4,15.0,2719.62,31.0833191,31.237326272891885,31.292463540419078,31.271824138335205,31.271824138335205,0.1885050383352045
4,15.0,2720.102,31.08610219,31.249566505406875,31.303807696139536,31.28340388091848,31.28340388091848,0.19730169091848282
4,15.0,2720.584,31.08628856,31.26176604277044,31.315101296333296,31.29493559171739,31.29493559171739,0.20864703171739052
4,15.0,2721.067,31.11197477,31.27394948734143,31.326367225807275,31.306442606435603,31.306442606435603,0.19446783643560295
4,15.0,2721.549,31.11541595,31.286065812669055,31.337558450923552,31.31787684208049,31.31787684208049,0.20246089208049156
4,15.0,2722.031,31.0935694,31.29813971245231,31.348697970213443,31.329261742594163,31.329261742594163,0.23569234259416305
4,15.0,2722.513,31.12120605,31.31017061544264,31.35978540811668,31.340596881044757,31.340596881044757,0.21939083104475543
4,15.0,2722.995,31.14532552,31.32215795300928,31.370820392851822,31.351881834100762,31.351881834100762,0.20655631410076225
4,15.0,2723.477,31.1432823,31.334101159165108,31.381802556401933,31.36311618202683,31.36311618202683,0.21983388202682974
4,15.0,2723.959,31.16760018,31.345999670592555,31.392731534500413,31.374299508679478,31.374299508679478,0.20669932867947693
4,15.0,2724.441,31.1817246,31.357852926669402,31.40360696661646,31.38543140150266,31.38543140150266,0.20370680150266196
4,15.0,2724.924,31.1783638,31.36968481825521,31.41445089096863,31.396534385006305,31.396534385006305,0.21817058500630537
4,15.0,2725.406,31.19416673,31.38144579589759,31.425218051468562,31.40756207801043,31.40756207801043,0.2133953480104296
4,15.0,2725.888,31.21394984,31.393159851605933,31.435930605940236,31.418537120163258,31.418537120163258,0.20458728016325622
4,15.0,2726.37,31.2152613,31.404826435798974,31.446588208655996,31.42945911321673,31.42945911321673,0.21419781321672815
4,15.0,2726.852,31.23312157,31.41644500171701,31.45719051754954,31.440327662484826,31.440327662484826,0.20720609248482447
4,15.0,2727.334,31.22973377,31.428015005446692,31.467737194200645,31.451142376837907,31.451142376837907,0.2214086068379082
4,15.0,2727.816,31.25634363,31.43953590594559,31.47822790381978,31.46190286869691,31.46190286869691,0.20555923869691028
4,15.0,2728.298,31.26796471,31.45100716506673,31.488662315232677,31.4726087540274,31.4726087540274,0.20464404402740044
4,15.0,2728.781,31.26566604,31.46245189024659,31.49906157245271,31.483281692211996,31.483281692211996,0.21761565221199675
4,15.0,2729.262,31.27401506,31.473798621210335,31.509360936725596,31.493855186651608,31.493855186651608,0.2198401266516079
4,15.0,2729.745,31.29996626,31.485141186689468,31.519645736344962,31.50441679214626,31.50441679214626,0.2044505321462573
4,15.0,2730.227,31.2878592,31.49640844964409,31.52985159514676,31.51490036490665,31.51490036490665,0.22704116490665172
4,15.0,2730.709,31.29107189,31.50762342367885,31.53999955290565,31.525327463159975,31.525327463159975,0.2342555731599738
4,15.0,2731.191,31.32507074,31.51878558852986,31.550089299816296,31.535697724013065,31.535697724013065,0.21062698401306434
4,15.0,2731.673,31.31557714,31.52989442699522,31.560120529577862,31.546010788071413,31.546010788071413,0.23043364807141486
4,15.0,2732.155,31.33613764,31.540949424958157,31.570092939377886,31.556266299431954,31.556266299431954,0.22012865943195337
4,15.0,2732.637,31.31052255,31.551950071409962,31.580006229876105,31.56646390567589,31.56646390567589,0.25594135567588694
4,15.0,2733.119,31.36309169,31.56289585847281,31.589860105188272,31.576603257861215,31.576603257861215,0.2135115678612145
4,15.0,2733.602,31.37605496,31.573808817761524,31.59967453045279,31.586704863788015,31.586704863788015,0.2106499037880134
4,15.0,2734.084,31.35397738,31.58464325862627,31.609408576710024,31.596726552261355,31.596726552261355,0.24274917226135528
4,15.0,2734.566,31.37973007,31.595421334448353,31.619082340112186,31.60668895993657,31.60668895993657,0.22695888993656865
4,15.0,2735.048,31.39920855,31.606142550104426,31.6286955384427,31.616591751709848,31.616591751709848,0.21738320170984693
4,15.0,2735.53,31.40836342,31.61680641371334,31.638247892859123,31.626434595915445,31.626434595915445,0.21807117591544412
4,15.0,2736.012,31.42613731,31.627412436657846,31.647739127876633,31.63621716431763,31.63621716431763,0.21007985431763032
4,15.0,2736.494,31.43366292,31.6379601336062,31.657168971351652,31.645939132102583,31.645939132102583,0.21227621210258363
4,15.0,2736.976,31.4260047,31.648449022533498,31.666537154465168,31.655600177870028,31.655600177870028,0.22959547787002776
4,15.0,2737.458,31.4631918,31.658878624742847,31.675843411706396,31.66519998362501,31.66519998362501,0.20200818362500783
4,15.0,2737.941,31.4568785,31.669269916627123,31.685106594598253,31.674757959469755,31.674757959469755,0.2178794594697564
4,15.0,2738.423,31.46151033,31.6795793972718,31.69428808688712,31.684234216119904,31.684234216119904,0.2227238861199048
4,15.0,2738.905,31.47564684,31.689828174316716,31.703406875927456,31.69364829848402,31.69364829848402,0.21800145848402153
4,15.0,2739.387,31.47300001,31.700015782592445,31.712462709282207,31.702999902109777,31.702999902109777,0.22999989210977745
4,15.0,2739.869,31.49624809,31.710141760360955,31.72145533773969,31.71228872590713,31.71228872590713,0.2160406359071274
4,15.0,2740.351,31.49694759,31.72020564933556,31.730384515296997,31.72151447213929,31.72151447213929,0.224566882139289
4,15.0,2740.833,31.52476618,31.730206994700907,31.739249999143546,31.730676846413978,31.730676846413978,0.2059106664139776
4,15.0,2741.315,31.52528295,31.74014534513257,31.748051549644487,31.73977555767446,31.73977555767446,0.2144926076744582
4,15.0,2741.798,31.54942359,31.750040673919678,31.756806990803295,31.74882899583237,31.74882899583237,0.1994054058323691
4,15.0,2742.28,31.55712182,31.75985156156724,31.76547983447214,31.757799387629575,31.757799387629575,0.200677567629576
4,15.0,2742.762,31.5587089,31.769598120537683,31.77408804430617,31.76670526258495,31.76670526258495,0.20799636258495013
4,15.0,2743.244,31.57133364,31.779279913671452,31.782631393215205,31.77554634289967,31.77554634289967,0.20421270289967097
4,15.0,2743.726,31.5801766,31.788896507395798,31.791109657202604,31.78432235406484,31.78432235406484,0.20414575406483948
4,15.0,2744.208,31.5780247,31.798447471743373,31.799522615348796,31.793033024852015,31.793033024852015,0.2150083248520147
4,15.0,2744.69,31.58280192,31.807932380370495,31.80787004979502,31.801678087303948,31.801678087303948,0.21887616730394654
4,15.0,2745.172,31.59843109,31.81735081057553,31.816151745727034,31.810257276725252,31.810257276725252,0.21182618672525422
4,15.0,2745.655,31.5923956,31.82672167500844,31.82438446777381,31.818787924686447,31.818787924686447,0.2263923246864472
4,15.0,2746.137,31.61803387,31.83600575483937,31.832533916857063,31.827234448950264,31.827234448950264,0.2092005789502629
4,15.0,2746.619,31.61791635,31.845222109323554,31.84061700066443,31.83561432504846,31.83561432504846,0.2176979750484591
4,15.0,2747.101,31.64052428,31.854370330512744,31.84863351640393,31.843927301245266,31.843927301245266,0.20340302124526488
4,15.0,2747.583,31.64384977,31.863450014188782,31.85658326424742,31.8521731290195,31.8521731290195,0.20832335901950216
4,15.0,2748.065,31.64557734,31.872460759880507,31.86446604731455,31.860351563054913,31.860351563054913,0.21477422305491345
4,15.0,2748.547,31.66416908,31.88140217088052,31.87228167165687,31.86846236123063,31.86846236123063,0.20429328123062973
4,15.0,2749.029,31.68016146,31.89027385426194,31.880029946242015,31.876505284611675,31.876505284611675,0.19634382461167377
4,15.0,2749.511,31.68592618,31.89907542089471,31.887710682937893,31.884480097439276,31.884480097439276,0.19855391743927697
4,15.0,2749.994,31.68396203,31.907824526151735,31.895339420605914,31.892402899383235,31.892402899383235,0.20844086938323514
4,15.0,2750.476,31.6909892,31.91648455971015,31.90288438757915,31.900240653981598,31.900240653981598,0.20925145398159728
4,15.0,2750.958,31.69821334,31.925073331292566,31.910361269142264,31.90800960924554,31.90800960924554,0.2097962692455404
4,15.0,2751.44,31.68904071,31.933590467124567,31.917769888613776,31.915709542031713,31.915709542031713,0.22666883203171295
4,15.0,2751.922,31.70492454,31.94203559730761,31.92511007213467,31.92334023232501,31.92334023232501,0.21841569232501
4,15.0,2752.404,31.71829666,31.950408355834416,31.932381648653045,31.930901463228857,31.930901463228857,0.21260480322885655
4,15.0,2752.886,31.72509655,31.958708380603767,31.939584449908935,31.93839302095569,31.93839302095569,0.21329647095569015
4,15.0,2753.368,31.71518321,31.966935313435407,31.946718310419012,31.945814694817223,31.945814694817223,0.2306314848172235
4,15.0,2753.851,31.74651121,31.97510563944133,31.95379765268971,31.953181456458367,31.953181456458367,0.20667024645836563
4,15.0,2754.333,31.76006023,31.983185176147323,31.96079300242561,31.96046259682131,31.96046259682131,0.20040236682130796
4,15.0,2754.815,31.73673784,31.991190569331103,31.967718931152742,31.96767323933971,31.96767323933971,0.2309353993397103
4,15.0,2755.297,31.74482634,31.999121476648284,31.97457528435066,31.974813185633284,31.974813185633284,0.22998684563328453
4,15.0,2755.779,31.75944302,32.00697755974641,31.98136191020126,31.981882240373224,31.981882240373224,0.22243922037322506
4,15.0,2756.261,31.77090842,32.01475848427843,31.988078659574175,31.988880211272715,31.988880211272715,0.2179717912727135
4,15.0,2756.743,31.77469276,32.02246391991603,31.994725386012284,31.995806909077423,31.995806909077423,0.22111414907742244
4,15.0,2757.225,31.77584422,32.030093540362806,32.00130194571734,32.002662147556066,32.002662147556066,0.22681792755606622
4,15.0,2757.708,31.76513181,32.03766261512772,32.00782162280207,32.0094597427437,32.0094597427437,0.24432793274370113
4,15.0,2758.189,31.77873846,32.04512405073515,32.01424400294405,32.01615751666843,32.01615751666843,0.2374190566684291
4,15.0,2758.672,31.7992175,32.05253958155653,32.0206223584296,32.02281099036777,32.02281099036777,0.22359349036777232
4,15.0,2759.154,31.80942303,32.05986259912592,32.026916719050135,32.029378439441665,32.029378439441665,0.21995540944166336
4,15.0,2759.636,31.81623181,32.06710823031557,32.03314023306497,32.035873542696706,32.035873542696706,0.2196417326967044
4,15.0,2760.118,31.83624985,32.07427617329308,32.03929277233838,32.04229613184863,32.04229613184863,0.2060462818486286
4,15.0,2760.6,31.82647325,32.081366130344094,32.04537421129588,32.048646041570855,32.048646041570855,0.22217279157085557
4,15.0,2761.082,31.8266819,32.088377807883646,32.0513844269107,32.054923109485074,32.054923109485074,0.22824120948507343
4,15.0,2761.564,31.82420827,32.09531091646745,32.05732329869044,32.061127176152276,32.061127176152276,0.23691890615227607
4,15.0,2762.046,31.86206955,32.10216517080295,32.06319070866378,32.067258085063514,32.067258085063514,0.2051885350635132
4,15.0,2762.529,31.85580192,32.10895426356967,32.068998491433476,32.0733281739488,32.0733281739488,0.21752625394880098
4,15.0,2763.011,31.8660392,32.11564980515056,32.074722485048376,32.079312156930996,32.079312156930996,0.21327295693099657
4,15.0,2763.493,31.86274983,32.12226566106102,32.08037467771227,32.08522252981702,32.08522252981702,0.22247269981701834
4,15.0,2763.975,31.86371231,32.128801562729926,32.08595496141333,32.091059147734136,32.091059147734136,0.22734683773413522
4,15.0,2764.457,31.87953222,32.13525724578974,32.091463230596396,32.09682186869482,32.09682186869482,0.21728964869481615
4,15.0,2764.939,31.90822812,32.14163245008628,32.096899382150504,32.10251055358797,32.10251055358797,0.19428243358796848
4,15.0,2765.421,31.90199637,32.1479269196882,32.10226331539649,32.10812506617009,32.10812506617009,0.2061286961700901
4,15.0,2765.903,31.89720375,32.1541404028964,32.107554932074756,32.113665273056654,32.113665273056654,0.21646152305665467
4,15.0,2766.385,31.91687381,32.160272652252935,32.11277413633317,32.119131043713416,32.119131043713416,0.20225723371341786
4,15.0,2766.868,31.91759458,32.16633589315793,32.11793143707938,32.124533357927916,32.124533357927916,0.20693877792791682
4,15.0,2767.35,31.91022272,32.17230477966592,32.12300538780274,32.129849720796685,32.129849720796685,0.2196270007966845
4,15.0,2767.832,31.93198216,32.17819171500128,32.128006652694054,32.1350912725987,32.1350912725987,0.20310911259869968
4,15.0,2768.314,31.93669491,32.18399646876653,32.132935145417505,32.14025789412139,32.14025789412139,0.2035629841213904
4,15.0,2768.796,31.94901854,32.1897188148476,32.13779078198629,32.1453494689601,32.1453494689601,0.19633092896009785
4,15.0,2769.278,31.94887978,32.19535853142173,32.14257348075119,32.15036588350984,32.15036588350984,0.20148610350984342
4,15.0,2769.76,31.95321876,32.2009154009649,32.1472831623895,32.15530702695711,32.15530702695711,0.20208826695711224
4,15.0,2770.242,31.96100159,32.20638921025925,32.15191974989399,32.16017279127169,32.16017279127169,0.1991712012716924
4,15.0,2770.725,31.97340251,32.21179084739271,32.1564925601262,32.16497293100136,32.16497293100136,0.19157042100135868
4,15.0,2771.207,31.97332032,32.21709774040407,32.16098258552254,32.16968746712904,32.16968746712904,0.19636714712903824
4,15.0,2771.689,31.96663823,32.22232095900903,32.16539929940508,32.17432631644893,32.17432631644893,0.20768808644893255
4,15.0,2772.171,31.96396314,32.227460307292375,32.16974263392593,32.17888938198982,32.17888938198982,0.21492624198981858
4,15.0,2772.653,31.97437816,32.232515593678464,32.174012523499705,32.18337656952417,32.18337656952417,0.20899840952417037
4,15.0,2773.135,31.99852972,32.23748663093731,32.17820890479343,32.18778778756043,32.18778778756043,0.18925806756043073
4,15.0,2773.617,31.97977928,32.24237323619036,32.182331716716476,32.19212294733538,32.19212294733538,0.21234366733537868
4,15.0,2774.099,31.99496442,32.247175230916106,32.18638090041075,32.196381962806605,32.196381962806605,0.20141754280660606
4,15.0,2774.582,31.98829516,32.25190213944635,32.19036457053053,32.2005733493333,32.2005733493333,0.212278189333297
4,15.0,2775.064,31.99496635,32.2565342185802,32.19426617703346,32.204679670517876,32.204679670517876,0.20971332051787783
4,15.0,2775.546,32.01127581,32.261081177478474,32.19809399192595,32.208709605363,32.208709605363,0.197433795362997
4,15.0,2776.028,32.01085416,32.265542855108414,32.20184796518884,32.21266307864108,32.21266307864108,0.20180891864107764
4,15.0,2776.51,32.01033467,32.26991909481903,32.205528048988356,32.21654001780868,32.21654001780868,0.20620534780868383
4,15.0,2776.992,32.03176023,32.274209744345335,32.209134197667204,32.22034035299955,32.22034035299955,0.18858012299954652
4,15.0,2777.474,32.02014303,32.278414655812355,32.212666367735665,32.224064017017525,32.224064017017525,0.2039209870175256
4,15.0,2777.956,32.02993621,32.282533685739004,32.216124517863,32.227710945329704,32.227710945329704,0.1977747353297019
4,15.0,2778.438,32.0457718,32.286566695041714,32.21950860886887,32.23128107605963,32.23128107605963,0.18550927605963352
4,15.0,2778.921,32.03677483,32.29052164788227,32.222825393876974,32.23478151750464,32.23478151750464,0.19800668750464467
4,15.0,2779.403,32.04095508,32.294382037145,32.2260611038253,32.238197718404315,32.238197718404315,0.19724263840431178
4,15.0,2779.885,32.03077079,32.29815601469432,32.22922264986503,32.2415369518546,32.2415369518546,0.2107661618546004
4,15.0,2780.367,32.04018578,32.30184345907752,32.23231000133976,32.24479916654364,32.24479916654364,0.2046133865436417
4,15.0,2780.849,32.07578632,32.305444253254194,32.235323129703204,32.2479843137831,32.2479843137831,0.17219799378310086
4,15.0,2781.331,32.06356738,32.30895828459846,32.2382620085115,32.251092347501945,32.251092347501945,0.18752496750194325
4,15.0,2781.813,32.05273385,32.31238544490111,32.241126613415865,32.254123224240175,32.254123224240175,0.201389374240172
4,15.0,2782.295,32.06760355,32.31572563037142,32.243916922155194,32.2570769031427,32.2570769031427,0.1894733531427022
4,15.0,2782.778,32.056524,32.318985400252316,32.24663847212348,32.25995923336519,32.25995923336519,0.20343523336518388
4,15.0,2783.26,32.07554315,32.3221511614232,32.24927997582655,32.26275824407058,32.26275824407058,0.1872150940705808
4,15.0,2783.742,32.05689397,32.32522966273255,32.251847129005824,32.26547994987874,32.26547994987874,0.20858597987874106
4,15.0,2784.224,32.07335991,32.328220818086926,32.25433991768537,32.26812432030011,32.26812432030011,0.1947644103001096
4,15.0,2784.706,32.07824521,32.33112454581739,32.25675832994281,32.2706913274208,32.2706913274208,0.19244611742080053
4,15.0,2785.188,32.08978428,32.33394076867998,32.25910235590287,32.273180945896904,32.273180945896904,0.1833966658969004
4,15.0,2785.67,32.08674141,32.336669413856086,32.26137198773111,32.27559315294907,32.27559315294907,0.18885174294906903
4,15.0,2786.152,32.09485498,32.33931041295248,32.26356721962797,32.277927928357066,32.277927928357066,0.183072948357065
4,15.0,2786.635,32.0847793,32.341868908065095,32.265692370537266,32.28018985718439,32.28018985718439,0.19541055718438827
4,15.0,2787.116,32.09045408,32.34432922145953,32.26773447056778,32.28236511612335,32.28236511612335,0.1919110361233507
4,15.0,2787.599,32.11258203,32.34671175785597,32.2697105021131,32.28447178203882,32.28447178203882,0.1718897520388225
4,15.0,2788.081,32.11129862,32.34900139483746,32.27160796242143,32.28649651889581,32.28649651889581,0.17519789889581006
4,15.0,2788.563,32.10233804,32.35120311005132,32.27343102413156,32.28844376119845,32.28844376119845,0.1861057211984516
4,15.0,2789.045,32.10779349,32.3533168616559,32.27517969353791,32.29031350397807,32.29031350397807,0.1825200139780705
4,15.0,2789.527,32.08889193,32.35534261222953,32.27685397893142,32.292105744789815,32.292105744789815,0.20321381478981237
4,15.0,2790.009,32.10780565,32.3572803287689,32.278453890594754,32.29382048370799,32.29382048370799,0.18601483370798633
4,15.0,2790.491,32.09012053,32.35912998268719,32.27997944079759,32.29545772332151,32.29545772332151,0.2053371933215118
4,15.0,2790.973,32.10487696,32.360891549811974,32.281430643792056,32.297017468729365,32.297017468729365,0.1921405087293664
4,15.0,2791.456,32.09125571,32.362568390694975,32.28281029513479,32.29850272222153,32.29850272222153,0.2072470122215293
4,15.0,2791.938,32.10990707,32.364153546523006,32.28411270022136,32.29990734380621,32.29990734380621,0.19000027380621276
4,15.0,2792.42,32.12134546,32.365650569484544,32.28534081275143,32.3012345015281,32.3012345015281,0.17988904152809937
4,15.0,2792.902,32.11309124,32.367059453048796,32.28649465486864,32.30248421048875,32.30248421048875,0.18939297048874693
4,15.0,2793.384,32.11129911,32.368380195085756,32.28757425067859,32.30365648827877,32.30365648827877,0.1923573782787713
4,15.0,2793.866,32.10429017,32.369612797862764,32.28857962624524,32.30475135497386,32.30475135497386,0.2004611849738609
4,15.0,2794.348,32.10402912,32.37075726804097,32.289510809587405,32.30576883313101,32.30576883313101,0.2017397131310119
4,15.0,2794.83,32.12916641,32.37181361667152,32.29036783067543,32.306708947784735,32.306708947784735,0.17754253778473128
4,15.0,2795.312,32.11308984,32.37278185919152,32.29115072142797,32.307571726443385,32.307571726443385,0.19448188644338416
4,15.0,2795.795,32.14409397,32.373663749920695,32.291860909238,32.30835874835967,32.30835874835967,0.1642647783596729
4,15.0,2796.277,32.12249006,32.37445566138015,32.2924954892395,32.30906678714782,32.30906678714782,0.18657672714782336
4,15.0,2796.759,32.1216969,32.37515953937662,32.29305604640207,32.30969758734892,32.30969758734892,0.18800068734891795
4,15.0,2797.241,32.12090421,32.37577541685569,32.29354262041272,32.310251186337126,32.310251186337126,0.18934697633712716
4,15.0,2797.723,32.13512822,32.37630333112564,32.293955252893014,32.31072762394348,32.31072762394348,0.17559940394347962
4,15.0,2798.205,32.12096907,32.37674332385211,32.29429398739682,32.31112694245284,32.31112694245284,0.19015787245283633
4,15.0,2798.687,32.13068804,32.377095441052596,32.294558869408064,32.31144918660084,32.31144918660084,0.18076114660083675
4,15.0,2799.169,32.14187886,32.37735973309077,32.29474994633878,32.311694403570925,32.311694403570925,0.16981554357092676
4,15.0,2799.652,32.12920215,32.37753652970098,32.29486743429854,32.31186291205377,32.31186291205377,0.18266076205377146
4,15.0,2800.134,32.14065323,32.377625157950774,32.29491089814813,32.31195406645496,32.31195406645496,0.17130083645496086
4,15.0,2800.616,32.14687066,32.37762613828181,32.29488071081606,32.31196835000314,32.31196835000314,0.16509769000314378
4,15.0,2801.098,32.14339719,32.377539538389954,32.294776927413324,32.31190581965049,32.31190581965049,0.16850862965048918
4,15.0,2801.58,32.15879605,32.37736543028547,32.29459960497109,32.31176653478364,32.31176653478364,0.15297048478363706
4,15.0,2802.062,32.1432152,32.3771038902861,32.29434880243946,32.311550557221224,32.311550557221224,0.16833535722122406
4,15.0,2802.544,32.16483351,32.37675499900979,32.2940245806865,32.31125795121157,32.31125795121157,0.14642444121157183
4,15.0,2803.026,32.12785586,32.37631884136738,32.29362700249728,32.31088878343043,32.31088878343043,0.18303292343043154
4,15.0,2803.509,32.12837244,32.37579433024184,32.29315507952409,32.31044211890741,32.31044211890741,0.18206967890741055
4,15.0,2803.991,32.12791848,32.375183731161584,32.29261083263364,32.30991987883549,32.30991987883549,0.18200139883548871
4,15.0,2804.473,32.1475371,32.374486146335215,32.29199342930205,32.309321291718646,32.309321291718646,0.16178419171864533
4,15.0,2804.955,32.13769891,32.37370167777586,32.29130293998055,32.30864643392654,32.30864643392654,0.170947523926543
4,15.0,2805.437,32.13108007,32.372830431749506,32.29053943703506,32.30789538424631,32.30789538424631,0.17681531424630492
4,15.0,2805.919,32.13315649,32.37187251876633,32.289702994746136,32.30706822388071,32.30706822388071,0.1739117338807148
4,15.0,2806.401,32.14633208,32.37082805357193,32.28879368930904,32.30616503644653,32.30616503644653,0.15983295644652884
4,15.0,2806.883,32.14509508,32.369697155138226,32.28781159883393,32.30518590797293,32.30518590797293,0.16009082797292962
4,15.0,2807.365,32.15891151,32.368479946654304,32.286756803346194,32.30413092689995,32.30413092689995,0.14521941689994833
4,15.0,2807.848,32.13088877,32.36717376188997,32.28562697031069,32.30299775944782,32.30299775944782,0.17210898944782116
4,15.0,2808.33,32.11717094,32.365784141304616,32.28442686212948,32.30179119124266,32.30179119124266,0.1846202512426558
4,15.0,2808.812,32.14873667,32.364308605729896,32.28315430068845,32.300509050410454,32.300509050410454,0.15177238041045626
4,15.0,2809.294,32.12822965,32.36274729513583,32.28180937368385,32.29915143502609,32.29915143502609,0.17092178502608846
4,15.0,2809.776,32.13114783,32.36110035366042,32.280392170730735,32.29771844556888,32.29771844556888,0.16657061556887953
4,15.0,2810.258,32.13381432,32.35936792959919,32.27890278336413,32.29621018492146,32.29621018492146,0.1623958649214643
4,15.0,2810.74,32.1300117,32.35755017539464,32.27734130504024,32.29462675836886,32.29462675836886,0.16461505836885948
4,15.0,2811.222,32.14108538,32.355647247625356,32.275707831137744,32.29296827359748,32.29296827359748,0.15188289359748097
4,15.0,2811.705,32.13384452,32.353655094379924,32.27399884617331,32.291231166529826,32.291231166529826,0.15738664652982948
4,15.0,2812.187,32.13896465,32.35158212984701,32.272221526091165,32.289422742839676,32.289422742839676,0.1504580928396777
4,15.0,2812.669,32.13235634,32.349424486545395,32.27037250832891,32.28753959863128,32.28753959863128,0.15518325863127558
4,15.0,2813.151,32.14101887,32.34718233749447,32.26845189597532,32.28558185119391,32.28558185119391,0.1445629811939071
4,15.0,2813.633,32.13169459,32.34485585979271,32.26645979405022,32.28354962021465,32.28354962021465,0.15185503021464797
4,15.0,2814.115,32.12887943,32.342445234605655,32.26439630950666,32.28144302777791,32.28144302777791,0.15256359777791317
4,15.0,2814.597,32.11613021,32.33995064715374,32.262261551232996,32.279262198364954,32.279262198364954,0.16313198836495246
4,15.0,2815.079,32.12736648,32.33737228669994,32.26005563005526,32.27700725885351,32.27700725885351,0.14964077885350946
4,15.0,2815.562,32.12124007,32.334704737095095,32.25777386095556,32.274673429920604,32.274673429920604,0.15343335992060503
4,15.0,2816.043,32.12112032,32.331965023975584,32.25543075199461,32.272275569026405,32.272275569026405,0.15115524902640232
4,15.0,2816.526,32.10083863,32.32913056574007,32.253006934837614,32.26979386997867,32.26979386997867,0.168955239978672
4,15.0,2817.008,32.10769014,32.32621891438255,32.25051736258763,32.26724365426012,32.26724365426012,0.15955351426011788
4,15.0,2817.49,32.12534678,32.323224496967974,32.247957210969034,32.264619999059654,32.264619999059654,0.13927321905965329
4,15.0,2817.972,32.12329979,32.3201475267523,32.24532660249242,32.26192304563385,32.26192304563385,0.1386232556338527
4,15.0,2818.454,32.09463932,32.31698822094213,32.24262566162516,32.25915293763462,32.25915293763462,0.16451361763461847
4,15.0,2818.936,32.08744721,32.31374680068082,32.23985451479474,32.25630982110932,32.25630982110932,0.16886261110931855
4,15.0,2819.418,32.12172703,32.3104234910344,32.23701329039189,32.25339384450085,32.25339384450085,0.13166681450084639
4,15.0,2819.9,32.09518544,32.30701852097741,32.234102118774004,32.2504051586478,32.2504051586478,0.1552197186477997
4,15.0,2820.383,32.09797419,32.30352480570823,32.23111487516981,32.247337490346354,32.247337490346354,0.14936330034635148
4,15.0,2820.865,32.1176128,32.29995704911827,32.228064063653655,32.244203698059145,32.244203698059145,0.12659089805914192
4,15.0,2821.347,32.12041015,32.29630834285011,32.224943708114694,32.24099766375021,32.24099766375021,0.12058751375020904
4,15.0,2821.829,32.11081554,32.29257893137404,32.22175394681682,32.23771954784858,32.23771954784858,0.12690400784858014
4,15.0,2822.311,32.10305329,32.288769062994874,32.21849492000891,32.23436951318056,32.23436951318056,0.13131622318056202
4,15.0,2822.793,32.0987617,32.284878989836656,32.21516676992879,32.23094772497018,32.23094772497018,0.1321860249701814
4,15.0,2823.275,32.11182989,32.28090896782709,32.211769640807276,32.227454350839565,32.227454350839565,0.11562446083956246
4,15.0,2823.757,32.09901208,32.27685925668195,32.20830367887232,32.223889560809624,32.223889560809624,0.12487748080962291
4,15.0,2824.24,32.09974052,32.272721470837375,32.2047616277681,32.220245909725996,32.220245909725996,0.12050538972599867
4,15.0,2824.722,32.10398909,32.26851301169236,32.201158304869715,32.21653866029562,32.21653866029562,0.11254957029562007
4,15.0,2825.204,32.08349896,32.264225665693914,32.197486600184845,32.2127605197966,32.2127605197966,0.12926155979660336
4,15.0,2825.686,32.08531079,32.259859707557396,32.19374666797704,32.2089116678555,32.2089116678555,0.12360087785550178
4,15.0,2826.168,32.0681707,32.255415415705166,32.18993866452884,32.20499228650071,32.20499228650071,0.13682158650070875
4,15.0,2826.65,32.06978598,32.25089307224988,32.186062748146504,32.20100256016314,32.20100256016314,0.13121658016314086
4,15.0,2827.132,32.07617045,32.24629296297765,32.18211907916461,32.196942675677036,32.196942675677036,0.12077222567703672
4,15.0,2827.614,32.04294692,32.2416153773309,32.17810781995085,32.1928128222807,32.1928128222807,0.14986590228070185
4,15.0,2828.096,32.06673656,32.236860608391275,32.17402913491095,32.18861319161732,32.18861319161732,0.12187663161731876
4,15.0,2828.579,32.05154581,32.2320188489649,32.16987451914972,32.184335048249956,32.184335048249956,0.1327892382499556
4,15.0,2829.061,32.03815343,32.22711044857581,32.165661344835115,32.179996303855674,32.179996303855674,0.14184287385567274
4,15.0,2829.543,32.03466214,32.2221257664331,32.161381250544935,32.175588371976644,32.175588371976644,0.14092623197664267
4,15.0,2830.025,32.04264605,32.217065110006864,32.15703440889101,32.17111145388902,32.17111145388902,0.12846540388901673
4,15.0,2830.507,32.02860795,32.21192879031776,32.15262099454844,32.16656575327815,32.16656575327815,0.1379578032781481
4,15.0,2830.989,32.01994092,32.20671712191875,32.148141184260915,32.16195147623954,32.16195147623954,0.14201055623953351
4,15.0,2831.471,32.03106067,32.20143042287678,32.143595156845954,32.157268831279715,32.157268831279715,0.12620816127971324
4,15.0,2831.953,32.01981579,32.19606901475423,32.13898309320032,32.1525180293172,32.1525180293172,0.13270223931719727
4,15.0,2832.436,32.01052107,32.19062186791848,32.13429540275746,32.14768921580791,32.14768921580791,0.13716814580790526
4,15.0,2832.918,32.03568009,32.18511186691179,32.12955168163768,32.14280260195987,32.14280260195987,0.10712251195987221
4,15.0,2833.4,32.02063307,32.17952814298894,32.12474247989796,32.13784847880131,32.13784847880131,0.11721540880130732
4,15.0,2833.882,32.04351499,32.173871031512746,32.119867986811165,32.132827066913265,32.132827066913265,0.08931207691326648
4,15.0,2834.364,32.01274609,32.168140871246436,32.11492839375711,32.12773858929358,32.12773858929358,0.11499249929357802
4,15.0,2834.846,32.0219754,32.16233800433418,32.10992389422817,32.12258327135787,32.12258327135787,0.10060787135786597
4,15.0,2835.328,32.01113802,32.15646277628151,32.104854683835086,32.11736134094046,32.11736134094046,0.10622332094046527
4,15.0,2835.81,31.99425041,32.15051553593551,32.09972096031264,32.11207302829537,32.11207302829537,0.11782261829537077
4,15.0,2836.292,32.01462346,32.14449663546488,32.094522923525545,32.106718566097264,32.106718566097264,0.09209510609726124
4,15.0,2836.775,32.000711,32.138393721187015,32.089249791652456,32.10128687549418,32.10128687549418,0.10057587549417946
4,15.0,2837.257,32.01155122,32.13223242334405,32.083923604105365,32.095800685890744,32.095800685890744,0.08424946589074267
4,15.0,2837.739,31.98764842,32.12600054236561,32.078533716155995,32.090249059791915,32.090249059791915,0.10260063979191614
4,15.0,2838.221,32.00292787,32.11969844351162,32.073080336251934,32.08463223956936,32.08463223956936,0.08170436956935845
4,15.0,2838.703,31.97506757,32.11332649526178,32.067563675000216,32.078950470020004,32.078950470020004,0.10388290002000389
4,15.0,2839.185,31.99455461,32.106885069294805,32.06198394517337,32.07320399836693,32.07320399836693,0.07864938836692659
4,15.0,2839.667,31.98256554,32.10037454046749,32.05634136171541,32.06739307426024,32.06739307426024,0.08482753426023848
4,15.0,2840.149,31.96833726,32.09379528679361,32.05063614174791,32.06151794977788,32.06151794977788,0.0931806897778813
4,15.0,2840.632,31.96400904,32.08713382694992,32.04485647379461,32.055566491410026,32.055566491410026,0.09155745141002569
4,15.0,2841.114,31.9541685,32.0804181295529,32.039026512108244,32.04956360025966,32.04956360025966,0.09539510025965825
4,15.0,2841.596,31.9462221,32.07363486088657,32.033134578869394,32.043497280083194,32.043497280083194,0.09727518008319436
4,15.0,2842.078,31.95720422,32.066784411385456,32.027180899975214,32.03736779268293,32.03736779268293,0.08016357268292751
4,15.0,2842.56,31.96158368,32.05986717453354,32.02116570353084,32.03117540229273,32.03117540229273,0.06959172229273136
4,15.0,2843.042,31.94933892,32.05288354684237,32.015089219855604,32.024920375578844,32.024920375578844,0.07558145557884544
4,15.0,2843.524,31.95079461,32.045833927828994,32.00895168148914,32.0186029816404,32.0186029816404,0.06780837164039966
4,15.0,2844.006,31.95530743,32.03871871999388,32.00275332319746,32.01222349201003,32.01222349201003,0.05691606201002841
4,15.0,2844.489,31.94088886,32.03152336424627,31.996481333813772,32.00576875286582,32.00576875286582,0.06487989286581808
4,15.0,2844.97,31.93287985,32.02429316264301,31.99017509707157,31.999279323975017,31.999279323975017,0.066399473975018
4,15.0,2845.453,31.92499799,32.01696840122505,31.983782412406452,31.99270151880353,31.99270151880353,0.06770352880352704
4,15.0,2845.935,31.92235061,32.00959478974864,31.977343042884698,31.986076284189295,31.986076284189295,0.0637256741892962
4,15.0,2846.417,31.92143162,32.002157646786316,31.970844061391556,31.979390348657795,31.979390348657795,0.05795872865779472
4,15.0,2846.899,31.89711598,31.994657392271712,31.96428571618494,31.972643998357704,31.972643998357704,0.07552801835770495
4,15.0,2847.381,31.9038987,31.987094448963077,31.95766825779196,31.965837521874015,31.965837521874015,0.06193882187401556
4,15.0,2847.863,31.89603484,31.979469242419984,31.95099193901507,31.95897121022827,31.95897121022827,0.0629363702282717
4,15.0,2848.345,31.89824737,31.97178220097998,31.944257014937953,31.952045356878642,31.952045356878642,0.053797986878642234
4,15.0,2848.827,31.881407,31.964033755735297,31.937463742931676,31.945060257720073,31.945060257720073,0.06365325772007324
4,15.0,2849.31,31.89844653,31.95620807532726,31.930598108019012,31.938001535812177,31.938001535812177,0.039555005812175636
4,15.0,2849.792,31.83904927,31.948338001518174,31.923688801749172,31.930898721108218,31.930898721108218,0.0918494511082173
4,15.0,2850.274,31.86135894,31.94040783438681,31.91672193399769,31.923737563531944,31.923737563531944,0.06237862353194501
4,15.0,2850.756,31.86529099,31.93241801581282,31.909697771349293,31.916518368729754,31.916518368729754,0.05122737872975591
4,15.0,2851.238,31.86751199,31.924368990311507,31.902616582705644,31.909241444784115,31.909241444784115,0.041729454784114495
4,15.0,2851.72,31.84479535,31.916261205009782,31.895478639291117,31.901907102213247,31.901907102213247,0.057111752213248934
4,15.0,2852.202,31.82976029,31.90809510962194,31.888284214658675,31.89451565397073,31.89451565397073,0.06475536397072901
4,15.0,2852.684,31.83426292,31.899871156425224,31.881033584695444,31.887067415444932,31.887067415444932,0.052804495444931376
4,15.0,2853.167,31.82014741,31.89157255964525,31.873711810854594,31.87954707603749,31.87954707603749,0.05939966603748914
4,15.0,2853.649,31.81894801,31.88323414012507,31.86634949210047,31.871986096682782,31.871986096682782,0.05303808668278265
4,15.0,2854.131,31.81016718,31.87483923571762,31.8589318103282,31.864369288484575,31.864369288484575,0.054202108484574296
4,15.0,2854.613,31.79375107,31.866388308711826,31.851459050822875,31.856696976568813,31.856696976568813,0.06294590656881383
4,15.0,2855.095,31.81547408,31.857881823836337,31.843931501231573,31.84896948849247,31.84896948849247,0.03349540849247035
4,15.0,2855.577,31.77490995,31.84932024823445,31.83634945156874,31.841187154242448,31.841187154242448,0.06627720424244643
4,15.0,2856.059,31.79225099,31.840704051439197,31.828713194221578,31.833350306234525,31.833350306234525,0.041099316234525674
4,15.0,2856.541,31.77425673,31.83203370534801,31.821023023955163,31.825459279312,31.825459279312,0.051202549311998524
4,15.0,2857.023,31.76642326,31.823309684197607,31.813279237917648,31.817514410744437,31.817514410744437,0.05109115074443693
4,15.0,2857.506,31.7657611,31.8145141995713,31.8054659038716,31.809499390718344,31.809499390718344,0.043738290718344786
4,15.0,2857.988,31.76305937,31.805684151364744,31.797615677621298,31.801447750434278,31.801447750434278,0.03838838043427728
4,15.0,2858.47,31.77064231,31.796801865590567,31.78971274202707,31.793343295573653,31.793343295573653,0.0227009855736533
4,15.0,2858.952,31.7683069,31.787867825592322,31.781757403824383,31.785186373100522,31.785186373100522,0.016879473100523512
4,15.0,2859.434,31.75924839,31.778882516924895,31.773749972156274,31.776977332396775,31.776977332396775,0.017728942396775693
4,15.0,2859.916,31.73823916,31.769846427328858,31.76569075857812,31.768716525260245,31.768716525260245,0.03047736526024636
4,15.0,2860.398,31.76099743,31.7607600467043,31.7575800770621,31.760404305902497,31.760404305902497,-0.00059312409750234
4,15.0,2860.88,31.73966356,31.751623867085073,31.749418244001742,31.752041030946685,31.752041030946685,0.012377470946685065
4,15.0,2861.363,31.71614515,31.742419274682398,31.741188486872435,31.743609550603967,31.743609550603967,0.02746440060396793
4,15.0,2861.845,31.73013926,31.733184880833704,31.732925205150572,31.735145139902986,31.735145139902986,0.005005879902984844
4,15.0,2862.327,31.70499708,31.723902177668165,31.72461173630949,31.726630758675274,31.726630758675274,0.021633678675275547
4,15.0,2862.809,31.6979972,31.714571665496592,31.716248406475245,31.718066773169927,31.718066773169927,0.02006957316992697
4,15.0,2863.291,31.69627177,31.705193846632096,31.70783554421578,31.709453552034365,31.709453552034365,0.013181782034365597
4,15.0,2863.773,31.67759774,31.695769225363648,31.69937348054477,31.70079146631131,31.70079146631131,0.023193726311308893
4,15.0,2864.255,31.69012537,31.68629830792937,31.69086254892517,31.692080889435505,31.692080889435505,0.001955519435504982
4,15.0,2864.737,31.67278269,31.676781602490063,31.682303085272913,31.68332219723057,31.68332219723057,0.010539507230571843
4,15.0,2865.219,31.65716954,31.66721961910224,31.673695427960112,31.674515767905376,31.674515767905376,0.017346227905374434
4,15.0,2865.702,31.65510004,31.65759289249818,31.665021910823363,31.66564356423845,31.66564356423845,0.010543524238450175
4,15.0,2866.184,31.63199353,31.647941799558122,31.656318792938215,31.656742707766526,31.656742707766526,0.024749177766526742
4,15.0,2866.666,31.63900775,31.638246971017534,31.64756851199845,31.647795263877796,31.647795263877796,0.008787513877795305
4,15.0,2867.148,31.62576085,31.628508924251328,31.638771416237628,31.638801620289524,31.638801620289524,0.013040770289524772
4,15.0,2867.63,31.60576921,31.61872817839542,31.629927856360545,31.629762167084703,31.629762167084703,0.023992957084704614
4,15.0,2868.112,31.61401578,31.60890525431968,31.62103818554573,31.620677296707576,31.620677296707576,0.0066615167075774195
4,15.0,2868.594,31.58824515,31.599040674600595,31.612102759447797,31.611547403959094,31.611547403959094,0.0233022539590948
4,15.0,2869.076,31.59891174,31.58913496349414,31.603121936199756,31.602372885992196,31.602372885992196,0.0034611459921976007
4,15.0,2869.559,31.58613985,31.579167969553165,31.594077304000933,31.593134970588554,31.593134970588554,0.006995120588555892
4,15.0,2870.041,31.5787764,31.56918149242083,31.585006678470837,31.58387231252541,31.58387231252541,0.005095912525412416
4,15.0,2870.523,31.5795097,31.559155467571077,31.5758917458406,31.57456623560581,31.57456623560581,-0.004943464394187913
4,15.0,2871.005,31.58074385,31.54909042570656,31.566732874180722,31.565217146344754,31.565217146344754,-0.015526703655247331
4,15.0,2871.487,31.55848501,31.538986899072093,31.55753043404885,31.5558254535831,31.5558254535831,-0.002659556416897857
4,15.0,2871.969,31.54892514,31.528845421426844,31.548284798490748,31.54639156848169,31.54639156848169,-0.002533571518313238
4,15.0,2872.451,31.57271855,31.51866652801661,31.53899634304147,31.536915904515347,31.536915904515347,-0.035802645484654505
4,15.0,2872.933,31.52401749,31.508450755546193,31.529665445726103,31.527398877466855,31.527398877466855,0.0033813874668560118
4,15.0,2873.416,31.54772558,31.498177334804506,31.520272997630812,31.517821033332005,31.517821033332005,-0.029904546667996357
4,15.0,2873.897,31.53640235,31.48791072737194,31.51087785005175,31.508242408755656,31.508242408755656,-0.0281599412443434
4,15.0,2874.38,31.50206256,31.477566098468785,31.501402259431476,31.498583771655973,31.498583771655973,-0.0034787883440259293
4,15.0,2874.862,31.52808141,31.467208133545856,31.491905340263457,31.488905414164474,31.488905414164474,-0.039175995835524446
4,15.0,2875.344,31.48774355,31.456815995125492,31.482367907534712,31.479187807783347,31.479187807783347,-0.008555742216653783
4,15.0,2875.826,31.50397356,31.44639022808343,31.472790354222745,31.469431382007713,31.469431382007713,-0.03454217799228587
4,15.0,2876.308,31.4840443,31.435931378558735,31.463173075795453,31.459636568592117,31.459636568592117,-0.02440773140788366
4,15.0,2876.79,31.48092369,31.425439993925615,31.453516470210367,31.449803801542846,31.449803801542846,-0.031119888457155298
4,15.0,2877.272,31.46017639,31.414916622765368,31.443820937913646,31.439933517110035,31.439933517110035,-0.02024287288996618
4,15.0,2877.754,31.44735225,31.404361814838133,31.434086881838894,31.43002615377953,31.43002615377953,-0.01732609622047221
4,15.0,2878.237,31.45041541,31.393754127311343,31.42429439384346,31.420061483777488,31.420061483777488,-0.03035392622251365
4,15.0,2878.719,31.4428891,31.383138037346008,31.414484431143784,31.41008121237781,31.41008121237781,-0.03280788762218734
4,15.0,2879.201,31.44515438,31.372492167833293,31.404637169229595,31.400065191793242,31.400065191793242,-0.045089188206759445
4,15.0,2879.683,31.42726002,31.361817072968194,31.394753020972395,31.39001386937125,31.39001386937125,-0.03724615062875003
4,15.0,2880.165,31.40739808,31.35111330798298,31.384832401721507,31.37992769465106,31.37992769465106,-0.027470385348941306
4,15.0,2880.647,31.41063773,31.340381429118835,31.374875729301433,31.369807119354235,31.369807119354235,-0.04083061064576654
4,15.0,2881.129,31.39191646,31.329621993597314,31.364883424008895,31.35965259737493,31.35965259737493,-0.03226386262507219
4,15.0,2881.611,31.40124145,31.318835559591975,31.354855908609863,31.3494645847701,31.3494645847701,-0.05177686522990044
4,15.0,2882.094,31.38581186,31.30800022575736,31.34477269633186,31.33922230024358,31.33922230024358,-0.046589559756419874
4,15.0,2882.576,31.36797805,31.297161419861766,31.334675968042703,31.328968616061648,31.328968616061648,-0.039009433938353766
4,15.0,2883.058,31.38869506,31.286297296594654,31.324545313619417,31.318682823260676,31.318682823260676,-0.07001223673932344
4,15.0,2883.54,31.36694666,31.275408417654205,31.31438116567301,31.308365386449275,31.308365386449275,-0.0585812735507254
4,15.0,2884.022,31.36319662,31.264495345547914,31.304183959264073,31.298016772345807,31.298016772345807,-0.06517984765419271
4,15.0,2884.504,31.34568242,31.253558643563977,31.29395413189802,31.287637449767054,31.287637449767054,-0.0580449702329453
4,15.0,2884.986,31.32278496,31.242598875742704,31.283692123520073,31.277227889616597,31.277227889616597,-0.04555707038340273
4,15.0,2885.468,31.3196388,31.23161660684783,31.273398376510016,31.266788564873085,31.266788564873085,-0.05285023512691467
4,15.0,2885.95,31.32123003,31.220612402338,31.263073335676598,31.256319950578117,31.256319950578117,-0.06491007942188176
4,15.0,2886.433,31.33028797,31.209563931882656,31.252695931254706,31.245800715311965,31.245800715311965,-0.08448725468803531
4,15.0,2886.915,31.30153146,31.198517512585124,31.242309584292144,31.235274896945874,31.235274896945874,-0.0662565630541252
4,15.0,2887.397,31.31423633,31.187450859108637,31.231893293386875,31.224721227407258,31.224721227407258,-0.08951510259274187
4,15.0,2887.879,31.30624008,31.176364539405625,31.2214475130071,31.21414018986831,31.21414018986831,-0.09209989013168851
4,15.0,2888.361,31.28750225,31.165259121980064,31.210972700017876,31.203532269500144,31.203532269500144,-0.08396998049985527
4,15.0,2888.843,31.2765879,31.154135175858553,31.20046931367372,31.192897953459244,31.192897953459244,-0.08368994654075479
4,15.0,2889.325,31.25945867,31.14299327056178,31.189937815610893,31.182237730873602,31.182237730873602,-0.07722093912639849
4,15.0,2889.807,31.24547555,31.131833976075733,31.179378669839537,31.171552092828556,31.171552092828556,-0.07392345717144266
4,15.0,2890.29,31.23738713,31.120634658778904,31.168770351470975,31.160819285708953,31.160819285708953,-0.0765678442910449
4,15.0,2890.772,31.22101765,31.109442264474218,31.15815725683526,31.150084247595217,31.150084247595217,-0.07093340240478341
4,15.0,2891.254,31.224626,31.098234194628525,31.147517921660018,31.13932527991045,31.13932527991045,-0.08530072008954903
4,15.0,2891.736,31.22372422,31.08701102080274,31.13685281936978,31.128542881427297,31.128542881427297,-0.09518133857270428
4,15.0,2892.218,31.21267521,31.07577331487955,31.126162425718334,31.117737552801167,31.117737552801167,-0.09493765719883385
4,15.0,2892.7,31.2070362,31.06452164903463,31.115447218778822,31.10690979655469,31.10690979655469,-0.1001264034453122
4,15.0,2893.182,31.16830932,31.05325659570809,31.104707678933657,31.096060117061615,31.096060117061615,-0.07224920293838366
4,15.0,2893.664,31.19016497,31.041978727575717,31.09394428886377,31.085189020530613,31.085189020530613,-0.10497594946938804
4,15.0,2894.146,31.17303647,31.03068861752031,31.083157533537868,31.07429701498875,31.07429701498875,-0.09873945501124837
4,15.0,2894.629,31.17039765,31.019363379196825,31.072325450133544,31.063361949570513,31.063361949570513,-0.1070357004294884
4,15.0,2895.111,31.14947283,31.00805048220451,31.061493382357277,31.05242961654961,31.05242961654961,-0.09704321345039091
4,15.0,2895.593,31.13328745,30.996727064082798,31.050639418865856,31.041477910406485,31.041477910406485,-0.09180953959351612
4,15.0,2896.075,31.12205661,30.98539369825633,31.039764053667632,31.030507346274234,31.030507346274234,-0.0915492637257671
4,15.0,2896.557,31.15064282,30.974050958213525,31.028867782998965,31.01951844101739,31.01951844101739,-0.1311243789826122
4,15.0,2897.039,31.12945469,30.962699417478042,31.01795110531119,31.00851171321365,31.00851171321365,-0.12094297678634902
4,15.0,2897.521,31.12481278,30.95133964958029,31.007014521257364,30.997487683135475,30.997487683135475,-0.1273250968645243
4,15.0,2898.003,31.11987694,30.939972228028722,30.99605853367843,30.98644687273103,30.98644687273103,-0.13343006726897144
4,15.0,2898.486,31.10768983,30.928574120768065,30.985060858822543,30.97536684909739,30.97536684909739,-0.13232298090261096
4,15.0,2898.968,31.09891178,30.91719309930064,30.97406754376967,30.964294018402178,30.964294018402178,-0.13461776159782346
4,15.0,2899.45,31.0921884,30.90580614547787,30.96305634775843,30.953205984183047,30.953205984183047,-0.13898241581695459
4,15.0,2899.932,31.0741503,30.894413832435475,30.95202778224138,30.94210327490115,30.94210327490115,-0.13204702509884925
4,15.0,2900.414,31.08361782,30.88301673314497,30.940982360784894,30.930986420595133,30.930986420595133,-0.1526313994048678
4,15.0,2900.896,31.07703682,30.871615420385236,30.92992059905312,30.9198559528605,30.9198559528605,-0.1571808671394983
4,15.0,2901.378,31.06851079,30.86021046671408,30.918843014791737,30.908712404828808,30.908712404828808,-0.15979838517119305
4,15.0,2901.86,31.0540112,30.848802444440018,30.907750127811163,30.897556311146484,30.897556311146484,-0.1564548888535171
4,15.0,2902.343,31.03830369,30.837368250119795,30.89661940001392,30.886365025503817,30.886365025503817,-0.15193866449618199
4,15.0,2902.824,31.03071643,30.82597948190078,30.885520535155052,30.875208632861572,30.875208632861572,-0.15550779713842644
4,15.0,2903.307,31.0255496,30.81454200366371,30.874361762340374,30.863994897120648,30.863994897120648,-0.16155470287935358
4,15.0,2903.789,31.01802729,30.80312742305688,30.86321287643377,30.852793975844143,30.852793975844143,-0.16523331415585574
4,15.0,2904.271,31.00351577,30.791712631844156,30.852051318321003,30.84158320523806,30.84158320523806,-0.1619325647619405
4,15.0,2904.753,30.98432803,30.780298200244268,30.840877619832405,30.830363128580565,30.830363128580565,-0.1539649014194353
4,15.0,2905.235,30.98348399,30.768884698029275,30.829692314735116,30.81913429050842,30.81913429050842,-0.16434969949158074
4,15.0,2905.717,30.9633569,30.757472694496624,30.8184959387133,30.807897236993497,30.807897236993497,-0.1554596630065035
4,15.0,2906.199,30.95589204,30.746062758441017,30.80728902934777,30.796652515318755,30.796652515318755,-0.1592395246812437
4,15.0,2906.681,30.962689,30.73465545812668,30.79607212609539,30.7854006740544,30.7854006740544,-0.17728832594560018
4,15.0,2907.164,30.93956003,30.723227705030737,30.784822469623876,30.774118898886876,30.774118898886876,-0.16544113111312342
4,15.0,2907.646,30.93727425,30.71182738714152,30.773587186448324,30.762854457266545,30.762854457266545,-0.1744197927334561
4,15.0,2908.128,30.91618383,30.700431407498645,30.762343539932445,30.751584550391044,30.751584550391044,-0.16459927960895726
4,15.0,2908.61,30.92674408,30.6890403319642,30.751092076826197,30.74030973173422,30.74030973173422,-0.18643434826577732
4,15.0,2909.092,30.91196086,30.6776547257308,30.73983334564605,30.7290305559319,30.7290305559319,-0.18293030406810118
4,15.0,2909.574,30.90143502,30.666275153293792,30.72856789665194,30.717747578755898,30.717747578755898,-0.1836874412441034
4,15.0,2910.056,30.93049333,30.654902178423807,30.717296281823685,30.70646135708791,30.70646135708791,-0.22403197291209054
4,15.0,2910.538,30.90098277,30.643536364139187,30.706019054837192,30.695172448892976,30.695172448892976,-0.20581032110702324
4,15.0,2911.021,30.89029165,30.632154716590865,30.69471335894163,30.683857985984115,30.683857985984115,-0.20643366401588636
4,15.0,2911.503,30.88224828,30.62080492715588,30.683426566572113,30.672565380160087,30.672565380160087,-0.20968289983991184
4,15.0,2911.985,30.88283864,30.609463983735395,30.672135834162567,30.661271769099443,30.661271769099443,-0.22156687090055627
4,15.0,2912.467,30.86320691,30.598132446062827,30.66084172192825,30.649977714831387,30.649977714831387,-0.21322919516861205
4,15.0,2912.949,30.85719592,30.58681087298251,30.64954479165427,30.638683780331338,30.638683780331338,-0.21851213966866112
4,15.0,2913.431,30.85346727,30.575499822422586,30.638245606669336,30.627390529492622,30.627390529492622,-0.22607674050737714
4,15.0,2913.913,30.85280947,30.564199851367903,30.626944731818703,30.616098527097886,30.616098527097886,-0.23671094290211414
4,15.0,2914.395,30.84180451,30.552911515833053,30.615642733436978,30.60480833879028,30.60480833879028,-0.23699617120971794
4,15.0,2914.877,30.81434754,30.54163537083535,30.604340179320367,30.59352053104419,30.59352053104419,-0.22082700895580842
4,15.0,2915.36,30.79993196,30.53034861594884,30.593014189853783,30.58221226202157,30.58221226202157,-0.21771969797842772
4,15.0,2915.842,30.79155491,30.519098541116108,30.581712235167366,30.57093092588449,30.57093092588449,-0.22062398411550888
4,15.0,2916.324,30.77152767,30.50786231676429,30.570411437808986,30.559653675604366,30.559653675604366,-0.21187399439563492
4,15.0,2916.806,30.77822141,30.496640493651157,30.559112371138475,30.548381080684464,30.548381080684464,-0.229840329315536
4,15.0,2917.288,30.77160539,30.485433621403605,30.54781560983228,30.53711371130907,30.53711371130907,-0.23449167869093301
4,15.0,2917.77,30.77158372,30.474242248490942,30.536521729853273,30.525852138312445,30.525852138312445,-0.24573158168755427
4,15.0,2918.252,30.74387698,30.4630669221985,30.525231308420032,30.5145969331477,30.5145969331477,-0.22928004685229908
4,15.0,2918.734,30.74095581,30.451908188601294,30.51394492397582,30.50334866785527,30.50334866785527,-0.23760714214472856
4,15.0,2919.217,30.72628066,30.440743495384886,30.50263975520131,30.492084602173918,30.492084602173918,-0.23419605782608244
4,15.0,2919.699,30.74809214,30.429619617677456,30.49136319619297,30.480851952308953,30.480851952308953,-0.26724018769104774
4,15.0,2920.181,30.71626916,30.418513964489545,30.480092417742448,30.469627962833208,30.469627962833208,-0.24664119716679167
4,15.0,2920.663,30.7095591,30.40742707679008,30.468828002874574,30.458413207816996,30.458413207816996,-0.2511458921830041
4,15.0,2921.145,30.68952973,30.396359494206912,30.457570535676922,30.44720826175628,30.44720826175628,-0.2423214682437198
4,15.0,2921.627,30.70164348,30.385311755001126,30.446320601266358,30.43601369953947,30.43601369953947,-0.2656297804605323
4,15.0,2922.109,30.66981949,30.374284396041073,30.43507878575494,30.42483009641412,30.42483009641412,-0.2449893935858789
4,15.0,2922.591,30.67175348,30.363277952776834,30.423845676215603,30.41365802795317,30.41365802795317,-0.25809545204683104
4,15.0,2923.073,30.663635,30.35229295921453,30.41262186064715,30.402498070020965,30.402498070020965,-0.2611369299790347
4,15.0,2923.556,30.64855658,30.341307226273145,30.401384673200745,30.391327685207763,30.391327685207763,-0.2572288947922381
4,15.0,2924.038,30.65125435,30.33036677548882,30.390181235438746,30.380193705036334,30.380193705036334,-0.271060644963665
4,15.0,2924.52,30.62478563,30.3194493686034,30.378988862071363,30.369073565588067,30.369073565588067,-0.2557120644119344
4,15.0,2925.002,30.62854417,30.308555533589825,30.367808144446233,30.357967843548487,30.357967843548487,-0.27057632645151486
4,15.0,2925.484,30.61070159,30.297685796850303,30.356639674656552,30.34687711572078,30.34687711572078,-0.26382447427922173
4,15.0,2925.966,30.6015578,30.28684068319142,30.345484045503675,30.335801958990196,30.335801958990196,-0.26575584100980265
4,15.0,2926.448,30.60231089,30.2760207157991,30.334341850459623,30.324742950288385,30.324742950288385,-0.27756793971161287
4,15.0,2926.93,30.58961624,30.26522641621378,30.32321368362884,30.313700666557345,30.313700666557345,-0.2759155734426564
4,15.0,2927.413,30.57230317,30.2544359914063,30.312077098178065,30.302652829692335,30.302652829692335,-0.2696503403076669
4,15.0,2927.895,30.58685814,30.243694641294532,30.300978804616484,30.291645764281164,30.291645764281164,-0.29521237571883674
4,15.0,2928.377,30.55294111,30.23298051456087,30.289896326226263,30.280657155561595,30.280657155561595,-0.2722839544384037
4,15.0,2928.859,30.57433792,30.222294125913727,30.27883025925405,30.269687580151775,30.269687580151775,-0.30465033984822654
4,15.0,2929.341,30.52756624,30.211635988293207,30.267781200382622,30.258737614496507,30.258737614496507,-0.26882862550349174
4,15.0,2929.823,30.5459153,30.201006612846975,30.256749746690396,30.24780783482972,30.24780783482972,-0.2981074651702791
4,15.0,2930.305,30.53084522,30.190406508905998,30.245736495610693,30.23689881713687,30.23689881713687,-0.29394640286313134
4,15.0,2930.787,30.52475451,30.179836183960674,30.23474204489061,30.226011137117133,30.226011137117133,-0.2987433728828677
4,15.0,2931.27,30.5077516,30.169274308163743,30.223744243310712,30.215122850237638,30.215122850237638,-0.2926287497623612
4,15.0,2931.751,30.49805371,30.15878689167181,30.21281193683634,30.204302091232847,30.204302091232847,-0.2937516187671534
4,15.0,2932.234,30.50212683,30.14828722425446,30.201854812409906,30.19345945078142,30.19345945078142,-0.30866737921858345
4,15.0,2932.716,30.4894219,30.137841119020788,30.19094159000386,30.182662921015925,30.182662921015925,-0.30675897898407456
4,15.0,2933.198,30.46729764,30.127427302823,30.18005016117378,30.17189060297267,30.17189060297267,-0.2954070370273314
4,15.0,2933.68,30.46952824,30.117046271605204,30.169181124663915,30.161143069824014,30.161143069824014,-0.30838517017598477
4,15.0,2934.162,30.46835572,30.10669851930591,30.158335079233712,30.150420894184865,30.150420894184865,-0.31793482581513643
4,15.0,2934.644,30.45012946,30.096384537834663,30.147512623613757,30.139724648072963,30.139724648072963,-0.31040481192703595
4,15.0,2935.126,30.43507909,30.086104817049247,30.13671435646143,30.129054902869342,30.129054902869342,-0.3060241871306566
4,15.0,2935.608,30.42890736,30.075859844732733,30.12594087631617,30.11841222927837,30.11841222927837,-0.3104951307216304
4,15.0,2936.091,30.43606339,30.065628961502895,30.115170509405612,30.107775203528014,30.107775203528014,-0.3282881864719869
4,15.0,2936.573,30.42941953,30.055455015665103,30.104448452724668,30.09718844148781,30.09718844148781,-0.3322310885121915
4,15.0,2937.055,30.42984483,30.045317269966596,30.093752978749237,30.086630459889832,30.086630459889832,-0.343214370110168
4,15.0,2937.537,30.4180352,30.035216203660635,30.08308468509241,30.076101826327278,30.076101826327278,-0.34193337367272036
4,15.0,2938.019,30.41694565,30.02515229381312,30.072444169020653,30.06560310751447,30.06560310751447,-0.3513425424855292
4,15.0,2938.501,30.41409005,30.015126015280444,30.061832027407235,30.05513486924579,30.05513486924579,-0.35895518075420796
4,15.0,2938.983,30.39773338,30.005137840687482,30.051248856685277,30.044697676354836,30.044697676354836,-0.3530357036451619
4,15.0,2939.465,30.38793636,29.995188240405653,30.040695252800425,30.034292092672928,30.034292092672928,-0.35364426732707344
4,15.0,2939.948,30.37963456,29.98525716211583,30.03015001006323,30.023897193219508,30.023897193219508,-0.3557373667804917
4,15.0,2940.43,30.36169736,29.975386194897993,30.019657389931176,30.013556583729653,30.013556583729653,-0.34814077627034834
4,15.0,2940.912,30.3740372,29.965555200327156,30.009196122303955,30.003249269677557,30.003249269677557,-0.37078793032244306
4,15.0,2941.394,30.3502339,29.955764639539773,29.99876680069786,29.99297581046844,29.99297581046844,-0.3572580895315589
4,15.0,2941.876,30.32380631,29.946014971311243,29.98837001790113,29.982736764297123,29.982736764297123,-0.34106954570287584
4,15.0,2942.358,30.33001149,29.9363066520349,29.97800636592515,29.972532688105982,29.972532688105982,-0.35747880189401826
4,15.0,2942.84,30.33107494,29.926640135700886,29.967676435955106,29.962364137542743,29.962364137542743,-0.36871080245725807
4,15.0,2943.322,30.32289333,29.91701587387543,29.957380818300706,29.952231666918365,29.952231666918365,-0.3706616630816342
4,15.0,2943.804,30.31267933,29.907434315680092,29.947120102346574,29.942135829164634,29.942135829164634,-0.37054350083536747
4,15.0,2944.287,30.29953264,29.897876163706233,29.93687369964011,29.932056346251045,29.932056346251045,-0.36747629374895396
4,15.0,2944.769,30.28862376,29.888381441159147,29.926684626749072,29.922035506162757,29.922035506162757,-0.3665882538372429
4,15.0,2945.251,30.28422393,29.87893075564731,29.916532218876036,29.912052950176808,29.912052950176808,-0.372170979823192
4,15.0,2945.733,30.28633822,29.86952454630392,29.90641706120129,29.90210922527971,29.90210922527971,-0.38422899472029215
4,15.0,2946.215,30.26816658,29.860163249715967,29.89633973772812,29.892204876865488,29.892204876865488,-0.3759617031345108
4,15.0,2946.697,30.24788435,29.85084729990426,29.8863008312319,29.882340448693036,29.882340448693036,-0.3655439013069639
4,15.0,2947.179,30.24988032,29.841577128303896,29.876300923208866,29.872516482843036,29.872516482843036,-0.3773638371569632
4,15.0,2947.661,30.24423908,29.832353163744415,29.866340593824795,29.862733519675075,29.862733519675075,-0.3815055603249249
4,15.0,2948.144,30.23008922,29.823156841093503,29.856399882738156,29.85297193092046,29.85297193092046,-0.3771172890795391
4,15.0,2948.626,30.22460345,29.81402666465246,29.84652053066081,29.843272674951283,29.843272674951283,-0.38133077504871693
4,15.0,2949.108,30.20289181,29.804943966785174,29.836682490414013,29.833616033093527,29.833616033093527,-0.3692757769064734
4,15.0,2949.59,30.1823842,29.79590916570084,29.826886336321458,29.824002538387557,29.824002538387557,-0.35838166161244445
4,15.0,2950.072,30.19393075,29.786922676907366,29.817132641116963,29.814432721936985,29.814432721936985,-0.3794980280630149
4,15.0,2950.554,30.18719082,29.77798491319269,29.807421975892176,29.804907112865365,29.804907112865365,-0.38228370713463633
4,15.0,2951.036,30.16991502,29.769096284606107,29.797754910044148,29.795426238273095,29.795426238273095,-0.3744887817269067
4,15.0,2951.518,30.17814588,29.760257198439998,29.78813201122271,29.785990623194092,29.785990623194092,-0.392155256805907
4,15.0,2952.0,30.17637523,29.751468059211376,29.77855384527786,29.77660079055259,29.77660079055259,-0.39977443944741253
4,15.0,2952.483,30.15016192,29.742711190987514,29.76900124594645,29.7672379246962,29.7672379246962,-0.3829239953037984
4,15.0,2952.965,30.13946004,29.734023253691593,29.759514331567196,29.7579413147255,29.7579413147255,-0.3815187252744998
4,15.0,2953.447,30.12992081,29.725386460870983,29.750073837446948,29.748692043943336,29.748692043943336,-0.38122876605666534
4,15.0,2953.929,30.14461166,29.71680120575597,29.740680321703163,29.739490626398037,29.739490626398037,-0.4051210336019615
4,15.0,2954.411,30.12022033,29.708267878712434,29.731334340388486,29.730337573812147,29.730337573812147,-0.38988275618785195
4,15.0,2954.893,30.12151745,29.69978686722451,29.722036447437603,29.721233395539226,29.721233395539226,-0.40028405446077286
4,15.0,2955.375,30.12058402,29.691358555877375,29.71278719461391,29.71217859852075,29.71217859852075,-0.4084054214792481
4,15.0,2955.857,30.10678189,29.682983326340175,29.703587131456295,29.703173687243112,29.703173687243112,-0.4036082027568888
4,15.0,2956.34,30.09167043,29.67464434810149,29.69441787322625,29.694200638569637,29.694200638569637,-0.397469791430364
4,15.0,2956.822,30.09626527,29.66637652752547,29.685317933736613,29.685297108289806,29.685297108289806,-0.4109681617101941
4,15.0,2957.304,30.09791324,29.65816291687306,29.676268819772204,29.676444963077692,29.676444963077692,-0.42146827692230815
4,15.0,2957.786,30.10112865,29.650003885975863,29.667271071435085,29.66764469716438,29.66764469716438,-0.43348395283561914
4,15.0,2958.268,30.06554016,29.64189980166661,29.658325226336018,29.65889680211152,29.65889680211152,-0.4066433578884805
4,15.0,2958.75,30.07837126,29.633851027763004,29.649431819540844,29.650201766768554,29.650201766768554,-0.42816949323144726
4,15.0,2959.232,30.0683684,29.625857925051825,29.64059138351727,29.641560077230285,29.641560077230285,-0.42680832276971614
4,15.0,2959.714,30.05293292,29.6179208512732,29.63180444808152,29.632972216794457,29.632972216794457,-0.41996070320554324
4,15.0,2960.197,30.06635524,29.61002386998033,29.623053478805076,29.624421018243346,29.624421018243346,-0.44193422175665376
4,15.0,2960.678,30.04198728,29.60221620614704,29.614393184661438,29.615959902181633,29.615959902181633,-0.4260273778183681
4,15.0,2961.161,30.05009975,29.59443328064436,29.605752069555372,29.607518981861354,29.607518981861354,-0.44258076813864733
4,15.0,2961.643,30.02277373,29.58672395802475,29.597184495614023,29.599151329509567,29.599151329509567,-0.42362240049043365
4,15.0,2962.125,30.02422471,29.579072407504214,29.58867303077381,29.590839880284477,29.590839880284477,-0.4333848297155214
4,15.0,2962.607,30.02259603,29.57147896821419,29.580218187819213,29.58258509981038,29.58258509981038,-0.4400109301896187
4,15.0,2963.089,30.02097191,29.563943976133594,29.57182047651155,29.574387450620716,29.574387450620716,-0.4465844593792845
4,15.0,2963.571,30.0017717,29.556467764074423,29.56348040353634,29.566247392116807,29.566247392116807,-0.43552430788319185
4,15.0,2964.053,30.00477647,29.549050661667387,29.555198472450677,29.558165380526624,29.558165380526624,-0.44661108947337524
4,15.0,2964.535,29.99329356,29.541692995347862,29.54697518363068,29.55014186886362,29.55014186886362,-0.4431516911363822
4,15.0,2965.018,29.97339815,29.5343800097981,29.538794157968347,29.54216084448681,29.54216084448681,-0.43123730551319284
4,15.0,2965.5,30.01113504,29.527142307084958,29.530689766054607,29.534255802347197,29.534255802347197,-0.4768792376528026
4,15.0,2965.982,29.98118573,29.51996500110844,29.522645498941202,29.526410600396883,29.526410600396883,-0.4547751296031173
4,15.0,2966.464,29.97454978,29.512848405377998,29.51466184375185,29.518625678377813,29.518625678377813,-0.45592410162218755
4,15.0,2966.946,29.98913529,29.50579283013964,29.506739284169164,29.51090147261506,29.51090147261506,-0.47823381738493964
4,15.0,2967.428,29.97801925,29.498798582362845,29.49887830038326,29.50323841597682,29.50323841597682,-0.4747808340231785
4,15.0,2967.91,29.9720875,29.491865965727683,29.491079369040406,29.495636937834878,29.495636937834878,-0.47645056216512316
4,15.0,2968.392,29.95069635,29.484995280612083,29.48334296319203,29.488097464025095,29.488097464025095,-0.4625988859749057
4,15.0,2968.875,29.96230481,29.47817276354143,29.475653698110772,29.4806049694454,29.4806049694454,-0.48169984055459736
4,15.0,2969.357,29.9442493,29.471426959344576,29.46804387991459,29.47319089828509,29.47319089828509,-0.47105840171490954
4,15.0,2969.839,29.92498137,29.464743968462056,29.460497985245073,29.465840088215423,29.465840088215423,-0.4591412817845786
4,15.0,2970.321,29.94136298,29.458124077932098,29.45301647226022,29.458552950531423,29.458552950531423,-0.48281002946857754
4,15.0,2970.803,29.91956725,29.451567571429575,29.445599795271157,29.4513298927985,29.4513298927985,-0.46823735720149884
4,15.0,2971.285,29.91580535,29.445074729254383,29.438248404692764,29.444171318814657,29.444171318814657,-0.4716340311853422
4,15.0,2971.767,29.92503386,29.43864582831981,29.430962746994275,29.43707762857275,29.43707762857275,-0.48795623142724764
4,15.0,2972.249,29.89424588,29.432281142141257,29.423743264650295,29.430049218223132,29.430049218223132,-0.46419666177686736
4,15.0,2972.731,29.89087816,29.42598094082503,29.416590396092097,29.423086480036577,29.423086480036577,-0.4677916799634225
4,15.0,2973.214,29.87022788,29.419732621931857,29.409489944782536,29.416175562844618,29.416175562844618,-0.45405231715538363
4,15.0,2973.696,29.87853217,29.413562322124918,29.40247174311593,29.409345468343783,29.409345468343783,-0.46918670165621634
4,15.0,2974.178,29.87813396,29.407457297471193,29.395521446666542,29.402582199959348,29.402582199959348,-0.475551760040652
4,15.0,2974.66,29.8450473,29.40141780432532,29.388639477203167,29.39588613407032,29.39588613407032,-0.4491611659296808
4,15.0,2975.142,29.8649827,29.39544409557967,29.381826252212665,29.38925764299516,29.38925764299516,-0.475725057004837
4,15.0,2975.624,29.84358665,29.389536420654217,29.375082184853326,29.382697094956512,29.382697094956512,-0.4608895550434866
4,15.0,2976.106,29.8419765,29.383695025486563,29.368407683908586,29.376204854046247,29.376204854046247,-0.46577164595375464
4,15.0,2976.588,29.85523568,29.377920152522343,29.3618031537412,29.369781280191006,29.369781280191006,-0.48545439980899374
4,15.0,2977.071,29.84486356,29.372200267711758,29.35525551132532,29.36341361739554,29.36341361739554,-0.48144994260445984
4,15.0,2977.553,29.82849195,29.366559291714545,29.34879226511628,29.357128584890916,29.357128584890916,-0.4713633651090845
4,15.0,2978.035,29.83658743,29.360985544687892,29.342400176601704,29.350913274605162,29.350913274605162,-0.4856741553948396
4,15.0,2978.517,29.81756467,29.35547925500795,29.33607963200105,29.34476802945634,29.34476802945634,-0.47279664054365966
4,15.0,2978.999,29.81411772,29.35004064751286,29.32983101288977,29.33869318802971,29.33869318802971,-0.47542453197029033
4,15.0,2979.481,29.81799767,29.344669943493965,29.323654696155813,29.33268908454533,29.33268908454533,-0.48530858545467126
4,15.0,2979.963,29.82318191,29.33936736068745,29.31755105395683,29.326756048826145,29.326756048826145,-0.49642586117385434
4,15.0,2980.445,29.81637326,29.33413311326598,29.311520453677698,29.320894406266284,29.320894406266284,-0.49547885373371514
4,15.0,2980.927,29.7979173,29.32896741183064,29.305563257888554,29.315104477799938,29.315104477799938,-0.4828128222000636
4,15.0,2981.41,29.79236711,29.323859960431417,29.299667694930758,29.30937479210435,29.30937479210435,-0.48299231789565056
4,15.0,2981.892,29.80743686,29.318832111717793,29.29385853049514,29.303729387043134,29.303729387043134,-0.5037074729568651
4,15.0,2982.374,29.80742756,29.313873419696403,29.288123829675833,29.298156632444943,29.298156632444943,-0.5092709275550575
4,15.0,2982.856,29.7636007,29.308984080597014,29.2824639353639,29.292656831090554,29.292656831090554,-0.4709438689094476
4,15.0,2983.338,29.7680359,29.304164287040024,29.276879185433252,29.287230281150805,29.287230281150805,-0.48080561884919604
4,15.0,2983.82,29.76095454,29.29941422802938,29.27136991270169,29.281877276157893,29.281877276157893,-0.47907726384210747
4,15.0,2984.302,29.75330414,29.29473408894583,29.26593644489259,29.27659810497709,29.27659810497709,-0.47670603502291087
4,15.0,2984.784,29.74944675,29.290124051540275,29.260579104596967,29.27139305177897,29.27139305177897,-0.47805369822103216
4,15.0,2985.267,29.74598601,29.28557494852032,29.25528733270365,29.266251829025187,29.266251829025187,-0.4797341809748126
4,15.0,2985.749,29.77048265,29.281105791521444,29.25008335406135,29.261196000592413,29.261196000592413,-0.5092866494075885
4,15.0,2986.231,29.73663283,29.276707259961157,29.244956440173443,29.256215114769105,29.256215114769105,-0.48041771523089594
4,15.0,2986.713,29.73629043,29.272379521000694,29.239906892723805,29.25130943666771,29.25130943666771,-0.4849809933322895
4,15.0,2987.195,29.74783549,29.26812273814103,29.23493500808326,29.246479226573506,29.246479226573506,-0.5013562634264943
4,15.0,2987.677,29.72253493,29.263937071217395,29.230041077275295,29.241724739919697,29.241724739919697,-0.4808101900803017
4,15.0,2988.159,29.75587017,29.259822676393867,29.225225385942263,29.237046227262717,29.237046227262717,-0.5188239427372849
4,15.0,2988.641,29.76805733,29.25577970615828,29.22048821431224,29.232443934258143,29.232443934258143,-0.5356133957418585
4,15.0,2989.124,29.74986211,29.251800144406324,29.215820254578013,29.22790879158763,29.22790879158763,-0.5219533184123684
4,15.0,2989.605,29.75232196,29.247908630991375,29.211250523807692,29.223468965183287,29.223468965183287,-0.5288529948167131
4,15.0,2990.088,29.75038577,29.244072945873103,29.206741284599204,29.21908776485884,29.21908776485884,-0.53129800514116
4,15.0,2990.57,29.74738906,29.240317274685996,29.202321050032026,29.214792868486555,29.214792868486555,-0.532596191513445
4,15.0,2991.052,29.74869126,29.23663373548912,29.19798065449653,29.210575346176018,29.210575346176018,-0.538115913823983
4,15.0,2991.534,29.75215348,29.233022458607405,29.19372034506282,29.206435413688972,29.206435413688972,-0.5457180663110286
4,15.0,2992.016,29.73219347,29.22948357065863,29.189540363172508,29.20237328173147,29.20237328173147,-0.529820188268527
4,15.0,2992.498,29.74719121,29.226017194549875,29.18544094461074,29.198389155933924,29.198389155933924,-0.5488020540660763
4,15.0,2992.98,29.73546027,29.222623449473996,29.181422319478887,29.194483236831452,29.194483236831452,-0.5409770331685486
4,15.0,2993.462,29.73680626,29.219302450906348,29.177484712167967,29.190655719844926,29.190655719844926,-0.5461505401550752
4,15.0,2993.945,29.70002126,29.216047647532918,29.17362042515709,29.186899099236506,29.186899099236506,-0.5131221607634942
4,15.0,2994.427,29.73196955,29.212872625014647,29.16984567289022,29.183229115823295,29.183229115823295,-0.5487404341767039
4,15.0,2994.909,29.70670298,29.20977067330828,29.166152577523285,29.179638090288904,29.179638090288904,-0.5270648897110952
4,15.0,2995.391,29.70075301,29.206741892982414,29.162541340341754,29.176126197406887,29.176126197406887,-0.5246268125931124
4,15.0,2995.873,29.69898498,29.203786380874547,29.15901215679818,29.17269360674947,29.17269360674947,-0.5262913732505297
4,15.0,2996.355,29.70840317,29.200904230088916,29.15556521648989,29.16934048267175,29.16934048267175,-0.5390626873282507
4,15.0,2996.837,29.70078096,29.198095529994553,29.15220070313731,29.16606698429649,29.16606698429649,-0.5347139757035109
4,15.0,2997.319,29.69678553,29.195360366223476,29.148918794563087,29.16287326549944,29.16287326549944,-0.533912264500561
4,15.0,2997.802,29.69810156,29.192693375371107,29.145713111631103,29.159753097934182,29.159753097934182,-0.5383484620658194
4,15.0,2998.284,29.68704451,29.190105679162496,29.142597094638965,29.15671954513158,29.15671954513158,-0.5303249648684201
4,15.0,2998.766,29.69475466,29.187591753886633,29.139564180634327,29.15376620219493,29.15376620219493,-0.5409884578050708
4,15.0,2999.248,29.68582924,29.185151670205645,29.136614523642137,29.150893201865408,29.150893201865408,-0.5349360381345925
4,15.0,2999.73,29.67221918,29.18278549503852,29.133748271696167,29.14810067157219,29.14810067157219,-0.5241185084278079
4,15.0,3000.212,29.67079917,29.180493291560467,29.130965566822617,29.145388733421193,29.145388733421193,-0.5254104365788059
4,15.0,3000.694,29.67675232,29.17827511920244,29.128266545024477,29.142757504184388,29.142757504184388,-0.5339948158156105
4,15.0,3001.176,29.67624199,29.17613103365081,29.125651336266642,29.140207095289586,29.140207095289586,-0.536034894710415
4,15.0,3001.658,29.67613001,29.17406108684732,29.1231200644618,29.137737612810966,29.137737612810966,-0.5383923971890354
4,15.0,3002.141,29.6859462,29.17206126355707,29.12066785769666,29.13534428645296,29.13534428645296,-0.550601913547041
4,15.0,3002.623,29.67028754,29.17013988914768,29.118304981992548,29.133037121969394,29.133037121969394,-0.5372504180306059
4,15.0,3003.105,29.68292521,29.168292786926017,29.11602637874973,29.13081117009657,29.13081117009657,-0.5521140399034294
4,15.0,3003.587,29.6617576,29.166519993850088,29.113832147533838,29.128666515398763,29.128666515398763,-0.5330910846012387
4,15.0,3004.069,29.67280364,29.164821543135545,29.111722381799417,29.126603237047455,29.126603237047455,-0.5462004029525467
4,15.0,3004.551,29.64993587,29.163197464256655,29.10969716888048,29.1246214088153,29.1246214088153,-0.5253144611846992
4,15.0,3005.033,29.63911739,29.16164778294752,29.1077565899819,29.122721099070638,29.122721099070638,-0.5163962909293609
4,15.0,3005.515,29.64033488,29.16017252120345,29.10590072017154,29.120902370772605,29.120902370772605,-0.5194325092273964
4,15.0,3005.998,29.64029063,29.158768868397413,29.104126042079994,29.119161762447657,29.119161762447657,-0.521128867552342
4,15.0,3006.48,29.65214901,29.157442651300205,29.102439967146505,29.11750653379665,29.11750653379665,-0.5346424762033486
4,15.0,3006.962,29.64356655,29.156190897356336,29.10083878972749,29.115933043065702,29.115933043065702,-0.527633506934297
4,15.0,3007.444,29.64092272,29.155013613615733,29.09932256026756,29.11444133152883,29.11444133152883,-0.5264813884711685
4,15.0,3007.926,29.64690552,29.153910803399206,29.097891323047083,29.113031435035275,29.113031435035275,-0.5338740849647259
4,15.0,3008.408,29.6399163,29.152882466300962,29.096545116179087,29.11170338400814,29.11170338400814,-0.5282129159918583
4,15.0,3008.89,29.63815668,29.151928598191247,29.095283971607046,29.1104572034437,29.1104572034437,-0.5276994765563003
4,15.0,3009.372,29.59742245,29.151049191219233,29.09410791510341,29.10929291291121,29.10929291291121,-0.48812953708878837
4,15.0,3009.854,29.6387206,29.15024423381604,29.093016966268937,29.108210526553354,29.108210526553354,-0.5305100734466457
4,15.0,3010.337,29.64175917,29.14951227245146,29.09200914024253,29.107208062567572,29.107208062567572,-0.5345511074324278
4,15.0,3010.819,29.63070865,29.148856318989573,29.091088617481653,29.10628967523678,29.10628967523678,-0.5244189747632184
4,15.0,3011.301,29.63466409,29.148274758063707,29.09025322416352,29.10545320195253,29.10545320195253,-0.5292108880474728
4,15.0,3011.783,29.63393271,29.147767563259126,29.089502955198906,29.10469863515626,29.10469863515626,-0.529234074843739
4,15.0,3012.265,29.62891547,29.147334704460988,29.088837799335657,29.10402596187396,29.10402596187396,-0.5248895081260407
4,15.0,3012.747,29.62768438,29.14697614785845,29.088257739162852,29.10343516372012,29.10343516372012,-0.5242492162798804
4,15.0,3013.229,29.64571427,29.146691855949,29.087762751115747,29.102926216902368,29.102926216902368,-0.542788053097631
4,15.0,3013.711,29.61912699,29.14648178754295,29.08735280548153,29.10249909222658,29.10249909222658,-0.5166278977734216
4,15.0,3014.194,29.63375162,29.146345692914487,29.08702728059434,29.10215312362671,29.10215312362671,-0.5315984963732916
4,15.0,3014.676,29.63129031,29.146284086964805,29.086787482315767,29.101889703630498,29.101889703630498,-0.5294006063695029
4,15.0,3015.158,29.62493419,29.14629655876181,29.086632600386338,29.10170798574442,29.10170798574442,-0.5232262042555824
4,15.0,3015.64,29.62973311,29.14638305240801,29.086562580561548,29.101607919219727,29.101607919219727,-0.5281251907802726
4,15.0,3016.122,29.64910352,29.14654350834388,29.086577362489436,29.10158944794065,29.10158944794065,-0.5475140720593501
4,15.0,3016.604,29.6348579,29.146777863353446,29.08667687972107,29.10165251043301,29.10165251043301,-0.5332053895669908
4,15.0,3017.086,29.62655927,29.147086050570046,29.08686105972181,29.101797039873453,29.101797039873453,-0.524762230126548
4,15.0,3017.568,29.59885201,29.147467999482245,29.08712982388334,29.102022964099326,29.102022964099326,-0.4968290459006752
4,15.0,3018.051,29.62227913,29.147924657788373,29.08748390822369,29.102330927522104,29.102330927522104,-0.5199482024778952
4,15.0,3018.532,29.62419446,29.148452882160505,29.08792075996486,29.102718681623074,29.102718681623074,-0.5214757783769244
4,15.0,3019.015,29.62539202,29.14905698367933,29.08844391494619,29.10318936260322,29.10318936260322,-0.5222026573967788
4,15.0,3019.497,29.63969355,29.149733353862228,29.08905028325617,29.10374020599261,29.10374020599261,-0.5359533440073889
4,15.0,3019.979,29.61226601,29.150483078543846,29.089740751823967,29.10437200343798,29.10437200343798,-0.5078940065620188
4,15.0,3020.461,29.62011655,29.151306065470877,29.090515205882927,29.105084650968127,29.105084650968127,-0.5150318990318716
4,15.0,3020.943,29.63886618,29.152202218791622,29.091373524698497,29.105878039357265,29.105878039357265,-0.5329881406427361
4,15.0,3021.425,29.61003037,29.1531714390634,29.092315581586487,29.106752054139385,29.106752054139385,-0.5032783158606158
4,15.0,3021.907,29.63173861,29.15421362325993,29.093341243931867,29.107706575623144,29.107706575623144,-0.5240320343768552
4,15.0,3022.389,29.63017981,29.155328664779113,29.094450373208446,29.108741478907316,29.108741478907316,-0.5214383310926856
4,15.0,3022.872,29.61840776,29.156518993284802,29.095645385475798,29.109859030824794,29.109859030824794,-0.5085487291752067
4,15.0,3023.354,29.61442694,29.15777956594996,29.09692118189019,29.111054468319622,29.111054468319622,-0.5033724716803789
4,15.0,3023.836,29.61864008,29.159112654508576,29.098279994067333,29.11232988151793,29.11232988151793,-0.506310198482069
4,15.0,3024.318,29.62453425,29.16051813812793,29.09972166003511,29.113685124833726,29.113685124833726,-0.5108491251662741
4,15.0,3024.8,29.62101737,29.161995892440412,29.10124601201929,29.11512004755655,29.11512004755655,-0.5058973224434489
4,15.0,3025.282,29.63477221,29.163545789552213,29.102852876467495,29.116634493870215,29.116634493870215,-0.518137716129786
4,15.0,3025.764,29.64084233,29.165167698052215,29.10454207407387,29.118228302871923,29.118228302871923,-0.5226140271280784
4,15.0,3026.246,29.62732346,29.166861483021,29.106313419804398,29.119901308592055,29.119901308592055,-0.507422151407944
4,15.0,3026.729,29.65036071,29.16863074342454,29.108170653009324,29.12165705696004,29.12165705696004,-0.5287036530399618
4,15.0,3027.211,29.63064627,29.170468010975547,29.110105886524902,29.123488101444543,29.123488101444543,-0.5071581685554563
4,15.0,3027.693,29.62722303,29.172376728975113,29.112122678532455,29.125397814161744,29.125397814161744,-0.5018252158382559
4,15.0,3028.175,29.64174125,29.17435674855725,29.114220821340915,29.12738600907187,29.12738600907187,-0.5143552409281291
4,15.0,3028.657,29.60927938,29.17640791739545,29.116400101668088,29.12945249517466,29.12945249517466,-0.4798268848253393
4,15.0,3029.139,29.64861411,29.178530079712694,29.11866030067005,29.131597076532138,29.131597076532138,-0.5170170334678623
4,15.0,3029.621,29.64319899,29.18072307629163,29.121001193971114,29.133819552291854,29.133819552291854,-0.5093794377081444
4,15.0,3030.103,29.61953098,29.182986744485007,29.12342255169458,29.136119716710628,29.136119716710628,-0.4834112632893728
4,15.0,3030.585,29.63334652,29.18532091822615,29.125924138494007,29.13849735917878,29.13849735917878,-0.49484916082122155
4,15.0,3031.068,29.62989718,29.18773048964404,29.12851115252778,29.1409574375711,29.1409574375711,-0.4889397424289008
4,15.0,3031.55,29.63584217,29.190205308041513,29.13117263490156,29.1434895445735,29.1434895445735,-0.4923526254264985
4,15.0,3032.032,29.61512678,29.19275011300891,29.133913607288527,29.14609846837471,29.14609846837471,-0.4690283116252907
4,15.0,3032.514,29.61237298,29.195364724903552,29.136733812777763,29.14878397914089,29.14878397914089,-0.46358900085910903
4,15.0,3032.996,29.63172068,29.19804896071846,29.13963298915449,29.15154584229993,29.15154584229993,-0.4801748377000692
4,15.0,3033.478,29.6277271,29.20080263409385,29.142610868934963,29.154383818568427,29.154383818568427,-0.4733432814315748
4,15.0,3033.96,29.62564198,29.203625555328863,29.145667179402103,29.15729766397923,29.15729766397923,-0.4683443160207723
4,15.0,3034.442,29.61228354,29.206517531393295,29.1488016426415,29.160287129909218,29.160287129909218,-0.45199641009078206
4,15.0,3034.925,29.62357415,29.209484580190086,29.152020720915537,29.16335839984876,29.16335839984876,-0.4602157501512387
4,15.0,3035.407,29.62284561,29.212514215801406,29.15531079600533,29.166498498023735,29.166498498023735,-0.4563471119762639
4,15.0,3035.889,29.60452009,29.215612306871744,29.15867815869611,29.16971344264939,29.16971344264939,-0.43480664735061225
4,15.0,3036.371,29.62613168,29.218778647168183,29.16212251064604,29.17300296675719,29.17300296675719,-0.4531287132428119
4,15.0,3036.853,29.62700077,29.222013027189927,29.165643548504796,29.17636679886858,29.17636679886858,-0.4506339711314169
4,15.0,3037.335,29.61958609,29.225315234181117,29.169240963953,29.179804663025507,29.179804663025507,-0.4397814269744913
4,15.0,3037.817,29.62467861,29.22868505214367,29.17291444374202,29.183316278821188,29.183316278821188,-0.4413623311788122
4,15.0,3038.299,29.63822262,29.23212226185039,29.176663669734335,29.18690136143135,29.18690136143135,-0.451321258568651
4,15.0,3038.781,29.65428023,29.235626640858086,29.18048831894437,29.1905596216458,29.1905596216458,-0.46372060835420115
4,15.0,3039.264,29.65923236,29.23920544233369,29.184396232167916,29.19429858242045,29.19429858242045,-0.46493377757954946
4,15.0,3039.746,29.63236322,29.24284361798958,29.188370894432378,29.198102463110747,29.198102463110747,-0.4342607568892518
4,15.0,3040.228,29.65405501,29.246548275971122,29.19241998158061,29.201978627149842,29.201978627149842,-0.4520763828501586
4,15.0,3040.71,29.68209988,29.250319181099982,29.1965431516432,29.205926768098813,29.205926768098813,-0.4761731119011863
4,15.0,3041.192,29.65820416,29.254156095050213,29.200740058014013,29.20994657529653,29.20994657529653,-0.44825758470346955
4,15.0,3041.674,29.69319991,29.258058776362354,29.205010349493833,29.214037733893527,29.214037733893527,-0.47916217610647394
4,15.0,3042.156,29.67332126,29.262026980457662,29.209353670334373,29.21819992488609,29.21819992488609,-0.45512133511391184
4,15.0,3042.638,29.66870453,29.26606045965253,29.213769660282722,29.222432825150793,29.222432825150793,-0.446271704849206
4,15.0,3043.121,29.70044106,29.27016753370936,29.218267341345026,29.226745108383774,29.226745108383774,-0.47369595161622513
4,15.0,3043.603,29.67454676,29.274330941818473,29.222827719812845,29.231118586504564,29.231118586504564,-0.44342817349543395
4,15.0,3044.085,29.67971375,29.27855886295703,29.227459659272895,29.23556177945905,29.23556177945905,-0.44415197054095046
4,15.0,3044.567,29.68540808,29.282851037162434,29.232162781897074,29.240074347988177,29.240074347988177,-0.4453337320118216
4,15.0,3045.049,29.68908638,29.287207201441383,29.23693670558086,29.244655948890607,29.244655948890607,-0.4444304311093923
4,15.0,3045.531,29.69857054,29.291627089785106,29.241781043989896,29.249306235059017,29.249306235059017,-0.44926430494098213
4,15.0,3046.013,29.68220592,29.296110433184715,29.246695406607163,29.254024855516892,29.254024855516892,-0.428181064483109
4,15.0,3046.495,29.71695069,29.3006569596468,29.25167939878035,29.258811455455426,29.258811455455426,-0.45813923454457495
4,15.0,3046.978,29.70411678,29.30527602255176,29.256743177321113,29.263675817309238,29.263675817309238,-0.4404409626907615
4,15.0,3047.459,29.70498842,29.309938458956026,29.261854672795206,29.26858715560156,29.26858715560156,-0.43640126439844096
4,15.0,3047.942,29.71939551,29.31468276008661,29.267055984540935,29.27358594596439,29.27358594596439,-0.4458095640356099
4,15.0,3048.424,29.72036464,29.319479368194006,29.272314608056252,29.278640978028285,29.278640978028285,-0.4417236619717144
4,15.0,3048.906,29.72045122,29.324337754583627,29.277640826653204,29.28376215857939,29.28376215857939,-0.43668906142061203
4,15.0,3049.388,29.72134292,29.32925762968243,29.283034221872562,29.28894911059939,29.28894911059939,-0.4323938094006117
4,15.0,3049.87,29.70617446,29.334238701045354,29.288494371460242,29.294201453504034,29.294201453504034,-0.41197300649596613
4,15.0,3050.352,29.73228118,29.339280673371906,29.294020849417027,29.29951880318216,29.29951880318216,-0.43276237681784124
4,15.0,3050.834,29.70096619,29.344383248522888,29.29961322604848,29.304900772034934,29.304900772034934,-0.39606541796506534
4,15.0,3051.316,29.74577337,29.34954612553732,29.305271068015166,29.31034696901531,29.31034696901531,-0.43542640098468866
4,15.0,3051.799,29.70643364,29.354779898645482,29.31100587884999,29.315868497346077,29.315868497346077,-0.39056514265392295
4,15.0,3052.281,29.72836983,29.36006258882239,29.316793470680786,29.321442095040105,29.321442095040105,-0.40692773495989343
4,15.0,3052.763,29.70803965,29.36540466057474,29.322645205539143,29.327078726593463,29.327078726593463,-0.380960923406537
4,15.0,3053.245,29.72887605,29.370805801819767,29.328560636004852,29.332777987558305,29.332777987558305,-0.39609806244169476
4,15.0,3053.727,29.7514754,29.37626569773915,29.334539311266965,29.33853947023902,29.33853947023902,-0.41293592976098026
4,15.0,3054.209,29.75031019,29.381784030796624,29.340580777175123,29.344362763732875,29.344362763732875,-0.4059474262671259
4,15.0,3054.691,29.7417303,29.38736048075578,29.346684576291214,29.350247453970848,29.350247453970848,-0.3914828460291524
4,15.0,3055.173,29.74600288,29.39299472469788,29.35285024794094,29.356193123758537,29.356193123758537,-0.38980975624146197
4,15.0,3055.656,29.75440479,29.398698305082668,29.359090311030243,29.3622118765315,29.3622118765315,-0.3921929134684987
4,15.0,3056.138,29.74042973,29.40444727580036,29.365378458986818,29.36827836586115,29.36827836586115,-0.37215136413884764
4,15.0,3056.62,29.75992575,29.410253055142327,29.371727077578253,29.374404563929755,29.374404563929755,-0.3855211860702461
4,15.0,3057.102,29.75215447,29.41611530963632,29.378135693699356,29.3805900414482,29.3805900414482,-0.3715644285517996
4,15.0,3057.584,29.78402384,29.422033703218947,29.384603831269345,29.386834366209158,29.386834366209158,-0.39718947379084213
4,15.0,3058.066,29.76254907,29.42800789725434,29.391131011284386,29.393137103128975,29.393137103128975,-0.3694119668710236
4,15.0,3058.548,29.79294235,29.434037550552702,29.397716751869968,29.39949781428953,29.39949781428953,-0.3934445357104721
4,15.0,3059.03,29.76922396,29.440122319389292,29.404360568333527,29.40591605898026,29.40591605898026,-0.3633079010197413
4,15.0,3059.512,29.78151289,29.44626185752319,29.41106197321709,29.412391393740364,29.412391393740364,-0.3691214962596341
4,15.0,3059.995,29.77945944,29.452468723079946,29.417834557152673,29.41893698279416,29.41893698279416,-0.360522457205839
4,15.0,3060.477,29.77852357,29.45871686292698,29.424649782628645,29.425525272639653,29.425525272639653,-0.3529982973603474
4,15.0,3060.959,29.79325523,29.4650187177067,29.43152111705475,29.432169305153906,29.432169305153906,-0.36108592484609403
4,15.0,3061.441,29.8197223,29.471373931300214,29.43844806243341,29.438868626292972,29.438868626292972,-0.3808536737070263
4,15.0,3061.923,29.81010603,29.4777821451689,29.445430118265563,29.445622779474675,29.445622779474675,-0.3644832505253248
4,15.0,3062.405,29.81414939,29.484242998373936,29.452466781603484,29.452431305621328,29.452431305621328,-0.3617180843786727
4,15.0,3062.887,29.82491417,29.490756127595994,29.45955754710361,29.45929374320234,29.45929374320234,-0.3656204267976584
4,15.0,3063.369,29.81581056,29.49732116715504,29.46670190707931,29.466209628276975,29.466209628276975,-0.34960093172302464
4,15.0,3063.852,29.8250266,29.503951529700068,29.473914338837442,29.473193007514954,29.473193007514954,-0.35183359248504686
4,15.0,3064.334,29.8431362,29.510619389329122,29.481164464133585,29.48021449478643,29.48021449478643,-0.36292170521356937
4,15.0,3064.816,29.83696318,29.517338047514862,29.48846664624574,29.48728802271697,29.48728802271697,-0.34967515728303056
4,15.0,3065.298,29.84020306,29.524107129329696,29.495820368638483,29.494413118148717,29.494413118148717,-0.3457899418512831
4,15.0,3065.78,29.8390799,29.530926257585982,29.503225112697045,29.50158930572786,29.50158930572786,-0.3374905942721398
4,15.0,3066.262,29.87172178,29.53779505285621,29.510680357779876,29.508816107947574,29.508816107947574,-0.3629056720524275
4,15.0,3066.744,29.85074913,29.5447131334937,29.518185581271254,29.516093045190992,29.516093045190992,-0.33465608480900855
4,15.0,3067.226,29.87371039,29.55168011565313,29.525740258633583,29.52341963577401,29.52341963577401,-0.35029075422598765
4,15.0,3067.708,29.88119153,29.55869561331114,29.53334386345967,29.530795395988154,29.530795395988154,-0.3503961340118451
4,15.0,3068.191,29.866129,29.565773942868688,29.54101179299569,29.53823529382353,29.53823529382353,-0.3278937061764715
4,15.0,3068.673,29.88662493,29.572885403478413,29.548711765072557,29.545708033775945,29.545708033775945,-0.34091689622405497
4,15.0,3069.155,29.89076999,29.580044207841027,29.55645907359154,29.553228479499502,29.553228479499502,-0.33754151050049686
4,15.0,3069.637,29.88155781,29.587249961425872,29.564253185185176,29.560796139613288,29.560796139613288,-0.32076167038671244
4,15.0,3070.119,29.90880768,29.59450226762923,29.57209356487659,29.568410520926342,29.568410520926342,-0.34039715907365675
4,15.0,3070.601,29.90225695,29.601800727795514,29.579979676131096,29.576071128480358,29.576071128480358,-0.32618582151964404
4,15.0,3071.083,29.899328,29.609144941238675,29.587910980907694,29.58377746559239,29.58377746559239,-0.3155505344076097
4,15.0,3071.565,29.93051376,29.616534505263655,29.595886939710393,29.591529033897473,29.591529033897473,-0.3389847261025274
4,15.0,3072.048,29.91079857,29.623984485921486,29.60392369627217,29.599341554436556,29.599341554436556,-0.31145701556344463
4,15.0,3072.53,29.90516927,29.63146362707697,29.611987428905998,29.60718217475755,29.60718217475755,-0.2979870952424477
4,15.0,3073.012,29.91832756,29.638986898040162,29.620094187729535,29.615066520464346,29.615066520464346,-0.30326103953565564
4,15.0,3073.494,29.93498851,29.646553888291553,29.628243427934052,29.62299408688572,29.62299408688572,-0.3119944231142817
4,15.0,3073.976,29.92857346,29.654164185410895,29.63643460351003,29.630964367880765,29.630964367880765,-0.2976090921192345
4,15.0,3074.458,29.92901699,29.66181737509922,29.64466716729727,29.63897685588082,29.63897685588082,-0.29004013411918095
4,15.0,3074.94,29.92081095,29.669513041200737,29.65294057103508,29.647031041931832,29.647031041931832,-0.27377990806816754
4,15.0,3075.422,29.92371609,29.67725076572494,29.661254265412,29.655126415736145,29.655126415736145,-0.26858967426385405
4,15.0,3075.905,29.92595235,29.685046311617384,29.669625071820597,29.663279387393438,29.663279387393438,-0.2626729626065618
4,15.0,3076.386,29.94917817,29.692850709038776,29.678000323881392,29.671438678947993,29.671438678947993,-0.27773949105200657
4,15.0,3076.869,29.95827551,29.700728434887974,29.686449116564326,29.67967162763507,29.67967162763507,-0.27860388236492994
4,15.0,3077.351,29.97468279,29.708630260589263,29.694918539537746,29.687926704724735,29.687926704724735,-0.28675608527526464
4,15.0,3077.833,29.96703376,29.716572027130297,29.703425491411274,29.696220398316957,29.696220398316957,-0.27081336168304304
4,15.0,3078.315,29.97553401,29.724553305976343,29.71196941760163,29.70455219092673,29.70455219092673,-0.27098181907327046
4,15.0,3078.797,29.99425825,29.732573666914593,29.720549762817395,29.712921564016497,29.712921564016497,-0.28133668598350425
4,15.0,3079.279,29.99582324,29.74063267807675,29.729165971106845,29.72132799803709,29.72132799803709,-0.2744952419629101
4,15.0,3079.761,29.98915543,29.74872990596171,29.737817485905666,29.72977097246874,29.72977097246874,-0.2593844575312616
4,15.0,3080.243,30.01538684,29.756864915458447,29.746503750084372,29.7382499658618,29.7382499658618,-0.27713687413820054
4,15.0,3080.726,30.02168563,29.765054263477037,29.755242333382675,29.746782157330223,29.746782157330223,-0.2749034726697772
4,15.0,3081.208,30.02373497,29.773263600651624,29.763996492105996,29.755331692795046,29.755331692795046,-0.2684032772049534
4,15.0,3081.69,30.04086999,29.781509403759593,29.772783724740023,29.763915676610328,29.763915676610328,-0.27695431338967325
4,15.0,3082.172,30.03438488,29.789791231475917,29.781603472362043,29.772533584009743,29.772533584009743,-0.26185129599025814
4,15.0,3082.654,30.0404393,29.798108640980416,29.790455175716897,29.78118488949864,29.78118488949864,-0.25925441050135944
4,15.0,3083.136,30.03442415,29.80646118798098,29.7993382752627,29.78986906689372,29.78986906689372,-0.24455508310628105
4,15.0,3083.618,30.02787594,29.81484842673683,29.80825221121615,29.798585589362695,29.798585589362695,-0.22929035063730652
4,15.0,3084.1,30.0499788,29.823269910081617,29.817196423597565,29.807333929463724,29.807333929463724,-0.24264487053627803
4,15.0,3084.583,30.04576399,29.831742766339197,29.826189000886245,29.816131806342902,29.816131806342902,-0.22963218365709892
4,15.0,3085.065,30.07241092,29.840231460491758,29.83519214552964,29.824942260410047,29.824942260410047,-0.247468659589952
4,15.0,3085.547,30.07841307,29.84875304847727,29.84422388476677,29.83378294541965,29.83378294541965,-0.24463012458035038
4,15.0,3086.029,30.06421668,29.857307077658533,29.853283658276396,29.84265333188116,29.84265333188116,-0.22156334811884193
4,15.0,3086.511,30.0691106,29.865893094090012,29.86237090576134,29.85155288988885,29.85155288988885,-0.21755771011114788
4,15.0,3086.993,30.08833306,29.87451064254148,29.87148506699153,29.86048108916004,29.86048108916004,-0.22785197083996067
4,15.0,3087.475,30.07257401,29.88315926652161,29.880625581846704,29.86943739907315,29.86943739907315,-0.2031366109268511
4,15.0,3087.957,30.08427534,29.89183850830166,29.889791890358907,29.87842128870558,29.87842128870558,-0.2058540512944198
4,15.0,3088.439,30.08041823,29.90054790893912,29.898983432754385,29.887432226871326,29.887432226871326,-0.19298600312867364
4,15.0,3088.922,30.08431572,29.9093051697651,29.908218795537863,29.896488459261292,29.896488459261292,-0.18782726073870748
4,15.0,3089.404,30.10485623,29.918073566732353,29.91745917681402,29.905551953427985,29.905551953427985,-0.19930427657201477
4,15.0,3089.886,30.09945912,29.926870737724663,29.926723113073642,29.914640900259144,29.914640900259144,-0.18481821974085477
4,15.0,3090.368,30.1140802,29.9356962191805,29.936010045734136,29.92375476788687,29.92375476788687,-0.1903254321131307
4,15.0,3090.85,30.13282527,29.94454954644391,29.945319416612087,29.932893024364766,29.932893024364766,-0.19993224563523526
4,15.0,3091.332,30.14492072,29.953430253788447,29.954650667963143,29.942055137704212,29.942055137704212,-0.20286558229578588
4,15.0,3091.814,30.13591203,29.962337874441243,29.964003242521496,29.95124057591044,29.95124057591044,-0.18467145408956043
4,15.0,3092.296,30.15609322,29.97127194060699,29.973376583539064,29.960448807018324,29.960448807018324,-0.19564441298167523
4,15.0,3092.779,30.16081928,29.98025059946964,29.9827896441428,29.969698472297864,29.969698472297864,-0.19112080770213424
4,15.0,3093.261,30.18988713,29.989236201736162,29.99220289029896,29.978950738138607,29.978950738138607,-0.21093639186139157
4,15.0,3093.743,30.17989754,29.998246839258563,30.00163523501123,29.988224200415225,29.988224200415225,-0.19167333958477428
4,15.0,3094.225,30.16583043,30.007282040391097,30.011086123987567,29.997518327634907,29.997518327634907,-0.16831210236509264
4,15.0,3094.707,30.19113009,30.01634133258625,30.020555003643622,30.00683258850993,30.00683258850993,-0.18429750149007162
4,15.0,3095.189,30.21038205,30.02542424241914,30.030041321139688,30.01616645199202,30.01616645199202,-0.19421559800797894
4,15.0,3095.671,30.18212732,30.034530295611656,30.03954452441714,30.025519387306513,30.025519387306513,-0.15660793269348616
4,15.0,3096.153,30.19385778,30.043659017056758,30.049064062234393,30.03489086398597,30.03489086398597,-0.1589669160140268
4,15.0,3096.635,30.20733493,30.05280993084288,30.05859938420278,30.044280351903943,30.044280351903943,-0.16305457809605528
4,15.0,3097.118,30.22859372,30.062001612871857,30.068169770710078,30.053706855646837,30.053706855646837,-0.17488686435316225
4,15.0,3097.6,30.2319163,30.071195524074234,30.077735043301157,30.063130811812698,30.063130811812698,-0.16878548818730366
4,15.0,3098.082,30.22506829,30.08041019430579,30.087314453209714,30.072571190117884,30.072571190117884,-0.15249709988211535
4,15.0,3098.564,30.25621066,30.08964514467859,30.096907453809173,30.082027462130853,30.082027462130853,-0.17418319786914793
4,15.0,3099.046,30.24880748,30.098899895622047,30.10651349949827,30.09149909992489,30.09149909992489,-0.1573083800751114
4,15.0,3099.528,30.27670009,30.108173966907287,30.11613204573434,30.10098557610997,30.10098557610997,-0.17571451389002846
4,15.0,3100.01,30.2606676,30.117466877671696,30.125762549066316,30.110486363864624,30.110486363864624,-0.15018123613537782
4,15.0,3100.492,30.26424351,30.126778146443282,30.135404467166953,30.12000093696711,30.12000093696711,-0.14424257303289068
4,15.0,3100.975,30.26931097,30.136126664484486,30.145077296332296,30.129548550534047,30.129548550534047,-0.1397624194659528
4,15.0,3101.457,30.28592431,30.145473238123188,30.15474044252349,30.13908914409763,30.13908914409763,-0.14683516590237033
4,15.0,3101.939,30.27628159,30.154836720938967,30.164413382448295,30.14864194716624,30.14864194716624,-0.12763964283375984
4,15.0,3102.421,30.29767466,30.164216629266363,30.174095578595065,30.158206436227765,30.158206436227765,-0.13946822377223356
4,15.0,3102.903,30.29913793,30.173612478953068,30.183786494732544,30.167782088522852,30.167782088522852,-0.13135584147714852
4,15.0,3103.385,30.29340965,30.18302378538455,30.19348559594007,30.177368382074775,30.177368382074775,-0.11604126792522607
4,15.0,3103.867,30.3159196,30.192450063508574,30.203192348637216,30.186964795718747,30.186964795718747,-0.1289548042812534
4,15.0,3104.349,30.32791765,30.201890827859643,30.212906220612922,30.19657080913123,30.19657080913123,-0.13134684086876902
4,15.0,3104.832,30.32725851,30.21136522249426,30.222646854466145,30.206205860265072,30.206205860265072,-0.1210526497349278
4,15.0,3105.313,30.34917434,30.22081387146256,30.23235320057632,30.21580955834655,30.21580955834655,-0.13336478165345156
4,15.0,3105.796,30.35995171,30.23031486190323,30.242105447607685,30.22546124874932,30.22546124874932,-0.13449046125068165
4,15.0,3106.278,30.35552796,30.23980873461528,30.251842512815884,30.235100490909936,30.235100490909936,-0.12042746909006397
4,15.0,3106.76,30.37074154,30.24931465987744,30.26158405669817,30.244746743771344,30.244746743771344,-0.12599479622865672
4,15.0,3107.242,30.36247773,30.258832150260123,30.271329555855452,30.254399492655814,30.254399492655814,-0.1080782373441842
4,15.0,3107.724,30.38152933,30.26836071809238,30.281078488451694,30.264058223923115,30.264058223923115,-0.11747110607688427
4,15.0,3108.206,30.38652612,30.277899875486536,30.290830334239935,30.27372242499728,30.27372242499728,-0.11280369500271803
4,15.0,3108.688,30.38891821,30.287449134362625,30.30058457458791,30.2833915843932,30.2833915843932,-0.10552662560679948
4,15.0,3109.17,30.39235108,30.29700800647297,30.31034069250333,30.293065191743,30.293065191743,-0.09928588825700047
4,15.0,3109.653,30.40070303,30.30659586318918,30.320118417452843,30.302762819459986,30.302762819459986,-0.09794021054001334
4,15.0,3110.135,30.41480554,30.316172513886663,30.329876747437563,30.31244380280244,30.31244380280244,-0.10236173719755826
4,15.0,3110.617,30.39799092,30.325757311300464,30.33963541303847,30.322127708906272,30.322127708906272,-0.07586321109372918
4,15.0,3111.099,30.41932828,30.335349766757055,30.349393904070965,30.33181403213185,30.33181403213185,-0.08751424786814965
4,15.0,3111.581,30.42580152,30.344949391537686,30.359151712110652,30.3415022680839,30.3415022680839,-0.0842992519161001
4,15.0,3112.063,30.41622681,30.35455569690287,30.368908330516142,30.35119191363599,30.35119191363599,-0.06503489636401127
4,15.0,3112.545,30.4281379,30.364168194116907,30.37866325445151,30.360882466954735,30.360882466954735,-0.06725543304526482
4,15.0,3113.027,30.4347766,30.373786394472162,30.388415980908405,30.370573427523873,30.370573427523873,-0.06420317247612672
4,15.0,3113.51,30.45602537,30.38342977998606,30.39818623384921,30.38028440126324,30.38028440126324,-0.07574096873675984
4,15.0,3113.992,30.4376262,30.393057930032576,30.407933056589734,30.389974678430377,30.389974678430377,-0.047651521569623156
4,15.0,3114.474,30.45087845,30.402690316497132,30.417676182976724,30.399663868408027,30.399663868408027,-0.05121458159197445
4,15.0,3114.956,30.46052509,30.412326451028854,30.427415117528803,30.40935147618477,30.40935147618477,-0.05117361381523011
4,15.0,3115.438,30.4695518,30.421965845427035,30.437149366696723,30.419037008181725,30.419037008181725,-0.05051479181827645
4,15.0,3115.92,30.49583221,30.431608011665165,30.446878438882976,30.428719972274703,30.428719972274703,-0.06711223772529706
4,15.0,3116.402,30.47048951,30.44125246191549,30.456601844461346,30.438399877816245,30.438399877816245,-0.03208963218375516
4,15.0,3116.884,30.51195138,30.450898708573092,30.466319095795733,30.448076235657098,30.448076235657098,-0.06387514434290154
4,15.0,3117.366,30.51025518,30.460546264280133,30.4760297072589,30.4577485581677,30.4577485581677,-0.05250662183230048
4,15.0,3117.849,30.52020141,30.470214659847805,30.48575331922913,30.467436411901343,30.467436411901343,-0.05276499809865598
4,15.0,3118.331,30.51223144,30.47986337287916,30.49544918591672,30.47709919615777,30.47709919615777,-0.03513224384223079
4,15.0,3118.813,30.53065939,30.489511933601953,30.505136967091858,30.486756490521735,30.486756490521735,-0.04390289947826531
4,15.0,3119.295,30.53154375,30.499159855889122,30.514816185345435,30.4964078136532,30.4964078136532,-0.035135936346801344
4,15.0,3119.777,30.52849565,30.508806653981473,30.52448636536466,30.506052685834206,30.506052685834206,-0.022442964165794166
4,15.0,3120.259,30.51694704,30.518451842511674,30.534147033949473,30.515690628988526,30.515690628988526,-0.0012564110114752225
4,15.0,3120.741,30.52249861,30.528094936528138,30.543797720028508,30.5253211667009,30.5253211667009,0.002822556700898815
4,15.0,3121.223,30.53852731,30.537735451519264,30.55343795467486,30.534943824236308,30.534943824236308,-0.0035834857636913853
4,15.0,3121.706,30.54705475,30.547392894630967,30.563087237284197,30.54457806623759,30.54457806623759,-0.002476683762409948
4,15.0,3122.188,30.54396719,30.557026792054636,30.572705146841184,30.554183527230904,30.554183527230904,0.010216337230904315
4,15.0,3122.67,30.53722171,30.5666566587942,30.58231121024562,30.563779693136603,30.563779693136603,0.026557983136601848
4,15.0,3123.152,30.52788517,30.57628201233721,30.591904967302554,30.573366096128684,30.573366096128684,0.0454809261286826
4,15.0,3123.634,30.54249772,30.585902370730324,30.601485960034537,30.58294227015238,30.58294227015238,0.04044455015237958
4,15.0,3124.116,30.56844478,30.59551725260303,30.61105373269522,30.592507750941607,30.592507750941607,0.02406297094160692
4,15.0,3124.598,30.58050386,30.605126177191263,30.620607831782557,30.602062076035924,30.602062076035924,0.021558216035924005
4,15.0,3125.08,30.57445207,30.61472866436111,30.630147806051788,30.611604784797525,30.611604784797525,0.03715271479752502
4,15.0,3125.562,30.58058833,30.624324234632248,30.639673206527895,30.62113541842772,30.62113541842772,0.04054708842771859
4,15.0,3126.045,30.59580144,30.633932293660465,30.64920330167425,30.630673253738856,30.630673253738856,0.034871813738856616
4,15.0,3126.527,30.59080322,30.64351257759374,30.658698184233792,30.640178340731936,30.640178340731936,0.049375120731934175
4,15.0,3127.009,30.62920495,30.653084509355104,30.66817715889961,30.649669986455663,30.649669986455663,0.020465036455664887
4,15.0,3127.491,30.6307588,30.66264761231551,30.677639785899572,30.65914773963215,30.65914773963215,0.028388939632151278
4,15.0,3127.973,30.64434776,30.6722014106167,30.68708562778916,30.668611150901338,30.668611150901338,0.02426339090133922
4,15.0,3128.455,30.65229755,30.681745429194642,30.696514249462147,30.678059772836107,30.678059772836107,0.025762222836107185
4,15.0,3128.937,30.64307377,30.691279193802664,30.705925218160708,30.687493159956922,30.687493159956922,0.04441938995692141
4,15.0,3129.419,30.64927169,30.700802231034622,30.715318103485608,30.696910868746237,30.696910868746237,0.047639178746237576
4,15.0,3129.902,30.65449444,30.710333790480718,30.724711906775987,30.70633194597209,30.70633194597209,0.05183750597208814
4,15.0,3130.384,30.66558037,30.719833931515254,30.734067303908265,30.715716940653273,30.715716940653273,0.05013657065327237
4,15.0,3130.866,30.672402,30.729321929253665,30.743403339839276,30.725084937457183,30.725084937457183,0.05268293745718111
4,15.0,3131.348,30.67017269,30.738797313884398,30.75271959370213,30.73443550085762,30.73443550085762,0.06426281085762042
4,15.0,3131.83,30.70048019,30.74825961655143,30.762015647033724,30.743768197358794,30.743768197358794,0.043288007358793124
4,15.0,3132.312,30.69624669,30.757708369377042,30.771291083782742,30.75308259550804,30.75308259550804,0.05683590550804141
4,15.0,3132.794,30.69408199,30.76714310548457,30.780545490317692,30.76237826590861,30.76237826590861,0.0682962759086081
4,15.0,3133.276,30.71048908,30.776563359021125,30.789778455434366,30.771654781231987,30.771654781231987,0.061165701231988834
4,15.0,3133.759,30.72381535,30.785988162403815,30.7990086575646,30.78093090084183,30.78093090084183,0.057115550841832174
4,15.0,3134.24,30.73674807,30.795358560223825,30.80817842877597,30.790148647747102,30.790148647747102,0.05340057774710161
4,15.0,3134.723,30.7336956,30.804752012861734,30.81736361996716,30.799384254592766,30.799384254592766,0.06568865459276552
4,15.0,3135.205,30.72972149,30.8141096644799,30.82650670790199,30.80857987442979,30.80857987442979,0.07885838442978965
4,15.0,3135.687,30.76027026,30.82345051945327,30.83562633422695,30.817754233125072,30.817754233125072,0.05748397312507336
4,15.0,3136.169,30.77281304,30.83277411854609,30.844722102449907,30.82690691601069,30.82690691601069,0.05409387601068971
4,15.0,3136.651,30.78824856,30.84208000370313,30.8537936185512,30.836037510566985,30.836037510566985,0.04778895056698573
4,15.0,3137.133,30.7841612,30.851367718071863,30.862840490988994,30.845145606433,30.845145606433,0.060984406433000515
4,15.0,3137.615,30.80147406,30.86063680602451,30.871862330704392,30.854230795416726,30.854230795416726,0.05275673541672532
4,15.0,3138.097,30.79311006,30.869886813179967,30.880858751126304,30.86329267150518,30.86329267150518,0.07018261150518157
4,15.0,3138.58,30.7945278,30.87913641616602,30.889847952326967,30.872349557309544,30.872349557309544,0.07782175730954322
4,15.0,3139.062,30.79661422,30.88834686174691,30.8987923297018,30.88136354787882,30.88136354787882,0.08474932787882139
4,15.0,3139.544,30.81357683,30.89753687015256,30.907710142257322,30.89035301985784,30.89035301985784,0.07677618985784207
4,15.0,3140.026,30.82072661,30.90670599220949,30.916601013422223,30.899317576049654,30.899317576049654,0.07859096604965288
4,15.0,3140.508,30.81979288,30.915853780099575,30.925464569133485,30.908256821482965,30.908256821482965,0.08846394148296355
4,15.0,3140.99,30.81112907,30.924979787381563,30.934300437839802,30.917170363420805,30.917170363420805,0.10604129342080526
4,15.0,3141.472,30.81853104,30.934083569012493,30.943108250504636,30.926057811369027,30.926057811369027,0.10752677136902733
4,15.0,3141.954,30.83844772,30.94316468136892,30.95188764060917,30.93491877708449,30.93491877708449,0.09647105708448933
4,15.0,3142.437,30.84187264,30.952241450470982,30.960656368759395,30.943771174390236,30.943771174390236,0.10189853439023722
4,15.0,3142.919,30.84096177,30.961275849872152,30.96937776342385,30.95257796301835,30.95257796301835,0.11161619301834946
4,15.0,3143.401,30.86025675,30.97028625694835,30.978069650361512,30.961357117480844,30.961357117480844,0.10110036748084283
4,15.0,3143.883,30.84584273,30.97927223396917,30.986731673154274,30.97010825862173,30.97010825862173,0.12426552862172713
4,15.0,3144.365,30.88197715,30.98823334472913,30.995363477912917,30.978831009574108,30.978831009574108,0.0968538595741073
4,15.0,3144.847,30.85965134,30.997169154568496,31.003964713278755,30.987524995767338,30.987524995767338,0.12787365576733833
4,15.0,3145.329,30.88955898,31.006079230393926,31.012535030424964,30.996189844933607,30.996189844933607,0.10663086493360652
4,15.0,3145.811,30.90487896,31.014963140699223,31.02107408305782,31.00482518711472,31.00482518711472,0.09994622711471735
4,15.0,3146.293,30.90302084,31.02382045558566,31.029581527417548,31.01343065466843,31.01343065466843,0.11040981466842936
4,15.0,3146.776,30.89913599,31.03266903850157,31.038074572846725,31.022023641516782,31.022023641516782,0.1228876515167805
4,15.0,3147.258,30.90815487,31.041471821993497,31.046517712182666,31.030568202316456,31.030568202316456,0.12241333231645513
4,15.0,3147.74,30.92862574,31.050246729339925,31.054928226482545,31.039081798773253,31.039081798773253,0.11045605877325215
4,15.0,3148.222,30.94011456,31.058993337279276,31.06330578213381,31.047564072573927,31.047564072573927,0.10744951257392543
4,15.0,3148.704,30.94286473,31.067711224258858,31.071650048059972,31.056014667750503,31.056014667750503,0.11314993775050297
4,15.0,3149.186,30.96008384,31.076399970454606,31.0799606957203,31.064433230685438,31.064433230685438,0.10434939068543869
4,15.0,3149.668,30.95230949,31.085059157791143,31.088237399109545,31.072819410116793,31.072819410116793,0.12050992011679185
4,15.0,3150.15,30.95439588,31.093688369961306,31.096479834757396,31.081172857143144,31.081172857143144,0.12677697714314462
4,15.0,3150.633,30.96795879,31.102305000450094,31.104704674279837,31.08951045277822,31.08951045277822,0.12155166277822005
4,15.0,3151.115,30.96915625,31.110872956204602,31.11287754141958,31.09779732805741,31.09779732805741,0.12864107805740943
4,15.0,3151.597,30.99481175,31.119409697826782,31.121015184956157,31.106050437730552,31.106050437730552,0.11123868773055179
4,15.0,3152.079,30.98231221,31.127914816282093,31.129117291555616,31.11426944238911,31.11426944238911,0.13195723238910873
4,15.0,3152.561,30.99235449,31.13638790440153,31.137183550413795,31.1224540050071,31.1224540050071,0.1300995150070996
4,15.0,3153.043,30.99551323,31.144828556900787,31.145213653254764,31.130603790945102,31.130603790945102,0.13509056094510186
4,15.0,3153.525,31.00797375,31.153236370399224,31.15320729432926,31.13871846795395,31.13871846795395,0.1307447179539487
4,15.0,3154.007,31.03109957,31.161610943438788,31.161164170412675,31.146797706178223,31.146797706178223,0.11569813617822433
4,15.0,3154.49,31.0373631,31.16996914609845,31.169100373208245,31.154857828456333,31.154857828456333,0.11749472845633235
4,15.0,3154.972,31.04200027,31.178275970601277,31.17698274189843,31.162865133923475,31.162865133923475,0.12086486392347595
4,15.0,3155.454,31.04585393,31.18654836117551,31.18482745044133,31.170836024769706,31.170836024769706,0.12498209476970601
4,15.0,3155.936,31.06440854,31.194785924244588,31.192634205695576,31.178770180752856,31.178770180752856,0.1143616407528576
4,15.0,3156.418,31.07732402,31.20298826824746,31.20040271703327,31.186667284040112,31.186667284040112,0.1093432640401133
4,15.0,3156.9,31.08849745,31.21115500365683,31.20813269633736,31.194527019210845,31.194527019210845,0.10602956921084683
4,15.0,3157.382,31.09322911,31.219285742997386,31.215823857998796,31.20234907325912,31.20234907325912,0.10911996325912199
4,15.0,3157.864,31.07223915,31.227380100863726,31.223475918913685,31.210133135596024,31.210133135596024,0.13789398559602262
4,15.0,3158.346,31.10506141,31.235437693938223,31.231088598480163,31.217878898051886,31.217878898051886,0.11281748805188485
4,15.0,3158.829,31.09676532,31.243474742064127,31.238677288837753,31.225602004489136,31.225602004489136,0.1288366844891371
4,15.0,3159.311,31.07963156,31.251457585796942,31.2462102907565,31.233270171323966,31.233270171323966,0.1536386113239665
4,15.0,3159.793,31.09365634,31.25940252670965,31.253703083937317,31.24089912768322,31.24089912768322,0.14724278768322208
4,15.0,3160.275,31.08285497,31.267309190017233,31.261155397758888,31.248488575099145,31.248488575099145,0.1656336050991456
4,15.0,3160.757,31.10508853,31.275177203110264,31.26856696408496,31.256038217532442,31.256038217532442,0.1509496875324423
4,15.0,3161.239,31.09362751,31.283006195572142,31.275937517260612,31.263547761373772,31.263547761373772,0.16992025137377098
4,15.0,3161.721,31.12102315,31.290795799196182,31.283266794108428,31.27101691544499,31.27101691544499,0.14999376544498944
4,15.0,3162.203,31.13040896,31.298545648002552,31.29055453392452,31.278445391000375,31.278445391000375,0.14803643100037434
4,15.0,3162.686,31.11603724,31.30627133159178,31.297815467930626,31.285848185733364,31.285848185733364,0.16981094573336364
4,15.0,3163.167,31.12008164,31.313924628477942,31.305004371989494,31.293179163749393,31.293179163749393,0.17309752374939436
4,15.0,3163.65,31.13948403,31.321568823350997,31.31218077508074,31.300499007303728,31.300499007303728,0.16101497730372927
4,15.0,3164.132,31.14594792,31.329155952373135,31.31929972051116,31.307761842993116,31.307761842993116,0.16181392299311526
4,15.0,3164.614,31.14601303,31.33670152993261,31.326375861836407,31.31498259238669,31.31498259238669,0.16896956238669247
4,15.0,3165.096,31.15513096,31.34420520376466,31.333408953110975,31.322160981356788,31.322160981356788,0.16703002135678702
4,15.0,3165.578,31.16905203,31.35166662394657,31.34039875083277,31.329296738213237,31.329296738213237,0.16024470821323789
4,15.0,3166.06,31.17008053,31.35908544291376,31.34734501393838,31.336389593703636,31.336389593703636,0.16630906370363618
4,15.0,3166.542,31.18050046,31.366461315475362,31.354247503798366,31.34343928101348,31.34343928101348,0.1629388210134799
4,15.0,3167.024,31.1936801,31.37379389883023,31.361105984212536,31.350445535766347,31.350445535766347,0.15676543576634572
4,15.0,3167.507,31.20629582,31.381097929305255,31.367934312674954,31.357422495568812,31.357422495568812,0.1511266755688112
4,15.0,3167.989,31.2220935,31.38834282391026,31.374703982779394,31.36434101037125,31.36434101037125,0.1422475103712486
4,15.0,3168.471,31.20249773,31.3955434147037,31.38142894889093,31.371215313583814,31.371215313583814,0.16871758358381328
4,15.0,3168.953,31.23303987,31.402699368602086,31.38810898448164,31.37804515058592,31.37804515058592,0.1450052805859201
4,15.0,3169.435,31.2136814,31.409810354988064,31.39474386542775,31.384830269193777,31.384830269193777,0.1711488691937788
4,15.0,3169.917,31.24681795,31.416876045725335,31.401333370004437,31.391570419660038,31.391570419660038,0.14475246966003752
4,15.0,3170.399,31.22865891,31.423896115173363,31.407877278880513,31.398265354673068,31.398265354673068,0.16960644467306807
4,15.0,3170.881,31.24691778,31.43087024020211,31.414375375113206,31.404914829356386,31.404914829356386,0.1579970493563856
4,15.0,3171.364,31.24334559,31.437812425046587,31.420840782185277,31.411532254364566,31.411532254364566,0.16818666436456553
4,15.0,3171.846,31.24642963,31.44469360498651,31.42724651567805,31.418089987930493,31.418089987930493,0.1716603579304916
4,15.0,3172.328,31.24822338,31.45152788567215,31.433605799542427,31.424601540649174,31.424601540649174,0.17637816064917544
4,15.0,3172.81,31.26801813,31.458314954164308,31.439918426339858,31.431066677380958,31.431066677380958,0.16304854738095642
4,15.0,3173.292,31.26741808,31.46505450010544,31.44618419099276,31.43748516541655,31.43748516541655,0.17006708541655158
4,15.0,3173.774,31.27356617,31.471746215733404,31.45240289077904,31.443856774475936,31.443856774475936,0.17029060447593736
4,15.0,3174.256,31.2973897,31.478389795895346,31.458574325326417,31.450181276707077,31.450181276707077,0.15279157670707733
4,15.0,3174.738,31.28326698,31.484984938061075,31.46469829660676,31.4564584466846,31.4564584466846,0.1731914666845995
4,15.0,3175.22,31.27255954,31.49153134233643,31.470774608930355,31.462688061408386,31.462688061408386,0.19012852140838632
4,15.0,3175.703,31.28268141,31.498042140319026,31.476815526243456,31.46888267587951,31.46888267587951,0.1862012658795109
4,15.0,3176.185,31.27872775,31.504490077093827,31.48279584303762,31.475016420991583,31.475016420991583,0.19628867099158143
4,15.0,3176.667,31.2924647,31.510888391641725,31.488727927389977,31.481101955941263,31.481101955941263,0.1886372559412628
4,15.0,3177.149,31.30704792,31.517236794749905,31.49461159291171,31.48713906741925,31.48713906741925,0.18009114741925103
4,15.0,3177.631,31.31527335,31.52353499990657,31.50044665552349,31.493127544533607,31.493127544533607,0.17785419453360873
4,15.0,3178.113,31.31574025,31.529782723313506,31.506232933449546,31.499067178807856,31.499067178807856,0.18332692880785473
4,15.0,3178.595,31.3170641,31.535979683898532,31.51197024721177,31.50495776417926,31.50495776417926,0.1878936641792599
4,15.0,3179.077,31.34265787,31.542125603327754,31.517658419623896,31.510799096996845,31.510799096996845,0.16814122699684475
4,15.0,3179.56,31.32273851,31.548232796888264,31.523308923272957,31.51660294082057,31.51660294082057,0.19386443082056815
4,15.0,3180.042,31.33308171,31.554275702703723,31.52889818771157,31.522345063996077,31.522345063996077,0.18926335399607908
4,15.0,3180.524,31.34107294,31.56026674835445,31.534437792581507,31.528037337710714,31.528037337710714,0.18696439771071383
4,15.0,3181.006,31.3450612,31.56620566658517,31.539927569808885,31.533679567945523,31.533679567945523,0.1886183679455229
4,15.0,3181.488,31.35752721,31.572092192938122,31.545367353581852,31.53927156308305,31.53927156308305,0.18174435308305092
4,15.0,3181.97,31.35067605,31.577926065764338,31.55075698034459,31.54481313390514,31.54481313390514,0.19413708390514017
4,15.0,3182.452,31.35935786,31.583707026235007,31.556096288791352,31.550304093590647,31.550304093590647,0.19094623359064755
4,15.0,3182.934,31.36864034,31.589434818352395,31.561385119860397,31.555744257713116,31.555744257713116,0.18710391771311663
4,15.0,3183.417,31.37057009,31.595120905808535,31.566634131614727,31.56114457200733,31.56114457200733,0.19057448200732807
4,15.0,3183.899,31.37320808,31.60074149299526,31.571821434159368,31.566482494971133,31.566482494971133,0.19327441497113185
4,15.0,3184.381,31.35930523,31.60630816042118,31.576957795231788,31.571769083072034,31.571769083072034,0.21246385307203397
4,15.0,3184.863,31.40777528,31.61182066352732,31.582043064691163,31.577004161443583,31.577004161443583,0.1692288814435834
4,15.0,3185.345,31.38214209,31.617278760639127,31.587077094610805,31.582187557601948,31.582187557601948,0.2000454676019494
4,15.0,3185.827,31.39438172,31.622682212976713,31.59205973927214,31.58731910144332,31.58731910144332,0.19293738144332195
4,15.0,3186.309,31.39737658,31.628030784664837,31.59699085515873,31.592398625241433,31.592398625241433,0.19502204524143352
4,15.0,3186.791,31.41370781,31.63332424274289,31.601870300950363,31.597425963644895,31.597425963644895,0.18371815364489663
4,15.0,3187.273,31.39048856,31.638562357174568,31.606697937517037,31.60240095367451,31.60240095367451,0.21191239367450976
4,15.0,3187.756,31.405072,31.643755595101155,31.611483481892744,31.607333592643954,31.607333592643954,0.2022615926439535
4,15.0,3188.238,31.4134848,31.64888222788817,31.61620698316061,31.612203297033176,31.612203297033176,0.1987184970331768
4,15.0,3188.72,31.40099541,31.6539528441051,31.620878270622956,31.617020177996892,31.617020177996892,0.21602476799689185
4,15.0,3189.202,31.43618506,31.65896722551344,31.62549721385608,31.621784082022913,31.621784082022913,0.18559902202291312
4,15.0,3189.684,31.42924143,31.663925156845444,31.630063684596983,31.626494857957667,31.626494857957667,0.19725342795766565
4,15.0,3190.166,31.43141999,31.668826425812988,31.634577556737533,31.631152357003458,31.631152357003458,0.19973236700345964
4,15.0,3190.648,31.42783432,31.673670823116147,31.63903870631861,31.63575643271557,31.63575643271557,0.20792211271557193
4,15.0,3191.13,31.43984705,31.678458142451817,31.643447011524366,31.64030694099951,31.64030694099951,0.20045989099950745
4,15.0,3191.613,31.4362879,31.68319793419583,31.647811333515968,31.6448130136392,31.6448130136392,0.208525113639201
4,15.0,3192.094,31.4524589,31.687860737041948,31.652104612227784,31.649246690638513,31.649246690638513,0.19678779063851337
4,15.0,3192.577,31.46263398,31.692485129091274,31.656362434863233,31.653644705054123,31.653644705054123,0.19101072505412375
4,15.0,3193.059,31.45618304,31.697042013481806,31.6605580763528,31.657979437161906,31.657979437161906,0.20179639716190678
4,15.0,3193.541,31.44844796,31.701540833234212,31.664700296105973,31.662259916248587,31.662259916248587,0.21381195624858762
4,15.0,3194.023,31.4518429,31.70598140020234,31.668788985050078,31.66648601226485,31.66648601226485,0.21464311226485222
4,15.0,3194.505,31.47277117,31.710363529292046,31.672824036215673,31.670657597491164,31.670657597491164,0.19788642749116292
4,15.0,3194.987,31.46321591,31.714687038468462,31.676805344731086,31.674774546534792,31.674774546534792,0.211558636534793
4,15.0,3195.469,31.48648602,31.718951748763104,31.680732807816785,31.678836736326865,31.678836736326865,0.19235071632686385
4,15.0,3195.951,31.46858721,31.72315748428077,31.68460632477987,31.682844046119314,31.682844046119314,0.2142568361193149
4,15.0,3196.434,31.47998786,31.727312613483967,31.688433664978234,31.686804500046428,31.686804500046428,0.20681664004642641
4,15.0,3196.916,31.45853712,31.73139976085008,31.6921988835115,31.690701582399257,31.690701582399257,0.2321644623992576
4,15.0,3197.398,31.49712627,31.73542742391833,31.695909866114967,31.694543436169667,31.694543436169667,0.19741716616966798
4,15.0,3197.88,31.50003169,31.739395439159622,31.699566520392196,31.69832994986769,31.69832994986769,0.19829825986769123
4,15.0,3198.362,31.4880341,31.743303646150526,31.70316875600639,31.70206101430913,31.70206101430913,0.21402691430913023
4,15.0,3198.844,31.49112796,31.747151887579392,31.7067164846751,31.70573652261256,31.70573652261256,0.21460856261256112
4,15.0,3199.326,31.49941762,31.75094000925204,31.710209620164918,31.709356370196232,31.709356370196232,0.20993875019623331
4,15.0,3199.808,31.52295188,31.75466786009755,31.713648078286376,31.712920454775087,31.712920454775087,0.18996857477508655
4,15.0,3200.291,31.51280181,31.758342838047827,31.717038740032045,31.716435896688125,31.716435896688125,0.2036340866881261
4,15.0,3200.773,31.49583287,31.76194958074758,31.72036748514109,31.719888041372627,31.719888041372627,0.2240551713726262
4,15.0,3201.255,31.50780881,31.765495617910403,31.72364131236541,31.72328412975122,31.72328412975122,0.2154753197512207
4,15.0,3201.737,31.52183158,31.76898081101833,31.72686014564414,31.726624068699877,31.726624068699877,0.20479248869987643
4,15.0,3202.219,31.5102961,31.772405024702643,31.730023910934985,31.729907767376112,31.729907767376112,0.21961166737611038
4,15.0,3202.701,31.5235082,31.775768126748485,31.733132536209244,31.733135137215868,31.733135137215868,0.20962693721586945
4,15.0,3203.183,31.51337092,31.779069988099568,31.736185951446956,31.736306091930537,31.736306091930537,0.22293517193053702
4,15.0,3203.665,31.53007766,31.782310482862457,31.739184088632094,31.73942054750391,31.73942054750391,0.2093428875039116
4,15.0,3204.147,31.51831793,31.78548948831083,31.742126881747737,31.7424784221892,31.7424784221892,0.22416049218920264
4,15.0,3204.63,31.52584859,31.788613288393847,31.745020199556855,31.7454858041395,31.7454858041395,0.21963721413949955
4,15.0,3205.112,31.50221043,31.79166883154351,31.747851999309354,31.748430163079206,31.748430163079206,0.24621973307920442
4,15.0,3205.594,31.530089,31.794662536010836,31.75062826876687,31.751317709323565,31.751317709323565,0.2212287093235652
4,15.0,3206.076,31.52728969,31.797594291783753,31.75334894986632,31.754148370177987,31.754148370177987,0.22685868017798683
4,15.0,3206.558,31.52496617,31.800463992036033,31.756013986520657,31.75692207520231,31.75692207520231,0.23195590520231235
4,15.0,3207.04,31.52307084,31.803271533130648,31.75862332461433,31.759638756207814,31.759638756207814,0.23656791620781448
4,15.0,3207.522,31.52878448,31.806016814622794,31.761176911998934,31.762298347254237,31.762298347254237,0.2335138672542385
4,15.0,3208.004,31.53571872,31.808699739262885,31.763674698488796,31.76490078464684,31.76490078464684,0.22918206464684232
4,15.0,3208.487,31.53727542,31.811325584685783,31.766121644029433,31.767451227961292,31.767451227961292,0.23017580796129167
4,15.0,3208.969,31.54522604,31.813883386820727,31.768507569990156,31.769939057043125,31.769939057043125,0.22471301704312552
4,15.0,3209.451,31.5429694,31.81637855937463,31.77083755614309,31.772369554714874,31.772369554714874,0.22940015471487385
4,15.0,3209.933,31.5253729,31.8188110179116,31.773111560115172,31.77474266623927,31.77474266623927,0.2493697662392691
4,15.0,3210.415,31.5432229,31.821180681203263,31.77532954147521,31.777058339109978,31.777058339109978,0.23383543910997773
4,15.0,3210.897,31.54736614,31.823487471230724,31.777491461729777,31.779316523048706,31.779316523048706,0.23195038304870508
4,15.0,3211.379,31.56838759,31.825731313186395,31.779597284319287,31.78151717000238,31.78151717000238,0.2131295800023807
4,15.0,3211.861,31.56570535,31.82791213547563,31.781646974614084,31.78366023414027,31.78366023414027,0.2179548841402692
4,15.0,3212.344,31.57925836,31.830034197732175,31.783644577450197,31.785749938553835,31.785749938553835,0.20649157855383393
4,15.0,3212.826,31.59087275,31.832088647674954,31.785581790347823,31.78777758875893,31.78777758875893,0.1969048387589325
4,15.0,3213.308,31.60152305,31.834079882333995,31.78746277854541,31.789747531882895,31.789747531882895,0.18822448188289442
4,15.0,3213.79,31.59951129,31.836007842986454,31.78928751509925,31.791659730960824,31.791659730960824,0.19214844096082473
4,15.0,3214.272,31.58954909,31.83787247412821,31.791055974976906,31.793514151236092,31.793514151236092,0.2039650612360937
4,15.0,3214.754,31.60011785,31.839673723474696,31.792768135053787,31.79531076015772,31.79531076015772,0.19519291015771856
4,15.0,3215.236,31.58390985,31.841411541961282,31.794423974109556,31.797049527377517,31.797049527377517,0.21313967737751582
4,15.0,3215.718,31.61319481,31.843085883743697,31.796023472824785,31.798730424747454,31.798730424747454,0.1855356147474545
4,15.0,3216.2,31.61162839,31.844696706198242,31.79756661377759,31.80035342631693,31.80035342631693,0.1887250363169315
4,15.0,3216.683,31.59845325,31.846247113917777,31.799056407410895,31.801921695165653,31.801921695165653,0.20346844516565454
4,15.0,3217.165,31.60562162,31.847730650752652,31.80048667114869,31.80342871582797,31.80342871582797,0.19780709582796874
4,15.0,3217.647,31.62398008,31.849150559646386,31.801860536188517,31.804877775957866,31.804877775957866,0.1808976959578672
4,15.0,3218.129,31.59529658,31.850506810862925,31.80317799267018,31.80626885837235,31.80626885837235,0.2109722783723491
4,15.0,3218.611,31.59443641,31.85179937788535,31.80443903261515,31.80760194807258,31.80760194807258,0.21316553807258032
4,15.0,3219.093,31.60984955,31.853028237415124,31.805643649923603,31.808877032241348,31.808877032241348,0.19902748224134825
4,15.0,3219.575,31.61333322,31.85419336937113,31.806791840371446,31.81009410024047,31.81009410024047,0.19676088024046834
4,15.0,3220.057,31.59389952,31.855294756888622,31.807883601607518,31.811253143608255,31.811253143608255,0.21735362360825405
4,15.0,3220.54,31.59290189,31.856334472791996,31.80892102248366,31.812356379988984,31.812356379988984,0.21945448998898343
4,15.0,3221.021,31.60214509,31.85730624722317,31.809897836387403,31.813397133470296,31.813397133470296,0.2112520434702958
4,15.0,3221.504,31.6030264,31.85821815422595,31.810822169773214,31.814384057016312,31.814384057016312,0.21135765701631115
4,15.0,3221.986,31.61597897,31.859064327296856,31.81168811096459,31.815310840276847,31.815310840276847,0.19933187027684696
4,15.0,3222.468,31.60309192,31.85984671980324,31.812497639202473,31.81617958916417,31.81617958916417,0.213087669164171
4,15.0,3222.95,31.61926631,31.860565334153367,31.81325076332036,31.816990308227528,31.816990308227528,0.19772399822752718
4,15.0,3223.432,31.63562618,31.861220175959783,31.813947494006392,31.817743004175377,31.817743004175377,0.18211682417537745
4,15.0,3223.914,31.63246131,31.861811254036922,31.814587843800947,31.81843768587294,31.81843768587294,0.18597637587294003
4,15.0,3224.396,31.63535137,31.862338580398628,31.81517182709439,31.819074364339883,31.819074364339883,0.1837229943398846
4,15.0,3224.878,31.63696141,31.86280217025545,31.815699460124776,31.819653052747945,31.819653052747945,0.18269164274794392
4,15.0,3225.361,31.64108525,31.863202805400952,31.816171680234728,31.820174786484614,31.820174786484614,0.17908953648461434
4,15.0,3225.843,31.63817866,31.863538848526424,31.816586552024916,31.82063742266312,31.82063742266312,0.1824587626631171
4,15.0,3226.325,31.63860959,31.86381121998451,31.816945133378248,31.8210421212301,31.8210421212301,0.1824325312300985
4,15.0,3226.807,31.62688729,31.864019947749284,31.817247447906382,31.821388903946932,31.821388903946932,0.1945016139469331
4,15.0,3227.289,31.63967436,31.864165062975772,31.817493521058452,31.8216777947156,31.8216777947156,0.18200343471560032
4,15.0,3227.771,31.63503783,31.864246599996285,31.81768338011912,31.82190881957647,31.82190881957647,0.18687098957646953
4,15.0,3228.253,31.62266143,31.864264596316715,31.817817054206913,31.822082006706086,31.822082006706086,0.19942057670608548
4,15.0,3228.735,31.63380043,31.86421909261254,31.81789457427235,31.82219738641499,31.82219738641499,0.18839695641499077
4,15.0,3229.218,31.60959791,31.864109840736482,31.81791595917808,31.822255050624115,31.822255050624115,0.21265714062411334
4,15.0,3229.7,31.6306693,31.863937340164107,31.817881155045118,31.822254795192272,31.822254795192272,0.19158549519227108
4,15.0,3230.182,31.60741776,31.863701480676863,31.81779030079455,31.822196836131877,31.822196836131877,0.21477907613187597
4,15.0,3230.664,31.616,31.863402315592737,31.817643434692584,31.822081212272263,31.822081212272263,0.20608121227226306
4,15.0,3231.146,31.61920277,31.863039901377284,31.817440596829627,31.821907964566048,31.821907964566048,0.20270519456604674
4,15.0,3231.628,31.63523133,31.86261429763877,31.817181829118866,31.821677136087057,31.821677136087057,0.18644580608705752
4,15.0,3232.11,31.62233589,31.86212556712318,31.816867175295005,31.821388772028296,31.821388772028296,0.19905288202829752
4,15.0,3232.592,31.60922434,31.861573775708983,31.816496680912927,31.821042919699856,31.821042919699856,0.2118185796998553
4,15.0,3233.074,31.61959096,31.860958992401887,31.816070393346493,31.820639628526937,31.820639628526937,0.20104866852693704
4,15.0,3233.557,31.62661761,31.860279817953085,31.815587303811313,31.82017793466627,31.82017793466627,0.1935603246662687
4,15.0,3234.039,31.62022109,31.85953914005598,31.815049463776674,31.819659803638014,31.819659803638014,0.19943871363801335
4,15.0,3234.521,31.63738187,31.85873569615638,31.814455983693353,31.819084394829204,31.819084394829204,0.18170252482920546
4,15.0,3235.003,31.62621611,31.85786956771885,31.813806918203902,31.818451766109824,31.818451766109824,0.19223565610982263
4,15.0,3235.485,31.64232168,31.85694083930619,31.81310232376459,31.817761977455017,31.817761977455017,0.17544029745501888
4,15.0,3235.967,31.63737324,31.85594959857322,31.812342258644552,31.817015090943215,31.817015090943215,0.1796418509432165
4,15.0,3236.449,31.63217318,31.85489593626038,31.811526782924965,31.81621117075418,31.81621117075418,0.18403799075418092
4,15.0,3236.931,31.62983993,31.85377994618721,31.81065595849823,31.81535028316712,31.81535028316712,0.18551035316712117
4,15.0,3237.414,31.64812228,31.852599216183854,31.809727870255042,31.814430533339426,31.814430533339426,0.16630825333942667
4,15.0,3237.896,31.65698918,31.851358735534987,31.80874642683889,31.813455800355506,31.813455800355506,0.15646662035550563
4,15.0,3238.378,31.66362943,31.85005622720809,31.80770983139502,31.812424311541825,31.812424311541825,0.14879488154182496
4,15.0,3238.86,31.65437824,31.84869179727691,31.80661815305792,31.81133614156097,31.81133614156097,0.1569579015609719
4,15.0,3239.342,31.65279461,31.84726555485934,31.805471462770278,31.810191367165718,31.810191367165718,0.1573967571657171
4,15.0,3239.824,31.66804377,31.84577761210997,31.804269833282447,31.808990067197094,31.808990067197094,0.14094629719709317
4,15.0,3240.306,31.64845204,31.844228084212475,31.803013339152088,31.807732322582684,31.807732322582684,0.15928028258268512
4,15.0,3240.788,31.65512349,31.842617089371934,31.80170205674374,31.80641821633474,31.80641821633474,0.15129472633473995
4,15.0,3241.271,31.65181865,31.840941215537676,31.8003331734034,31.805044931991475,31.805044931991475,0.1532262819914756
4,15.0,3241.753,31.64940227,31.83920752658792,31.798912437502732,31.803618243359754,31.803618243359754,0.15421597335975434
4,15.0,3242.235,31.65494219,31.83741274362621,31.797437153427822,31.80213545480897,31.80213545480897,0.1471932648089691
4,15.0,3242.717,31.66059986,31.835556996869137,31.795907404771874,31.800596657676678,31.800596657676678,0.13999679767667672
4,15.0,3243.199,31.66704233,31.83364041951387,31.794323276933874,31.79900194537626,31.79900194537626,0.13195961537626033
4,15.0,3243.681,31.67068189,31.831663147729486,31.79268485711849,31.797351413395184,31.797351413395184,0.1266695233951829
4,15.0,3244.163,31.67229572,31.8296253206483,31.79099223433603,31.795645159293237,31.795645159293237,0.12334943929323572
4,15.0,3244.645,31.65804762,31.827527080356948,31.78924549940241,31.793883282700815,31.793883282700815,0.1358356627008135
4,15.0,3245.127,31.675433,31.82536857188736,31.7874447449392,31.79206588531717,31.79206588531717,0.11663288531716987
4,15.0,3245.61,31.63752606,31.823145277852944,31.78558616150231,31.790189127868878,31.790189127868878,0.15266306786887895
4,15.0,3246.092,31.64908904,31.820866555599117,31.78367754149091,31.788260887625334,31.788260887625334,0.13917184762533452
4,15.0,3246.574,31.63547968,31.81852801816443,31.781715190854875,31.78627744431026,31.78627744431026,0.15079776431026204
4,15.0,3247.056,31.62602118,31.816129822274966,31.779699209443354,31.784238907885417,31.784238907885417,0.1582177278854182
4,15.0,3247.538,31.61984968,31.813672127554874,31.7776296989119,31.782145390372804,31.782145390372804,0.16229571037280266
4,15.0,3248.02,31.61024732,31.81115509651646,31.77550676272279,31.779997005852977,31.779997005852977,0.16974968585297745
4,15.0,3248.502,31.61544827,31.808578894550216,31.773330506145278,31.77779387046329,31.77779387046329,0.16234560046328994
4,15.0,3248.984,31.62963069,31.80594368991467,31.771101036256,31.77553610239622,31.77553610239622,0.14590541239622112
4,15.0,3249.467,31.61749053,31.803244003404394,31.76881367118252,31.773218968054202,31.773218968054202,0.15572843805420078
4,15.0,3249.948,31.63631563,31.800496959948134,31.766482893887556,31.770857151265112,31.770857151265112,0.13454152126511332
4,15.0,3250.431,31.61517261,31.797679892402304,31.764089434421983,31.76843113583464,31.76843113583464,0.15325852583464084
4,15.0,3250.913,31.6265757,31.794810295904735,31.761648108857433,31.76595594783526,31.76595594783526,0.13938024783525904
4,15.0,3251.395,31.61795476,31.7918825810679,31.759154132731254,31.763426749155933,31.763426749155933,0.14547198915593285
4,15.0,3251.877,31.645001,31.788896933143704,31.756607623976787,31.760843670287866,31.760843670287866,0.11584267028786499
4,15.0,3252.359,31.62191256,31.7858535401773,31.754008702337977,31.75820684376527,31.75820684376527,0.1362942837652703
4,15.0,3252.841,31.6322523,31.78275259299582,31.75135748936993,31.75551640416364,31.75551640416364,0.12326410416363842
4,15.0,3253.323,31.61522721,31.77959428519703,31.74865410843956,31.752772488097982,31.752772488097982,0.13754527809798134
4,15.0,3253.805,31.65476268,31.77637881313788,31.745898684726182,31.74997523422104,31.74997523422104,0.09521255422103891
4,15.0,3254.288,31.63847708,31.773099527558472,31.74308546698909,31.74711881422319,31.74711881422319,0.10864173422318757
4,15.0,3254.77,31.64010118,31.769770209473297,31.74022623319381,31.744215198902374,31.744215198902374,0.1041140189023757
4,15.0,3255.252,31.64092276,31.76638433306393,31.737315343307444,31.74125867423961,31.74125867423961,0.10033591423961141
4,15.0,3255.734,31.65340828,31.76294210561209,31.734352929769443,31.73824938702495,31.73824938702495,0.08484110702494974
4,15.0,3256.216,31.63710804,31.759443737099286,31.731339126835145,31.735187486077216,31.735187486077216,0.09807944607721453
4,15.0,3256.698,31.64418797,31.7558894401945,31.728274070576553,31.73207312224215,31.73207312224215,0.08788515224214777
4,15.0,3257.18,31.63699264,31.75227943024185,31.725157898883058,31.72890644839054,31.72890644839054,0.0919138083905402
4,15.0,3257.662,31.63844311,31.74861392524805,31.721990751462215,31.725687619416384,31.725687619416384,0.08724450941638295
4,15.0,3258.145,31.64343449,31.74488536910742,31.718766040787337,31.7224099523444,31.7224099523444,0.078975462344399
4,15.0,3258.627,31.64061306,31.741109424658653,31.715497263293837,31.719087178506676,31.719087178506676,0.0784741185066764
4,15.0,3259.109,31.63425878,31.73727865550897,31.712177940415973,31.715712726684583,31.715712726684583,0.08145394668458295
4,15.0,3259.591,31.64747666,31.733393290193305,31.70880821914594,31.71228675985,31.71228675985,0.06481009984999986
4,15.0,3260.073,31.63489651,31.729453559844757,31.70538824829822,31.708809442988386,31.708809442988386,0.0739129329883852
4,15.0,3260.555,31.63335213,31.725459698181304,31.70191817851046,31.705280943096774,31.705280943096774,0.07192881309677546
4,15.0,3261.037,31.64625659,31.721411941492484,31.698398162244253,31.70170142918174,31.70170142918174,0.055444839181738814
4,15.0,3261.519,31.65481727,31.717310528625838,31.694828353786086,31.698071072257413,31.698071072257413,0.043253802257414264
4,15.0,3262.001,31.62895061,31.713155700973353,31.691208909248118,31.69439004534337,31.69439004534337,0.06543943534336805
4,15.0,3262.484,31.62955031,31.7089389170699,31.6875323233745,31.690650729349077,31.690650729349077,0.06110041934907784
4,15.0,3262.966,31.64456235,31.70467788458678,31.68381398016772,31.68686878531713,31.68686878531713,0.042306435317129854
4,15.0,3263.448,31.62131382,31.70036417714141,31.680046480517746,31.683036702739532,31.683036702739532,0.06172288273953086
4,15.0,3263.93,31.62694256,31.695998046170132,31.676229987852064,31.679154662640727,31.679154662640727,0.052212102640726954
4,15.0,3264.412,31.63840654,31.69157974558381,31.672364667428166,31.67522284803988,31.67522284803988,0.03681630803988156
4,15.0,3264.894,31.60581579,31.68710953175352,31.66845068633443,31.67124144394867,31.67124144394867,0.06542565394866884
4,15.0,3265.376,31.61150227,31.68258766349624,31.664488213490976,31.667210637369003,31.667210637369003,0.05570836736900375
4,15.0,3265.858,31.60725009,31.67801440206015,31.660477419650512,31.663130617290705,31.663130617290705,0.055880527290703697
4,15.0,3266.341,31.61713577,31.673380363973173,31.656410006427684,31.658992957385536,31.658992957385536,0.0418571873855349
4,15.0,3266.823,31.61469974,31.66870500432818,31.652302990837185,31.6548149841152,31.6548149841152,0.04011524411519929
4,15.0,3267.305,31.60145395,31.66397905024893,31.64814817787908,31.65058837662614,31.65058837662614,0.049134426626139316
4,15.0,3267.787,31.592957,31.65920277256598,31.643945745648367,31.646313331840197,31.646313331840197,0.053356331840198834
4,15.0,3268.269,31.58517935,31.65437644446671,31.639695874076672,31.641990048655018,31.641990048655018,0.05681069865501698
4,15.0,3268.751,31.5742439,31.649500341480206,31.635398744933024,31.637618727941565,31.637618727941565,0.06337482794156557
4,15.0,3269.233,31.59035471,31.644574741461852,31.63105454182459,31.633199572541535,31.633199572541535,0.04284486254153563
4,15.0,3269.715,31.59214737,31.639599924577958,31.626663450197363,31.628732787264667,31.628732787264667,0.0365854172646678
4,15.0,3270.198,31.57769946,31.63456569989974,31.622216401882884,31.62420916415695,31.62420916415695,0.046509704156949994
4,15.0,3270.68,31.57827936,31.629493198314385,31.617732000614758,31.619647643677972,31.619647643677972,0.04136828367797207
4,15.0,3271.162,31.57116167,31.62437233467002,31.61320127860406,31.6150391199723,31.6150391199723,0.04387744997230314
4,15.0,3271.644,31.56775113,31.619203398225004,31.608624428662853,31.610383805698977,31.610383805698977,0.04263267569897522
4,15.0,3272.126,31.56996431,31.613986680469957,31.604001645445393,31.605681915471315,31.605681915471315,0.03571760547131575
4,15.0,3272.608,31.56153383,31.60872247511161,31.599333125448595,31.600933665854008,31.600933665854008,0.039399835854009524
4,15.0,3273.09,31.56237705,31.603411078056784,31.594619067012687,31.59613927536013,31.59613927536013,0.03376222536013174
4,15.0,3273.572,31.55292735,31.59805278739606,31.589859670321655,31.5912989644481,31.5912989644481,0.03837161444809922
4,15.0,3274.054,31.55053555,31.59264790338748,31.58505513740373,31.586412955518668,31.586412955518668,0.03587740551866858
4,15.0,3274.537,31.53432028,31.587185371040157,31.58019556443598,31.581471194506975,31.581471194506975,0.04715091450697528
4,15.0,3275.019,31.53790936,31.58168811460807,31.575301279949514,31.57649437086078,31.57649437086078,0.03858501086077837
4,15.0,3275.501,31.5272157,31.576145179080484,31.570362476823256,31.571472528497114,31.571472528497114,0.04425682849711521
4,15.0,3275.983,31.5598554,31.570556873224206,31.56537936447036,31.56640589755805,31.56640589755805,0.006550497558048818
4,15.0,3276.465,31.54218812,31.564923507890278,31.560352154150074,31.561294710111707,31.561294710111707,0.01910659011170779
4,15.0,3276.947,31.52994784,31.559245395997074,31.555281058967946,31.556139200148827,31.556139200148827,0.026191360148828835
4,15.0,3277.429,31.56163682,31.553522852513286,31.550166293876096,31.55093960357928,31.55093960357928,-0.010697216420719968
4,15.0,3277.911,31.53299447,31.547756194440844,31.54500807567326,31.54569615822853,31.54569615822853,0.012701688228531793
4,15.0,3278.394,31.54099856,31.54193364061159,31.539795786819962,31.540398089677275,31.540398089677275,-0.0006004703227233676
4,15.0,3278.875,31.51765609,31.53609181260038,31.53456215636353,31.535078682041163,31.535078682041163,0.017422592041164364
4,15.0,3279.358,31.52251505,31.53018245361094,31.529263884346015,31.529693943308207,31.529693943308207,0.007178893308207535
4,15.0,3279.84,31.51879656,31.524242458750756,31.523933970542522,31.524277430567167,31.524277430567167,0.0054808705671689495
4,15.0,3280.322,31.50360775,31.51825996488492,31.51856171579423,31.518818287291452,31.518818287291452,0.015210537291451942
4,15.0,3280.804,31.51938791,31.512235300854407,31.5131473479839,31.513316762725253,31.513316762725253,-0.00607114727474567
4,15.0,3281.286,31.51637373,31.506168797411103,31.5076910968405,31.50777310800148,31.50777310800148,-0.008600621998521518
4,15.0,3281.768,31.48936983,31.5000607872001,31.502193193938904,31.502187576137565,31.502187576137565,0.012817746137564257
4,15.0,3282.25,31.51347532,31.493911604741683,31.49665387269954,31.496560422031333,31.496560422031333,-0.016914897968668186
4,15.0,3282.732,31.49017773,31.48772158641347,31.491073368387973,31.490891902456692,31.490891902456692,0.0007141724566928076
4,15.0,3283.215,31.49744523,31.481478102188984,31.48544021295674,31.48517038781133,31.48517038781133,-0.012274842188670476
4,15.0,3283.697,31.51560562,31.475207345632892,31.479777971470646,31.47941983063263,31.47941983063263,-0.03618578936736938
4,15.0,3284.179,31.49868307,31.46889677401364,31.47407526427595,31.473628690065865,31.473628690065865,-0.025054379934132953
4,15.0,3284.661,31.47833296,31.462546730960277,31.46833233401687,31.4677972303486,31.4677972303486,-0.01053572965139793
4,15.0,3285.143,31.48143323,31.456157561868043,31.46254942517956,31.4619257175718,31.4619257175718,-0.019507512428202034
4,15.0,3285.625,31.47707388,31.449729613879924,31.456726784091288,31.45601441967508,31.45601441967508,-0.021059460324920565
4,15.0,3286.107,31.46362384,31.443263235868116,31.450864658919436,31.450063606441766,31.450063606441766,-0.013560233558234103
4,15.0,3286.589,31.48805309,31.436758778415335,31.44496329967055,31.44407354949402,31.44407354949402,-0.04397954050597974
4,15.0,3287.072,31.44831921,31.43020298182719,31.43901059348304,31.438031973613718,31.438031973613718,-0.010287236386282927
4,15.0,3287.554,31.45933113,31.42362334682113,31.433031443365913,31.431964171440693,31.431964171440693,-0.027366958559305488
4,15.0,3288.036,31.45639708,31.41700669493845,31.42701382074675,31.42585795197821,31.42585795197821,-0.030539128021789708
4,15.0,3288.518,31.44336694,31.410353383420222,31.4209579829806,31.41971359415583,31.41971359415583,-0.02365334584417056
4,15.0,3289.0,31.42691839,31.40366377112403,31.414864189255272,31.413531378715767,31.413531378715767,-0.013387011284233807
4,15.0,3289.482,31.4433171,31.39693821850488,31.408732700589837,31.407311588207257,31.407311588207257,-0.03600551179274447
4,15.0,3289.964,31.44268913,31.39017708759611,31.402563779832974,31.401054506980962,31.401054506980962,-0.041634623019039196
4,15.0,3290.446,31.42616272,31.383380741990273,31.39635769166124,31.394760421183264,31.394760421183264,-0.03140229881673662
4,15.0,3290.928,31.45050183,31.376549546819838,31.39011470257726,31.3884296187504,31.3884296187504,-0.06207221124959972
4,15.0,3291.411,31.46163953,31.36966958900281,31.383822014754738,31.38204914171945,31.38204914171945,-0.07959038828055043
4,15.0,3291.893,31.43556617,31.362769725770104,31.377505955490093,31.375645702289322,31.375645702289322,-0.05992046771067905
4,15.0,3292.375,31.42916407,31.355836118185067,31.371153806323925,31.36920642132256,31.36920642132256,-0.05995764867743958
4,15.0,3292.857,31.44765335,31.348869137349407,31.364765841046683,31.36273159385828,31.36273159385828,-0.08492175614172126
4,15.0,3293.339,31.43748642,31.341869155807608,31.358342335264233,31.356221516694795,31.356221516694795,-0.08126490330520397
4,15.0,3293.821,31.42305103,31.33483654752734,31.35188356639538,31.349676488383047,31.349676488383047,-0.07337454161695334
4,15.0,3294.303,31.43998217,31.327771687879846,31.345389813669435,31.343096809220242,31.343096809220242,-0.0968853607797584
4,15.0,3294.785,31.45731947,31.320674953620077,31.338861358123403,31.336482781242985,31.336482781242985,-0.12083668875701647
4,15.0,3295.268,31.43722324,31.31353190152914,31.332284831092643,31.329820880359875,31.329820880359875,-0.10740235964012612
4,15.0,3295.75,31.42484995,31.306372489583385,31.32568774971144,31.323138998107027,31.323138998107027,-0.10171095189297219
4,15.0,3296.232,31.42851591,31.299182342186512,31.319056820035478,31.316423684157034,31.316423684157034,-0.11209222584296796
4,15.0,3296.714,31.44082983,31.29196184143306,31.31239233030754,31.3096752474388,31.3096752474388,-0.13115458256119794
4,15.0,3297.196,31.4250573,31.284711370701842,31.305694570563013,31.30289399858559,31.30289399858559,-0.12216330141441034
4,15.0,3297.678,31.42940398,31.277431314635958,31.298963832626605,31.29608024992763,31.29608024992763,-0.13332373007236953
4,15.0,3298.16,31.42884099,31.27012205912267,31.29220041010874,31.289234315484535,31.289234315484535,-0.13960667451546627
4,15.0,3298.642,31.41603316,31.262783991273196,31.285404598401982,31.28235651095782,31.28235651095782,-0.13367664904218302
4,15.0,3299.125,31.41266651,31.25540218694776,31.27856249574941,31.275432786379092,31.275432786379092,-0.13723372362090913
4,15.0,3299.607,31.40517366,31.248007602797408,31.27170273330328,31.268492131010674,31.268492131010674,-0.13668152898932462
4,15.0,3300.089,31.39588266,31.240585375598073,31.264811479126045,31.261520563343076,31.261520563343076,-0.13436209665692544
4,15.0,3300.571,31.39742404,31.233135897156888,31.25788903570338,31.25451840572981,31.25451840572981,-0.1429056342701891
4,15.0,3301.053,31.35814638,31.22565956040345,31.250935707282927,31.247485982166282,31.247485982166282,-0.11066039783371906
4,15.0,3301.535,31.37379119,31.21815675936946,31.243951799869798,31.24042361828134,31.24042361828134,-0.13336757171865798
4,15.0,3302.017,31.36239777,31.210627889168133,31.23693762122206,31.2333316413288,31.2333316413288,-0.1290661286712016
4,15.0,3302.499,31.34388035,31.203073345973863,31.229893480845874,31.22621038017882,31.22621038017882,-0.11766996982117917
4,15.0,3302.981,31.3539346,31.19549352700146,31.222819689990775,31.219060165309095,31.219060165309095,-0.13487443469090366
4,15.0,3303.464,31.34214931,31.18787302752377,31.21570179458558,31.21186640542343,31.21186640542343,-0.1302829045765712
4,15.0,3303.946,31.34177044,31.180243802329677,31.208569583584307,31.20465922259219,31.20465922259219,-0.13711121740780996
4,15.0,3304.428,31.33425807,31.172590499870417,31.201408666919885,31.1974240877272,31.1974240877272,-0.13683398227280108
4,15.0,3304.91,31.35600915,31.164913521318603,31.1942193627669,31.1901613376493,31.1901613376493,-0.16584781235069812
4,15.0,3305.392,31.33382278,31.157213268784016,31.187001991016672,31.182871310741028,31.182871310741028,-0.1509514692589704
4,15.0,3305.874,31.33238678,31.149490145292766,31.17975687327138,31.175554346936963,31.175554346936963,-0.1568324330630375
4,15.0,3306.356,31.3247049,31.141744554766596,31.172484332838202,31.168210787714074,31.168210787714074,-0.1564941122859267
4,15.0,3306.838,31.32679819,31.13397690200191,31.165184694723184,31.160840976081886,31.160840976081886,-0.1659572139181158
4,15.0,3307.321,31.32327883,31.126171410026032,31.157843058005284,31.15342988606456,31.15342988606456,-0.16984894393543826
4,15.0,3307.802,31.30566413,31.11837703319108,31.150505433928448,31.14602397522971,31.14602397522971,-0.15964015477029037
4,15.0,3308.285,31.3023949,31.110529361817825,31.143111133729526,31.138562004471027,31.138562004471027,-0.16383289552897295
4,15.0,3308.767,31.29394852,31.10267748285584,31.135706335561323,31.131090592369155,31.131090592369155,-0.16285792763084572
4,15.0,3309.249,31.29764595,31.094805578875906,31.128276090693152,31.12359466626623,31.12359466626623,-0.1740512837337711
4,15.0,3309.731,31.28589117,31.086914059485082,31.120820734190488,31.116074578154546,31.116074578154546,-0.1698165918454535
4,15.0,3310.213,31.29589696,31.07900333501841,31.11334060277037,31.10853068148581,31.10853068148581,-0.1873662785141903
4,15.0,3310.695,31.27180549,31.071073816517863,31.105836034793953,31.10096333116003,31.10096333116003,-0.17084215883996734
4,15.0,3311.177,31.2665446,31.06312591571129,31.098307370258873,31.093372883514384,31.093372883514384,-0.1731717164856157
4,15.0,3311.659,31.26158037,31.055160044991318,31.090754950791485,31.085759696311914,31.085759696311914,-0.17582067368808652
4,15.0,3312.142,31.26163257,31.047160036302966,31.08316337804952,31.078108264289067,31.078108264289067,-0.18352430571093237
4,15.0,3312.624,31.24499864,31.039159430351045,31.075564432574595,31.070450631599385,31.070450631599385,-0.17454800840061324
4,15.0,3313.106,31.24215554,31.031142096300947,31.067942767458653,31.062771341833837,31.062771341833837,-0.17938419816616147
4,15.0,3313.588,31.25905363,31.023108448994172,31.06029873076472,31.05507075834531,31.05507075834531,-0.20398287165469142
4,15.0,3314.07,31.21885278,31.015058903831086,31.052632672142884,31.04734924585356,31.04734924585356,-0.1715035341464386
4,15.0,3314.552,31.20697719,31.006993876749853,31.044944942821363,31.039607170432994,31.039607170432994,-0.1673700195670058
4,15.0,3315.034,31.20218437,30.998913784205104,31.037235895597462,31.031844899500165,31.031844899500165,-0.17033947049983666
4,15.0,3315.516,31.19100005,30.99081904314679,31.029505884828325,31.02406280180134,31.02406280180134,-0.16693724819866063
4,15.0,3315.999,31.20831779,30.982693232901852,31.021739165126412,31.01624504163438,31.01624504163438,-0.19207274836561794
4,15.0,3316.481,31.19674428,30.974570419317615,31.01396825488983,31.008424362687897,31.008424362687897,-0.1883199173121035
4,15.0,3316.963,31.22617267,30.966434211697077,31.006177454189192,31.000584971838485,31.000584971838485,-0.22558769816151525
4,15.0,3317.445,31.20931965,30.958285028759544,30.998367123527615,30.992727243024802,30.992727243024802,-0.21659240697519877
4,15.0,3317.927,31.22321582,30.95012328961326,30.990537624918815,30.984851551449914,30.984851551449914,-0.23836426855008597
4,15.0,3318.409,31.19260905,30.941949413734086,30.982689321876634,30.976958273567803,30.976958273567803,-0.21565077643219865
4,15.0,3318.891,31.19868709,30.933763820944215,30.97482257940449,30.969047787069634,30.969047787069634,-0.22963930293036583
4,15.0,3319.373,31.20633487,30.92556693139092,30.966937763984486,30.961120470869957,30.961120470869957,-0.24521439913004173
4,15.0,3319.855,31.21641674,30.91735916552514,30.9590352435664,30.95317670509268,30.95317670509268,-0.2632400349073194
4,15.0,3320.338,31.21168393,30.90912388325181,30.95109893855666,30.94520034044065,30.94520034044065,-0.2664835895593498
4,15.0,3320.82,31.19647852,30.90089560684161,30.94316208299604,30.93722478850168,30.93722478850168,-0.259253731498319
4,15.0,3321.302,31.19953191,30.89265771795543,30.935208635753195,30.929233935267654,30.929233935267654,-0.2702979747323475
4,15.0,3321.784,31.19504239,30.884410638046614,30.927238970537154,30.92122816555895,30.92122816555895,-0.2738142244410504
4,15.0,3322.266,31.18677178,30.876154788765653,30.919253462466276,30.9132078653328,30.9132078653328,-0.2735639146672
4,15.0,3322.748,31.1763264,30.867890591938952,30.91125248805613,30.905173421668238,30.905173421668238,-0.271152978331763
4,15.0,3323.23,31.1597473,30.85961846954747,30.9032364252069,30.897125222751033,30.897125222751033,-0.2626220772489667
4,15.0,3323.712,31.16568369,30.851338843705555,30.895205653190718,30.889063657858298,30.889063657858298,-0.27662003214170383
4,15.0,3324.195,31.16845673,30.84303493723322,30.887143846929106,30.880972351967472,30.880972351967472,-0.28748437803252713
4,15.0,3324.677,31.14117682,30.83474155788395,30.879084771281743,30.872885201542083,30.872885201542083,-0.2682916184579156
4,15.0,3325.159,31.14559817,30.82644194289056,30.87101213318209,30.864785860180234,30.864785860180234,-0.28081230981976546
4,15.0,3325.641,31.15300742,30.818136514687858,30.86292631726156,30.856674721370013,30.856674721370013,-0.296332698629989
4,15.0,3326.123,31.14950698,30.809825695737672,30.854827709456856,30.84855217961173,30.84855217961173,-0.30095480038827205
4,15.0,3326.605,31.14711359,30.801509908507498,30.84671669699592,30.840418630401608,30.840418630401608,-0.3066949595983921
4,15.0,3327.087,31.15209169,30.79318957544932,30.838593668383698,30.83227447021521,30.83227447021521,-0.31981721978478816
4,15.0,3327.569,31.12791001,30.784865118978413,30.830459013387795,30.82412009649088,30.82412009649088,-0.3037899135091209
4,15.0,3328.052,31.13690094,30.77651967956274,30.82229621142904,30.815938959535686,30.815938959535686,-0.3209619804643147
4,15.0,3328.534,31.12873659,30.768188236895814,30.814139455858,30.80776533569786,30.80776533569786,-0.32097125430214035
4,15.0,3329.016,31.13342065,30.759853938505586,30.805972251451713,30.799582697075657,30.799582697075657,-0.3338379529243447
4,15.0,3329.498,31.14289212,30.751517206448383,30.797794992881975,30.79139144479019,30.79139144479019,-0.35150067520980954
4,15.0,3329.98,31.12240142,30.743178462638028,30.789608076007745,30.78319198083949,30.78319198083949,-0.33920943916050916
4,15.0,3330.462,31.11403253,30.73483812882469,30.781411897859357,30.774984708080808,30.774984708080808,-0.33904782191919125
4,15.0,3330.944,31.11754425,30.72649662657375,30.773206856622494,30.766770030212783,30.766770030212783,-0.350774219787219
4,15.0,3331.426,31.1070528,30.718154377244808,30.764993351622053,30.758548351757426,30.758548351757426,-0.34850444824257565
4,15.0,3331.908,31.11118269,30.70981180197065,30.756771783305606,30.75032007804197,30.75032007804197,-0.36086261195803004
4,15.0,3332.391,31.087347,30.70145201397623,30.74852547245017,30.74206852508121,30.74206852508121,-0.3452784749187927
4,15.0,3332.873,31.08607852,30.693110050704266,30.740288968610866,30.73382826838339,30.73382826838339,-0.35225025161660994
4,15.0,3333.355,31.09411121,30.684769024186142,30.732045610205766,30.725582637900786,30.725582637900786,-0.3685285720992155
4,15.0,3333.837,31.06575367,30.676429354436802,30.723795802006745,30.71733204199801,30.71733204199801,-0.34842162800199006
4,15.0,3334.319,31.0726701,30.668091461139475,30.715539949822748,30.709076889751554,30.709076889751554,-0.36359321024844604
4,15.0,3334.801,31.07800728,30.659755763624858,30.707278460482105,30.70081759093051,30.70081759093051,-0.3771896890694926
4,15.0,3335.283,31.06931865,30.651422680850278,30.699011741814466,30.692554555977424,30.692554555977424,-0.37676409402257605
4,15.0,3335.765,31.06023365,30.64309263137884,30.69074020263249,30.68428819598865,30.68428819598865,-0.37594545401135093
4,15.0,3336.248,31.07768616,30.634748762136674,30.682447078392684,30.67600176378371,30.67600176378371,-0.4016843962162895
4,15.0,3336.729,31.06245513,30.626443304502153,30.67418430278046,30.66774714844078,30.66774714844078,-0.39470798155921827
4,15.0,3337.212,31.0405696,30.61810760863083,30.665883575275423,30.659456118592935,30.659456118592935,-0.38111348140706625
4,15.0,3337.694,31.04941174,30.609793879582906,30.657596855013153,30.651180578767253,30.651180578767253,-0.39823116123274716
4,15.0,3338.176,31.04057434,30.601485270877603,30.649307373249684,30.642903779361685,30.642903779361685,-0.3976705606383142
4,15.0,3338.658,31.01436326,30.593182198276516,30.641015544301762,30.634626134978433,30.634626134978433,-0.37973712502156687
4,15.0,3339.14,31.01818017,30.584885077002262,30.63272178333498,30.626348060732518,30.626348060732518,-0.391832109267483
4,15.0,3339.622,31.01277092,30.576594321717984,30.62442650634368,30.618069972230952,30.618069972230952,-0.3947009477690493
4,15.0,3340.104,31.00409082,30.568310346506838,30.61613013013074,30.609792285551908,30.609792285551908,-0.39429853444809027
4,15.0,3340.586,31.00572433,30.56003356485155,30.607833072286965,30.60151541722351,30.60151541722351,-0.4042089127764896
4,15.0,3341.069,31.01181367,30.551747241841717,30.5995185368281,30.59322261641305,30.59322261641305,-0.4185910535869475
4,15.0,3341.551,30.99570091,30.543486102306886,30.59122137230227,30.58494863992672,30.58494863992672,-0.4107522700732815
4,15.0,3342.033,31.01276046,30.53523339382291,30.58292478430871,30.576676734729077,30.576676734729077,-0.43608372527092243
4,15.0,3342.515,30.9961366,30.526989527265812,30.57462919338159,30.568407318934774,30.568407318934774,-0.42772928106522556
4,15.0,3342.997,30.97571546,30.518754912809626,30.56633502073695,30.560140811000586,30.560140811000586,-0.41557464899941365
4,15.0,3343.479,30.97599839,30.510529959906123,30.55804268825077,30.55187762970332,30.55187762970332,-0.424120760296681
4,15.0,3343.961,30.97469934,30.502315077264836,30.54975261843691,30.54361819411772,30.54361819411772,-0.4310811458822812
4,15.0,3344.443,30.9806338,30.494110672832825,30.541465234424713,30.535362923594,30.535362923594,-0.44527087640599916
4,15.0,3344.926,30.96713839,30.485900166369923,30.533163776171655,30.52709512518696,30.52709512518696,-0.44004326481303835
4,15.0,3345.408,30.98224804,30.477717962896804,30.52488304327305,30.518849454646848,30.518849454646848,-0.46339858535315415
4,15.0,3345.89,30.95640581,30.469547457540415,30.51660626991267,30.510609209518822,30.510609209518822,-0.4457966004811773
4,15.0,3346.372,30.94099833,30.46138905499675,30.50833388145532,30.50237481002943,30.50237481002943,-0.4386235199705695
4,15.0,3346.854,30.94366216,30.453243159099806,30.500066303766268,30.494146676566864,30.494146676566864,-0.4495154834331352
4,15.0,3347.336,30.93969022,30.44511017280179,30.49180396318762,30.485925229657752,30.485925229657752,-0.45376499034224693
4,15.0,3347.818,30.92159056,30.43699049815338,30.483547286514487,30.477710889943744,30.477710889943744,-0.44387967005625484
4,15.0,3348.3,30.93216391,30.428884536284166,30.47529670097089,30.469504078158174,30.469504078158174,-0.462659831841826
4,15.0,3348.782,30.91393142,30.420792687382978,30.46705263418542,30.46130521510227,30.46130521510227,-0.4526262048977294
4,15.0,3349.265,30.9201338,30.412698608080234,30.4587984322244,30.453097737888566,30.453097737888566,-0.46703606211143267
4,15.0,3349.747,30.89894548,30.404636213168928,30.45056870308325,30.444916053523656,30.444916053523656,-0.4540294264763425
4,15.0,3350.229,30.8822072,30.39658912677595,30.442346778657225,30.436743581334873,30.436743581334873,-0.4454636186651264
4,15.0,3350.711,30.89768834,30.38855774513044,30.43413308794674,30.428580742156292,30.428580742156292,-0.46910759784370626
4,15.0,3351.193,30.87915041,30.3805424634237,30.425928060232113,30.42042795676977,30.42042795676977,-0.4587224532302301
4,15.0,3351.675,30.88182882,30.372543675790112,30.417732125048026,30.41228564588057,30.41228564588057,-0.4695431741194298
4,15.0,3352.157,30.87409874,30.36456177528784,30.40954571215773,30.4041542300927,30.4041542300927,-0.4699445099073003
4,15.0,3352.639,30.87582966,30.35659715387977,30.401369251527107,30.39603412988429,30.39603412988429,-0.4797955301157124
4,15.0,3353.122,30.86595427,30.34863373360179,30.393186242318492,30.38790895574119,30.38790895574119,-0.4780453142588108
4,15.0,3353.604,30.85722124,30.340704879667356,30.385030999664835,30.37981277315526,30.37981277315526,-0.4774084668447429
4,15.0,3354.086,30.8608999,30.332794474759456,30.376887001014907,30.37172916745049,30.37172916745049,-0.4891707325495105
4,15.0,3354.568,30.85057329,30.324902906268015,30.36875467688173,30.36365855835189,30.36365855835189,-0.4869147316481097
4,15.0,3355.05,30.86323658,30.31703056039325,30.360634457848192,30.355601365333378,30.355601365333378,-0.507635214666621
4,15.0,3355.532,30.84915518,30.309177822126973,30.35252677453986,30.347558007592326,30.347558007592326,-0.5015971724076742
4,15.0,3356.014,30.84418877,30.301345075234025,30.34443205759766,30.33952890402417,30.33952890402417,-0.5046598659758281
4,15.0,3356.496,30.83715155,30.293532702233726,30.33635073765037,30.331514473196737,30.331514473196737,-0.5056370768032643
4,15.0,3356.979,30.85051955,30.28572494103785,30.32826652242332,30.323498553160647,30.323498553160647,-0.5270209968393544
4,15.0,3357.461,30.83316512,30.277954502549324,30.320213318193574,30.315514754689048,30.315514754689048,-0.5176503653109528
4,15.0,3357.943,30.82464041,30.270205578638297,30.31217480338728,30.30754688330401,30.30754688330401,-0.5170935266959908
4,15.0,3358.425,30.81346732,30.262478546655416,30.30415140830563,30.299595356003884,30.299595356003884,-0.5138719639961167
4,15.0,3358.907,30.81059573,30.2547737826142,30.296143563097324,30.29166058932975,30.29166058932975,-0.5189351406702478
4,15.0,3359.389,30.79789478,30.24709166117308,30.288151697730058,30.283742999339275,30.283742999339275,-0.5141517806607254
4,15.0,3359.871,30.78849413,30.239432555617228,30.28017624196172,30.27584300158029,30.27584300158029,-0.5126511284197086
4,15.0,3360.353,30.788773,30.23179683784081,30.272217625311455,30.267961011064486,30.267961011064486,-0.5208119889355132
4,15.0,3360.835,30.80380538,30.224184878329044,30.264276277030646,30.26009744224084,30.26009744224084,-0.5437079377591587
4,15.0,3361.318,30.77955067,30.21658132908557,30.25633620565745,30.252236453455133,30.252236453455133,-0.5273142165448661
4,15.0,3361.8,30.77952105,30.209018043034895,30.248430718703123,30.244411009343498,30.244411009343498,-0.5351100406565017
4,15.0,3362.282,30.7837049,30.201479618831996,30.240543786860485,30.23660522748409,30.23660522748409,-0.547099672515909
4,15.0,3362.764,30.77462969,30.193966421146648,30.23267583801487,30.228819519807132,30.228819519807132,-0.545810170192869
4,15.0,3363.246,30.76702984,30.186478813151677,30.22482729963596,30.221054297546495,30.221054297546495,-0.5459755424535047
4,15.0,3363.728,30.75875798,30.179017156505708,30.21699859874783,30.21330997121253,30.21330997121253,-0.5454480087874671
4,15.0,3364.21,30.74670529,30.171581811335855,30.209190161898633,30.20558695056517,30.20558695056517,-0.5411183394348313
4,15.0,3364.692,30.75709368,30.16417313622061,30.201402415130545,30.19788564458676,30.19788564458676,-0.559208035413242
4,15.0,3365.174,30.76355435,30.15679148817277,30.193635783949112,30.19020646145492,30.19020646145492,-0.5733478885450793
4,15.0,3365.656,30.74844018,30.14943722262241,30.1858906932928,30.18254980851522,30.18254980851522,-0.5658903714847803
4,15.0,3366.139,30.75422,30.1420955222083,30.17815156754616,30.174900278792457,30.174900278792457,-0.5793197212075434
4,15.0,3366.621,30.76617227,30.134797140167862,30.170450877222706,30.167289953658184,30.167289953658184,-0.5988823163418147
4,15.0,3367.103,30.74717682,30.127527197976043,30.162772999406446,30.15970337632612,30.15970337632612,-0.5874734436738791
4,15.0,3367.585,30.75022191,30.120286044560608,30.155118356457617,30.15214095053829,30.15214095053829,-0.5980809594617114
4,15.0,3368.067,30.7225476,30.11307402718306,30.147487370014584,30.144603079067586,30.144603079067586,-0.5779445209324123
4,15.0,3368.549,30.74277223,30.105891491422142,30.139880460962402,30.137090163690218,30.137090163690218,-0.6056820663097824
4,15.0,3369.031,30.73942518,30.098738781157508,30.132298049401566,30.129602605158098,30.129602605158098,-0.6098225748419033
4,15.0,3369.513,30.71003007,30.09161623855352,30.124740554616338,30.12214080317127,30.12214080317127,-0.5878892668287286
4,15.0,3369.996,30.68992442,30.084509522226845,30.1171927947818,30.11468975716111,30.11468975716111,-0.5752346628388914
4,15.0,3370.478,30.69731276,30.077448398843572,30.109686441840083,30.107280718519696,30.107280718519696,-0.5900320414803026
4,15.0,3370.96,30.70093119,30.070418459858193,30.10220625917639,30.099898629756225,30.099898629756225,-0.6010325602437732
4,15.0,3371.442,30.69751538,30.06342004040954,30.09475266249109,30.09254388608347,30.09254388608347,-0.6049714939165298
4,15.0,3371.924,30.6908573,30.056453473841287,30.08732606650917,30.08521688152348,30.08521688152348,-0.6056404184765221
4,15.0,3372.406,30.69296786,30.04951909168635,30.079926884948243,30.07791800887984,30.07791800887984,-0.6150498511201583
4,15.0,3372.888,30.68281441,30.04261722365124,30.072555530486323,30.070647659709785,30.070647659709785,-0.6121667502902142
4,15.0,3373.37,30.66127324,30.035748197600675,30.0652124147296,30.06340622429638,30.06340622429638,-0.5978670157036206
4,15.0,3373.853,30.67103635,30.0288981919673,30.05788280300331,30.056179159419017,30.056179159419017,-0.6148571905809845
4,15.0,3374.335,30.65786671,30.022095895857497,30.050597455738988,30.04899677913243,30.04899677913243,-0.60886993086757
4,15.0,3374.817,30.65880958,30.015327414789077,30.04334157608983,30.041844476328,30.041844476328,-0.6169651036720012
4,15.0,3375.299,30.63690737,30.008593069103043,30.036115571048548,30.034722635910526,30.034722635910526,-0.602184734089473
4,15.0,3375.781,30.63302414,30.001893177222733,30.028919846373753,30.027631641371254,30.027631641371254,-0.6053924986287456
4,15.0,3376.263,30.64015893,29.99522805563911,30.021754806557468,30.020571874759987,30.020571874759987,-0.6195870552400109
4,15.0,3376.745,30.63473004,29.988598018895964,30.014620854792398,30.01354371665724,30.01354371665724,-0.6211863233427621
4,15.0,3377.227,30.63851231,29.982003379575232,30.007518392939218,30.006547546146393,30.006547546146393,-0.6319647638536061
4,15.0,3377.709,30.6276111,29.97544444828261,30.00044782149397,29.999583740785887,29.999583740785887,-0.6280273592141121
4,15.0,3378.192,30.60745139,29.96890803826731,29.993394971151478,29.992638331074467,29.992638331074467,-0.6148130589255345
4,15.0,3378.674,30.62279875,29.962421522547437,29.986389444615604,29.98574045154372,29.98574045154372,-0.6370582984562816
4,15.0,3379.156,30.63522792,29.95597163530104,29.979417002280265,29.97887606118273,29.97887606118273,-0.656351858817267
4,15.0,3379.638,30.63483086,29.94955867908129,29.972478038851765,29.972045531168895,29.972045531168895,-0.6627853288311059
4,15.0,3380.12,30.60826199,29.943182954394025,29.96557294750764,29.965249231015818,29.965249231015818,-0.643012758984181
4,15.0,3380.602,30.60909902,29.936844759683954,29.958702119863787,29.95848752854568,29.95848752854568,-0.6506114914543168
4,15.0,3381.084,30.60234027,29.930544391320836,29.951865945941698,29.951760789861616,29.951760789861616,-0.6505794801383828
4,15.0,3381.566,30.59259024,29.924282143585913,29.945064814135566,29.945069379320174,29.945069379320174,-0.6475208606798262
4,15.0,3382.049,30.60739038,29.918045436269285,29.938285111546907,29.938399888307416,29.938399888307416,-0.6689904916925826
4,15.0,3382.531,30.58995607,29.91186038480914,29.93155529718367,29.93178029516625,29.93178029516625,-0.6581757748337509
4,15.0,3383.013,30.60178362,29.905714324749997,29.924861680820392,29.925197113225504,29.925197113225504,-0.6765865067744947
4,15.0,3383.495,30.59850782,29.899607541880314,29.91820464401019,29.91865069957673,29.91865069957673,-0.679857120423268
4,15.0,3383.977,30.58876611,29.89354031983347,29.911584566514804,29.91214140942774,29.91214140942774,-0.6766247005722619
4,15.0,3384.459,30.58966244,29.887512940074814,29.9050018262719,29.905669596075423,29.905669596075423,-0.6839928439245782
4,15.0,3384.941,30.58024543,29.88152568188889,29.89845679936231,29.899235610878584,29.899235610878584,-0.6810098191214173
4,15.0,3385.423,30.566035,29.87557882236664,29.89194985997743,29.89283980323085,29.89283980323085,-0.6731951967691501
4,15.0,3385.906,30.5736976,29.86966042536453,29.885468000540506,29.886469371436956,29.886469371436956,-0.6872282285630433
4,15.0,3386.387,30.56850271,29.863807396633646,29.8790517309045,29.88016410816932,29.88016410816932,-0.6883386018306794
4,15.0,3386.87,30.55753779,29.85797133351972,29.872648062662698,29.873871923090704,29.873871923090704,-0.6836658669092976
4,15.0,3387.352,30.55909186,29.852188881597247,29.866297258825263,29.867632361746168,29.867632361746168,-0.6914594982538311
4,15.0,3387.834,30.54828585,29.846448181002266,29.859986384741937,29.86143269520052,29.86143269520052,-0.6868531547994792
4,15.0,3388.316,30.56904939,29.840749495399233,29.85371580258029,29.855273260487827,29.855273260487827,-0.7137761295121727
4,15.0,3388.798,30.55147487,29.83509308617321,29.847485872391353,29.84915439248973,29.84915439248973,-0.7023204775102698
4,15.0,3389.28,30.53423981,29.829479212418313,29.841296952077542,29.84307642390914,29.84307642390914,-0.6911633860908601
4,15.0,3389.762,30.53649179,29.82390813092593,29.835149397360592,29.837039685243933,29.837039685243933,-0.699452104756066
4,15.0,3390.244,30.54209957,29.818380096173243,29.8290435617496,29.831044504760893,29.831044504760893,-0.7110550652391083
4,15.0,3390.727,30.54241042,29.81288402637456,29.82296726005781,29.82507890099593,29.82507890099593,-0.7173315190040697
4,15.0,3391.209,30.54181176,29.80744292982726,29.81694600254431,29.819167900526136,29.819167900526136,-0.722643859473866
4,15.0,3391.691,30.51784596,29.80204562996368,29.81096751178689,29.81329943005676,29.81329943005676,-0.7045465299432401
4,15.0,3392.173,30.50957558,29.79669237188659,29.805032132121706,29.807473808666163,29.807473808666163,-0.7021017713338367
4,15.0,3392.655,30.52148424,29.79138339832884,29.7991402055139,29.801691353072634,29.801691353072634,-0.7197928869273653
4,15.0,3393.137,30.5137064,29.786118949642546,29.793292071526515,29.79595237760904,29.79595237760904,-0.7177540223909595
4,15.0,3393.619,30.48551247,29.780899263788445,29.78748806728924,29.79025719419754,29.79025719419754,-0.6952552758024595
4,15.0,3394.101,30.5087363,29.775724576325402,29.78172852746734,29.784606112324518,29.784606112324518,-0.7241301876754811
4,15.0,3394.583,30.50320454,29.770595120400042,29.776013784230912,29.778999439015582,29.778999439015582,-0.7242051009844168
4,15.0,3395.066,30.50660227,29.765500626448343,29.770332451669063,29.773425986163343,29.773425986163343,-0.7331762838366558
4,15.0,3395.548,30.51562765,29.760462418367048,29.764708382618984,29.767909134797115,29.767909134797115,-0.7477185152028838
4,15.0,3396.03,30.49985792,29.755470127153533,29.759130092057106,29.762437598678673,29.762437598678673,-0.7374203213213271
4,15.0,3396.512,30.50206116,29.750523976198842,29.753597901861298,29.757011674738724,29.757011674738724,-0.7450494852612763
4,15.0,3396.994,30.49895598,29.745624186431645,29.74811213126207,29.75163165732468,29.75163165732468,-0.7473243226753219
4,15.0,3397.476,30.50559833,29.740770976308664,29.74267309681257,29.746297838176638,29.746297838176638,-0.7593004918233639
4,15.0,3397.958,30.47652448,29.73596456180517,29.737281112358968,29.741010506403573,29.741010506403573,-0.7355139735964258
4,15.0,3398.44,30.49793826,29.731205156405647,29.731936489010774,29.73576994845965,29.73576994845965,-0.7621683115403499
4,15.0,3398.923,30.47570502,29.726483244006616,29.72662859534536,29.730565722335488,29.730565722335488,-0.7451392976645117
4,15.0,3399.405,30.48366345,29.721818585873578,29.7213797162924,29.725419659179227,29.725419659179227,-0.7582437908207744
4,15.0,3399.887,30.46562579,29.71720156268604,29.71617911558627,29.720321213626534,29.720321213626534,-0.7453045763734671
